-313.7999572753906 245.34999084472656 0.05658908560872078
-313.7999572753906 245.34999084472656 0.037209320813417435
-313.7999572753906 245.34999084472656 0.024632567539811134
-313.7999572753906 245.34999084472656 0.01648513786494732
-313.7999572753906 245.34999084472656 0.011215858161449432
-313.7999572753906 245.34999084472656 0.00781330093741417
-313.7999572753906 245.34999084472656 0.0056195068173110485
-313.7999572753906 245.34999084472656 0.004207038786262274
-313.7999572753906 245.34999084472656 0.003298797644674778
-313.7999572753906 245.34999084472656 0.0027156067080795765
-313.7999572753906 245.34999084472656 0.0023415375035256147
-313.7999572753906 245.34999084472656 0.002101898193359375
-313.7999572753906 245.34999084472656 0.002101898193359375
-313.7999572753906 245.34999084472656 0.002101898193359375
-313.7999572753906 245.34999084472656 0.002101898193359375
-313.7999572753906 245.34999084472656 0.002101898193359375
-313.7999572753906 245.34999084472656 0.002101898193359375
-313.7999572753906 245.34999084472656 0.002101898193359375
-313.7999572753906 245.34999084472656 0.002101898193359375
-313.7999572753906 245.34999084472656 0.002101898193359375
-313.7999572753906 245.34999084472656 0.002101898193359375
-313.7999572753906 245.34999084472656 0.002101898193359375
-313.7999572753906 245.34999084472656 0.002101898193359375
-313.7999572753906 245.34999084472656 0.002101898193359375
-313.7999572753906 245.34999084472656 0.002101898193359375
-313.7999572753906 245.34999084472656 0.002101898193359375
-313.7999572753906 245.34999084472656 0.002101898193359375
-313.7999572753906 245.34999084472656 0.002101898193359375
-313.7999572753906 245.34999084472656 0.002101898193359375
-313.7999572753906 245.34999084472656 0.002101898193359375
-313.7999572753906 245.34999084472656 0.002101898193359375
-313.7999572753906 245.34999084472656 0.002101898193359375
-313.7999572753906 245.34999084472656 0.002101898193359375
-313.7999572753906 245.34999084472656 0.002101898193359375
-313.7999572753906 245.34999084472656 0.002101898193359375
-313.7999572753906 245.34999084472656 0.002101898193359375
-313.7999572753906 245.34999084472656 0.002101898193359375
-313.7999572753906 245.34999084472656 0.002101898193359375
-313.7999572753906 245.34999084472656 0.002101898193359375
-313.7999572753906 245.34999084472656 0.002101898193359375
-313.7999572753906 245.34999084472656 0.002101898193359375
-313.7999572753906 245.34999084472656 0.002101898193359375
-313.7999572753906 245.34999084472656 0.002101898193359375
-313.7999572753906 245.34999084472656 0.002101898193359375
-313.7999572753906 245.34999084472656 0.002101898193359375
-313.7999572753906 245.34999084472656 0.002101898193359375
-313.7999572753906 245.34999084472656 0.002101898193359375
-313.7999572753906 245.34999084472656 0.002101898193359375
-313.7999572753906 245.34999084472656 0.002101898193359375
-313.7999572753906 245.34999084472656 0.002101898193359375
-313.7999572753906 245.34999084472656 0.002101898193359375
-313.7999572753906 245.34999084472656 0.002101898193359375
-313.7999572753906 245.34999084472656 0.002101898193359375
-313.7999572753906 245.34999084472656 0.002101898193359375
-313.7999572753906 245.34999084472656 0.002101898193359375
-313.7999572753906 245.34999084472656 0.002101898193359375
-313.7999572753906 245.34999084472656 0.002101898193359375
-313.7999572753906 245.34999084472656 0.002101898193359375
-313.7999572753906 245.34999084472656 0.002101898193359375
-313.7999572753906 245.34999084472656 0.002101898193359375
-313.7999572753906 245.34999084472656 0.002101898193359375
-313.7999572753906 245.34999084472656 0.002101898193359375
-313.7999572753906 245.34999084472656 0.002101898193359375
-313.7999572753906 245.34999084472656 0.002101898193359375
-313.7999572753906 245.34999084472656 0.002101898193359375
-313.7999572753906 245.34999084472656 0.002101898193359375
-313.7999572753906 245.34999084472656 0.002101898193359375
-313.7999572753906 245.34999084472656 0.002101898193359375
-313.7999572753906 245.34999084472656 0.002101898193359375
-313.7999572753906 245.34999084472656 0.001789588830433786
-313.7999572753906 245.34999084472656 0.0016783904284238815
-313.7999572753906 245.34999084472656 0.0016344451578333974
-313.7999572753906 245.34999084472656 0.0016231536865234375
-313.7999572753906 245.34999084472656 0.0016263580182567239
-313.7999572753906 245.34999084472656 0.001634788466617465
-313.7999572753906 245.34999084472656 0.001644134521484375
-313.7999572753906 245.34999084472656 0.0016525649698451161
-313.7999572753906 245.34999084472656 0.00165557861328125
-313.7999572753906 245.34999084472656 0.0016593551263213158
-313.7999572753906 245.34999084472656 0.0016634749481454492
-313.7999572753906 245.34999084472656 0.0016671371413394809
-313.7999572753906 245.34999084472656 0.001670150668360293
-313.7999572753906 245.34999084472656 0.0016724395100027323
-313.7999572753906 245.34999084472656 0.0016741561703383923
-313.7999572753906 245.34999084472656 0.0016753769014030695
-313.7999572753906 245.34999084472656 0.0016753769014030695
-313.7999572753906 245.34999084472656 0.0016753769014030695
-313.7999572753906 245.34999084472656 0.00167675013653934
-313.7999572753906 245.34999084472656 0.00167675013653934
-313.7999572753906 245.34999084472656 0.00167675013653934
-313.7999572753906 245.34999084472656 0.00167675013653934
-313.7999572753906 245.34999084472656 0.001677780062891543
-313.7999572753906 245.34999084472656 0.001677780062891543
-313.7999572753906 245.34999084472656 0.001677780062891543
-313.7999572753906 245.34999084472656 0.001677780062891543
-313.7999572753906 245.34999084472656 0.001677780062891543
-313.7999572753906 245.34999084472656 0.001677780062891543
-313.7999572753906 245.34999084472656 0.001677780062891543
-313.7999572753906 245.34999084472656 0.001677780062891543
-313.7999572753906 245.34999084472656 0.001677780062891543
-313.7999572753906 245.34999084472656 0.001677780062891543
-313.7999572753906 245.34999084472656 0.001677780062891543
-313.7999572753906 245.34999084472656 0.001677780062891543
-313.7999572753906 245.34999084472656 0.001677780062891543
-313.7999572753906 245.34999084472656 0.001677780062891543
-313.7999572753906 245.34999084472656 0.001677780062891543
-313.7999572753906 245.34999084472656 0.001677780062891543
-313.7999572753906 245.34999084472656 0.001677780062891543
-313.7705383300781 245.34999084472656 0.0015116882277652621
-313.7117004394531 245.34999084472656 0.0013598251389339566
-313.631591796875 245.35009765625 0.0013082122895866632
-313.5382080078125 245.35011291503906 0.0012512969551607966
-313.4352722167969 245.35009765625 0.0012565994402393699
-313.3244934082031 245.35009765625 0.0012868881458416581
-313.20654296875 245.35006713867188 0.0013233566423878074
-313.0816955566406 245.35009765625 0.001357498113065958
-312.95013427734375 245.35006713867188 0.001386680523864925
-312.8119201660156 245.35006713867188 0.0014097975799813867
-312.6669921875 245.35006713867188 0.001427345210686326
-312.5152587890625 245.35006713867188 0.001440086285583675
-312.3565673828125 245.35006713867188 0.001448783790692687
-312.1908264160156 245.35006713867188 0.0014542769640684128
-312.01788330078125 245.35006713867188 0.0014571379870176315
-311.83758544921875 245.35006713867188 0.0014580535935238004
-311.6497497558594 245.35006713867188 0.0014574812958016992
-311.45428466796875 245.35006713867188 0.0014561843127012253
-311.2515869140625 245.35006713867188 0.001457862788811326
-311.044921875 245.35006713867188 0.0014775466406717896
-310.8380126953125 245.35006713867188 0.0015161895425990224
-310.6327209472656 245.3500518798828 0.0017221831949427724
-310.43023681640625 245.3500213623047 0.0016961669316515326
-310.2312316894531 245.3500213623047 0.0016969299176707864
-310.0359802246094 245.34999084472656 0.0017088317545130849
-309.8445129394531 245.34999084472656 0.0017237854190170765
-309.6568603515625 245.34999084472656 0.0017379759810864925
-309.4729919433594 245.34999084472656 0.0017499160021543503
-309.29315185546875 245.35317993164062 0.00177196494769305
-309.1172180175781 245.3568115234375 0.0017950439359992743
-308.9450988769531 245.3583221435547 0.0017925644060596824
-308.7767639160156 245.35934448242188 0.0017864226829260588
-308.6119079589844 245.36024475097656 0.0017844390822574496
-308.4503479003906 245.36114501953125 0.0017824172973632812
-308.2913818359375 245.3619842529297 0.0017770766280591488
-308.1351623535156 245.36276245117188 0.001772384624928236
-307.9818420410156 245.36355590820312 0.0017698669107630849
-307.83203125 245.3643341064453 0.0017717360751703382
-307.68585205078125 245.3651123046875 0.0017739486647769809
-307.5429382324219 245.3658905029297 0.0017744064098224044
-307.403076171875 245.3666229248047 0.001773300115019083
-307.2659912109375 245.36729431152344 0.0017704772762954235
-307.13140869140625 245.36798095703125 0.001766853267326951
-306.99920654296875 245.36866760253906 0.0017622757004573941
-306.86907958984375 245.36935424804688 0.0017574309604242444
-306.74090576171875 245.3700408935547 0.0017517852829769254
-306.6143798828125 245.37071228027344 0.0017459868686273694
-306.48931884765625 245.37139892578125 0.0017401885706931353
-306.3655090332031 245.37208557128906 0.001734504709020257
-306.24273681640625 245.37277221679688 0.0017283248016610742
-306.1208801269531 245.3734588623047 0.0017226027557626367
-305.9996643066406 245.37405395507812 0.0017166900215670466
-305.8788757324219 245.37464904785156 0.0017110061598941684
-305.7583312988281 245.37522888183594 0.0017050170572474599
-305.6378173828125 245.3758087158203 0.0016990661388263106
-305.5171813964844 245.37640380859375 0.001692924415692687
-305.39617919921875 245.37698364257812 0.0016869734972715378
-305.2746276855469 245.37762451171875 0.0016810607630759478
-305.1523742675781 245.37831115722656 0.0016751480288803577
-305.0292053222656 245.37899780273438 0.001669387798756361
-304.9049072265625 245.3796844482422 0.0016634749481454492
-304.779296875 245.38037109375 0.0016578292706981301
-304.6521911621094 245.38104248046875 0.0016519546043127775
-304.52337646484375 245.38172912597656 0.00164623255841434
-304.3927307128906 245.38241577148438 0.0016406249487772584
-304.2600402832031 245.3831024169922 0.0016348647186532617
-304.12506103515625 245.3837890625 0.0016294860979542136
-303.9877014160156 245.38446044921875 0.0016238021198660135
-303.8477478027344 245.38519287109375 0.0016185378190129995
-303.7049865722656 245.38597106933594 0.0016131591983139515
-303.5592956542969 245.38674926757812 0.001607818529009819
-303.41046142578125 245.3875274658203 0.0016023635398596525
-303.25830078125 245.38832092285156 0.0015972518594935536
-303.1026916503906 245.38909912109375 0.0015918731223791838
-302.94342041015625 245.3899383544922 0.0015866088215261698
-302.7803039550781 245.39080810546875 0.0015811920166015625
-302.61322021484375 245.39169311523438 0.0015760803362354636
-302.44195556640625 245.392578125 0.0015707396669313312
-302.266357421875 245.39344787597656 0.0015654372982680798
-302.0862731933594 245.39442443847656 0.0015602492494508624
-301.90155029296875 245.39540100097656 0.0015554808778688312
-301.7123718261719 245.39637756347656 0.001553497277200222
-301.5213928222656 245.39735412597656 0.001566390972584486
-301.3310546875 245.39833068847656 0.0015927505446597934
-301.1428527832031 245.39930725097656 0.0016248321626335382
-300.9575500488281 245.40028381347656 0.0016566847916692495
-300.7754821777344 245.40126037597656 0.0016847992083057761
-300.5968017578125 245.4022216796875 0.0017080687684938312
-300.4216003417969 245.40310668945312 0.001726341200992465
-300.24993896484375 245.4039764404297 0.0017401123186573386
-300.0816955566406 245.4048614501953 0.0017506408039480448
-299.9171142578125 245.4087677001953 0.0017702484037727118
-299.7564392089844 245.4170379638672 0.0018072128295898438
-299.59893798828125 245.42288208007812 0.0018161392072215676
-299.4451599121094 245.42608642578125 0.0017987060127779841
-299.2950439453125 245.4287109375 0.0017910766182467341
-299.14825439453125 245.43112182617188 0.0017882155952975154
-299.00457763671875 245.4334716796875 0.0017847823910415173
-298.86297607421875 245.43572998046875 0.0017758178291842341
-298.7235412597656 245.43800354003906 0.0017690658569335938
-298.5865783691406 245.44021606445312 0.0017640686128288507
-298.4522399902344 245.44235229492188 0.0017611312214285135
-298.3205261230469 245.4445037841797 0.0017594146775081754
-298.1914978027344 245.44656372070312 0.0017580795101821423
-298.0650634765625 245.4486083984375 0.0017571640200912952
-297.94122314453125 245.45062255859375 0.0017563628498464823
-297.8199462890625 245.4525604248047 0.0017553711077198386
-297.7022705078125 245.4544677734375 0.001760520855896175
-297.5881652832031 245.456298828125 0.0017650603549554944
-297.47723388671875 245.45809936523438 0.001766967703588307
-297.3691101074219 245.4598388671875 0.0017660140292719007
-297.2633972167969 245.46156311035156 0.0017633818788453937
-297.1599426269531 245.46319580078125 0.0017593002412468195
-297.0584716796875 245.46487426757812 0.0017541503766551614
-296.9587707519531 245.46646118164062 0.0017488098237663507
-296.8605651855469 245.46804809570312 0.0017429733416065574
-296.76373291015625 245.46958923339844 0.0017369078705087304
-296.6679992675781 245.47116088867188 0.0017307662637904286
-296.5731506347656 245.4727020263672 0.0017247771611437201
-296.47900390625 245.4742889404297 0.0017187880584970117
-296.3853454589844 245.47573852539062 0.0017127608880400658
-296.29205322265625 245.4772186279297 0.0017067337175831199
-296.1988525390625 245.47866821289062 0.0017008972354233265
-296.10552978515625 245.4801483154297 0.0016949843848124146
-296.011962890625 245.48159790039062 0.0016890334663912654
-295.91796875 245.483154296875 0.0016832732362672687
-295.82330322265625 245.4846954345703 0.0016774749383330345
-295.727783203125 245.4862823486328 0.0016715240199118853
-295.6312561035156 245.48782348632812 0.0016659926623106003
-295.5334777832031 245.48941040039062 0.0016604614211246371
-295.4343566894531 245.49095153808594 0.001654396066442132
-295.33355712890625 245.4926300048828 0.0016488265246152878
-295.23101806640625 245.49429321289062 0.0016431044787168503
-295.12652587890625 245.49595642089844 0.0016377257416024804
-295.01983642578125 245.49769592285156 0.0016323471209034324
-294.9108581542969 245.49945068359375 0.001626892015337944
-294.79931640625 245.50125122070312 0.001621246337890625
-294.6850891113281 245.5030975341797 0.001615829416550696
-294.5681457519531 245.50265502929688 0.0016167068388313055
-294.448486328125 245.4989471435547 0.001633605919778347
-294.3255310058594 245.49725341796875 0.0016324615571647882
-294.1991882324219 245.49769592285156 0.0016110992291942239
-294.06927490234375 245.49856567382812 0.0015995787689462304
-293.935546875 245.4995880126953 0.0015922927996143699
-293.7979431152344 245.5006561279297 0.0015855026431381702
-293.65631103515625 245.50177001953125 0.0015795516083016992
-293.5119934082031 245.5029296875 0.0015821837587282062
-293.3673095703125 245.50408935546875 0.0015979766612872481
-293.22381591796875 245.50526428222656 0.0016215514624491334
-293.08221435546875 245.50636291503906 0.001646766671910882
-292.9429931640625 245.50743103027344 0.0016704940935596824
-292.8062744140625 245.50851440429688 0.0016905975062400103
-292.6722106933594 245.50958251953125 0.0017068862216547132
-292.54168701171875 245.5106201171875 0.0017243576003238559
-292.41473388671875 245.51158142089844 0.001738815219141543
-292.29095458984375 245.5125732421875 0.0017477035289630294
-292.1700439453125 245.51353454589844 0.0017524337163195014
-292.0516662597656 245.51451110839844 0.0017539215041324496
-291.9356689453125 245.51536560058594 0.00175304408185184
-291.8218078613281 245.51626586914062 0.0017507552402094007
-291.7098083496094 245.51712036132812 0.0017469787271693349
-291.5995178222656 245.5180206298828 0.0017427443526685238
-291.4906921386719 245.5188751220703 0.0017379379132762551
-291.38311767578125 245.519775390625 0.0017328262329101562
-291.2765808105469 245.52064514160156 0.0017273330595344305
-291.1708984375 245.5215301513672 0.0017218017019331455
-291.0658874511719 245.52232360839844 0.0017160034039989114
-290.9613342285156 245.5231170654297 0.0017103576101362705
-290.85699462890625 245.5238800048828 0.0017047119326889515
-290.752685546875 245.52468872070312 0.0016989135183393955
-290.6482849121094 245.5254364013672 0.0016931532882153988
-290.5434875488281 245.5262451171875 0.0016872023697942495
-290.43817138671875 245.52706909179688 0.0016810225788503885
-290.3321838378906 245.52796936035156 0.0016753387171775103
-290.2252197265625 245.52882385253906 0.0016692733624950051
-290.1171875 245.52972412109375 0.0016637420048937201
-290.00787353515625 245.53057861328125 0.0016578292706981301
-289.8970642089844 245.53147888183594 0.0016522979130968451
-289.7845764160156 245.53233337402344 0.0016464614309370518
-289.67022705078125 245.53323364257812 0.0016410446260124445
-289.5538330078125 245.5341033935547 0.0016353988321498036
-289.43524169921875 245.53509521484375 0.001630058279260993
-289.3142395019531 245.5360565185547 0.0016246032901108265
-289.19061279296875 245.53704833984375 0.0016189193120226264
-289.0642395019531 245.53805541992188 0.0016172790201380849
-288.9349060058594 245.5391387939453 0.0016117476625368
-288.8024597167969 245.5402069091797 0.0016056442400440574
-288.6667175292969 245.54129028320312 0.001599540701135993
-288.52752685546875 245.5423583984375 0.0015935515984892845
-288.3846740722656 245.5435028076172 0.001587562495842576
-288.23797607421875 245.544677734375 0.0015817641979083419
-288.08734130859375 245.5458526611328 0.0015765380812808871
-287.9324951171875 245.54708862304688 0.0015715408371761441
-287.7733154296875 245.54835510253906 0.001566238352097571
-287.6097106933594 245.54962158203125 0.0015610884875059128
-287.44140625 245.55096435546875 0.001555862370878458
-287.2682800292969 245.55233764648438 0.001550865126773715
-287.0902099609375 245.55372619628906 0.0015456771943718195
-286.9069519042969 245.55519104003906 0.0015409468906000257
-286.7183837890625 245.55667114257812 0.0015269470168277621
-286.5243225097656 245.5581817626953 0.0015238571213558316
-286.32464599609375 245.5597381591797 0.001520614605396986
-286.1192626953125 245.56138610839844 0.0015174865256994963
-285.9079895019531 245.5630340576172 0.0015139770694077015
-285.6907653808594 245.5647735595703 0.0015110396780073643
-285.4674987792969 245.56654357910156 0.0015076064737513661
-285.2380676269531 245.56837463378906 0.0015044021420180798
-285.00244140625 245.5702362060547 0.0015011596260592341
-284.7603759765625 245.57215881347656 0.0014978790422901511
-284.51171875 245.57411193847656 0.0014946365263313055
-284.2564697265625 245.576171875 0.0017363738734275103
-283.9974365234375 245.57821655273438 0.0018285750411450863
-283.74041748046875 245.58026123046875 0.0018754577031359076
-283.48309326171875 245.5823211669922 0.0018815994262695312
-283.22430419921875 245.58436584472656 0.00186748499982059
-282.9620666503906 245.58642578125 0.0018397902604192495
-282.69561767578125 245.5885467529297 0.0018101501045748591
-282.42352294921875 245.5906982421875 0.0017776107415556908
-282.1454772949219 245.59292602539062 0.0017488098237663507
-281.8603210449219 245.5951690673828 0.0017202376620844007
-281.5679626464844 245.5974884033203 0.0016965866088867188
-281.26751708984375 245.599853515625 0.0016736220568418503
-280.958984375 245.602294921875 0.0016555404290556908
-280.6416015625 245.60484313964844 0.0016372299287468195
-280.3154602050781 245.607421875 0.0016232681227847934
-279.9798583984375 245.61007690429688 0.0016087341355159879
-279.6348876953125 245.61280822753906 0.0015972518594935536
-279.2799377441406 245.6156463623047 0.0015848922776058316
-278.9150695800781 245.61854553222656 0.0015753173502162099
-278.53961181640625 245.6215362548828 0.0015647124964743853
-278.15374755859375 245.62460327148438 0.0015559005551040173
-277.7567443847656 245.62774658203125 0.0015460585709661245
-277.34881591796875 245.63096618652344 0.0015380477998405695
-276.9295959472656 245.63429260253906 0.0015314101474359632
-276.50250244140625 245.6376953125 0.0015466308686882257
-276.0724182128906 245.64111328125 0.0015910338843241334
-275.6434326171875 245.64453125 0.0016537857009097934
-275.2176513671875 245.6479034423828 0.0017199325375258923
-274.7970275878906 245.65122985839844 0.0017850494477897882
-274.38232421875 245.65452575683594 0.0018415451049804688
-273.9746398925781 245.65774536132812 0.0018917846027761698
-273.5740661621094 245.6609344482422 0.0019316482357680798
-273.1812744140625 245.6640625 0.0019663237035274506
-272.7960510253906 245.66709899902344 0.0019915772136300802
-272.4189147949219 245.67010498046875 0.002013626042753458
-272.04937744140625 245.67303466796875 0.0020278168376535177
-271.6878662109375 245.67591857910156 0.002040863037109375
-271.3339538574219 245.67874145507812 0.002047920133918524
-270.9880065917969 245.6814727783203 0.0020553588401526213
-270.6494140625 245.68417358398438 0.0020577239338308573
-270.3186950683594 245.6868133544922 0.0020618056878447533
-269.9951171875 245.6893768310547 0.0020610808860510588
-269.67913818359375 245.69189453125 0.0020625304896384478
-269.3702087402344 245.6915740966797 0.0018411636119708419
-269.0692443847656 245.6851043701172 0.0018263625679537654
-268.77496337890625 245.67849731445312 0.0018684386741369963
-268.4877014160156 245.67393493652344 0.0018942641327157617
-268.20684814453125 245.67019653320312 0.001909713726490736
-267.9329528808594 245.66677856445312 0.0019398879958316684
-267.6653137207031 245.66354370117188 0.001963996794074774
-267.40447998046875 245.66046142578125 0.0019858931191265583
-267.14996337890625 245.65757751464844 0.0019631576724350452
-266.9010925292969 245.6546630859375 0.0018674087477847934
-266.6551208496094 245.65185546875 0.0017058562953025103
-266.4127197265625 245.64910888671875 0.001652526785619557
-266.1744689941406 245.64637756347656 0.0016474532894790173
-265.9404296875 245.64364624023438 0.0016699217958375812
-265.7106628417969 245.64100646972656 0.001698188716545701
-265.4849853515625 245.63839721679688 0.001719894353300333
-265.2630310058594 245.63604736328125 0.0016675186343491077
-265.0447692871094 245.63351440429688 0.0016867828089743853
-264.8298645019531 245.63099670410156 0.0017068099696189165
-264.6180725097656 245.6284942626953 0.0017234801780432463
-264.4092712402344 245.6260223388672 0.0016783523606136441
-264.20306396484375 245.62367248535156 0.0016667174641042948
-263.9992980957031 245.62132263183594 0.0016270064515993
-263.7977600097656 245.61886596679688 0.0016323471209034324
-263.5981750488281 245.61651611328125 0.0016477584140375257
-263.4002990722656 245.61415100097656 0.0016643141862004995
-263.20391845703125 245.61183166503906 0.0016776275588199496
-263.00885009765625 245.6094512939453 0.0016881560441106558
-262.8148498535156 245.60707092285156 0.0016656112857162952
-262.62164306640625 245.6046600341797 0.0016720580169931054
-262.42913818359375 245.602294921875 0.0016411971300840378
-262.2370300292969 245.59970092773438 0.0015745925484225154
-262.045166015625 245.59725952148438 0.0015981673495844007
-261.8533020019531 245.59490966796875 0.0015905379550531507
-261.6612243652344 245.59259033203125 0.0016025161603465676
-261.46875 245.59011840820312 0.0015823363792151213
-261.27569580078125 245.58767700195312 0.0015881728613749146
-261.0822448730469 245.58523559570312 0.0016081618377938867
-260.8898620605469 245.58287048339844 0.0016318130074068904
-260.69989013671875 245.58050537109375 0.0016584777040407062
-260.5128479003906 245.5782012939453 0.0016845321515575051
-260.32916259765625 245.575927734375 0.0017076110234484076
-260.14898681640625 245.57373046875 0.001726341200992465
-259.9723815917969 245.57144165039062 0.00172618858050555
-259.79931640625 245.56903076171875 0.0015795135404914618
-259.6296691894531 245.56689453125 0.0016516112955287099
-259.46343994140625 245.56483459472656 0.0016958998749032617
-259.3006591796875 245.562744140625 0.0017194366082549095
-259.1412658691406 245.56082153320312 0.0016631316393613815
-258.985595703125 245.55894470214844 0.0016547393752261996
-258.83367919921875 245.55722045898438 0.001641349750570953
-258.6851806640625 245.55540466308594 0.0016617965884506702
-258.5398864746094 245.55357360839844 0.0016093063168227673
-258.39715576171875 245.5518341064453 0.0015998840099200606
-258.2572326660156 245.55023193359375 0.0016024017240852118
-258.1187744140625 245.548583984375 0.0016132736345753074
-257.9825744628906 245.5497589111328 0.0016422271728515625
-257.84869384765625 245.55087280273438 0.0016722488217055798
-257.7174072265625 245.5502166748047 0.0016795349074527621
-257.5885314941406 245.54925537109375 0.001679649343714118
-257.46234130859375 245.5482940673828 0.001686859061010182
-257.3385925292969 245.54722595214844 0.0016735839890316129
-257.2174987792969 245.54620361328125 0.0016891860868781805
-257.0987548828125 245.54522705078125 0.0017024230910465121
-256.98260498046875 245.5442657470703 0.0017144775483757257
-256.86871337890625 245.5432891845703 0.0017230986850336194
-256.7585754394531 245.54241943359375 0.0017379759810864925
-256.6517028808594 245.54159545898438 0.0017475509084761143
-256.5483093261719 245.5408172607422 0.0017563628498464823
-256.4471740722656 245.5399627685547 0.0017419052310287952
-256.348876953125 245.5391387939453 0.0017434691544622183
-256.2522888183594 245.53829956054688 0.001741599990054965
-256.1579895019531 245.53759765625 0.0017197799170389771
-256.0649108886719 245.5367889404297 0.001696739112958312
-255.97352600097656 245.53614807128906 0.0016064071096479893
-255.88296508789062 245.53543090820312 0.0016099929343909025
-255.7938690185547 245.53488159179688 0.0015653991140425205
-255.70526123046875 245.53411865234375 0.0015450286446139216
-255.61761474609375 245.5335235595703 0.0014154433738440275
-255.5299530029297 245.5327606201172 0.0013875579461455345
-255.44288635253906 245.53195190429688 0.0014151763170957565
-255.35549926757812 245.53077697753906 0.0011647414648905396
-255.26828002929688 245.5297393798828 0.0011614226968958974
-255.18019104003906 245.5286865234375 0.0012279510265216231
-255.09194946289062 245.52769470214844 0.001317253103479743
-255.0025177001953 245.52667236328125 0.0013906860258430243
-254.9125213623047 245.5257110595703 0.0014558791881427169
-254.82095336914062 245.52456665039062 0.0014991378411650658
-254.7283935546875 245.52337646484375 0.0015351867768913507
-254.63389587402344 245.52218627929688 0.0015544891357421875
-254.5380859375 245.5209197998047 0.0015691756270825863
-254.43988037109375 245.51931762695312 0.001370506244711578
-254.3400115966797 245.5178985595703 0.0013528441777452826
-254.23751831054688 245.51634216308594 0.0013411331456154585
-254.13291931152344 245.51475524902344 0.001381950336508453
-254.025390625 245.51304626464844 0.001399459782987833
-253.91534423828125 245.51123046875 0.0014230345841497183
-253.802001953125 245.5093231201172 0.0014511490007862449
-253.68582153320312 245.5074005126953 0.0014824294485151768
-253.5659637451172 245.50559997558594 0.0013549041468650103
-253.4430389404297 245.50604248046875 0.0013242339482530951
-253.3164825439453 245.50987243652344 0.0013307189801707864
-253.18634033203125 245.51153564453125 0.0013584899716079235
-253.0519256591797 245.51068115234375 0.0013024520594626665
-252.9137420654297 245.5095672607422 0.001308441162109375
-252.77273559570312 245.50840759277344 0.0013129806611686945
-252.63153076171875 245.50729370117188 0.001208076486364007
-252.49136352539062 245.50579833984375 0.0012517166323959827
-252.35321044921875 245.50436401367188 0.0013378524454310536
-252.2172393798828 245.50286865234375 0.0014182281447574496
-252.08387756347656 245.50143432617188 0.0014992140932008624
-251.95298767089844 245.5000457763672 0.0015619659097865224
-251.82481384277344 245.49862670898438 0.001587562495842576
-251.69911193847656 245.49725341796875 0.001633872976526618
-251.57611083984375 245.4960174560547 0.0016681670676916838
-251.45550537109375 245.49473571777344 0.0016913223080337048
-251.3374786376953 245.49343872070312 0.001624641357921064
-251.22274780273438 245.4919891357422 0.0015465164324268699
-251.1119842529297 245.49085998535156 0.001558608957566321
-251.00393676757812 245.48974609375 0.0015902710147202015
-250.89903259277344 245.4888153076172 0.0016270064515993
-250.7961883544922 245.48780822753906 0.0016457366291433573
-250.69581604003906 245.48667907714844 0.0016519164200872183
-250.59698486328125 245.48558044433594 0.0016733169322833419
-250.49839782714844 245.48446655273438 0.0016811751993373036
-250.39999389648438 245.4833221435547 0.0016847992083057761
-250.30284118652344 245.48216247558594 0.0016917038010433316
-250.20704650878906 245.48098754882812 0.0016983795212581754
-250.11300659179688 245.47962951660156 0.0015645598759874701
-250.02066040039062 245.47848510742188 0.0015561676118522882
-249.93028259277344 245.4774169921875 0.0015797805972397327
-249.8415985107422 245.476318359375 0.001609382568858564
-249.7548370361328 245.4752655029297 0.0016381836030632257
-249.6698760986328 245.47645568847656 0.0016592788742855191
-249.5869903564453 245.47984313964844 0.0016609954182058573
-249.5056915283203 245.48358154296875 0.0016752624651417136
-249.42626953125 245.48753356933594 0.0016904068179428577
-249.34837341308594 245.49159240722656 0.0017013167962431908
-249.272216796875 245.49583435058594 0.0017100524855777621
-249.19796752929688 245.5020294189453 0.0017238998552784324
-249.1258087158203 245.51014709472656 0.0017446898855268955
-249.05511474609375 245.5186309814453 0.0017536926316097379
-248.98611450195312 245.52734375 0.0017552947392687201
-248.9184112548828 245.5362091064453 0.00175132742151618
-248.85296630859375 245.5468292236328 0.0017562865978106856
-248.7893829345703 245.55911254882812 0.0017652892274782062
-248.72743225097656 245.57167053222656 0.0017676162533462048
-248.66673278808594 245.58441162109375 0.0017628096975386143
-248.60655212402344 245.5940704345703 0.0017417526105418801
-248.546875 245.5984649658203 0.0017462539253756404
-248.48846435546875 245.60214233398438 0.0017587279435247183
-248.4311065673828 245.60565185546875 0.0017593002412468195
-248.37510681152344 245.60911560058594 0.0017542648129165173
-248.3201141357422 245.6124725341797 0.0017449187580496073
-248.26638793945312 245.6157684326172 0.001737136859446764
-248.2136688232422 245.61900329589844 0.0017292784759774804
-248.1621551513672 245.62217712402344 0.0017239379230886698
-248.11160278320312 245.625244140625 0.0017187499906867743
-248.06222534179688 245.6282958984375 0.0017160034039989114
-248.0137481689453 245.6298065185547 0.001718444749712944
-247.9664764404297 245.63015747070312 0.0017279814928770065
-247.92007446289062 245.63031005859375 0.001730270334519446
-247.8746795654297 245.63040161132812 0.001728973351418972
-247.8301239013672 245.63038635253906 0.0017244720365852118
-247.7867889404297 245.62911987304688 0.0017266464419662952
-247.74441528320312 245.626708984375 0.0017302321502938867
-247.7030029296875 245.624267578125 0.001731605501845479
-247.6621551513672 245.6240692138672 0.0017203140305355191
-247.622314453125 245.62570190429688 0.0017208480276167393
-247.58319091796875 245.62733459472656 0.0017217254498973489
-247.5449981689453 245.6289825439453 0.0017208862118422985
-247.50746154785156 245.63050842285156 0.0017168044578284025
-247.47080993652344 245.632080078125 0.0017137908143922687
-247.43478393554688 245.6335906982422 0.0017090606270357966
-247.39962768554688 245.6350555419922 0.0017067337175831199
-247.36505126953125 245.63650512695312 0.0017039489466696978
-247.33128356933594 245.637939453125 0.0017028426518663764
-247.298095703125 245.63827514648438 0.001702117850072682
-247.26583862304688 245.6392364501953 0.001702804584056139
-247.23410034179688 245.6405029296875 0.0017008590511977673
-247.20314025878906 245.6417694091797 0.001701087923720479
-247.1726837158203 245.64303588867188 0.0016997145721688867
-247.1429901123047 245.64425659179688 0.0016997909406200051
-247.11373901367188 245.64540100097656 0.0016981124645099044
-247.0852813720703 245.64569091796875 0.0017003249377012253
-247.05734252929688 245.64529418945312 0.001704482943750918
-247.0300750732422 245.6448516845703 0.001707115094177425
-247.0032501220703 245.6443634033203 0.00170555105432868
-246.9770965576172 245.64390563964844 0.0017038726946339011
-246.95140075683594 245.64341735839844 0.0017011261079460382
-246.92642211914062 245.6421661376953 0.0017030334565788507
-246.90200805664062 245.640380859375 0.0017061614198610187
-246.87811279296875 245.6386260986328 0.0017068481538444757
-246.8557891845703 245.63784790039062 0.0017078780801966786
-246.83526611328125 245.6382598876953 0.001715164165943861
-246.81565856933594 245.63876342773438 0.0017193221719935536
-246.79718017578125 245.63943481445312 0.0017195892287418246
-246.77981567382812 245.63999938964844 0.0017202376620844007
-246.76312255859375 245.64064025878906 0.0017149733612313867
-246.74752807617188 245.6411895751953 0.0017147064208984375
-246.731689453125 245.64178466796875 0.001704368507489562
-246.71742248535156 245.64222717285156 0.001706352224573493
-246.70236206054688 245.6426544189453 0.0016960143111646175
-246.68763732910156 245.6431427001953 0.0016922377981245518
-246.67184448242188 245.64358520507812 0.0016830825479701161
-246.65643310546875 245.64401245117188 0.0016822433099150658
-246.64015197753906 245.64456176757812 0.0016769408248364925
-246.62364196777344 245.64488220214844 0.0016721343854442239
-246.60585021972656 245.6454620361328 0.0016644286224618554
-246.58749389648438 245.64608764648438 0.0016621398972347379
-246.56724548339844 245.64666748046875 0.0016542434459552169
-246.544921875 245.6473846435547 0.001645965501666069
-246.51995849609375 245.64805603027344 0.0016380309825763106
-246.49253845214844 245.64874267578125 0.001628456055186689
-246.46380615234375 245.64950561523438 0.0016270064515993
-246.43275451660156 245.65042114257812 0.0016242980491369963
-246.39804077148438 245.65133666992188 0.0016140365041792393
-246.3607940673828 245.6523895263672 0.0016099929343909025
-246.3209686279297 245.653564453125 0.0016054152511060238
-246.2786865234375 245.65478515625 0.0016053771832957864
-246.2332305908203 245.65606689453125 0.0016020584153011441
-246.1851348876953 245.65736389160156 0.0015991592081263661
-246.13352966308594 245.6588592529297 0.0015949630178511143
-246.0796661376953 245.66043090820312 0.0015968321822583675
-246.02191162109375 245.6607208251953 0.0015946578932926059
-245.96011352539062 245.65931701660156 0.0015978622250258923
-245.89450073242188 245.6595001220703 0.0015946197090670466
-245.8256072998047 245.66087341308594 0.0015865707537159324
-245.7527313232422 245.66256713867188 0.0015812682686373591
-245.6757049560547 245.66429138183594 0.0015757369110360742
-245.5947265625 245.66622924804688 0.0015727233840152621
-245.5095672607422 245.66815185546875 0.0015685653779655695
-245.4197998046875 245.67030334472656 0.0015625380910933018
-245.32513427734375 245.67245483398438 0.0015559387393295765
-245.2253875732422 245.67483520507812 0.0015485762851312757
-245.1202850341797 245.67724609375 0.0015413665678352118
-245.00965881347656 245.6798553466797 0.0015348434681072831
-244.89334106445312 245.68251037597656 0.0015284346882253885
-244.77114868164062 245.68540954589844 0.0015223311493173242
-244.6428985595703 245.6883544921875 0.001516380230896175
-244.50843811035156 245.69151306152344 0.0015107345534488559
-244.36761474609375 245.69476318359375 0.001505203195847571
-244.2202911376953 245.6982421875 0.0015000533312559128
-244.06626892089844 245.70176696777344 0.0014950180193409324
-243.90542602539062 245.70556640625 0.0014904403360560536
-243.7376251220703 245.7094268798828 0.0014855193439871073
-243.5628662109375 245.71026611328125 0.0014913940103724599
-243.3811492919922 245.7061309814453 0.0015186690725386143
-243.19198608398438 245.70437622070312 0.0015236282488331199
-242.9951934814453 245.7056427001953 0.0014967345632612705
-242.79075622558594 245.70765686035156 0.0014790344284847379
-242.57911682128906 245.70993041992188 0.001474571181461215
-242.36346435546875 245.71229553222656 0.0014905165880918503
-242.14767456054688 245.71470642089844 0.0015262984670698643
-241.93374633789062 245.71707153320312 0.001571235596202314
-241.72286987304688 245.71939086914062 0.0016160582890734076
-241.515625 245.72171020507812 0.0016563796671107411
-241.31224060058594 245.7239227294922 0.0016902541974559426
-241.11289978027344 245.72616577148438 0.0017168044578284025
-240.91758728027344 245.72830200195312 0.001737136859446764
-240.72625732421875 245.73046875 0.0017525863368064165
-240.53887939453125 245.7324981689453 0.0017635344993323088
-240.3553924560547 245.73455810546875 0.0017717742593958974
-240.17578125 245.73651123046875 0.0017770385602489114
-240.0000457763672 245.73538208007812 0.0017916487995535135
-239.8282012939453 245.7295379638672 0.0018250655848532915
-239.65968322753906 245.72183227539062 0.0018473052186891437
-239.49417114257812 245.71286010742188 0.001852760324254632
-239.33154296875 245.70301818847656 0.0018470000941306353
-239.1714324951172 245.69227600097656 0.0018358230590820312
-239.014404296875 245.6781463623047 0.0018360899994149804
-238.86048889160156 245.65921020507812 0.0018529510125517845
-238.70884704589844 245.6380157470703 0.0018614958971738815
-238.55909729003906 245.6150360107422 0.0018567657098174095
-238.4101104736328 245.59579467773438 0.0018232726724818349
-238.26165771484375 245.5829620361328 0.0017766570672392845
-238.1140899658203 245.57192993164062 0.001768150250427425
-237.96694946289062 245.56124877929688 0.0017605590401217341
-237.8207244873047 245.55079650878906 0.0017529296455904841
-237.6763458251953 245.5404510498047 0.0017480086535215378
-237.53427124023438 245.5303497314453 0.001746330177411437
-237.39480590820312 245.52037048339844 0.0017465590499341488
-237.2579803466797 245.51063537597656 0.001747894217260182
-237.1239013671875 245.5010528564453 0.0017494200728833675
-236.99339294433594 245.49179077148438 0.001755790668539703
-236.86651611328125 245.48507690429688 0.0017714690184220672
-236.74295043945312 245.4820098876953 0.00179882044903934
-236.62225341796875 245.48016357421875 0.001815109164454043
-236.50411987304688 245.47918701171875 0.0018173599382862449
-236.3870391845703 245.478759765625 0.0018040465656667948
-236.2712860107422 245.47555541992188 0.0017757415771484375
-236.15733337402344 245.47024536132812 0.001758041325956583
-236.04537963867188 245.4647979736328 0.0017546843737363815
-235.93556213378906 245.4593048095703 0.0017533493228256702
-235.82786560058594 245.45399475097656 0.0017512893537059426
-235.7223358154297 245.44873046875 0.0017491912003606558
-235.61895751953125 245.443603515625 0.0017470169113948941
-235.51766967773438 245.4385528564453 0.0017449951265007257
-235.41854858398438 245.43592834472656 0.0017472075996920466
-235.3216094970703 245.43605041503906 0.0017645644256845117
-235.22666931152344 245.43690490722656 0.0017750548431649804
-235.13368225097656 245.4380645751953 0.0017761611379683018
-235.04266357421875 245.4366912841797 0.0017610549693927169
-234.9535675048828 245.43368530273438 0.0017531203338876367
-234.86630249023438 245.4305877685547 0.0017514037899672985
-234.7808074951172 245.427490234375 0.0017490767640993
-234.6970977783203 245.42449951171875 0.0017453002510592341
-234.61509704589844 245.4215545654297 0.0017416762420907617
-234.53477478027344 245.418701171875 0.0017378615448251367
-234.4561309814453 245.4158477783203 0.001735000521875918
-234.37908935546875 245.4131317138672 0.0017320632468909025
-234.30372619628906 245.41232299804688 0.0017346191452816129
-234.23187255859375 245.41346740722656 0.0017573165241628885
-234.1634063720703 245.4148406982422 0.0017728423699736595
-234.0977020263672 245.41651916503906 0.001777229248546064
-234.03211975097656 245.41598510742188 0.0017548369942232966
-233.96649169921875 245.41441345214844 0.0017387389671057463
-233.9014129638672 245.41270446777344 0.0017300796462222934
-233.83726501464844 245.41110229492188 0.0017245482886210084
-233.774169921875 245.40940856933594 0.0017208480276167393
-233.7122344970703 245.40785217285156 0.0017182922456413507
-233.65151977539062 245.40626525878906 0.0017164229648187757
-233.59201049804688 245.4047393798828 0.0017152404179796576
-233.53369140625 245.4031982421875 0.0017143631121143699
-233.4765625 245.4017791748047 0.001713828998617828
-233.42059326171875 245.4002685546875 0.0017131423810496926
-233.3657684326172 245.3988800048828 0.0017125701997429132
-233.31216430664062 245.39892578125 0.0017170333303511143
-233.259765625 245.40042114257812 0.0017278289888054132
-233.20843505859375 245.40200805664062 0.0017325973603874445
-233.15814208984375 245.40370178222656 0.0017319106264039874
-233.10890197753906 245.4054412841797 0.00172843923792243
-233.06089782714844 245.40858459472656 0.0017306518275290728
-233.01412963867188 245.41281127929688 0.001736869802698493
-232.9683380126953 245.41726684570312 0.0017374037997797132
-232.92489624023438 245.42152404785156 0.0017408370040357113
-232.88368225097656 245.4258575439453 0.0017415237380191684
-232.84439086914062 245.42996215820312 0.0017398070776835084
-232.80531311035156 245.4353485107422 0.0017332457937300205
-232.76626586914062 245.44175720214844 0.0017299652099609375
-232.72691345214844 245.44615173339844 0.0017153930384665728
-232.687744140625 245.447021484375 0.001716194092296064
-232.64913940429688 245.44761657714844 0.0017229079967364669
-232.6112060546875 245.4480743408203 0.0017241287278011441
-232.573974609375 245.44862365722656 0.001721076900139451
-232.5374755859375 245.4490966796875 0.0017164993332698941
-232.501708984375 245.44964599609375 0.0017120360862463713
-232.4666748046875 245.45008850097656 0.001708183204755187
-232.43235778808594 245.4506378173828 0.0017052459297701716
-232.39990234375 245.45098876953125 0.001709899865090847
-232.36924743652344 245.4514923095703 0.001713447505608201
-232.34007263183594 245.45181274414062 0.0017143249278888106
-232.31236267089844 245.45225524902344 0.0017165755853056908
-232.28567504882812 245.4525604248047 0.0017157745314761996
-232.25979614257812 245.452880859375 0.0017120360862463713
-232.23489379882812 245.4531707763672 0.0017094421200454235
-232.2108917236328 245.4535675048828 0.0017074584029614925
-232.1873016357422 245.45382690429688 0.0017032241448760033
-232.16407775878906 245.4541473388672 0.0016970825381577015
-232.1400909423828 245.4544219970703 0.0016903686337172985
-232.1148223876953 245.45474243164062 0.0016800689045339823
-232.0900115966797 245.45509338378906 0.001679649343714118
-232.06398010253906 245.4554443359375 0.0016727447509765625
-232.0379638671875 245.45578002929688 0.0016714095836505294
-232.01071166992188 245.45606994628906 0.0016661834670230746
-231.98272705078125 245.4565887451172 0.0016619110247120261
-231.95364379882812 245.4569854736328 0.001658706576563418
-231.92190551757812 245.45741271972656 0.0016471862327307463
-231.888671875 245.4578094482422 0.0016420363681390882
-231.852783203125 245.4582977294922 0.0016329955542460084
-231.81552124023438 245.4588165283203 0.001631507882848382
-231.77561950683594 245.4594268798828 0.001624374301172793
-231.73419189453125 245.4600372314453 0.0016253661597147584
-231.69009399414062 245.46067810058594 0.0016207885928452015
-231.6444854736328 245.4613037109375 0.0016223907005041838
-231.59539794921875 245.4619903564453 0.0016135787591338158
-231.5440216064453 245.4626922607422 0.001611633226275444
-231.4887237548828 245.4634552001953 0.001601753174327314
-231.43040466308594 245.4642333984375 0.0015963363694027066
-231.36776733398438 245.46511840820312 0.001586227328516543
-231.30172729492188 245.46603393554688 0.0015819548862054944
-231.2327423095703 245.46694946289062 0.0015834044897928834
-231.1605682373047 245.4678497314453 0.0015833663055673242
-231.0845489501953 245.46875 0.0015803908463567495
-231.00425720214844 245.4697723388672 0.0015744781121611595
-230.92013549804688 245.47079467773438 0.0015717697096988559
-230.83132934570312 245.4720001220703 0.001564941368997097
-230.73809814453125 245.4732208251953 0.0015606307424604893
-230.63975524902344 245.47462463378906 0.0015529250958934426
-230.5365753173828 245.47610473632812 0.0015485382173210382
-230.42794799804688 245.47775268554688 0.0015414046356454492
-230.31414794921875 245.4794464111328 0.0015372466295957565
-230.194580078125 245.48133850097656 0.0015308379661291838
-230.06954956054688 245.4833221435547 0.0015267181443050504
-229.93844604492188 245.48548889160156 0.0015206908574327826
-229.80157470703125 245.48773193359375 0.0015167617239058018
-229.65838623046875 245.49017333984375 0.0015109634259715676
-229.50909423828125 245.49269104003906 0.0015071487287059426
-229.35324096679688 245.49539184570312 0.001501808175817132
-229.19091796875 245.49813842773438 0.001497993478551507
-229.0218048095703 245.50112915039062 0.0014931487385183573
-228.84600830078125 245.50418090820312 0.0014893722254782915
-228.6634979248047 245.50741577148438 0.0014862060779705644
-228.47425842285156 245.5107879638672 0.0017036056378856301
-228.27825927734375 245.51063537597656 0.0015498352004215121
-228.07525634765625 245.5050506591797 0.0015054702525958419
-227.86497497558594 245.4966583251953 0.0015031814109534025
-227.64715576171875 245.4912109375 0.0014917755033820868
-227.42173767089844 245.48912048339844 0.0014579009730368853
-227.18862915039062 245.4878387451172 0.0014366150135174394
-226.94778442382812 245.4867706298828 0.0014333343133330345
-226.6990203857422 245.4857940673828 0.001505203195847571
-226.4427032470703 245.4848175048828 0.0017091750632971525
-226.18634033203125 245.4838409423828 0.0018175506265833974
-225.93443298339844 245.48284912109375 0.0018828964093700051
-225.68507385253906 245.48187255859375 0.0017529678298160434
-225.43614196777344 245.48089599609375 0.0016213225899264216
-225.1897430419922 245.47991943359375 0.0015878677368164062
-224.94705200195312 245.47894287109375 0.0016035460866987705
-224.70860290527344 245.4779815673828 0.0016373443650081754
-224.4746856689453 245.4770965576172 0.0016741943545639515
-224.24539184570312 245.47622680664062 0.0017074584029614925
-224.02072143554688 245.475341796875 0.0017345809610560536
-223.8007049560547 245.47447204589844 0.0017554473597556353
-223.58518981933594 245.4735870361328 0.001771202078089118
-223.37417602539062 245.47279357910156 0.0017822646768763661
-223.16751098632812 245.4720001220703 0.001789741450920701
-222.9652099609375 245.47122192382812 0.0017947768792510033
-222.76712036132812 245.47044372558594 0.001797485281713307
-222.57321166992188 245.46966552734375 0.0017988967010751367
-222.3832550048828 245.46888732910156 0.0017983627039939165
-222.19715881347656 245.4681854248047 0.0017972564091905951
-222.0146026611328 245.46749877929688 0.0017942046979442239
-221.83541870117188 245.46681213378906 0.0017904280684888363
-221.65933227539062 245.46612548828125 0.0017857360653579235
-221.4861602783203 245.46543884277344 0.0017809676937758923
-221.3155975341797 245.4647674560547 0.0017752456478774548
-221.14755249023438 245.46408081054688 0.0017698669107630849
-220.981689453125 245.46339416503906 0.0017636107513681054
-220.8178253173828 245.46270751953125 0.0017577362013980746
-220.6557159423828 245.46206665039062 0.0017512129852548242
-220.4951934814453 245.4614715576172 0.0017450331943109632
-220.33599853515625 245.4608917236328 0.0017384338425472379
-220.17796325683594 245.46031188964844 0.001732253935188055
-220.0207977294922 245.459716796875 0.0017256163991987705
-219.86441040039062 245.45913696289062 0.0017195892287418246
-219.70846557617188 245.4585418701172 0.0017129897605627775
-219.55287170410156 245.4579620361328 0.0017069625901058316
-219.3973388671875 245.45738220214844 0.0017007446149364114
-219.24172973632812 245.456787109375 0.0016948699485510588
-219.08580017089844 245.45620727539062 0.0016886139055714011
-218.92941284179688 245.4556121826172 0.001683044363744557
-218.7722625732422 245.4550323486328 0.001676864572800696
-218.61427307128906 245.45445251464844 0.001671218778938055
-218.45518493652344 245.453857421875 0.0016650771722197533
-218.2948455810547 245.45327758789062 0.0016594695625826716
-218.1329803466797 245.45266723632812 0.0016532515874132514
-217.96951293945312 245.4519805908203 0.0016477584140375257
-217.8041534423828 245.45130920410156 0.0016416548751294613
-217.63685607910156 245.45062255859375 0.001636238070204854
-217.46725463867188 245.44993591308594 0.0016304397722706199
-217.29534912109375 245.44924926757812 0.0016250991029664874
-217.12083435058594 245.4485626220703 0.0016193389892578125
-216.94357299804688 245.44789123535156 0.0016142273088917136
-216.76336669921875 245.44720458984375 0.0016085815150290728
-216.58010864257812 245.44651794433594 0.0016033172141760588
-216.39349365234375 245.44580078125 0.001597824040800333
-216.20347595214844 245.44500732421875 0.0015927123604342341
-216.00978088378906 245.44422912597656 0.0015872573712840676
-215.81228637695312 245.44345092773438 0.001581916818395257
-215.61083984375 245.4426727294922 0.0015764236450195312
-215.40528869628906 245.44189453125 0.0015715408371761441
-215.19544982910156 245.44110107421875 0.0015666198451071978
-214.981201171875 245.4402313232422 0.0015618132892996073
-214.7623748779297 245.43934631347656 0.0015570831019431353
-214.538818359375 245.4384765625 0.0015524291666224599
-214.31040954589844 245.43759155273438 0.0015480422880500555
-214.0770721435547 245.43670654296875 0.0015437316615134478
-213.83860778808594 245.43576049804688 0.0015395736554637551
-213.5948944091797 245.43478393554688 0.001535339280962944
-213.34580993652344 245.43380737304688 0.0016016769222915173
-213.0911865234375 245.43283081054688 0.0017958068056032062
-212.83485412597656 245.43185424804688 0.0018734741024672985
-212.580810546875 245.43087768554688 0.001906814519315958
-212.3275604248047 245.42990112304688 0.0019097517943009734
-212.07321166992188 245.42892456054688 0.0018917846027761698
-211.8169708251953 245.42794799804688 0.0018671416910365224
-211.55722045898438 245.42697143554688 0.0018367767333984375
-211.2936248779297 245.42591857910156 0.001808929373510182
-211.02490234375 245.42483520507812 0.0017800902714952826
-210.75086975097656 245.42376708984375 0.0017560195410624146
-210.4705810546875 245.4226837158203 0.0017320250626653433
-210.18405151367188 245.42156982421875 0.0017126464517787099
-209.89036560058594 245.42041015625 0.001693305908702314
-209.5897216796875 245.4192352294922 0.0016781615559011698
-209.28128051757812 245.4180450439453 0.0016625976422801614
-208.96519470214844 245.41677856445312 0.001650314312428236
-208.64073181152344 245.41549682617188 0.0016373824328184128
-208.30810546875 245.4142303466797 0.001627159072086215
-207.96658325195312 245.41287231445312 0.001615982037037611
-207.61631774902344 245.4114990234375 0.001607170095667243
-207.2566680908203 245.4101104736328 0.001597175607457757
-206.8877716064453 245.4086456298828 0.0015889358473941684
-206.5089569091797 245.4071807861328 0.001579933101311326
-206.12034606933594 245.4056396484375 0.001572303706780076
-205.72134399414062 245.40408325195312 0.0015635681338608265
-205.31231689453125 245.40248107910156 0.001558761578053236
-204.89585876464844 245.40081787109375 0.0015724563272669911
-204.4772491455078 245.39915466308594 0.0016153716715052724
-204.05958557128906 245.39749145507812 0.0016729736234992743
-203.64552307128906 245.3958282470703 0.0017367553664371371
-203.23622131347656 245.39425659179688 0.0017960738623514771
-202.8332061767578 245.39268493652344 0.0018511962844058871
-202.43663024902344 245.39112854003906 0.001896552974358201
-202.04747009277344 245.3895721435547 0.0019367217319086194
-201.66554260253906 245.3881072998047 0.0019668578170239925
-201.2914276123047 245.3866424560547 0.0019931411370635033
-200.92474365234375 245.3851776123047 0.0020112227648496628
-200.56600952148438 245.38375854492188 0.0020272063557058573
-200.21470642089844 245.3824005126953 0.0020367049146443605
-199.8712921142578 245.3810272216797 0.002046241657808423
-199.53512573242188 245.37969970703125 0.002049789298325777
-199.20664978027344 245.37843322753906 0.0020544433500617743
-198.88514709472656 245.37716674804688 0.002053871052339673
-198.57093811035156 245.37591552734375 0.0020549774635583162
-198.26327514648438 245.37474060058594 0.002051238901913166
-197.96249389648438 245.37356567382812 0.0020498656667768955
-197.66786193847656 245.3723907470703 0.002044524997472763
-197.379638671875 245.37124633789062 0.0020417403429746628
-197.09706115722656 245.3701629638672 0.002034683246165514
-196.82046508789062 245.3690948486328 0.0020307539962232113
-196.54904174804688 245.36802673339844 0.0020231627859175205
-196.2831573486328 245.366943359375 0.0020189667120575905
-196.02203369140625 245.36595153808594 0.0020112227648496628
-195.76597595214844 245.36497497558594 0.00200653076171875
-195.51422119140625 245.36399841308594 0.0019984818063676357
-195.26422119140625 245.36302185058594 0.00188865652307868
-195.01443481445312 245.36204528808594 0.0018618773901835084
-194.76467895507812 245.36106872558594 0.0016736220568418503
-194.51470947265625 245.36009216308594 0.0016874312423169613
-194.26513671875 245.35911560058594 0.001614799490198493
-194.0162811279297 245.35813903808594 0.00159873953089118
-193.76821899414062 245.35716247558594 0.001607170095667243
-193.5208282470703 245.35618591308594 0.0016233825590461493
-193.27406311035156 245.35520935058594 0.0016395950224250555
-193.0276641845703 245.35423278808594 0.0016528700944036245
-192.781494140625 245.35325622558594 0.0016621017130091786
-192.53530883789062 245.35227966308594 0.0016679000109434128
-192.2889404296875 245.35130310058594 0.0016707229660823941
-192.04226684570312 245.3504180908203 0.0017543029971420765
-191.79498291015625 245.34950256347656 0.0016710280906409025
-191.54693603515625 245.3485565185547 0.001639900146983564
-191.29786682128906 245.3475799560547 0.0016303634038195014
-191.0476531982422 245.3466033935547 0.0017573547083884478
-190.7960662841797 245.34559631347656 0.0019170378800481558
-190.54530334472656 245.34451293945312 0.0019069671398028731
-190.29481506347656 245.343505859375 0.0019480513874441385
-190.04367065429688 245.34259033203125 0.0018512725364416838
-189.79124450683594 245.34176635742188 0.0018907164921984076
-189.5406036376953 245.3408660888672 0.0018529510125517845
-189.28749084472656 245.33999633789062 0.0018743895925581455
-189.03585815429688 245.3391876220703 0.0018293762113898993
-188.7802276611328 245.3383331298828 0.0018441008869558573
-188.52699279785156 245.33755493164062 0.0018640517955645919
-188.27464294433594 245.33677673339844 0.0018705367110669613
-188.02281188964844 245.3359832763672 0.0018699264619499445
-187.77029418945312 245.335205078125 0.0018606566591188312
-187.5169219970703 245.3344268798828 0.0018504714826121926
-187.2616729736328 245.33360290527344 0.0018361663678660989
-187.00450134277344 245.33273315429688 0.0018237304175272584
-186.7444610595703 245.33184814453125 0.0018086242489516735
-186.481689453125 245.3309783935547 0.0017963791033253074
-186.21530151367188 245.33009338378906 0.001782646169885993
-185.94546508789062 245.32920837402344 0.00177196494769305
-185.67138671875 245.32833862304688 0.0017594527453184128
-185.39320373535156 245.32745361328125 0.0017496490618214011
-185.11021423339844 245.3265838623047 0.0017382430378347635
-184.8225555419922 245.32562255859375 0.0017296599689871073
-184.5295867919922 245.32464599609375 0.0017193603562191129
-184.2313995361328 245.32366943359375 0.0017116545932367444
-183.92733764648438 245.32269287109375 0.0017020415980368853
-183.6175994873047 245.32171630859375 0.001694488455541432
-183.3014678955078 245.3206787109375 0.0016853713896125555
-182.97915649414062 245.31961059570312 0.0016782759921625257
-182.64993286132812 245.3185272216797 0.0016694640507921576
-182.3140411376953 245.3174591064453 0.0016625976422801614
-181.97073364257812 245.3163604736328 0.0016539001371711493
-181.62022399902344 245.315185546875 0.0016471099806949496
-181.26182556152344 245.3140106201172 0.0016385269118472934
-180.89572143554688 245.31285095214844 0.0016318130074068904
-180.52130126953125 245.31163024902344 0.0016233825590461493
-180.1385955810547 245.31036376953125 0.0016165542183443904
-179.7470703125 245.30909729003906 0.0016082762740552425
-179.34677124023438 245.30783081054688 0.0016012954292818904
-178.93711853027344 245.30645751953125 0.0015928649809211493
-178.51817321777344 245.3050994873047 0.0015858077676966786
-178.08938598632812 245.30372619628906 0.0015776442596688867
-177.65077209472656 245.30227661132812 0.001570472726598382
-177.20176696777344 245.30081176757812 0.001562042161822319
-176.7423858642578 245.29934692382812 0.0015547180082648993
-176.27203369140625 245.29779052734375 0.001545867882668972
-175.7907257080078 245.2962188720703 0.0015382766723632812
-175.29782104492188 245.29461669921875 0.0015290832379832864
-174.79331970214844 245.29296875 0.001520614605396986
-174.27647399902344 245.2913055419922 0.001509933383204043
-173.74696350097656 245.28956604003906 0.0014985656598582864
-173.2041015625 245.28781127929688 0.0014860534574836493
-172.64816284179688 245.28599548339844 0.001476936275139451
-172.0791778564453 245.2841339111328 0.0014702987391501665
-171.49728393554688 245.28224182128906 0.0014664458576589823
-170.90248107910156 245.28028869628906 0.0014636992709711194
-170.2947235107422 245.27833557128906 0.0014611434889957309
-169.67391967773438 245.2762908935547 0.0014586257748305798
-169.0399169921875 245.27423095703125 0.001455612131394446
-168.39251708984375 245.27210998535156 0.0014521789271384478
-167.73147583007812 245.26995849609375 0.0014479064848273993
-167.05657958984375 245.2677459716797 0.0014429092407226562
-166.36761474609375 245.2655029296875 0.0014373778831213713
-165.6642608642578 245.26319885253906 0.0014314651489257812
-164.94625854492188 245.26084899902344 0.0014245223719626665
-164.21340942382812 245.2584686279297 0.0014177703997120261
-163.46536254882812 245.2560272216797 0.0014102935092523694
-162.7019500732422 245.25352478027344 0.0014033126644790173
-161.9230499267578 245.25099182128906 0.0013967131962999701
-161.12855529785156 245.2483673095703 0.0013909911504015326
-160.31845092773438 245.24574279785156 0.0013864516513422132
-159.49270629882812 245.24302673339844 0.0013826369540765882
-158.6512908935547 245.2402801513672 0.0013795470586046576
-157.79421997070312 245.23745727539062 0.0013773345854133368
-156.92152404785156 245.23460388183594 0.001375656109303236
-156.03350830078125 245.23167419433594 0.0013770293444395065
-155.13352966308594 245.22874450683594 0.0014001845847815275
-154.22906494140625 245.22581481933594 0.0014664077898487449
-153.3274688720703 245.22288513183594 0.0015678023919463158
-152.43359375 245.21995544433594 0.001683044363744557
-151.55050659179688 245.21702575683594 0.0017960738623514771
-150.68023681640625 245.2141876220703 0.0018977737054228783
-149.82395935058594 245.21136474609375 0.0019847869407385588
-148.98245239257812 245.20860290527344 0.0020566177554428577
-148.15611267089844 245.20587158203125 0.0021144102793186903
-147.34519958496094 245.20323181152344 0.002159461844712496
-146.54971313476562 245.2006072998047 0.002193717984482646
-145.76959228515625 245.19805908203125 0.002218704205006361
-145.00473022460938 245.19554138183594 0.0022368240170180798
-144.25491333007812 245.19309997558594 0.0022492981515824795
-143.5199737548828 245.190673828125 0.002256965497508645
-142.79962158203125 245.18833923339844 0.0022611236199736595
-142.0936737060547 245.18600463867188 0.0022625350393354893
-141.40185546875 245.1837615966797 0.0022616195492446423
-140.7239227294922 245.1815185546875 0.002258834894746542
-140.05960083007812 245.1793670654297 0.0022556304465979338
-139.40867614746094 245.17721557617188 0.0022509002592414618
-138.77085876464844 245.17515563964844 0.002245407085865736
-138.1459197998047 245.173095703125 0.00223930343054235
-137.5336456298828 245.17108154296875 0.002233314560726285
-136.93373107910156 245.16912841796875 0.0022270202171057463
-136.34596252441406 245.16717529296875 0.0022209167946130037
-135.77012634277344 245.1653289794922 0.0022144317626953125
-135.20599365234375 245.16346740722656 0.0022074508015066385
-134.6533203125 245.16165161132812 0.002201080322265625
-134.11184692382812 245.15994262695312 0.002194099361076951
-133.58116149902344 245.15809631347656 0.002186355646699667
-133.06085205078125 245.15652465820312 0.002177543705329299
-132.55064392089844 245.1547393798828 0.0021688842680305243
-132.0504913330078 245.15321350097656 0.002161483746021986
-131.56028747558594 245.1515350341797 0.002155418274924159
-131.07989501953125 245.15008544921875 0.0021499632857739925
-130.60923767089844 245.14840698242188 0.0021445846650749445
-130.14813232421875 245.14707946777344 0.0021397399250417948
-129.6964569091797 245.1454620361328 0.002135429298505187
-129.25405883789062 245.14414978027344 0.0021310425363481045
-128.8211212158203 245.1464385986328 0.002142677316442132
-128.39797973632812 245.15676879882812 0.0021945571061223745
-127.98387145996094 245.16778564453125 0.0022243880666792393
-127.57840728759766 245.1772918701172 0.0022006987128406763
-127.18147277832031 245.1859893798828 0.002165908692404628
-126.7929916381836 245.19491577148438 0.0021384810097515583
-126.412841796875 245.20343017578125 0.002120399381965399
-126.04088592529297 245.21221923828125 0.0021085357293486595
-125.67698669433594 245.2205352783203 0.0021062849555164576
-125.32105255126953 245.22911071777344 0.0021041107829660177
-124.9729232788086 245.2371368408203 0.0020865630358457565
-124.63253021240234 245.2454071044922 0.0020800780039280653
-124.29966735839844 245.2530975341797 0.0020756530575454235
-123.97419738769531 245.260986328125 0.0020716858562082052
-123.65592193603516 245.2683563232422 0.0020677184220403433
-123.34463500976562 245.2759246826172 0.0020634077955037355
-123.04011535644531 245.282958984375 0.0020585632883012295
-122.74212646484375 245.29022216796875 0.0020531462505459785
-122.45040893554688 245.2969512939453 0.002047424204647541
-122.1647720336914 245.30392456054688 0.002041778527200222
-121.88494110107422 245.3103790283203 0.0020351028069853783
-121.61070251464844 245.31707763671875 0.0020288084633648396
-121.34181213378906 245.3232421875 0.002022323664277792
-121.07805633544922 245.32969665527344 0.002015952952206135
-120.81920623779297 245.3356170654297 0.002009429968893528
-120.56504821777344 245.34188842773438 0.002002830384299159
-120.31436157226562 245.3476104736328 0.0019372939132153988
-120.06390380859375 245.35366821289062 0.001901817275211215
-119.81405639648438 245.35948181152344 0.001791725168004632
-119.56463623046875 245.36569213867188 0.001719894353300333
-119.31553649902344 245.37179565429688 0.001622276264242828
-119.06718444824219 245.3778533935547 0.0015955351991578937
-118.81971740722656 245.38389587402344 0.0016006468795239925
-118.57310485839844 245.38995361328125 0.0016169738955795765
-118.32722473144531 245.39601135253906 0.0016350937075912952
-118.0819320678711 245.40199279785156 0.0016505431849509478
-117.83702850341797 245.40794372558594 0.0016618728404864669
-117.59232330322266 245.4138946533203 0.0016691589262336493
-117.34762573242188 245.41986083984375 0.0016729736234992743
-117.10336303710938 245.4219512939453 0.0016917800530791283
-116.8613052368164 245.4228973388672 0.0017255401471629739
-116.62255859375 245.42620849609375 0.0017358016921207309
-116.3878173828125 245.43003845214844 0.0017419052310287952
-116.15744018554688 245.4339599609375 0.0017540359403938055
-115.93155670166016 245.4378662109375 0.001767387380823493
-115.71023559570312 245.44171142578125 0.001778564415872097
-115.49342346191406 245.44549560546875 0.0017867659917101264
-115.28107452392578 245.44918823242188 0.0017928695306181908
-115.0731201171875 245.45281982421875 0.0017969512846320868
-114.86952209472656 245.45635986328125 0.0017995452508330345
-114.67019653320312 245.45985412597656 0.0018010711064562201
-114.47504425048828 245.4632568359375 0.0018013763474300504
-114.28396606445312 245.4665985107422 0.0018007277976721525
-114.0968246459961 245.46983337402344 0.0017995070666074753
-113.9135513305664 245.4730682373047 0.0017979812109842896
-113.73404693603516 245.4761505126953 0.0017959976103156805
-113.55821228027344 245.479248046875 0.0017935943324118853
-113.385986328125 245.4822235107422 0.0017914961790665984
-113.21726989746094 245.4851837158203 0.0017893218901008368
-113.05240631103516 245.48802185058594 0.0017890548333525658
-112.89126586914062 245.4908905029297 0.0017887497087940574
-112.73361206054688 245.49359130859375 0.0017868804279714823
-112.57914733886719 245.49632263183594 0.001783828716725111
-112.42767333984375 245.49891662597656 0.0017802047077566385
-112.2789535522461 245.50155639648438 0.0017755507724359632
-112.13274383544922 245.50405883789062 0.0017705535283312201
-111.98884582519531 245.5066375732422 0.0017650603549554944
-111.84701538085938 245.509033203125 0.001759223872795701
-111.70706176757812 245.5115203857422 0.0017533493228256702
-111.5687484741211 245.513916015625 0.0017470931634306908
-111.43186950683594 245.51632690429688 0.0017406463157385588
-111.29638671875 245.51612854003906 0.0017445754492655396
-111.16226959228516 245.51234436035156 0.0017644499894231558
-111.02836608886719 245.5106201171875 0.0017592620570212603
-110.89505004882812 245.51124572753906 0.0017346953973174095
-110.76325225830078 245.51220703125 0.0017273330595344305
-110.63351440429688 245.51332092285156 0.0017293166602030396
-110.50607299804688 245.51434326171875 0.0017327117966488004
-110.38101959228516 245.51544189453125 0.0017367553664371371
-110.25847625732422 245.5164794921875 0.0017398452619090676
-110.13836669921875 245.5175018310547 0.0017424392281100154
-110.02069091796875 245.5184326171875 0.0017442703247070312
-109.90543365478516 245.5194549560547 0.0017455673078075051
-109.79254913330078 245.5203857421875 0.0017461013048887253
-109.68197631835938 245.5213623046875 0.001746444613672793
-109.57369232177734 245.52220153808594 0.0017460632370784879
-109.4689712524414 245.52313232421875 0.0017529296455904841
-109.36786651611328 245.52394104003906 0.0017597198020666838
-109.26986694335938 245.52479553222656 0.0017626190092414618
-109.1745376586914 245.52552795410156 0.0017626190092414618
-109.08161163330078 245.5263671875 0.001759757986292243
-108.99076080322266 245.52708435058594 0.0017555617960169911
-108.9017333984375 245.52792358398438 0.001750259310938418
-108.81431579589844 245.5286102294922 0.0017445754492655396
-108.728271484375 245.5293426513672 0.0017384338425472379
-108.64338684082031 245.52996826171875 0.0017324065556749701
-108.5594482421875 245.5307159423828 0.0017262267647311091
-108.47626495361328 245.53134155273438 0.0017202758463099599
-108.39363098144531 245.53208923339844 0.0017140578711405396
-108.31135559082031 245.53271484375 0.0017078780801966786
-108.22920989990234 245.533447265625 0.001701736357063055
-108.14702606201172 245.53407287597656 0.0016961288638412952
-108.06462860107422 245.53482055664062 0.0016902541974559426
-107.9818115234375 245.5354461669922 0.001684493967331946
-107.89839935302734 245.5361785888672 0.0016787337372079492
-107.81421661376953 245.53680419921875 0.0016733931843191385
-107.72909545898438 245.5375518798828 0.001667785574682057
-107.64286041259766 245.53817749023438 0.001662521273829043
-107.55531311035156 245.5389862060547 0.0016569900326430798
-107.46627807617188 245.53970336914062 0.0016518401680514216
-107.37557983398438 245.54054260253906 0.0016461943741887808
-107.28301239013672 245.54129028320312 0.0016406631330028176
-107.18841552734375 245.54209899902344 0.0016348266508430243
-107.091552734375 245.5428466796875 0.0016293716616928577
-106.99225616455078 245.54373168945312 0.0016239547403529286
-106.89034271240234 245.54457092285156 0.0016182326944544911
-106.78564453125 245.5454864501953 0.001612930209375918
-106.67796325683594 245.54632568359375 0.0016075134044513106
-106.567138671875 245.54730224609375 0.0016021728515625
-106.45297241210938 245.54823303222656 0.001596755930222571
-106.33528137207031 245.54925537109375 0.0015913009410724044
-106.21391296386719 245.5502166748047 0.0015858077676966786
-106.08870697021484 245.5513153076172 0.0015806579031050205
-105.9594497680664 245.55235290527344 0.001575469970703125
-105.82600402832031 245.5535125732422 0.0015702438540756702
-105.68820190429688 245.5546417236328 0.0015650939894840121
-105.54586029052734 245.55584716796875 0.001559944124892354
-105.39883422851562 245.55706787109375 0.0015547180082648993
-105.24696350097656 245.55838012695312 0.0015492630191147327
-105.09005737304688 245.5596466064453 0.0015443420270457864
-104.92796325683594 245.56105041503906 0.0015393447829410434
-104.76053619384766 245.56239318847656 0.0015346144791692495
-104.58759307861328 245.56390380859375 0.0015299605438485742
-104.40898895263672 245.5653533935547 0.001525077736005187
-104.22454071044922 245.5669403076172 0.0015200424240902066
-104.03408813476562 245.56851196289062 0.0015153121203184128
-103.83750915527344 245.57017517089844 0.0015105819329619408
-103.63465881347656 245.57186889648438 0.0015060424339026213
-103.42543029785156 245.57362365722656 0.0015016937395557761
-103.20972442626953 245.575439453125 0.001497573801316321
-102.98749542236328 245.57730102539062 0.0014939879765734076
-102.75862884521484 245.57923889160156 0.0014907073928043246
-102.52305603027344 245.58119201660156 0.0014875411288812757
-102.28063201904297 245.58323669433594 0.0014843367971479893
-102.03125 245.5853271484375 0.001551780616864562
-101.7747573852539 245.5874786376953 0.0017467880388721824
-101.5159912109375 245.58963012695312 0.0018309402512386441
-101.25846099853516 245.59176635742188 0.0018676756881177425
-101.00043487548828 245.5939178466797 0.0018704222748056054
-100.7397232055664 245.59608459472656 0.001851043663918972
-100.47535705566406 245.59832763671875 0.001823921105824411
-100.20586395263672 245.6005859375 0.0017928695306181908
-99.93321228027344 245.6028289794922 0.0017791747814044356
-99.6598892211914 245.60511779785156 0.0017850494477897882
-99.38836669921875 245.60736083984375 0.0018065260956063867
-99.11946105957031 245.60960388183594 0.0018320464296266437
-98.85459899902344 245.61184692382812 0.0018616867018863559
-98.59385681152344 245.614013671875 0.0018865203019231558
-98.33824157714844 245.6161651611328 0.0019117736956104636
-98.08727264404297 245.61827087402344 0.0018661117646843195
-97.83811950683594 245.62033081054688 0.001706085167825222
-97.59098052978516 245.62237548828125 0.001618461566977203
-97.3473129272461 245.6244354248047 0.0016079711494967341
-97.10778045654297 245.62643432617188 0.0016310500213876367
-96.87267303466797 245.62838745117188 0.0016653442289680243
-96.64205932617188 245.63034057617188 0.0016986083937808871
-96.41584014892578 245.63221740722656 0.0017266845097765326
-96.1938247680664 245.6340789794922 0.001747512724250555
-95.97581481933594 245.63592529296875 0.0017620848957449198
-95.76154327392578 245.63771057128906 0.0017706298967823386
-95.55076599121094 245.63946533203125 0.0017753600841388106
-95.34323120117188 245.64122009277344 0.0017765044467523694
-95.13871765136719 245.64295959472656 0.0017770385602489114
-94.93695831298828 245.64462280273438 0.0017736434238031507
-94.73777770996094 245.6462860107422 0.0017693709814921021
-94.5408706665039 245.64794921875 0.0017642974853515625
-94.3460693359375 245.64959716796875 0.0017585372552275658
-94.15309143066406 245.65126037597656 0.0017526625888422132
-93.9617691040039 245.65283203125 0.0017465590499341488
-93.77180480957031 245.65438842773438 0.0017398452619090676
-93.58304595947266 245.65594482421875 0.0017334746662527323
-93.39522552490234 245.6575164794922 0.0017271422548219562
-93.20816802978516 245.65907287597656 0.0017208862118422985
-93.02163696289062 245.66064453125 0.0017141723074018955
-92.83548736572266 245.66220092773438 0.0017079925164580345
-92.64939880371094 245.66375732421875 0.0017015838529914618
-92.4632797241211 245.6653289794922 0.0016957473708316684
-92.27684020996094 245.66688537597656 0.001689376775175333
-92.08995819091797 245.66845703125 0.0016834258567541838
-91.90235137939453 245.67001342773438 0.0016770934453234076
-91.71390533447266 245.67156982421875 0.0016712569631636143
-91.52434539794922 245.6731414794922 0.0016651153564453125
-91.33356475830078 245.67469787597656 0.0016592406900599599
-91.14127349853516 245.6763153076172 0.0016531371511518955
-90.9473648071289 245.677978515625 0.0016474532894790173
-90.7515869140625 245.6796417236328 0.0016415404388681054
-90.55382537841797 245.68130493164062 0.0016361236339434981
-90.35381317138672 245.68296813964844 0.0016304397722706199
-90.15143585205078 245.6846160888672 0.0016249084146693349
-89.94647216796875 245.68638610839844 0.0016191481845453382
-89.73880004882812 245.68814086914062 0.0016137313796207309
-89.52888488769531 245.68626403808594 0.00162506103515625
-89.31936645507812 245.6787567138672 0.0016737364931032062
-89.11164855957031 245.6733856201172 0.0017071914626285434
-88.9068603515625 245.67117309570312 0.0017093276837840676
-88.7055435180664 245.66973876953125 0.0017158507835119963
-88.5080337524414 245.6685333251953 0.0017318343743681908
-88.31436157226562 245.6674346923828 0.0017467880388721824
-88.12459564208984 245.66636657714844 0.0017589187482371926
-87.93864440917969 245.665283203125 0.0017671585083007812
-87.75650024414062 245.66429138183594 0.0017732238629832864
-87.57804870605469 245.66331481933594 0.0017766952514648438
-87.40325927734375 245.66233825683594 0.0017793654697015882
-87.2322998046875 245.6582489013672 0.0017907333094626665
-87.06539916992188 245.649658203125 0.0018231964204460382
-86.90202331542969 245.63934326171875 0.0018454360542818904
-86.74211120605469 245.62802124023438 0.0018526839558035135
-86.58550262451172 245.61590576171875 0.0018489836947992444
-86.43294525146484 245.6004180908203 0.001854705740697682
-86.28463745117188 245.58042907714844 0.001875381451100111
-86.13985443115234 245.5585174560547 0.0018859863048419356
-85.9982681274414 245.53530883789062 0.0018823622958734632
-85.85987854003906 245.51109313964844 0.0018720244988799095
-85.72630310058594 245.48391723632812 0.0018749999580904841
-85.59796905517578 245.4530792236328 0.0018919754074886441
-85.47344207763672 245.42042541503906 0.0018977737054228783
-85.35222625732422 245.38665771484375 0.0018911742372438312
-85.23116302490234 245.35614013671875 0.0018486403860151768
-85.10984802246094 245.3350372314453 0.0018055724212899804
-84.99009704589844 245.31675720214844 0.0018103027250617743
-84.87248992919922 245.29925537109375 0.001813163748010993
-84.75706481933594 245.28216552734375 0.0018065260956063867
-84.64398193359375 245.26544189453125 0.0017958068056032062
-84.53313446044922 245.24905395507812 0.00178356165997684
-84.42459869384766 245.23301696777344 0.0017733382992446423
-84.31822967529297 245.21730041503906 0.0017641066806390882
-84.21546936035156 245.2021026611328 0.0017652129754424095
-84.11619567871094 245.1874542236328 0.0017670440720394254
-84.02003479003906 245.17323303222656 0.0017675018170848489
-83.9264907836914 245.159423828125 0.0017647934146225452
-83.83524322509766 245.14781188964844 0.0017687606159597635
-83.74589538574219 245.13890075683594 0.0017818831838667393
-83.65837860107422 245.1309051513672 0.0017876814818009734
-83.57234191894531 245.12355041503906 0.0017837905324995518
-83.4876708984375 245.1165313720703 0.001774330041371286
-83.40214538574219 245.1117706298828 0.001760940533131361
-83.31641387939453 245.1095428466797 0.0017613982781767845
-83.23118591308594 245.1041717529297 0.0017450713785365224
-83.14743041992188 245.09486389160156 0.001728706294670701
-83.06498718261719 245.08523559570312 0.001731452881358564
-82.98409271240234 245.07569885253906 0.0017342758364975452
-82.90469360351562 245.0663604736328 0.0017337799072265625
-82.826904296875 245.0571746826172 0.0017324829241260886
-82.75064086914062 245.0481719970703 0.0017300796462222934
-82.67597198486328 245.0393829345703 0.0017282867338508368
-82.60279083251953 245.03073120117188 0.0017261505126953125
-82.53115844726562 245.0222930908203 0.0017249297816306353
-82.46094512939453 245.01402282714844 0.0017235183622688055
-82.39217376708984 245.00778198242188 0.0017267226940020919
-82.32475280761719 245.00343322753906 0.0017392730806022882
-82.26056671142578 244.9995880126953 0.0017553329234942794
-82.19943237304688 244.99610900878906 0.0017639922443777323
-82.14083862304688 244.99288940429688 0.0017646788619458675
-82.08428192138672 244.98995971679688 0.0017602157313376665
-82.02954864501953 244.9883270263672 0.00175895681604743
-81.9764175415039 244.9883575439453 0.001763153006322682
-81.92439270019531 244.98878479003906 0.0017610931536182761
-81.87322998046875 244.9895477294922 0.0017535018268972635
-81.82266235351562 244.99041748046875 0.0017429351573809981
-81.77274322509766 244.99261474609375 0.0017373275477439165
-81.72332763671875 244.99610900878906 0.0017373275477439165
-81.67398071289062 245.00027465820312 0.0017337417230010033
-81.6243667602539 245.00469970703125 0.0017250442178919911
-81.5743408203125 245.009521484375 0.00171489710919559
-81.52404022216797 245.0155792236328 0.0017102813581004739
-81.47351837158203 245.02337646484375 0.0017123413272202015
-81.42037963867188 245.0292510986328 0.0016917038010433316
-81.3644790649414 245.02938842773438 0.0016751480288803577
-81.3080062866211 245.02749633789062 0.00169029226526618
-81.25160217285156 245.02548217773438 0.001701736357063055
-81.19583892822266 245.02345275878906 0.001707000657916069
-81.1408462524414 245.0214385986328 0.0017078780801966786
-81.08686828613281 245.0194854736328 0.0017076492076739669
-81.03385925292969 245.01754760742188 0.0017065810970962048
-80.98192596435547 245.0156707763672 0.001706199604086578
-80.93097686767578 245.01382446289062 0.0017053603660315275
-80.88109588623047 245.01199340820312 0.0017053603660315275
-80.83216857910156 245.01025390625 0.001704902620986104
-80.7842788696289 245.00848388671875 0.0017052077455446124
-80.73905944824219 245.0068359375 0.0017142104916274548
-80.69649505615234 245.0052947998047 0.0017232131212949753
-80.6559829711914 245.00384521484375 0.0017277145525440574
-80.61723327636719 245.00241088867188 0.0017288970993831754
-80.57978057861328 245.00106811523438 0.0017267989460378885
-80.5435562133789 244.99978637695312 0.001723556430079043
-80.50880432128906 244.9984893798828 0.0017232894897460938
-80.47416687011719 244.99729919433594 0.0017143249278888106
-80.44090270996094 244.99623107910156 0.001712379395030439
-80.40734100341797 244.9949493408203 0.0017038345104083419
-80.37460327148438 244.9938201904297 0.0017026519635692239
-80.34080505371094 244.99264526367188 0.0016919326735660434
-80.30744171142578 244.99229431152344 0.0016924666706472635
-80.27272033691406 244.99285888671875 0.0016890716506168246
-80.23800659179688 244.9936065673828 0.0016907119425013661
-80.20156860351562 244.9944305419922 0.0016812896355986595
-80.16473388671875 244.99533081054688 0.0016777419950813055
-80.12590789794922 244.99716186523438 0.0016698837280273438
-80.0863037109375 245.00003051757812 0.0016727828187868
-80.04298400878906 245.00099182128906 0.0016535186441615224
-79.99710845947266 244.99989318847656 0.001642417861148715
-79.94996643066406 244.9987030029297 0.0016440963372588158
-79.90279388427734 244.9974822998047 0.0016519164200872183
-79.8558349609375 244.99627685546875 0.0016595458146184683
-79.80961608886719 244.99508666992188 0.0016685103764757514
-79.76402282714844 244.9939422607422 0.0016751860966905951
-79.71939849853516 244.9927520751953 0.0016819381853565574
-79.6755142211914 244.99163818359375 0.0016864395001903176
-79.63262176513672 244.99053955078125 0.0016910170670598745
-79.59048461914062 244.98947143554688 0.0016933440929278731
-79.5493392944336 244.98837280273438 0.0016961288638412952
-79.50897979736328 244.9886016845703 0.001700820866972208
-79.46964263916016 244.98971557617188 0.001711082411929965
-79.43099212646484 244.99095153808594 0.0017147064208984375
-79.39479064941406 244.9920654296875 0.0017231750534847379
-79.36000061035156 244.99330139160156 0.0017227553762495518
-79.32721710205078 244.99435424804688 0.0017251968383789062
-79.29541015625 244.9962615966797 0.0017247771611437201
-79.26539611816406 244.998779296875 0.0017311095725744963
-79.2359619140625 245.00157165527344 0.0017290115356445312
-79.20768737792969 245.00286865234375 0.0017226791242137551
-79.1798324584961 245.0030059814453 0.0017202758463099599
-79.15250396728516 245.0027618408203 0.0017183684976771474
-79.12606048583984 245.00253295898438 0.0017167662736028433
-79.09965515136719 245.00286865234375 0.0017073058988898993
-79.07337951660156 245.00404357910156 0.001696090679615736
-79.04702758789062 245.00523376464844 0.0016932296566665173
-79.01970672607422 245.0066375732422 0.0016836547292768955
-78.99153900146484 245.00796508789062 0.001675567589700222
-78.96144104003906 245.00830078125 0.0016640472458675504
-78.9277572631836 245.00811767578125 0.0016509246779605746
-78.89281463623047 245.00794982910156 0.0016480636550113559
-78.85728454589844 245.00775146484375 0.001650047255679965
-78.82198333740234 245.007568359375 0.0016568374121561646
-78.7868881225586 245.00735473632812 0.0016629791352897882
-78.75245666503906 245.00718688964844 0.001670036232098937
-78.7184829711914 245.00697326660156 0.0016754913376644254
-78.68683624267578 245.00686645507812 0.001689643831923604
-78.65650939941406 245.00672912597656 0.0016963195521384478
-78.6282730102539 245.00665283203125 0.0017057800432667136
-78.6006851196289 245.00650024414062 0.0017062758561223745
-78.5746078491211 245.0064239501953 0.001708564697764814
-78.54901885986328 245.00631713867188 0.0017065047286450863
-78.52459716796875 245.0062713623047 0.0017059707315638661
-78.50072479248047 245.00613403320312 0.0017034148331731558
-78.47781372070312 245.00613403320312 0.0017039489466696978
-78.45510864257812 245.00596618652344 0.0017010497394949198
-78.43206787109375 245.00582885742188 0.0016940307104960084
-78.40902709960938 245.0056610107422 0.0016893005231395364
-78.38514709472656 245.00552368164062 0.0016813658876344562
-78.36112976074219 245.0054168701172 0.0016786193009465933
-78.3359146118164 245.00538635253906 0.0016707992181181908
-78.30996704101562 245.0052947998047 0.0016628646990284324
-78.28280639648438 245.0052947998047 0.0016103362431749701
-78.2542953491211 245.0051727294922 0.00159111013635993
-78.2244644165039 245.0050506591797 0.0015922164311632514
-78.19298553466797 245.00491333007812 0.0015909194480627775
-78.15870666503906 245.00474548339844 0.0015890502836555243
-78.12287139892578 245.00460815429688 0.0015969467349350452
-78.08423614501953 245.00440979003906 0.0015993118286132812
-78.04390716552734 245.0043182373047 0.001604270888492465
-78.00066375732422 245.00413513183594 0.0016027450328692794
-77.95426177978516 245.00393676757812 0.0015996169531717896
-77.90560150146484 245.00379943847656 0.0016020202310755849
-77.85419464111328 245.00369262695312 0.001600723247975111
-77.80012512207031 245.00344848632812 0.00160045619122684
-77.74354553222656 245.0032958984375 0.0016021728515625
-77.68389129638672 245.00311279296875 0.0015989303356036544
-77.62098693847656 245.00302124023438 0.0015953826950863004
-77.55414581298828 245.00282287597656 0.0015882110456004739
-77.48396301269531 245.00267028808594 0.0015842437278479338
-77.40966796875 245.00245666503906 0.001580200158059597
-77.33148193359375 245.00225830078125 0.0015771102625876665
-77.24833679199219 245.00192260742188 0.0015686798142269254
-77.16096496582031 245.0016326904297 0.0015638732584193349
-77.06857299804688 245.001220703125 0.0015565109206363559
-76.9715576171875 245.00079345703125 0.0015522765461355448
-76.86920166015625 245.00022888183594 0.0015454101376235485
-76.7618637084961 244.9996795654297 0.0015411757631227374
-76.64891052246094 244.9989471435547 0.0015347670996561646
-76.53063201904297 244.99819946289062 0.0015306853456422687
-76.40641784667969 244.99728393554688 0.0015180968912318349
-76.2764892578125 244.99671936035156 0.001439323415979743
-76.14038848876953 244.99581909179688 0.0013601684477180243
-75.99828338623047 244.99481201171875 0.0013475418090820312
-75.84974670410156 244.99366760253906 0.0013605880085378885
-75.69493103027344 244.9925079345703 0.0013838958693668246
-75.53350067138672 244.99122619628906 0.0014059448149055243
-75.36551666259766 244.98989868164062 0.0014253234257921576
-75.1906967163086 244.98846435546875 0.0014396667247638106
-75.00920104980469 244.98703002929688 0.0014509581960737705
-74.82073211669922 244.98544311523438 0.0014579009730368853
-74.62506866455078 244.9838409423828 0.001461029052734375
-74.42201232910156 244.982177734375 0.0014615249820053577
-74.21150207519531 244.98043823242188 0.0014608382480219007
-73.99346923828125 244.97866821289062 0.0014596176333725452
-73.76785278320312 244.976806640625 0.001457977225072682
-73.53457641601562 244.9748992919922 0.0014561462448909879
-73.29353332519531 244.972900390625 0.0014525604201480746
-73.04460144042969 244.97085571289062 0.0015212249709293246
-72.78764343261719 244.96876525878906 0.0016987608978524804
-72.52803802490234 244.9667510986328 0.0017865753034129739
-72.26909637451172 244.9646453857422 0.0018279266078025103
-72.00885772705078 244.96250915527344 0.0018347549485042691
-71.74497985839844 244.96034240722656 0.0018176650628447533
-71.47637176513672 244.95809936523438 0.001791305490769446
-71.20130157470703 244.95579528808594 0.0017584990710020065
-70.91920471191406 244.9534149169922 0.001729240408167243
-70.62882995605469 244.9509735107422 0.0016992950113490224
-70.32996368408203 244.94845581054688 0.0016725158784538507
-70.0216064453125 244.94589233398438 0.0016456985613331199
-69.70366668701172 244.94322204589844 0.0016233061905950308
-69.37509155273438 244.9405059814453 0.0015999602619558573
-69.0352783203125 244.937744140625 0.0015769576421007514
-68.68321990966797 244.93475341796875 0.0015556716825813055
-68.3203125 244.931640625 0.0015433883527293801
-67.94569396972656 244.9285430908203 0.001531639019958675
-67.56021881103516 244.9253692626953 0.0015276718186214566
-67.16675567626953 244.9220428466797 0.0015442275907844305
-66.77074432373047 244.91873168945312 0.0015911483205854893
-66.37529754638672 244.9154052734375 0.0016517257317900658
-65.98306274414062 244.91213989257812 0.0017178343841806054
-65.59517669677734 244.90892028808594 0.0017787551041692495
-65.21310424804688 244.9057159423828 0.0018354797502979636
-64.8371353149414 244.902587890625 0.0018817901145666838
-64.46818542480469 244.89952087402344 0.0019228362943977118
-64.10608673095703 244.89649963378906 0.0019536209292709827
-63.75148391723633 244.89356994628906 0.0019807815551757812
-63.40399932861328 244.8906707763672 0.0019993972964584827
-63.06414031982422 244.88784790039062 0.0020164106972515583
-62.73141098022461 244.8850860595703 0.0020262908656150103
-62.40628433227539 244.8823699951172 0.0020363617222756147
-62.08816909790039 244.87974548339844 0.0020405196119099855
-61.77753448486328 244.87716674804688 0.002046127337962389
-61.47372817993164 244.87461853027344 0.0020465850830078125
-61.17715835571289 244.87217712402344 0.002049026545137167
-60.88710403442383 244.86973571777344 0.0020466612186282873
-60.604007720947266 244.86740112304688 0.0020471953321248293
-60.32723617553711 244.86509704589844 0.0020436858758330345
-60.05730438232422 244.8628387451172 0.0020436476916074753
-59.79356384277344 244.86065673828125 0.002040023682639003
-59.536521911621094 244.85850524902344 0.002040328923612833
-59.285400390625 244.8564453125 0.0019734574016183615
-59.03751754760742 244.85438537597656 0.0017679595621302724
-58.79310989379883 244.8523406982422 0.0016896056476980448
-58.552860260009766 244.850341796875 0.0016753387171775103
-58.31710433959961 244.848388671875 0.0016895293956622481
-58.08598327636719 244.846435546875 0.0017129515763372183
-57.8594970703125 244.84458923339844 0.0017362594371661544
-57.63753128051758 244.8427276611328 0.001755790668539703
-57.41989517211914 244.84091186523438 0.0017702102195471525
-57.206634521484375 244.84278869628906 0.0017948913155123591
-56.99778366088867 244.850341796875 0.0018391418270766735
-56.79262161254883 244.85565185546875 0.0018518829019740224
-56.59136962890625 244.8578643798828 0.0018288040300831199
-56.39408874511719 244.85926818847656 0.0018107604701071978
-56.20083999633789 244.86044311523438 0.0018055724212899804
-56.011474609375 244.86151123046875 0.0018027113983407617
-55.82602310180664 244.86260986328125 0.0018004226731136441
-55.64433288574219 244.86358642578125 0.0017977905226871371
-55.46640396118164 244.86456298828125 0.0017953872447833419
-55.29207992553711 244.86553955078125 0.0017926788423210382
-55.12134552001953 244.86651611328125 0.0017903518164530396
-54.95442581176758 244.8674774169922 0.0017896270146593451
-54.79128646850586 244.86834716796875 0.001789093017578125
-54.6315803527832 244.86924743652344 0.0017868423601612449
-54.475154876708984 244.87013244628906 0.0017842102097347379
-54.321678161621094 244.8710174560547 0.0017798995831981301
-54.17101287841797 244.87188720703125 0.0017756271408870816
-54.02284240722656 244.8727264404297 0.0017700957832857966
-53.87703323364258 244.87350463867188 0.001764755230396986
-53.7332763671875 244.87429809570312 0.0017587279435247183
-53.59145736694336 244.8750762939453 0.001753158518113196
-53.45125198364258 244.8758544921875 0.001746864290907979
-53.31255340576172 244.8766326904297 0.0017408370040357113
-53.17504119873047 244.87741088867188 0.001734504709020257
-53.03861999511719 244.87820434570312 0.001728706294670701
-52.90298080444336 244.8789825439453 0.0017221831949427724
-52.76801300048828 244.8797607421875 0.0017161560244858265
-52.63341522216797 244.8805389404297 0.001709899865090847
-52.49909210205078 244.88131713867188 0.0017041778191924095
-52.36473083496094 244.88211059570312 0.0016977309715002775
-52.230247497558594 244.8828887939453 0.0016920851776376367
-52.095340728759766 244.8836669921875 0.0016859053866937757
-51.95991897583008 244.8844451904297 0.0016802215250208974
-51.82367706298828 244.88522338867188 0.0016741561703383923
-51.68653106689453 244.88601684570312 0.0016687011811882257
-51.548187255859375 244.8867950439453 0.001662673894315958
-51.40855407714844 244.8875732421875 0.0016570662846788764
-51.26734924316406 244.8883514404297 0.0016510009299963713
-51.12446975708008 244.88912963867188 0.0016456603771075606
-50.979652404785156 244.88992309570312 0.0016395950224250555
-50.83279037475586 244.8907012939453 0.0016342544695362449
-50.68362045288086 244.89157104492188 0.0016284179873764515
-50.53204345703125 244.8924560546875 0.0016231155022978783
-50.37779998779297 244.89334106445312 0.0016173172043636441
-50.22079086303711 244.8942108154297 0.0016120909713208675
-50.06074523925781 244.8950958251953 0.0016064452938735485
-49.89759063720703 244.89596557617188 0.0016011809930205345
-49.731048583984375 244.8969268798828 0.0015956878196448088
-49.56105041503906 244.8979034423828 0.0015906523913145065
-49.38732147216797 244.8988800048828 0.001585311838425696
-49.20978546142578 244.8998565673828 0.0015802383422851562
-49.0281867980957 244.90084838867188 0.0015748214209452271
-48.84243392944336 244.9019317626953 0.0015698241768404841
-48.65228271484375 244.9029998779297 0.0015643310034647584
-48.457611083984375 244.90408325195312 0.0015591811388731003
-48.25822830200195 244.9051971435547 0.0015541076427325606
-48.05404281616211 244.90635681152344 0.0015493010869249701
-47.844871520996094 244.90753173828125 0.0015447235200554132
-47.63060760498047 244.90870666503906 0.0015402602730318904
-47.41109085083008 244.9099578857422 0.0015358352102339268
-47.18622970581055 244.91122436523438 0.001531639019958675
-46.95589065551758 244.91249084472656 0.0015275954501703382
-46.719970703125 244.913818359375 0.0015237426850944757
-46.47832489013672 244.91519165039062 0.0015196609310805798
-46.23081970214844 244.9165496826172 0.0015155409928411245
-45.977298736572266 244.91798400878906 0.0017259597079828382
-45.719120025634766 244.91944885253906 0.0018316650530323386
-45.46263885498047 244.92091369628906 0.0018840025877580047
-45.20719528198242 244.92237854003906 0.0018986129434779286
-44.95071792602539 244.92384338378906 0.0018862533615902066
-44.69224548339844 244.92530822753906 0.0018636321183294058
-44.430110931396484 244.92677307128906 0.0018330382881686091
-44.16376495361328 244.92823791503906 0.001803932129405439
-43.89191818237305 244.92979431152344 0.0017736816080287099
-43.614349365234375 244.93136596679688 0.0017478561494499445
-43.330047607421875 244.9329376220703 0.0017224502516910434
-43.03896713256836 244.93460083007812 0.0017014312325045466
-42.74026870727539 244.93626403808594 0.0016809081425890326
-42.43427658081055 244.93800354003906 0.0016667938325554132
-42.12294387817383 244.93975830078125 0.0016698837280273438
-41.81045913696289 244.94151306152344 0.001697540283203125
-41.49888610839844 244.9432830810547 0.00173606863245368
-41.190330505371094 244.94503784179688 0.001780662452802062
-40.88547134399414 244.94674682617188 0.0018218612531200051
-40.5855827331543 244.9484100341797 0.0018618392059579492
-40.290714263916016 244.9500732421875 0.0018937683198601007
-40.001766204833984 244.9517059326172 0.0019237517844885588
-39.71845626831055 244.95327758789062 0.0019456100417301059
-39.441490173339844 244.954833984375 0.0019661711994558573
-39.1703987121582 244.95635986328125 0.001979179447516799
-38.90579605102539 244.95782470703125 0.0019925308879464865
-38.64708709716797 244.95928955078125 0.0019993972964584827
-38.39485168457031 244.960693359375 0.002007713308557868
-38.14618682861328 244.96206665039062 0.0018098830478265882
-37.900543212890625 244.9634246826172 0.0016913985600695014
-37.6588020324707 244.9647979736328 0.0016599273076280951
-37.42143249511719 244.96617126464844 0.001668853685259819
-37.18864059448242 244.96743774414062 0.001692924415692687
-36.96050262451172 244.9687042236328 0.0017193221719935536
-36.73701477050781 244.969970703125 0.0017431258456781507
-36.51840591430664 244.96749877929688 0.001777229248546064
-36.30490493774414 244.9593048095703 0.001831550500355661
-36.09599304199219 244.948486328125 0.0018712615128606558
-35.89146041870117 244.93603515625 0.0018894195090979338
-35.6910514831543 244.92214965820312 0.0018914794782176614
-35.49539566040039 244.90391540527344 0.001900367671623826
-35.303585052490234 244.885986328125 0.0018991469405591488
-35.11470031738281 244.87481689453125 0.0018467712216079235
-34.92918014526367 244.86561584472656 0.0018214797601103783
-34.74726867675781 244.85702514648438 0.0018148422241210938
-34.56892013549805 244.8488006591797 0.0018101501045748591
-34.39419174194336 244.8407440185547 0.0018051910446956754
-34.222957611083984 244.8328399658203 0.001799735939130187
-34.05524444580078 244.82513427734375 0.0017949294997379184
-33.89090347290039 244.81756591796875 0.0017901991959661245
-33.72997283935547 244.81019592285156 0.0017867659917101264
-33.57228088378906 244.80291748046875 0.001783294603228569
-33.417869567871094 244.79583740234375 0.0017810057615861297
-33.26657485961914 244.78887939453125 0.001778030302375555
-33.118446350097656 244.7820587158203 0.0017762373900040984
-32.97332000732422 244.775390625 0.0017740249168127775
-32.831241607666016 244.76885986328125 0.001772384624928236
-32.69279098510742 244.7624969482422 0.0017741393530741334
-32.558013916015625 244.7563018798828 0.0017765426309779286
-32.42644119262695 244.750244140625 0.0017763519426807761
-32.2979621887207 244.74673461914062 0.001784591586329043
-32.17234802246094 244.74681091308594 0.0018060302827507257
-32.04925537109375 244.7480926513672 0.001818160992115736
-31.928327560424805 244.75015258789062 0.0018172073177993298
-31.809432983398438 244.75271606445312 0.0018084334442391992
-31.6922607421875 244.7558135986328 0.0017956543015316129
-31.575389862060547 244.75604248046875 0.0017636489355936646
-31.459228515625 244.75418090820312 0.0017469024751335382
-31.344581604003906 244.75196838378906 0.0017443847609683871
-31.23172950744629 244.74974060058594 0.0017436599591746926
-31.120973587036133 244.74757385253906 0.0017434691544622183
-31.012285232543945 244.74542236328125 0.0017424010438844562
-30.905807495117188 244.74331665039062 0.0017419814830645919
-30.801422119140625 244.7412567138672 0.0017409133724868298
-30.69921875 244.73922729492188 0.001740531879477203
-30.59905242919922 244.73727416992188 0.0017396926414221525
-30.50099754333496 244.7353515625 0.0017394637688994408
-30.404911041259766 244.7334747314453 0.0017385100945830345
-30.31085777282715 244.7316131591797 0.0017380905337631702
-30.218690872192383 244.72979736328125 0.0017368316184729338
-30.13011360168457 244.72804260253906 0.0017451858147978783
-30.04511833190918 244.72637939453125 0.0017532729543745518
-29.96322250366211 244.72476196289062 0.0017580031417310238
-29.88387107849121 244.7231903076172 0.0017580031417310238
-29.806886672973633 244.7216796875 0.0017562484135851264
-29.731863021850586 244.72021484375 0.0017519377870485187
-29.658597946166992 244.71875 0.00174713134765625
-29.58675193786621 244.7173309326172 0.0017409896245226264
-29.516149520874023 244.71597290039062 0.001734886085614562
-29.446483612060547 244.714599609375 0.0017279814928770065
-29.37757682800293 244.71324157714844 0.0017214202089235187
-29.309133529663086 244.7118682861328 0.0017145538004115224
-29.24098014831543 244.7104949951172 0.0017079162644222379
-29.172836303710938 244.70913696289062 0.0017007446149364114
-29.10454750061035 244.707763671875 0.0016942215152084827
-29.035873413085938 244.70640563964844 0.0016874694265425205
-28.966676712036133 244.7050323486328 0.0016813278198242188
-28.89675521850586 244.7036590576172 0.0016751860966905951
-28.82600975036621 244.70230102539062 0.0016699217958375812
-28.75424575805664 244.70089721679688 0.001664657611399889
-28.68138885498047 244.69944763183594 0.0016600799281150103
-28.607208251953125 244.69798278808594 0.001655158936046064
-28.531747817993164 244.69651794433594 0.0016515350434929132
-28.454723358154297 244.6949920654297 0.0016470336122438312
-28.376060485839844 244.6934356689453 0.0016429137904196978
-28.29544448852539 244.69186401367188 0.0016377257416024804
-28.212778091430664 244.69021606445312 0.0016329573700204492
-28.12772560119629 244.6885528564453 0.0016272353241220117
-28.040206909179688 244.6868133544922 0.0016217422671616077
-27.94989013671875 244.68502807617188 0.0016156005440279841
-27.856712341308594 244.6831817626953 0.0016104126116260886
-27.760366439819336 244.68128967285156 0.0016043471405282617
-27.66078758239746 244.67933654785156 0.001599006587639451
-27.55767822265625 244.67727661132812 0.0015928649809211493
-27.45098114013672 244.6751708984375 0.0015874862438067794
-27.340404510498047 244.67300415039062 0.0015818786341696978
-27.22589874267578 244.67076110839844 0.0015766143333166838
-27.107173919677734 244.6684112548828 0.0015711593441665173
-26.984176635742188 244.66598510742188 0.0015662001678720117
-26.856624603271484 244.66346740722656 0.0015608977992087603
-26.72446632385254 244.66085815429688 0.0015560912434011698
-26.587430953979492 244.6581573486328 0.0015506744384765625
-26.445457458496094 244.6553497314453 0.0015458296984434128
-26.29828643798828 244.65245056152344 0.0015406799502670765
-26.145849227905273 244.64944458007812 0.0015359115786850452
-25.98790168762207 244.64634704589844 0.0015307617140933871
-25.824371337890625 244.6431121826172 0.0015262222150340676
-25.655012130737305 244.63978576660156 0.0015211486024782062
-25.47974967956543 244.63632202148438 0.0015164946671575308
-25.298341751098633 244.63275146484375 0.0015112304827198386
-25.110687255859375 244.62905883789062 0.001506538363173604
-24.91655158996582 244.62522888183594 0.0015014266828075051
-24.715911865234375 244.6212615966797 0.001497192308306694
-24.508615493774414 244.6171875 0.0014928436139598489
-24.29460906982422 244.61294555664062 0.0014890289166942239
-24.073808670043945 244.60858154296875 0.0014855575282126665
-23.846155166625977 244.60409545898438 0.0014826583210378885
-23.611547470092773 244.59947204589844 0.0014797592302784324
-23.369873046875 244.59469604492188 0.0014765929663553834
-23.12099266052246 244.58978271484375 0.0015439987182617188
-22.864776611328125 244.58474731445312 0.001738967839628458
-22.606246948242188 244.5796356201172 0.001824188162572682
-22.348800659179688 244.57456970214844 0.0018616867018863559
-22.09066390991211 244.56948852539062 0.001864967285655439
-21.829620361328125 244.5643310546875 0.0018451689975336194
-21.56464385986328 244.55911254882812 0.0018177794991061091
-21.294048309326172 244.5537872314453 0.0017839431529864669
-21.01730728149414 244.54833984375 0.0017526625888422132
-20.733171463012695 244.54270935058594 0.0017210388323292136
-20.441444396972656 244.5369415283203 0.001694374019280076
-20.141155242919922 244.53103637695312 0.0016688156174495816
-19.83229637145996 244.52493286132812 0.00164794921875
-19.514036178588867 244.51864624023438 0.0016278838738799095
-19.186464309692383 244.51217651367188 0.001611633226275444
-18.848834991455078 244.50550842285156 0.0015954971313476562
-18.501266479492188 244.49862670898438 0.0015824889997020364
-18.14305305480957 244.4915771484375 0.0015693664317950606
-17.77432632446289 244.48431396484375 0.0015586853260174394
-17.3944091796875 244.47679138183594 0.0015474319225177169
-17.003435134887695 244.46905517578125 0.0015384673606604338
-16.60074234008789 244.46112060546875 0.0015280151274055243
-16.18645477294922 244.45294189453125 0.001519699115306139
-15.759915351867676 244.44451904296875 0.0015102386241778731
-15.321207046508789 244.43585205078125 0.0015022277366369963
-14.869668960571289 244.42694091796875 0.0014925003051757812
-14.4053316116333 244.4177703857422 0.0014842223608866334
-13.927505493164062 244.40830993652344 0.0014739990001544356
-13.436101913452148 244.39862060546875 0.001464424072764814
-12.93022632598877 244.3886260986328 0.001451950054615736
-12.409377098083496 244.3783416748047 0.001438140869140625
-11.873369216918945 244.3677520751953 0.0014268492814153433
-11.322664260864258 244.35687255859375 0.0014198684366419911
-10.757439613342285 244.34571838378906 0.0014155578101053834
-10.177858352661133 244.3342742919922 0.0014159774873405695
-9.583908081054688 244.32254028320312 0.0014154815580695868
-8.975520133972168 244.31051635742188 0.0014141463907435536
-8.352556228637695 244.2982177734375 0.0014120483538135886
-7.714836120605469 244.28561401367188 0.0014091109624132514
-7.062151908874512 244.27273559570312 0.0014050673926249146
-6.39426851272583 244.25955200195312 0.0014005278935655951
-5.710957050323486 244.2460479736328 0.0013954162131994963
-5.012051105499268 244.23223876953125 0.0013900374760851264
-4.297449588775635 244.21812438964844 0.001385383540764451
-3.567086696624756 244.20370483398438 0.0013813781552016735
-2.820927619934082 244.18896484375 0.0013779067667201161
-2.0589566230773926 244.1739044189453 0.0013753508683294058
-1.281171441078186 244.1585235595703 0.0013731002109125257
-0.48758023977279663 244.14285278320312 0.0013711547944694757
0.32180166244506836 244.12684631347656 0.0013700866838917136
1.1469542980194092 244.11053466796875 0.0013692474458366632
1.9878541231155396 244.0939178466797 0.0013687515165656805
2.844475030899048 244.0769805908203 0.0013685988960787654
3.7167885303497314 244.0597381591797 0.001368675148114562
4.604766368865967 244.04220581054688 0.0013686370803043246
5.5083770751953125 244.0243377685547 0.0013690185733139515
6.427589416503906 244.00616455078125 0.0013692855136469007
7.362374305725098 243.9876708984375 0.0013698196271434426
8.312695503234863 243.96888732910156 0.001370391808450222
9.278525352478027 243.9497833251953 0.0013710403582081199
10.259513854980469 243.93038940429688 0.0013743591262027621
11.252310752868652 243.91075134277344 0.001399307162500918
12.249382019042969 243.8910369873047 0.0014673232799395919
13.24312973022461 243.87136840820312 0.001571121159940958
14.228511810302734 243.85186767578125 0.0016902160132303834
15.202258110046387 243.83262634277344 0.0018069457728415728
16.16224479675293 243.8136444091797 0.0019154357723891735
17.10711097717285 243.79495239257812 0.0020065689459443092
18.036001205444336 243.77658081054688 0.0020817946642637253
18.94841957092285 243.758544921875 0.0021422957070171833
19.844112396240234 243.74082946777344 0.002189903287217021
20.722997665405273 243.72344970703125 0.0022262190468609333
21.585107803344727 243.70640563964844 0.0022536085452884436
22.430561065673828 243.68966674804688 0.002273673890158534
23.259531021118164 243.6732635498047 0.002286834642291069
24.072229385375977 243.6571807861328 0.002295532263815403
24.868715286254883 243.6462860107422 0.002320594619959593
25.648666381835938 243.64622497558594 0.002396011259406805
26.412853240966797 243.65040588378906 0.0024521255400031805
27.161842346191406 243.6555633544922 0.002445831196382642
27.895832061767578 243.66294860839844 0.0024210356641560793
28.615081787109375 243.6725311279297 0.0023978804238140583
29.319868087768555 243.68389892578125 0.0023784637451171875
30.01046371459961 243.696533203125 0.0023608398623764515
30.68714714050293 243.7099609375 0.0023429107386618853
31.350189208984375 243.72386169433594 0.002325515728443861
31.999855041503906 243.7379608154297 0.0023077011574059725
32.63640213012695 243.75205993652344 0.002290611155331135
33.26008987426758 243.76612854003906 0.0022745514288544655
33.87115478515625 243.77996826171875 0.0022501754574477673
34.46942901611328 243.79843139648438 0.0022607422433793545
35.054344177246094 243.8265838623047 0.002322044223546982
35.62706756591797 243.85693359375 0.0023605346214026213
36.18827438354492 243.88589477539062 0.002335510216653347
36.738224029541016 243.914794921875 0.0022945785894989967
37.277244567871094 243.94393920898438 0.0022592544555664062
37.8057746887207 243.972900390625 0.0022312162909656763
38.32394027709961 244.00189208984375 0.0022101211361587048
38.83187484741211 244.03028869628906 0.0021940229926258326
39.32966613769531 244.05848693847656 0.002180938608944416
39.81747817993164 244.0859832763672 0.002169990446418524
40.29543685913086 244.11325073242188 0.0021613691933453083
40.763614654541016 244.1356201171875 0.0021571731194853783
41.22182846069336 244.1494903564453 0.0022133635357022285
41.670433044433594 244.15591430664062 0.002260665874928236
42.10955810546875 244.156005859375 0.0022964859381318092
42.53944396972656 244.14952087402344 0.002313156146556139
42.960052490234375 244.13720703125 0.0023331833072006702
43.37065887451172 244.115234375 0.00235546100884676
43.77016830444336 244.08123779296875 0.0024072646629065275
44.15922927856445 244.03634643554688 0.0024526214692741632
44.53960418701172 243.98887634277344 0.0024487304035574198
44.91243362426758 243.9456024169922 0.002358932513743639
45.2773323059082 243.90443420410156 0.0022581100929528475
45.63426208496094 243.86366271972656 0.002184638986364007
45.983367919921875 243.8238983154297 0.0021376418881118298
46.32469940185547 243.78439331054688 0.0021109390072524548
46.65848159790039 243.74595642089844 0.002092513954266906
46.9847297668457 243.7079315185547 0.0020833967719227076
47.30365753173828 243.67111206054688 0.002076721051707864
47.61528778076172 243.6346893310547 0.002071380615234375
47.91980743408203 243.5994873046875 0.0020673752296715975
48.217254638671875 243.56468200683594 0.002063484163954854
48.507835388183594 243.53111267089844 0.0020599747076630592
48.791561126708984 243.4978790283203 0.0020560072734951973
49.06865310668945 243.4658966064453 0.0020524596329778433
49.33913803100586 243.43421936035156 0.0020489501766860485
49.60335922241211 243.406494140625 0.0020541762933135033
49.86131286621094 243.3843231201172 0.00208843220025301
50.1133918762207 243.36666870117188 0.0021191404666751623
50.36165237426758 243.35232543945312 0.001927604665979743
50.60773849487305 243.34169006347656 0.0018156050937250257
50.85085678100586 243.33377075195312 0.0017793274018913507
51.09021759033203 243.33177185058594 0.0017935943324118853
51.32532501220703 243.33786010742188 0.0018453598022460938
51.55685806274414 243.34913635253906 0.001889190636575222
51.78487777709961 243.36439514160156 0.0019150542793795466
52.008811950683594 243.38319396972656 0.0019275282975286245
52.22909164428711 243.39846801757812 0.0019087981199845672
52.44544219970703 243.40545654296875 0.0018724059918895364
52.65750503540039 243.40982055664062 0.001857757568359375
52.865257263183594 243.4134521484375 0.0018556975992396474
53.06871795654297 243.4168243408203 0.0018509292276576161
53.26792526245117 243.42007446289062 0.001843147212639451
53.46297836303711 243.42323303222656 0.001832885667681694
53.65398406982422 243.4263458251953 0.0018233108567073941
53.84104537963867 243.42938232421875 0.0018159865867346525
54.02425003051758 243.43231201171875 0.001808929373510182
54.20368957519531 243.4352264404297 0.001803550636395812
54.37945556640625 243.43807983398438 0.0017988586332648993
54.55162048339844 243.44085693359375 0.0017948913155123591
54.72026062011719 243.44358825683594 0.0017914199270308018
54.88544845581055 243.44622802734375 0.0017882155952975154
55.04725646972656 243.44886779785156 0.0017855071928352118
55.20526123046875 243.45140075683594 0.001785659696906805
55.35956954956055 243.45388793945312 0.001785774133168161
55.51047897338867 243.45632934570312 0.0017842482775449753
55.65824890136719 243.45870971679688 0.0017813491867855191
55.80313491821289 243.46104431152344 0.0017774963052943349
55.945091247558594 243.46597290039062 0.0017832183511927724
56.08414077758789 243.474609375 0.0018054199172183871
56.22084426879883 243.48460388183594 0.0018181990599259734
56.355506896972656 243.49534606933594 0.0018173217540606856
56.48834228515625 243.5066680908203 0.0018069075886160135
56.61896514892578 243.5208282470703 0.0018053435487672687
56.74872970581055 243.5340576171875 0.0017940138932317495
56.87804412841797 243.5419921875 0.0017588043119758368
57.00577163696289 243.54879760742188 0.0017528152093291283
57.13144302368164 243.55526733398438 0.0017531203338876367
57.25484085083008 243.5615692138672 0.001754074008204043
57.37587356567383 243.56776428222656 0.0017540359403938055
57.49449920654297 243.57382202148438 0.0017530058976262808
57.61073303222656 243.57974243164062 0.001750259310938418
57.7245979309082 243.5854949951172 0.001732635428197682
57.83612060546875 243.5911865234375 0.0017336272867396474
57.94535827636719 243.59678649902344 0.0017353439470753074
58.05234909057617 243.6022186279297 0.0017370223067700863
58.15713119506836 243.6075897216797 0.0017383956583216786
58.2597541809082 243.61282348632812 0.001739234896376729
58.36026382446289 243.6179656982422 0.0017396926414221525
58.45722579956055 243.6229248046875 0.0017477035289630294
58.550575256347656 243.627685546875 0.0017556380480527878
58.640869140625 243.63232421875 0.0017596816178411245
58.72852325439453 243.6367950439453 0.0017599104903638363
58.81389617919922 243.64114379882812 0.0017573547083884478
58.89724349975586 243.64540100097656 0.0017533493228256702
58.97880554199219 243.64956665039062 0.0017483901465311646
59.05876159667969 243.65367126464844 0.0017432022141292691
59.13738250732422 243.6576690673828 0.0017374419840052724
59.21484375 243.66163635253906 0.0017315292498096824
59.29140090942383 243.66554260253906 0.0017252349061891437
59.36729431152344 243.66944885253906 0.001718978863209486
59.4427375793457 243.6732940673828 0.001712532015517354
59.51795196533203 243.67710876464844 0.0017062377883121371
59.593143463134766 243.680908203125 0.001699752756394446
59.66851806640625 243.6847381591797 0.0016932296566665173
59.744285583496094 243.6886444091797 0.0016869734972715378
59.82062530517578 243.6925506591797 0.0016806410858407617
59.8977165222168 243.69647216796875 0.001674385042861104
59.975746154785156 243.7004852294922 0.0016685485607013106
60.05486297607422 243.70452880859375 0.0016632460756227374
60.13517761230469 243.70863342285156 0.0016581343952566385
60.21686935424805 243.71282958984375 0.0016586685087531805
60.30008316040039 243.7171173095703 0.0016534042079001665
60.38499069213867 243.7214813232422 0.0016471099806949496
60.4717903137207 243.7259063720703 0.0016411971300840378
60.5606689453125 243.73046875 0.0016352843958884478
60.65182876586914 243.735107421875 0.0016291046049445868
60.74546813964844 243.73989868164062 0.0016230392502620816
60.84177017211914 243.74481201171875 0.001617164583876729
60.9409294128418 243.74989318847656 0.0016113281017169356
61.04313278198242 243.75511169433594 0.0016065597301349044
61.148563385009766 243.76052856445312 0.0015996932052075863
61.257381439208984 243.76608276367188 0.0015938949072733521
61.369773864746094 243.77183532714844 0.0015884781023487449
61.48591613769531 243.77777099609375 0.0015830229967832565
61.6059684753418 243.78390502929688 0.0015777968801558018
61.730125427246094 243.79025268554688 0.0015726470155641437
61.85853958129883 243.79681396484375 0.0015673828311264515
61.99137496948242 243.80360412597656 0.0015623854706063867
62.12880325317383 243.8106231689453 0.0015574645949527621
62.2709846496582 243.81787109375 0.0015526198549196124
62.4180908203125 243.82537841796875 0.0015475081745535135
62.57027053833008 243.8331756591797 0.0015427017351612449
62.72769546508789 243.84120178222656 0.0015376663068309426
62.8905143737793 243.84954833984375 0.0015325926942750812
63.05891418457031 243.85813903808594 0.00152782432269305
63.23302459716797 243.86708068847656 0.0015221404610201716
63.41303634643555 243.8762969970703 0.0015169905964285135
63.5991096496582 243.8858184814453 0.0015120315365493298
63.79138946533203 243.89564514160156 0.0015073013491928577
63.98999786376953 243.90579223632812 0.0015026474138721824
64.1950454711914 243.91629028320312 0.0014986038440838456
64.4066162109375 243.9270782470703 0.0014949035830795765
64.6247787475586 243.938232421875 0.001491546630859375
64.849609375 243.94972229003906 0.0014881514944136143
65.08122253417969 243.96156311035156 0.0014849089784547687
65.31970977783203 243.97373962402344 0.0014818190829828382
65.5652084350586 243.9862823486328 0.001478919992223382
65.8178482055664 243.9991912841797 0.0016899489564821124
66.0759048461914 244.01235961914062 0.0017992781940847635
66.3326644897461 244.02548217773438 0.0018555069109424949
66.58926391601562 244.03860473632812 0.0018712234450504184
66.84796905517578 244.0518341064453 0.0018581771291792393
67.10968017578125 244.06521606445312 0.0018354797502979636
67.37389373779297 244.07870483398438 0.0018186949891969562
67.63761901855469 244.09217834472656 0.001821975689381361
67.89962005615234 244.10556030273438 0.001839179894886911
68.15827178955078 244.11875915527344 0.001862487755715847
68.413330078125 244.13180541992188 0.0018831634661182761
68.66368103027344 244.14462280273438 0.0019055937882512808
68.91336822509766 244.15740966796875 0.0017946624429896474
69.16193389892578 244.17010498046875 0.0016362762544304132
69.4077377319336 244.1826629638672 0.001592559739947319
69.64994049072266 244.19505310058594 0.001602821284905076
69.88811492919922 244.20339965820312 0.0016486740205436945
70.12197875976562 244.205322265625 0.0017248153453692794
70.3517074584961 244.2039794921875 0.00178947439417243
70.57715606689453 244.20538330078125 0.0018116378923878074
70.79811096191406 244.2102508544922 0.0017944335704669356
71.01461029052734 244.2158660888672 0.0017877960344776511
71.2266845703125 244.22164916992188 0.0017881774110719562
71.43437957763672 244.2273406982422 0.0017916869837790728
71.63775634765625 244.2329864501953 0.0017950820038095117
71.83686065673828 244.23846435546875 0.0017975997179746628
72.03180694580078 244.243896484375 0.001798667828552425
72.22270202636719 244.24917602539062 0.001798667828552425
72.4096450805664 244.25439453125 0.0017982482677325606
72.59273529052734 244.25942993164062 0.0017969893524423242
72.77204895019531 244.26443481445312 0.001795005751773715
72.94769287109375 244.26925659179688 0.001793289091438055
73.11974334716797 244.27406311035156 0.00179119105450809
73.2879409790039 244.2786865234375 0.0017907714936882257
73.45237731933594 244.2832794189453 0.0017901991959661245
73.61331939697266 244.28768920898438 0.0017884444678202271
73.77101135253906 244.29209899902344 0.0017854690086096525
73.9256820678711 244.29635620117188 0.0017816543113440275
74.07756805419922 244.30059814453125 0.0017769241239875555
74.2269058227539 244.30470275878906 0.0017717742593958974
74.37388610839844 244.30882263183594 0.0017660140292719007
74.51876068115234 244.31277465820312 0.0017602919833734632
74.6617202758789 244.31678771972656 0.001754074008204043
74.8030014038086 244.3206329345703 0.001747894217260182
74.94280242919922 244.32460021972656 0.0017419052310287952
75.08135223388672 244.32835388183594 0.0017358016921207309
75.21884155273438 244.33221435546875 0.0017296599689871073
75.35547637939453 244.33596801757812 0.0017235946143046021
75.491455078125 244.33984375 0.001717376639135182
75.62699890136719 244.34349060058594 0.0017109679756686091
75.76229858398438 244.34725952148438 0.0017048263689503074
75.8975601196289 244.35093688964844 0.001698722830042243
76.03297424316406 244.35467529296875 0.0016926574753597379
76.16874694824219 244.35841369628906 0.0016869354294613004
76.30506896972656 244.3622589111328 0.001681098947301507
76.442138671875 244.36602783203125 0.00167503347620368
76.58014678955078 244.369873046875 0.0016693496145308018
76.71927642822266 244.37368774414062 0.0016634749481454492
76.85972595214844 244.37762451171875 0.001657676650211215
77.0016860961914 244.38150024414062 0.0016519546043127775
77.14533233642578 244.3855438232422 0.0016461181221529841
77.29086303710938 244.38951110839844 0.0016407393850386143
77.43846130371094 244.39364624023438 0.0016349791549146175
77.58830261230469 244.3977508544922 0.0016291426727548242
77.74058532714844 244.40199279785156 0.0016238021198660135
77.8954849243164 244.40625 0.0016181182581931353
78.05316162109375 244.41065979003906 0.0016126632690429688
78.21381378173828 244.41506958007812 0.0016072463477030396
78.37760925292969 244.41964721679688 0.0016017913585528731
78.54471588134766 244.4242401123047 0.0015965270576998591
78.71531677246094 244.4290008544922 0.0015912246890366077
78.88957977294922 244.43377685546875 0.0015859984559938312
79.0675277709961 244.4355010986328 0.0015923308674246073
79.24888610839844 244.43673706054688 0.0016061400528997183
79.43165588378906 244.44017028808594 0.0016087722033262253
79.61357116699219 244.44403076171875 0.0016215514624491334
79.79338836669922 244.4480438232422 0.0016461563063785434
79.9704360961914 244.451904296875 0.0016722488217055798
80.14437866210938 244.455810546875 0.001695556566119194
80.31505584716797 244.45960998535156 0.0017150877974927425
80.48242950439453 244.46334838867188 0.0017303085187450051
80.64646911621094 244.4669647216797 0.001742134103551507
80.80721282958984 244.47059631347656 0.001750946044921875
80.96469116210938 244.4740753173828 0.0017570113996043801
81.11896514892578 244.47755432128906 0.0017613600939512253
81.27009582519531 244.4808807373047 0.0017639159923419356
81.41812133789062 244.48423767089844 0.001765670720487833
81.56242370605469 244.48739624023438 0.0017700957832857966
81.70305633544922 244.49058532714844 0.0017737578600645065
81.84041595458984 244.49359130859375 0.0017748259706422687
81.97474670410156 244.4966583251953 0.0017737960442900658
82.1063232421875 244.49952697753906 0.001770935021340847
82.23539733886719 244.50245666503906 0.0017666625790297985
82.36221313476562 244.50523376464844 0.001762123079970479
82.48696899414062 244.508056640625 0.0017566299065947533
82.60987854003906 244.5107421875 0.0017510604811832309
82.7311782836914 244.51353454589844 0.0017451095627620816
82.8510513305664 244.51611328125 0.0017391204601153731
82.96971130371094 244.518798828125 0.0017330931732431054
83.0873794555664 244.52137756347656 0.0017271804390475154
83.2042465209961 244.52407836914062 0.0017211150843650103
83.32038116455078 244.5243682861328 0.0017240142915397882
83.43582916259766 244.52162170410156 0.0017407607519999146
83.55110931396484 244.52066040039062 0.0017381667857989669
83.66637420654297 244.52183532714844 0.001716194092296064
83.7818374633789 244.5232696533203 0.0017041015671566129
83.89768981933594 244.5249786376953 0.0016957473708316684
84.01416015625 244.52658081054688 0.0016880416078493
84.13139343261719 244.5282745361328 0.0016801833407953382
84.25004577636719 244.52993774414062 0.0016696166712790728
84.36995697021484 244.53173828125 0.001662940951064229
84.48946380615234 244.53343200683594 0.0016659164102748036
84.60768127441406 244.53512573242188 0.001675300532951951
84.7240982055664 244.53675842285156 0.0016871643019840121
84.83848571777344 244.53843688964844 0.0016988372663035989
84.95072937011719 244.54000854492188 0.001709365751594305
85.06073760986328 244.54159545898438 0.0017176055116578937
85.1685562133789 244.54312133789062 0.0017242049798369408
85.2728271484375 244.54464721679688 0.0017365645617246628
85.3735122680664 244.54605102539062 0.0017472838517278433
85.47112274169922 244.54747009277344 0.0017536926316097379
85.56603240966797 244.5487823486328 0.001755790668539703
85.6585693359375 244.5501708984375 0.0017550276825204492
85.74903869628906 244.55137634277344 0.0017520522233098745
85.83767700195312 244.55270385742188 0.0017477417131885886
85.9247055053711 244.55392456054688 0.0017428589053452015
86.0103759765625 244.55520629882812 0.0017373657319694757
86.09490203857422 244.5563201904297 0.0017315673176199198
86.17847442626953 244.55755615234375 0.0017255019629374146
86.26131439208984 244.5586700439453 0.001719627296552062
86.34361267089844 244.5598907470703 0.001713561941869557
86.42556762695312 244.56100463867188 0.0017073439667001367
86.50736999511719 244.56224060058594 0.0017015074845403433
86.5892333984375 244.5633544921875 0.0016956329345703125
86.67133331298828 244.56459045410156 0.0016897964524105191
86.75384521484375 244.56570434570312 0.0016840362222865224
86.83692932128906 244.56692504882812 0.0016784286126494408
86.92080688476562 244.5680389404297 0.001673202496021986
87.00564575195312 244.5692901611328 0.0016675948863849044
87.09158325195312 244.5704803466797 0.0016622161492705345
87.17882537841797 244.57180786132812 0.0016567229758948088
87.26756286621094 244.57302856445312 0.0016511916182935238
87.35796356201172 244.57435607910156 0.0016456985613331199
87.45023345947266 244.5756072998047 0.0016403960762545466
87.54454803466797 244.5770263671875 0.0016350173391401768
87.64112091064453 244.57833862304688 0.001629524165764451
87.7401123046875 244.57980346679688 0.0016237640520557761
87.84173583984375 244.58120727539062 0.0016182708786800504
87.94615173339844 244.58273315429688 0.001613082829862833
88.05354309082031 244.584228515625 0.0016075134044513106
88.16410827636719 244.5858612060547 0.0016016769222915173
88.27799987792969 244.58743286132812 0.0015963363694027066
88.3953857421875 244.5891571044922 0.0015909194480627775
88.5164794921875 244.59085083007812 0.001585464458912611
88.64144134521484 244.5926513671875 0.001580314594320953
88.7704086303711 244.59446716308594 0.0015754317864775658
88.90359497070312 244.59640502929688 0.00156993861310184
89.04113006591797 244.5983123779297 0.001564674312248826
89.1832046508789 244.60040283203125 0.0015597152523696423
89.3299789428711 244.6024627685547 0.0015544891357421875
89.48162078857422 244.60464477539062 0.0015496063278988004
89.63826751708984 244.6068572998047 0.0015447997720912099
89.80011749267578 244.60919189453125 0.0015398025279864669
89.96731567382812 244.61154174804688 0.0015346526633948088
90.14002990722656 244.61404418945312 0.0015297698555514216
90.31839752197266 244.6165313720703 0.0015248488634824753
90.50259399414062 244.6191864013672 0.0015192031860351562
90.69281005859375 244.62188720703125 0.001514434814453125
90.88916778564453 244.62472534179688 0.0015098953153938055
91.09181213378906 244.6276092529297 0.0015053176321089268
91.30082702636719 244.63059997558594 0.0015010833740234375
91.51630401611328 244.6336669921875 0.0014973449287936091
91.73833465576172 244.63682556152344 0.001493492047302425
91.96698760986328 244.6400909423828 0.0014905165880918503
92.20236206054688 244.64344787597656 0.0014870071318000555
92.44458770751953 244.64691162109375 0.0014838790521025658
92.69377899169922 244.6504669189453 0.0015512848040089011
92.95008850097656 244.65411376953125 0.0017465590499341488
93.20863342285156 244.65782165527344 0.0018307113787159324
93.46595764160156 244.66151428222656 0.0018674087477847934
93.7237777709961 244.66522216796875 0.0018703460227698088
93.98426818847656 244.6689453125 0.0018510054796934128
94.24842834472656 244.6727294921875 0.0018236922333016992
94.51792907714844 244.6765594482422 0.0017904280684888363
94.79314422607422 244.67721557617188 0.0017701720353215933
95.07496643066406 244.67626953125 0.0017678833100944757
95.36119079589844 244.67698669433594 0.0017553329234942794
95.6487808227539 244.67825317382812 0.001755409175530076
95.93496704101562 244.6797332763672 0.0017749785911291838
96.21871185302734 244.6813201904297 0.0018037032568827271
96.49848175048828 244.68289184570312 0.00183868408203125
96.77408599853516 244.68446350097656 0.0018695067847147584
97.04447174072266 244.68603515625 0.0018997954903170466
97.30984497070312 244.6875762939453 0.0019226454896852374
97.56938171386719 244.68907165527344 0.0019446563674136996
97.82352447509766 244.69053649902344 0.0019596100319176912
98.07347106933594 244.69200134277344 0.0018115233397111297
98.32134246826172 244.69346618652344 0.0016726303147152066
98.56575775146484 244.6949005126953 0.0016340254805982113
98.8060302734375 244.69625854492188 0.001642951974645257
99.04180145263672 244.6976318359375 0.0016702651046216488
99.27295684814453 244.69900512695312 0.0017011641757562757
99.49948120117188 244.70030212402344 0.0017288589151576161
99.72150421142578 244.7015838623047 0.0017507552402094007
99.9391860961914 244.70285034179688 0.0017666625790297985
100.15276336669922 244.70411682128906 0.0017770003760233521
100.36249542236328 244.705322265625 0.0017826842376962304
100.56861114501953 244.7064971923828 0.0017848968273028731
100.77137756347656 244.70767211914062 0.0017844008980318904
100.97071838378906 244.7053985595703 0.0017962264828383923
101.16665649414062 244.6978302001953 0.001829452463425696
101.35973358154297 244.6879425048828 0.0018521117744967341
101.55033874511719 244.67648315429688 0.0018571472028270364
101.73888397216797 244.66819763183594 0.001832885667681694
101.92562103271484 244.66317749023438 0.001789855887182057
102.11046600341797 244.65892028808594 0.0017725372454151511
102.2928466796875 244.6549530029297 0.0017670821398496628
102.47216796875 244.651123046875 0.0017669296357780695
102.64824676513672 244.6473846435547 0.0017682646866887808
102.8209228515625 244.6437225341797 0.0017703628400340676
102.990234375 244.6400909423828 0.0017717360751703382
103.15609741210938 244.63658142089844 0.0017729949904605746
103.31867218017578 244.6331329345703 0.0017734909197315574
103.47789001464844 244.62974548339844 0.0017740631010383368
103.63390350341797 244.6264190673828 0.0017737578600645065
103.78666687011719 244.62318420410156 0.001773567171767354
103.93635559082031 244.6199951171875 0.0017703246558085084
104.082275390625 244.61688232421875 0.0017735289875417948
104.22457885742188 244.61386108398438 0.001775665208697319
104.36353302001953 244.6109161376953 0.001776466378942132
104.49952697753906 244.60801696777344 0.0017747879028320312
104.63270568847656 244.60519409179688 0.0017720793839544058
104.76341247558594 244.6024169921875 0.0017675398848950863
104.89177703857422 244.5996856689453 0.001763038570061326
105.01811981201172 244.59698486328125 0.0017573165241628885
105.142578125 244.59434509277344 0.0017519377870485187
105.26542663574219 244.5917205810547 0.001745681744068861
105.38681030273438 244.58914184570312 0.0017401885706931353
105.50702667236328 244.5865936279297 0.0017338943434879184
105.62618255615234 244.5840606689453 0.001728057861328125
105.74456787109375 244.58151245117188 0.0017215728294104338
105.8623046875 244.5789794921875 0.0017157363472506404
105.97969818115234 244.57644653320312 0.001709365751594305
106.09681701660156 244.57395935058594 0.0017037963261827826
106.2139892578125 244.5714569091797 0.0016975020989775658
106.33130645751953 244.56893920898438 0.001691741868853569
106.44905853271484 244.56640625 0.0016857146983966231
106.56732940673828 244.56385803222656 0.0016801070887595415
106.686279296875 244.56365966796875 0.0016828536754474044
106.80584716796875 244.5667266845703 0.001700668246485293
106.92655181884766 244.57101440429688 0.0017105864826589823
107.04859924316406 244.57276916503906 0.0016979980282485485
107.17223358154297 244.5723419189453 0.0016720962012186646
107.29754638671875 244.57142639160156 0.0016611862229183316
107.42481231689453 244.5703887939453 0.0016530608991160989
107.55411529541016 244.56930541992188 0.0016453933203592896
107.68576049804688 244.5682373046875 0.0016370010562241077
107.81980895996094 244.5670623779297 0.0016294097295030951
107.95655059814453 244.56588745117188 0.0016217422671616077
108.09606170654297 244.5647430419922 0.0016148375580087304
108.23860931396484 244.56356811523438 0.00160808558575809
108.38429260253906 244.56231689453125 0.0016020202310755849
108.53337860107422 244.56105041503906 0.0015959548763930798
108.68592834472656 244.55978393554688 0.001590728759765625
108.84221649169922 244.5584716796875 0.001584930345416069
109.00233459472656 244.55709838867188 0.0015799712855368853
109.16651916503906 244.5557403564453 0.0015743636758998036
109.3348617553711 244.55430603027344 0.0015692519955337048
109.50761413574219 244.55284118652344 0.0015639876946806908
109.68485260009766 244.55137634277344 0.0015591811388731003
109.86683654785156 244.54981994628906 0.0015538405859842896
110.05362701416016 244.5482635498047 0.0015489959623664618
110.24552154541016 244.546630859375 0.001543769845739007
110.4426040649414 244.5449676513672 0.0015389251057058573
110.64500427246094 244.54327392578125 0.0015338897937908769
110.85283660888672 244.54151916503906 0.0015295409830287099
111.06627655029297 244.5397186279297 0.0015253067249432206
111.28541564941406 244.53787231445312 0.0015211867867037654
111.51034545898438 244.5359649658203 0.0015173339052125812
111.7411880493164 244.5340118408203 0.0015135573921725154
111.97805786132812 244.5320281982422 0.0015098953153938055
112.2210693359375 244.52996826171875 0.0015061568701639771
112.47035217285156 244.52786254882812 0.0015730285085737705
112.72608947753906 244.5257110595703 0.0017677688738331199
112.98377990722656 244.52357482910156 0.0018491744995117188
113.23983001708984 244.52142333984375 0.0018843840807676315
113.49581146240234 244.51927185058594 0.0018876265967264771
113.75374603271484 244.51712036132812 0.0018687437986955047
114.01458740234375 244.51492309570312 0.0018425750313326716
114.27994537353516 244.51266479492188 0.0018106842180714011
114.55033111572266 244.5104217529297 0.001781043945811689
114.82694244384766 244.50808715820312 0.0017510222969576716
115.1099853515625 244.5056915283203 0.0017255401471629739
115.40042114257812 244.5032501220703 0.0017003631219267845
115.69825744628906 244.500732421875 0.00168041221331805
116.00433349609375 244.49815368652344 0.0016607665456831455
116.31856536865234 244.4955291748047 0.0016454315045848489
116.64168548583984 244.49278259277344 0.0016297149704769254
116.97357177734375 244.48997497558594 0.0016172027681022882
117.31495666503906 244.48709106445312 0.001604270888492465
117.66566467285156 244.484130859375 0.0015937042189761996
118.02637481689453 244.48109436035156 0.0015826034359633923
118.39695739746094 244.47796630859375 0.0015735244378447533
118.77809143066406 244.47474670410156 0.0015634155133739114
119.16962432861328 244.471435546875 0.0015552520053461194
119.57220458984375 244.46804809570312 0.0015457534464076161
119.98573303222656 244.46453857421875 0.0015380477998405695
120.41082763671875 244.46096801757812 0.0015285873087123036
120.8474349975586 244.457275390625 0.0015210723504424095
121.29618835449219 244.45350646972656 0.0015115737915039062
121.75702667236328 244.4496307373047 0.0015037917764857411
122.2306137084961 244.4456329345703 0.001494178781285882
122.71697998046875 244.44154357910156 0.0014857864007353783
123.21686553955078 244.43731689453125 0.0014749908586964011
123.7305908203125 244.4329833984375 0.0014638518914580345
124.25907897949219 244.42852783203125 0.0014499664539471269
124.80200958251953 244.42396545410156 0.0014397811610251665
125.35922241210938 244.41925048828125 0.0014329147525131702
125.93045806884766 244.4144287109375 0.001429710304364562
126.51566314697266 244.40948486328125 0.0014276885194703937
127.11483764648438 244.40443420410156 0.0014261245960369706
127.72808074951172 244.3992462158203 0.001424713060259819
128.3555450439453 244.3939666748047 0.0014226912753656507
128.99742126464844 244.3885498046875 0.0014196013798937201
129.65391540527344 244.38299560546875 0.0014158630510792136
130.3252716064453 244.3773193359375 0.0014113998040556908
131.01171875 244.37152099609375 0.0014058303786441684
131.71351623535156 244.3656005859375 0.0013997650239616632
132.4308624267578 244.3595428466797 0.0013940810458734632
133.163818359375 244.3533477783203 0.0013888549292460084
133.91249084472656 244.3470458984375 0.0013844298664480448
134.67691040039062 244.340576171875 0.001380500732921064
135.45709228515625 244.333984375 0.0013774872059002519
136.25303649902344 244.32725524902344 0.0013749313075095415
137.06475830078125 244.32040405273438 0.0013731765793636441
137.89224243164062 244.31341552734375 0.0013718032278120518
138.73544311523438 244.30628967285156 0.0013708877377212048
139.5943603515625 244.29901123046875 0.0013703155564144254
140.46896362304688 244.29164123535156 0.0013699722476303577
141.35919189453125 244.2841033935547 0.0013700103154405951
142.2650604248047 244.2764434814453 0.0013699722476303577
143.1865234375 244.26864624023438 0.0013703536242246628
144.12356567382812 244.26071166992188 0.001370658865198493
145.07615661621094 244.25265502929688 0.0013712692307308316
146.04421997070312 244.2444610595703 0.0013716506073251367
147.0277862548828 244.2361297607422 0.0013723754091188312
148.0267791748047 244.22767639160156 0.0013730621431022882
149.0411834716797 244.21910095214844 0.0013737487606704235
150.0709686279297 244.2103729248047 0.001374740619212389
151.11607360839844 244.20152282714844 0.0013753508683294058
152.176513671875 244.19253540039062 0.001376304542645812
153.252197265625 244.18341064453125 0.0013770293444395065
154.34315490722656 244.17417907714844 0.001377868582494557
155.44931030273438 244.164794921875 0.0013786697527393699
156.57064819335938 244.15528869628906 0.0013795470586046576
157.70681762695312 244.14566040039062 0.0013827895745635033
158.85450744628906 244.1359100341797 0.0014072417980059981
160.0060577392578 244.1261444091797 0.0014755630400031805
161.153564453125 244.11639404296875 0.0015822601271793246
162.29168701171875 244.10675048828125 0.0017050552414730191
163.41685485839844 244.09719848632812 0.0018268966814503074
164.52674865722656 244.08778381347656 0.0019382857717573643
165.61978149414062 244.07850646972656 0.002035293495282531
166.69496154785156 244.0693817138672 0.0021167374216020107
167.7516326904297 244.06044006347656 0.0021828459575772285
168.7894744873047 244.05165100097656 0.0022353744134306908
169.80825805664062 244.0430145263672 0.0022763824090361595
170.80810546875 244.03456115722656 0.0023072813637554646
171.78900146484375 244.0262451171875 0.0023299024906009436
172.75111389160156 244.01808166503906 0.0023456572089344263
173.69464111328125 244.01007080078125 0.0023559569381177425
174.61985778808594 244.00222778320312 0.0023620985448360443
175.52700805664062 243.9945526123047 0.002364845247939229
176.41636657714844 243.98699951171875 0.002364959567785263
177.28822326660156 243.97962951660156 0.002362747211009264
178.142822265625 243.97238159179688 0.0023590850178152323
178.98056030273438 243.9652862548828 0.002354011405259371
179.8017120361328 243.9583282470703 0.00234813685528934
180.6065216064453 243.9515380859375 0.002341690007597208
181.3953094482422 243.94485473632812 0.0023347854148596525
182.16839599609375 243.9383087158203 0.002327346708625555
182.92579650878906 243.936767578125 0.002340126084163785
183.6671905517578 243.94577026367188 0.0024055480025708675
184.3928680419922 243.96514892578125 0.0024812316987663507
185.10374450683594 243.989013671875 0.0025172806344926357
185.80035400390625 244.01417541503906 0.002490157959982753
186.4828338623047 244.041748046875 0.002448882907629013
187.15142822265625 244.07151794433594 0.002413101028650999
187.80642700195312 244.102783203125 0.0023835753090679646
188.44813537597656 244.13499450683594 0.002358093159273267
189.07681274414062 244.1675567626953 0.0023336028680205345
189.69273376464844 244.20016479492188 0.0023106765002012253
190.29617309570312 244.23255920410156 0.0022892761044204235
190.88735961914062 244.26454162597656 0.0022693632636219263
191.466552734375 244.29605102539062 0.0022515105083584785
192.03404235839844 244.3270263671875 0.00223541259765625
192.59019470214844 244.35736083984375 0.002220420865342021
193.13531494140625 244.3872528076172 0.0022068405523896217
193.6698760986328 244.4164276123047 0.00219352706335485
194.19400024414062 244.4452362060547 0.0021824263967573643
194.70779418945312 244.47323608398438 0.0021733855828642845
195.2113494873047 244.50094604492188 0.0021658705081790686
195.70469665527344 244.52365112304688 0.00217094412073493
196.1879119873047 244.54307556152344 0.0021999359596520662
196.66128540039062 244.56298828125 0.002193794120103121
197.1250762939453 244.5828094482422 0.0021754454355686903
197.5793914794922 244.601806640625 0.002158546354621649
198.0243682861328 244.6205291748047 0.0021464156452566385
198.46017456054688 244.6384735107422 0.002137413015589118
198.88693237304688 244.65621948242188 0.0021303556859493256
199.30482482910156 244.67327880859375 0.0021241758950054646
199.71392822265625 244.69024658203125 0.0021186447702348232
200.11439514160156 244.7064971923828 0.002113456605002284
200.50636291503906 244.72274780273438 0.002108688233420253
200.8899688720703 244.73829650878906 0.0021041869185864925
201.2653350830078 244.7538604736328 0.00209980015642941
201.63259887695312 244.76870727539062 0.0020956038497388363
201.99183654785156 244.7836151123047 0.0020915984641760588
202.3432159423828 244.7978057861328 0.0020877455826848745
202.68682861328125 244.8120574951172 0.0020839308854192495
203.0227813720703 244.8256378173828 0.0020803450606763363
203.3512420654297 244.8392791748047 0.002076721051707864
203.6722869873047 244.8522186279297 0.002072944538667798
203.98599243164062 244.8652801513672 0.0020695114508271217
204.29241943359375 244.87460327148438 0.0020792006980627775
204.59133911132812 244.87828063964844 0.0021194075234234333
204.8831024169922 244.8772430419922 0.0021555328276008368
205.16786193847656 244.87319946289062 0.00217437744140625
205.44583129882812 244.86572265625 0.002178726252168417
205.71644592285156 244.85333251953125 0.002187652513384819
205.98011779785156 244.83827209472656 0.0021958542056381702
206.23765563964844 244.82809448242188 0.0021458433475345373
206.48904418945312 244.8194122314453 0.002085800049826503
206.7367706298828 244.81190490722656 0.0018116759601980448
206.98092651367188 244.80490112304688 0.0017034912016242743
207.22088623046875 244.7981414794922 0.0016773223178461194
207.4563446044922 244.79151916503906 0.0016870498657226562
207.68716430664062 244.7850341796875 0.0017090988112613559
207.91331481933594 244.77870178222656 0.001732788048684597
208.13485717773438 244.77249145507812 0.0017535400111228228
208.351806640625 244.76638793945312 0.0017698669107630849
208.5642852783203 244.7604217529297 0.0017818831838667393
208.7722930908203 244.75457763671875 0.001790275564417243
208.9759979248047 244.7489013671875 0.0017957305535674095
209.17539978027344 244.74327087402344 0.0017991255735978484
209.37062072753906 244.73780822753906 0.0018007277976721525
209.561767578125 244.732421875 0.0018006896134465933
209.7489776611328 244.72720336914062 0.0017997741233557463
209.9322052001953 244.72203063964844 0.0017990111373364925
210.11154174804688 244.71702575683594 0.0017975997179746628
210.28724670410156 244.71206665039062 0.0017951964400708675
210.45950317382812 244.707275390625 0.0017918396042659879
210.62838745117188 244.7055206298828 0.0018001938005909324
210.79396057128906 244.70838928222656 0.0018274306785315275
210.95664978027344 244.7130584716797 0.0018446730682626367
211.1168670654297 244.71499633789062 0.0018306731944903731
211.27479553222656 244.714111328125 0.0017955016810446978
211.4306640625 244.7126922607422 0.0017783355433493853
211.58465576171875 244.71107482910156 0.0017680739983916283
211.7373046875 244.70944213867188 0.0017572784563526511
211.88829040527344 244.707763671875 0.0017497253138571978
212.0370330810547 244.70620727539062 0.0017468261066824198
212.18313598632812 244.70460510253906 0.0017472075996920466
212.3265380859375 244.7030792236328 0.0017490767640993
212.4671173095703 244.7015380859375 0.0017512129852548242
212.60487365722656 244.7001190185547 0.001753158518113196
212.73983764648438 244.6986083984375 0.0017547988099977374
212.87203979492188 244.69720458984375 0.001755943289026618
213.00152587890625 244.69580078125 0.0017564010340720415
213.12835693359375 244.69447326660156 0.0017564772861078382
213.25257873535156 244.69305419921875 0.0017560957930982113
213.37315368652344 244.6918487548828 0.0017612456576898694
213.4901580810547 244.69052124023438 0.001766204833984375
213.60397338867188 244.68934631347656 0.0017681884346529841
213.71499633789062 244.68812561035156 0.0017674636328592896
213.823486328125 244.68701171875 0.001764602609910071
213.92971801757812 244.68577575683594 0.0017604446038603783
214.03396606445312 244.68472290039062 0.0017553711077198386
214.13638305664062 244.68359375 0.0017500304384157062
214.2372589111328 244.6825714111328 0.001744079519994557
214.33677673339844 244.6814422607422 0.001738319406285882
214.43511962890625 244.680419921875 0.0017320632468909025
214.53253173828125 244.67929077148438 0.0017259216401726007
214.6291961669922 244.6782684326172 0.0017197799170389771
214.72531127929688 244.67713928222656 0.0017139434348791838
214.82110595703125 244.67613220214844 0.0017081451369449496
214.91671752929688 244.67498779296875 0.0017021560342982411
215.0123748779297 244.67398071289062 0.0016962813679128885
215.10829162597656 244.6728515625 0.0016903304494917393
215.20460510253906 244.6718292236328 0.0016846084035933018
215.3015594482422 244.6707000732422 0.0016786193009465933
215.3993377685547 244.669677734375 0.0016727447509765625
215.49807739257812 244.66854858398438 0.0016671752091497183
215.59803771972656 244.6675262451172 0.0016615295317023993
215.69935607910156 244.66639709472656 0.0016556930495426059
215.80221557617188 244.66539001464844 0.001650047255679965
215.90687561035156 244.66424560546875 0.0016416548751294613
216.01341247558594 244.6631622314453 0.0016278456896543503
216.12210083007812 244.66192626953125 0.0016210174653679132
216.2330780029297 244.6608123779297 0.0016168212750926614
216.3465576171875 244.65953063964844 0.0016133117023855448
216.4627227783203 244.65830993652344 0.0016095733735710382
216.5817108154297 244.656982421875 0.0016058731125667691
216.70372009277344 244.6557159423828 0.0016018295427784324
216.82896423339844 244.654296875 0.0015974807320162654
216.9575958251953 244.65298461914062 0.0015930174849927425
217.08973693847656 244.65147399902344 0.0015883254818618298
217.22561645507812 244.65005493164062 0.0015832518693059683
217.3654022216797 244.6485137939453 0.0015792464837431908
217.5092315673828 244.64698791503906 0.0015745543641969562
217.6573028564453 244.64537048339844 0.0015693664317950606
217.80979919433594 244.64373779296875 0.0015640639467164874
217.96685791015625 244.64202880859375 0.0015588760143145919
218.12863159179688 244.6403045654297 0.0015535354614257812
218.29530334472656 244.6384735107422 0.001548347412608564
218.467041015625 244.63665771484375 0.0015434646047651768
218.6439971923828 244.63470458984375 0.0015385436126962304
218.82635498046875 244.63278198242188 0.0015334701165556908
219.01426696777344 244.63072204589844 0.001528511056676507
219.20790100097656 244.62864685058594 0.0015237426850944757
219.4073944091797 244.62648010253906 0.0015186690725386143
219.61285400390625 244.62425231933594 0.0015143203781917691
219.8243865966797 244.62196350097656 0.001509933383204043
220.04212951660156 244.61962890625 0.0015060424339026213
220.26617431640625 244.6171875 0.0015020751161500812
220.4965362548828 244.61468505859375 0.0014988327166065574
220.7333984375 244.61212158203125 0.0014953231438994408
220.9768524169922 244.60948181152344 0.0014921569963917136
221.22705078125 244.6067657470703 0.0016171263996511698
221.48391723632812 244.60400390625 0.0017744064098224044
221.7412872314453 244.60122680664062 0.0018481826409697533
221.99734497070312 244.59849548339844 0.0018782424740493298
222.2544708251953 244.59571838378906 0.001874046283774078
222.5138397216797 244.59288024902344 0.0018540953751653433
222.7772979736328 244.59005737304688 0.0018239974742755294
223.04556274414062 244.58714294433594 0.0017934417119249701
223.31991577148438 244.58419799804688 0.0017610549693927169
223.6005096435547 244.58116149902344 0.0017348098335787654
223.8857421875 244.5780792236328 0.0017255401471629739
224.1717987060547 244.574951171875 0.0017419814830645919
224.4568328857422 244.5718536376953 0.0017701339675113559
224.73887634277344 244.56881713867188 0.0018061065347865224
225.01747131347656 244.5657958984375 0.0018392180791124701
225.29136657714844 244.56285095214844 0.0018729019211605191
225.560546875 244.55992126464844 0.0018996428698301315
225.82423400878906 244.5570831298828 0.0019254684448242188
226.08261108398438 244.55429077148438 0.0019437407609075308
226.33506774902344 244.5515594482422 0.001961784204468131
226.58465576171875 244.548828125 0.0017699050949886441
226.831787109375 244.5461883544922 0.0016570662846788764
227.07533264160156 244.54354858398438 0.001631507882848382
227.31459045410156 244.5409698486328 0.0016458510654047132
227.54934692382812 244.53843688964844 0.0016750716604292393
227.77951049804688 244.53594970703125 0.0017061614198610187
228.00497436523438 244.53350830078125 0.0017331695416942239
228.225830078125 244.5311279296875 0.0017547988099977374
228.44210815429688 244.52877807617188 0.0017712401458993554
228.65396118164062 244.52650451660156 0.0017826842376962304
228.86134338378906 244.5242462158203 0.0017908477457240224
229.0644073486328 244.52206420898438 0.0017956923693418503
229.26319885253906 244.51991271972656 0.0017990111373364925
229.4578857421875 244.51780700683594 0.0017998885596171021
229.64845275878906 244.51576232910156 0.001800002995878458
229.8350372314453 244.5137176513672 0.0017993163783103228
230.01768493652344 244.5117645263672 0.0017983627039939165
230.19667053222656 244.5098114013672 0.0017959594260901213
230.37234497070312 244.50791931152344 0.0017918014200404286
230.54473876953125 244.50607299804688 0.0017879485385492444
230.71376037597656 244.50421142578125 0.0017854690086096525
230.87942504882812 244.50245666503906 0.0017831420991569757
231.04168701171875 244.50070190429688 0.0017817687476053834
231.20074462890625 244.49896240234375 0.0017797851469367743
231.35650634765625 244.49729919433594 0.001778564415872097
231.50914001464844 244.49563598632812 0.001776847755536437
231.65855407714844 244.4940185546875 0.0017755889566615224
231.8049774169922 244.49246215820312 0.001773834228515625
231.94830322265625 244.4908905029297 0.0017724608769640326
232.0886993408203 244.48936462402344 0.0017705917125567794
232.22618103027344 244.48789978027344 0.0017691039247438312
232.36087036132812 244.48643493652344 0.0017671585083007812
232.4927215576172 244.48500061035156 0.0017658615252003074
232.62193298339844 244.48362731933594 0.0017638015560805798
232.74839782714844 244.4822540283203 0.0017624663887545466
232.872314453125 244.48089599609375 0.0017603683518245816
232.99362182617188 244.47959899902344 0.00175895681604743
233.1112518310547 244.48057556152344 0.0017724608769640326
233.224853515625 244.484619140625 0.001800270052626729
233.3353271484375 244.48968505859375 0.001816177275031805
233.44435119628906 244.49530029296875 0.0018110655946657062
233.55213928222656 244.50140380859375 0.0017982100835070014
233.6576385498047 244.51007080078125 0.001797218224965036
233.7606201171875 244.5217742919922 0.0018090057419613004
233.86141967773438 244.53436279296875 0.0018138503655791283
233.96017456054688 244.54759216308594 0.001808547880500555
234.0574188232422 244.556884765625 0.001782226492650807
234.15301513671875 244.56141662597656 0.001771202078089118
234.24668884277344 244.56524658203125 0.001775016775354743
234.33851623535156 244.5689239501953 0.0017732619307935238
234.4283905029297 244.572509765625 0.0017677306896075606
234.5164337158203 244.5760040283203 0.0017599486745893955
234.60264587402344 244.57945251464844 0.00175304408185184
234.68711853027344 244.58279418945312 0.0017464065458625555
234.76983642578125 244.5861053466797 0.0017415237380191684
234.85089111328125 244.58932495117188 0.0017372893635183573
234.93019104003906 244.59246826171875 0.0017344665247946978
235.00791931152344 244.59556579589844 0.0017315292498096824
235.083984375 244.5985870361328 0.0017298125894740224
235.1585235595703 244.60153198242188 0.0017279814928770065
235.22952270507812 244.6043701171875 0.0017375564202666283
235.29696655273438 244.60707092285156 0.0017472457839176059
235.3612823486328 244.6083526611328 0.0017586135072633624
235.42327880859375 244.6078338623047 0.0017705535283312201
235.48361206054688 244.6068572998047 0.0017733382992446423
235.54261779785156 244.60565185546875 0.0017678833100944757
235.6005096435547 244.60435485839844 0.0017578124534338713
235.6575469970703 244.6029052734375 0.001746597234159708
235.71376037597656 244.60025024414062 0.0017407989362254739
235.77142333984375 244.59877014160156 0.0017208862118422985
235.83023071289062 244.59983825683594 0.0017042922554537654
235.8892059326172 244.60110473632812 0.0017005157424136996
235.94769287109375 244.6023712158203 0.0017005919944494963
236.00546264648438 244.60362243652344 0.0017009734874591231
236.06222534179688 244.6049041748047 0.001702384906820953
236.11798095703125 244.60614013671875 0.001703185960650444
236.17259216308594 244.60736083984375 0.0017045973800122738
236.22616577148438 244.60853576660156 0.0017054366180673242
236.27862548828125 244.6096954345703 0.0017064284766092896
236.33004760742188 244.61085510253906 0.0017068481538444757
236.38038635253906 244.61196899414062 0.0017073058988898993
236.42803955078125 244.613037109375 0.0017165755853056908
236.47296142578125 244.614013671875 0.0017255782149732113
236.51576232910156 244.614990234375 0.001730003277771175
236.5566864013672 244.61587524414062 0.0017316436860710382
236.59619140625 244.6167755126953 0.0017297744052484632
236.63450622558594 244.61761474609375 0.0017261123284697533
236.6716766357422 244.618408203125 0.0017227553762495518
236.7080078125 244.61923217773438 0.001717529259622097
236.7437286376953 244.62001037597656 0.0017125701997429132
236.7797088623047 244.620849609375 0.0017041015671566129
236.8147430419922 244.62173461914062 0.0017027663998305798
236.85073852539062 244.62265014648438 0.0016923904186114669
236.8863067626953 244.62355041503906 0.0016899871407076716
236.9232177734375 244.6244659423828 0.0016796874115243554
236.96011352539062 244.6253662109375 0.0016771698137745261
236.99862670898438 244.6262664794922 0.0016679763793945312
237.03802490234375 244.62698364257812 0.0016625976422801614
237.0791015625 244.62774658203125 0.0016556548653170466
237.1205596923828 244.62863159179688 0.0016554641770198941
237.1645050048828 244.6295623779297 0.0016464614309370518
237.2100067138672 244.6306610107422 0.0016403960762545466
237.2583465576172 244.63177490234375 0.0016309355851262808
237.3079071044922 244.63294982910156 0.001632003695704043
237.3595428466797 244.63284301757812 0.0016323851887136698
237.41253662109375 244.6313018798828 0.0016436767764389515
237.46878051757812 244.6311492919922 0.0016354750841856003
237.527587890625 244.63201904296875 0.001621894771233201
237.58970642089844 244.6329803466797 0.0016140365041792393
237.65452575683594 244.634033203125 0.0016103362431749701
237.72132873535156 244.63507080078125 0.0016109466087073088
237.791259765625 244.63624572753906 0.00160636892542243
237.86395263671875 244.6373748779297 0.0016038131434470415
237.94036865234375 244.638671875 0.0015964508056640625
238.0201873779297 244.63995361328125 0.0015916060656309128
238.10427856445312 244.64146423339844 0.0015831374330446124
238.1922149658203 244.6429901123047 0.0015779876848682761
238.28485107421875 244.6446990966797 0.0015700148651376367
238.38172912597656 244.64645385742188 0.0015651702415198088
238.48353576660156 244.64840698242188 0.0015581130282953382
238.58984375 244.65048217773438 0.0015542220789939165
238.70140075683594 244.65272521972656 0.0015477752313017845
238.81784057617188 244.65505981445312 0.0015435790410265326
238.9397735595703 244.6575927734375 0.0015371703775599599
239.06698608398438 244.6602325439453 0.0015332030598074198
239.1999969482422 244.6630859375 0.0015274810139089823
239.33853149414062 244.66603088378906 0.0015237045008689165
239.483154296875 244.669189453125 0.0015180206391960382
239.63365173339844 244.67247009277344 0.0015142059419304132
239.79031372070312 244.67298889160156 0.0015177535824477673
239.9527130126953 244.66903686523438 0.0015426253667101264
240.12155151367188 244.6631317138672 0.0015604781219735742
240.29684448242188 244.6557159423828 0.0015667724655941129
240.47848510742188 244.65139770507812 0.0015525054186582565
240.66346740722656 244.65017700195312 0.0015394592192023993
240.8486328125 244.649658203125 0.0015640639467164874
241.03219604492188 244.6493377685547 0.0016006468795239925
241.2133026123047 244.64903259277344 0.0016372299287468195
241.391357421875 244.6488494873047 0.0016688918694853783
241.56619262695312 244.64862060546875 0.0016947936965152621
241.73765563964844 244.6484375 0.001715164165943861
241.90573120117188 244.6482391357422 0.0017309188842773438
242.0704803466797 244.6480255126953 0.001742515480145812
242.23187255859375 244.6478271484375 0.0017512129852548242
242.38999938964844 244.6476287841797 0.0017574691446498036
242.5448760986328 244.64743041992188 0.0017617415869608521
242.6966094970703 244.64724731445312 0.0017644119216129184
242.84458923339844 244.6470489501953 0.001769485417753458
242.98892211914062 244.6468505859375 0.0017733382992446423
243.12989807128906 244.6466522216797 0.0017747879028320312
243.2678985595703 244.64645385742188 0.0017737197922542691
243.403076171875 244.64627075195312 0.0017709732055664062
243.5356903076172 244.6460418701172 0.0017671585083007812
243.66603088378906 244.6458740234375 0.0017626190092414618
243.7942657470703 244.64566040039062 0.0017574309604242444
243.92062377929688 244.64547729492188 0.0017518997192382812
244.0453338623047 244.645263671875 0.0017462921096011996
244.16860961914062 244.6450958251953 0.0017403792589902878
244.29061889648438 244.64488220214844 0.0017345427768304944
244.41162109375 244.6446990966797 0.0017284011701121926
244.53176879882812 244.6444854736328 0.0017224120674654841
244.65130615234375 244.64431762695312 0.0017163848970085382
244.7703857421875 244.6440887451172 0.0017104720463976264
244.88926696777344 244.6439208984375 0.0017044448759406805
245.00811767578125 244.64370727539062 0.0016986083937808871
245.1271209716797 244.64352416992188 0.0016926574753597379
245.2464599609375 244.643310546875 0.001686744624748826
245.3663787841797 244.6431427001953 0.0016807555221021175
245.487060546875 244.64292907714844 0.0016746139153838158
245.60867309570312 244.6427459716797 0.0016689300537109375
245.7313995361328 244.6425323486328 0.0016632842598482966
245.85548400878906 244.64236450195312 0.0016575622139498591
245.98109436035156 244.6421356201172 0.0016519164200872183
246.1083984375 244.6419677734375 0.0016461943741887808
246.2375946044922 244.64175415039062 0.0016403578920289874
246.36883544921875 244.64157104492188 0.0016348266508430243
246.50238037109375 244.641357421875 0.0016292952932417393
246.63832092285156 244.6411895751953 0.0016237258678302169
246.77687072753906 244.64097595214844 0.0016183089464902878
246.91824340820312 244.6407928466797 0.0016128921415656805
247.0625762939453 244.6405792236328 0.0016075515886768699
247.21006774902344 244.64041137695312 0.0016019820468500257
247.36087036132812 244.6401824951172 0.001596374437212944
247.51516723632812 244.6400146484375 0.00159111013635993
247.6731414794922 244.63980102539062 0.0015858840197324753
247.83497619628906 244.63961791992188 0.0015805816510692239
248.00079345703125 244.639404296875 0.0015755462227389216
248.17079162597656 244.6392364501953 0.0015703201061114669
248.34515380859375 244.63902282714844 0.0015653228620067239
248.52403259277344 244.63882446289062 0.0015602492494508624
248.7075958251953 244.6385040283203 0.0015550231328234076
248.89602661132812 244.6382293701172 0.001549797016195953
249.08946228027344 244.63792419433594 0.0015447997720912099
249.28805541992188 244.6376495361328 0.0015400314005091786
249.49197387695312 244.63734436035156 0.0015352248447015882
249.70130920410156 244.63706970214844 0.0015306472778320312
249.91616821289062 244.63674926757812 0.0015264510875567794
250.13671875 244.636474609375 0.0015222930815070868
250.36302185058594 244.6361846923828 0.0015183639479801059
250.59521484375 244.63589477539062 0.0015144728822633624
250.83338928222656 244.63560485839844 0.0015108870575204492
251.0776824951172 244.6352996826172 0.0015071105444803834
251.3282928466797 244.63499450683594 0.0016322326846420765
251.58511352539062 244.6345977783203 0.0017888641450554132
251.84231567382812 244.63421630859375 0.0018605804070830345
252.09793090820312 244.63381958007812 0.0018896865658462048
252.35423278808594 244.63343811035156 0.0018856048118323088
252.61227416992188 244.63304138183594 0.001866302452981472
252.8739013671875 244.6326446533203 0.00183696742169559
253.13975524902344 244.63226318359375 0.0018075179541483521
253.4111785888672 244.63186645507812 0.001775779644958675
253.6884765625 244.63148498535156 0.0017482757102698088
253.9727020263672 244.63108825683594 0.0017213057726621628
254.263916015625 244.6306915283203 0.0016991043230518699
254.5630340576172 244.63031005859375 0.0016774367541074753
254.86993408203125 244.62991333007812 0.0016602325486019254
255.1854248046875 244.62953186035156 0.0016429137904196978
255.50941467285156 244.62908935546875 0.0016293334774672985
255.8425750732422 244.62860107421875 0.0016152190510183573
256.184814453125 244.62811279296875 0.00160411826800555
256.5367736816406 244.62762451171875 0.0015922546153888106
256.8983459472656 244.62713623046875 0.0015824508154764771
257.2696228027344 244.62269592285156 0.0015862655127421021
257.6474609375 244.61585998535156 0.0016330337384715676
258.0278015136719 244.61045837402344 0.0016695022350177169
258.4070739746094 244.6055145263672 0.0017097091767936945
258.7834777832031 244.60072326660156 0.001754074008204043
259.1552734375 244.59600830078125 0.0018033981323242188
259.5217590332031 244.59133911132812 0.0018482208251953125
259.8819580078125 244.58677673339844 0.0018908691126853228
260.23577880859375 244.58226013183594 0.001924972515553236
260.5824890136719 244.57781982421875 0.0019559478387236595
260.92236328125 244.57347106933594 0.0019782637245953083
261.2549133300781 244.56922912597656 0.0019985197577625513
261.5805358886719 244.56507873535156 0.0020111845806241035
261.89874267578125 244.5609893798828 0.00202350621111691
262.2101135253906 244.55702209472656 0.0020298385061323643
262.5141296386719 244.5531463623047 0.0020370101556181908
262.8114013671875 244.54933166503906 0.002038879320025444
263.1014709472656 244.54562377929688 0.0020428085699677467
263.3851013183594 244.5419921875 0.002041511470451951
263.66180419921875 244.53843688964844 0.002042694017291069
263.9323425292969 244.53497314453125 0.0020392988808453083
264.1964111328125 244.5315704345703 0.002038497943431139
264.4547119140625 244.52825927734375 0.0020331190899014473
264.7068786621094 244.52503967285156 0.002030715811997652
264.95660400390625 244.5218048095703 0.0018208312103524804
265.2048034667969 244.5186309814453 0.0016899871407076716
265.4508056640625 244.5155029296875 0.0016474914737045765
265.6942138671875 244.5123748779297 0.0016468047397211194
265.9349365234375 244.50929260253906 0.0016624832060188055
266.17303466796875 244.5062713623047 0.0016818237490952015
266.40869140625 244.50323486328125 0.0016990279546007514
266.64208984375 244.500244140625 0.0017120360862463713
266.8734436035156 244.497314453125 0.0017206954071298242
267.1029357910156 244.494384765625 0.001725692767649889
267.3309020996094 244.491455078125 0.0017272948753088713
267.55743408203125 244.488525390625 0.0017267989460378885
267.7828674316406 244.4856414794922 0.0017243194160982966
268.0073547363281 244.48280334472656 0.0017204665346071124
268.23114013671875 244.47998046875 0.0017158507835119963
268.4544372558594 244.47715759277344 0.0017106628511101007
268.67742919921875 244.47430419921875 0.0017054748022928834
268.9003601074219 244.47149658203125 0.0016995238838717341
269.1233825683594 244.46864318847656 0.0016937255859375
269.34674072265625 244.46583557128906 0.0016875076107680798
269.5706481933594 244.46298217773438 0.0016813278198242188
269.7953186035156 244.46017456054688 0.0016754531534388661
270.0209045410156 244.45724487304688 0.0016695404192432761
270.2476501464844 244.45431518554688 0.0016635513165965676
270.4757080078125 244.45138549804688 0.0016576384659856558
270.7052917480469 244.44845581054688 0.0016517257317900658
270.93658447265625 244.44552612304688 0.0016456985613331199
271.1697998046875 244.44253540039062 0.0016401290195062757
271.40509033203125 244.4394989013672 0.0016342162853106856
271.64263916015625 244.4364776611328 0.0016285704914480448
271.8825988769531 244.4334259033203 0.0016233061905950308
272.1252136230469 244.43031311035156 0.0016180420061573386
272.3706359863281 244.42718505859375 0.0016126632690429688
272.6189880371094 244.4239959716797 0.0016073225997388363
272.8705139160156 244.4207763671875 0.001816291711293161
273.1247253417969 244.4175567626953 0.001913528423756361
273.37652587890625 244.41433715820312 0.001954574603587389
273.6294860839844 244.41110229492188 0.0019022750202566385
273.8828430175781 244.4078826904297 0.0019114684546366334
274.1342468261719 244.4046630859375 0.0019134139874950051
274.3852844238281 244.4014434814453 0.0019021987682208419
274.6365051269531 244.39822387695312 0.0018871688516810536
274.88922119140625 244.39498901367188 0.001866416889242828
275.14361572265625 244.3917694091797 0.0018473052186891437
275.40087890625 244.3884735107422 0.0018258666386827826
275.6611022949219 244.38514709472656 0.0018079376313835382
275.9251403808594 244.38177490234375 0.0017890548333525658
276.1930236816406 244.37835693359375 0.0017740249168127775
276.4655456542969 244.3748779296875 0.0017578506376594305
276.7425842285156 244.37136840820312 0.0017451858147978783
277.02496337890625 244.3677520751953 0.0017309569520875812
277.3125 244.3640594482422 0.0017205809708684683
277.6059265136719 244.36032104492188 0.0017086028819903731
277.9050598144531 244.3565216064453 0.0016992950113490224
278.21063232421875 244.3526153564453 0.001688308664597571
278.5224609375 244.3486328125 0.0016801452729851007
278.8410339355469 244.34815979003906 0.0016815185081213713
279.16558837890625 244.3544158935547 0.0017225646879523993
279.49468994140625 244.36087036132812 0.001760940533131361
279.8243713378906 244.3650665283203 0.0017721938202157617
280.1526794433594 244.3684844970703 0.0017834472237154841
280.4775085449219 244.37159729003906 0.001807899447157979
280.79827880859375 244.3745880126953 0.0018374633509665728
281.11370849609375 244.37747192382812 0.0018719482468441129
281.4237976074219 244.38031005859375 0.001901817275211215
281.72760009765625 244.383056640625 0.0019310760544613004
282.0255126953125 244.3857879638672 0.0019528197590261698
282.3168029785156 244.388427734375 0.0019735717214643955
282.6018981933594 244.3910369873047 0.0019869613461196423
282.88031005859375 244.39356994628906 0.0020003127865493298
283.15252685546875 244.39602661132812 0.0020073316991329193
283.41802978515625 244.39846801757812 0.002015609759837389
283.6775207519531 244.4008331298828 0.0020180130377411842
283.9303894042969 244.4031524658203 0.002022705040872097
284.1795349121094 244.40541076660156 0.0018224716186523438
284.4256286621094 244.40765380859375 0.0017012786120176315
284.66802978515625 244.40988159179688 0.0016667174641042948
284.9064025878906 244.4120330810547 0.0016717910766601562
285.1407470703125 244.41416931152344 0.0016915129963308573
285.37115478515625 244.41629028320312 0.001713447505608201
285.5978698730469 244.4183349609375 0.0017322158673778176
285.82110595703125 244.42037963867188 0.0017462157411500812
286.0410461425781 244.42239379882812 0.0017554473597556353
286.2579650878906 244.42434692382812 0.0017604827880859375
286.4721374511719 244.42630004882812 0.0017622757004573941
286.68377685546875 244.4282684326172 0.0017614745302125812
286.8930969238281 244.43019104003906 0.0017589187482371926
287.1003112792969 244.43206787109375 0.0017553711077198386
287.3056945800781 244.43389892578125 0.0017505645519122481
287.50946044921875 244.43577575683594 0.0017452239990234375
287.7117919921875 244.43760681152344 0.0017394637688994408
287.9129943847656 244.43948364257812 0.0017334746662527323
288.1131896972656 244.4413299560547 0.0017272186232730746
288.3126525878906 244.4431915283203 0.0017206191550940275
288.5115966796875 244.44503784179688 0.0017141723074018955
288.710205078125 244.44691467285156 0.0017081069527193904
288.90875244140625 244.44874572753906 0.0017019653460010886
289.1073913574219 244.45062255859375 0.0016957473708316684
289.3062744140625 244.45245361328125 0.0016896056476980448
289.5057067871094 244.45433044433594 0.0016834258567541838
289.7057800292969 244.45616149902344 0.0016772460658103228
289.90679931640625 244.45803833007812 0.0016711425269022584
290.10888671875 244.4598846435547 0.0016648864839226007
290.31231689453125 244.4617462158203 0.0016588973812758923
290.5172119140625 244.46359252929688 0.0016530227148905396
290.7237548828125 244.46546936035156 0.001647262484766543
290.9321594238281 244.4673309326172 0.001641235314309597
291.14263916015625 244.4693145751953 0.0016356658888980746
291.35528564453125 244.4712371826172 0.0016300200950354338
291.57037353515625 244.4732208251953 0.0016242217971011996
291.78802490234375 244.4751434326172 0.0016188430599868298
292.0084533691406 244.47720336914062 0.0016132354503497481
292.2318420410156 244.47923278808594 0.001607818529009819
292.4582824707031 244.4812774658203 0.0016024779761210084
292.68804931640625 244.48336791992188 0.0015974044799804688
292.9212341308594 244.4855194091797 0.0015922546153888106
293.1580505371094 244.4876708984375 0.0015871047507971525
293.3985595703125 244.48985290527344 0.0015819548862054944
293.6430358886719 244.4921112060547 0.001577415387146175
293.8915100097656 244.49435424804688 0.0015724563272669911
294.14422607421875 244.49667358398438 0.001812896691262722
294.3993835449219 244.4990234375 0.0018965149065479636
294.6513671875 244.50132751464844 0.0019364546751603484
294.90496826171875 244.50363159179688 0.001874046283774078
295.1629333496094 244.50596618652344 0.0018712615128606558
295.419921875 244.50831604003906 0.0018719100626185536
295.67706298828125 244.5106658935547 0.0018659591441974044
295.9359436035156 244.51300048828125 0.0018502044258639216
296.1969909667969 244.51535034179688 0.0018325423588976264
296.4615478515625 244.51779174804688 0.0018106460338458419
296.7297058105469 244.52023315429688 0.00179119105450809
297.0025634765625 244.52273559570312 0.0017702102195471525
297.2801208496094 244.5252685546875 0.001753311138600111
297.56329345703125 244.52783203125 0.0017351913265883923
297.8520202636719 244.53045654296875 0.0017205809708684683
298.14703369140625 244.5331573486328 0.0017049408052116632
298.4482727050781 244.535888671875 0.0016932296566665173
298.7564697265625 244.5387420654297 0.0016804885817691684
299.0713806152344 244.54161071777344 0.0016704940935596824
299.3938293457031 244.54452514648438 0.0016590880695730448
299.7235412597656 244.5475311279297 0.0016499328194186091
300.061279296875 244.55064392089844 0.0016399383312091231
300.4068603515625 244.5537872314453 0.0016321181319653988
300.76092529296875 244.5570068359375 0.0016225813888013363
301.1233825683594 244.560302734375 0.0016151809832081199
301.4948425292969 244.56369018554688 0.0016059493646025658
301.87518310546875 244.567138671875 0.00159873953089118
302.2650146484375 244.57069396972656 0.0015898513374850154
302.6642761230469 244.57432556152344 0.0015827941242605448
303.0735168457031 244.57806396484375 0.0015737151261419058
303.4927062988281 244.5818634033203 0.0015667342813685536
303.92242431640625 244.58580017089844 0.0015581512125208974
304.3626403808594 244.5897979736328 0.0015510559314861894
304.8138732910156 244.5939178466797 0.0015421294374391437
305.27618408203125 244.59814453125 0.001534690847620368
305.7501220703125 244.6024627685547 0.0015256500337272882
306.2357482910156 244.6068878173828 0.001517715398222208
306.7336120605469 244.61141967773438 0.0015081405872479081
307.2439880371094 244.61607360839844 0.0014984512235969305
307.7676696777344 244.62083435058594 0.0014859390212222934
308.3049621582031 244.625732421875 0.0014737319434061646
308.85595703125 244.63075256347656 0.0014637374551966786
309.4203796386719 244.63589477539062 0.0014576721005141735
309.9981384277344 244.64114379882812 0.0014536285307258368
310.5891418457031 244.6465606689453 0.0014516448136419058
311.19342041015625 244.65206909179688 0.0014516067458316684
311.81109619140625 244.65768432617188 0.0014499664539471269
312.44232177734375 244.6634063720703 0.0014470290625467896
313.0873107910156 244.6692657470703 0.001443138113245368
313.7462158203125 244.6752471923828 0.0014385223621502519
314.4193420410156 244.68133544921875 0.0014334869338199496
315.10687255859375 244.6875762939453 0.0014275740832090378
315.80914306640625 244.69393920898438 0.0014212036039680243
316.52630615234375 244.700439453125 0.0014144134474918246
317.2587890625 244.70706176757812 0.001407356234267354
318.00665283203125 244.71383666992188 0.0014002227690070868
318.77001953125 244.72073364257812 0.0013940810458734632
319.5490417480469 244.72781372070312 0.0013886642409488559
320.34320068359375 244.72979736328125 0.0014002990210428834
321.1523132324219 244.7273712158203 0.0014482497936114669
321.9734802246094 244.72482299804688 0.0014802169753238559
322.7994079589844 244.72091674804688 0.0015365981962531805
323.6228332519531 244.7156219482422 0.0016268157633021474
324.4391174316406 244.70913696289062 0.0017318343743681908
325.2453308105469 244.70181274414062 0.001834869384765625
326.0396728515625 244.6938934326172 0.001927184988744557
326.82098388671875 244.68556213378906 0.0020049666054546833
327.58856201171875 244.67698669433594 0.0020676041021943092
328.34210205078125 244.6683349609375 0.0021166610531508923
329.0813903808594 244.65966796875 0.0021543120965361595
329.8065185546875 244.65101623535156 0.0021820068359375
330.5174865722656 244.6424560546875 0.002201690571382642
331.21441650390625 244.63401794433594 0.002215499756857753
331.8974609375 244.62567138671875 0.0022241973783820868
332.5668640136719 244.6175079345703 0.002229080069810152
333.2228698730469 244.60948181152344 0.0022311401553452015
333.86572265625 244.6016082763672 0.002231025602668524
334.49560546875 244.59390258789062 0.002229232806712389
335.11279296875 244.5863494873047 0.0022261810954660177
335.717529296875 244.57891845703125 0.002222213661298156
336.30999755859375 244.5716552734375 0.0022175598423928022
336.8904724121094 244.56454467773438 0.0022123337257653475
337.4591979980469 244.5575714111328 0.0022068785037845373
338.0163269042969 244.5507354736328 0.0022010421380400658
338.56219482421875 244.54405212402344 0.0021948623470962048
339.09698486328125 244.53746032714844 0.0021886061877012253
339.62103271484375 244.5310821533203 0.002181434538215399
340.13482666015625 244.52468872070312 0.0021729660220444202
340.63861083984375 244.5186309814453 0.002164497273042798
341.1325378417969 244.51243591308594 0.0021574401762336493
341.61651611328125 244.5066375732422 0.0021512603852897882
342.0908203125 244.50067138671875 0.002145919715985656
342.5555114746094 244.49508666992188 0.0021412658970803022
343.0107421875 244.48934936523438 0.002136497525498271
343.4566650390625 244.48397827148438 0.0021320341620594263
343.8934020996094 244.47845458984375 0.002127761719748378
344.3210754394531 244.47332763671875 0.0021234892774373293
344.7398376464844 244.468017578125 0.0021191025152802467
345.14996337890625 244.46311950683594 0.0021144102793186903
345.5516662597656 244.4580078125 0.0021091080270707607
345.9451904296875 244.45333862304688 0.0021032714284956455
346.33074951171875 244.4484100341797 0.0020970916375517845
346.708740234375 244.4439239501953 0.0020901106763631105
347.0793151855469 244.43917846679688 0.002083358820527792
347.44281005859375 244.4348602294922 0.0020763396751135588
347.7994384765625 244.43028259277344 0.0020689391531050205
348.1495666503906 244.4261474609375 0.0020613097585737705
348.49334716796875 244.42173767089844 0.002053832868114114
348.8310546875 244.41775512695312 0.002046127337962389
349.1629943847656 244.4134521484375 0.0020384215749800205
349.48944091796875 244.40963745117188 0.002030982868745923
349.81060791015625 244.40548706054688 0.0020235441625118256
350.1266784667969 244.40179443359375 0.002015991136431694
350.4379577636719 244.39776611328125 0.0020088194869458675
350.7447204589844 244.39419555664062 0.002001609653234482
351.0471496582031 244.39027404785156 0.0019944761879742146
351.34539794921875 244.3867950439453 0.0019874954596161842
351.6397705078125 244.38296508789062 0.0019803999457508326
351.9305114746094 244.37957763671875 0.001973495353013277
352.21783447265625 244.3758544921875 0.0019665907602757215
352.50189208984375 244.37255859375 0.0019597625359892845
352.782958984375 244.36888122558594 0.001953239319846034
353.061279296875 244.3656768798828 0.0019464873475953937
353.3370361328125 244.36204528808594 0.0019399260636419058
353.6105041503906 244.35888671875 0.0019334792159497738
353.88177490234375 244.3553466796875 0.0019270324846729636
354.1512145996094 244.35223388671875 0.0019203948322683573
354.4189453125 244.3487091064453 0.001913795480504632
354.6852722167969 244.3456268310547 0.0019071578281000257
354.95037841796875 244.34214782714844 0.0019004058558493853
355.2144775390625 244.339111328125 0.0018938827561214566
355.4778747558594 244.33567810058594 0.0018871306674554944
355.74078369140625 244.33267211914062 0.0018802642589434981
356.0033874511719 244.32923889160156 0.001873512170277536
356.2660217285156 244.3262176513672 0.0018665313255041838
356.52880859375 244.32278442382812 0.0018595122965052724
356.7921142578125 244.3197784423828 0.0018525695195421576
357.0561218261719 244.31634521484375 0.0018452071817591786
357.3211364746094 244.3132781982422 0.001837882911786437
357.5873107910156 244.30975341796875 0.001830787630751729
357.8549499511719 244.30665588378906 0.00182342529296875
358.1242980957031 244.30311584472656 0.0018159865867346525
358.3956298828125 244.30001831054688 0.0018086242489516735
358.66912841796875 244.29641723632812 0.0018013381632044911
358.9451599121094 244.293212890625 0.0017940138932317495
359.2238464355469 244.28958129882812 0.0017864226829260588
359.5055847167969 244.28631591796875 0.0017787551041692495
359.79052734375 244.28260803222656 0.0017712401458993554
360.0789489746094 244.2792510986328 0.0017637251876294613
360.3708801269531 244.2754364013672 0.0017576980171725154
360.66455078125 244.2720184326172 0.001764755230396986
360.9574279785156 244.26820373535156 0.001786308246664703
361.247802734375 244.2648162841797 0.0018152999691665173
361.53466796875 244.26109313964844 0.001845893799327314
361.8173828125 244.2578125 0.0018750381423160434
362.0953063964844 244.25418090820312 0.0019012069096788764
362.36810302734375 244.2510223388672 0.0019235610961914062
362.63568115234375 244.2475128173828 0.0019418715965002775
362.89801025390625 244.24449157714844 0.001956786960363388
363.1549987792969 244.2410888671875 0.0019676971714943647
363.40673828125 244.2382049560547 0.0019754027016460896
363.65673828125 244.23507690429688 0.0018276977352797985
363.9051818847656 244.23587036132812 0.0016876602312549949
364.1510009765625 244.2377471923828 0.001660308800637722
364.3934020996094 244.2372589111328 0.0016560745425522327
364.631591796875 244.2361602783203 0.0016683959402143955
364.8653869628906 244.2349395751953 0.001694106962531805
365.0945129394531 244.23367309570312 0.001721611013635993
365.3190612792969 244.23239135742188 0.0017454528715461493
365.5389709472656 244.23118591308594 0.0017641066806390882
365.7543640136719 244.22999572753906 0.0017775725573301315
365.9653015136719 244.2288360595703 0.0017872619209811091
366.171875 244.22764587402344 0.001793556148186326
366.37408447265625 244.22653198242188 0.0017975997179746628
366.5720520019531 244.22544860839844 0.0017998885596171021
366.7658996582031 244.2244110107422 0.0018007277976721525
366.9557189941406 244.22329711914062 0.0018001556163653731
367.14166259765625 244.22227478027344 0.0017989730695262551
367.3236999511719 244.2212677001953 0.0017974090296775103
367.50201416015625 244.22032165527344 0.0017955779330804944
367.6766662597656 244.2193145751953 0.001793403527699411
367.8477783203125 244.21836853027344 0.00179119105450809
368.0153503417969 244.21739196777344 0.0017890548333525658
368.17926025390625 244.21954345703125 0.0017993163783103228
368.33935546875 244.2259979248047 0.0018284606048837304
368.49609375 244.2341766357422 0.0018479155842214823
368.64947509765625 244.24325561523438 0.001852340647019446
368.79974365234375 244.25315856933594 0.001847076346166432
368.9468688964844 244.26364135742188 0.0018377684755250812
369.09027099609375 244.27743530273438 0.0018405914306640625
369.23052978515625 244.29006958007812 0.0018368911696597934
369.3681945800781 244.29702758789062 0.0018040465656667948
369.5032043457031 244.30262756347656 0.001797752338461578
369.6353759765625 244.30792236328125 0.0017950820038095117
369.76483154296875 244.31298828125 0.0017899703234434128
369.89166259765625 244.31797790527344 0.0017832183511927724
370.0158996582031 244.3228302001953 0.0017763900104910135
370.1375427246094 244.32765197753906 0.0017703246558085084
370.2566833496094 244.332275390625 0.0017652129754424095
370.3733215332031 244.3369140625 0.0017609787173569202
370.48760986328125 244.3413543701172 0.0017575453966856003
370.5995178222656 244.34579467773438 0.0017545699374750257
370.70916748046875 244.3500518798828 0.0017522048437967896
370.8165283203125 244.35430908203125 0.0017499541863799095
370.9216613769531 244.35841369628906 0.001748313894495368
371.0246276855469 244.3624725341797 0.001746597234159708
371.1254577636719 244.36642456054688 0.0017448425060138106
371.2242431640625 244.37034606933594 0.0017435835907235742
371.3209228515625 244.37411499023438 0.0017422866076231003
371.4156494140625 244.37786865234375 0.0017409896245226264
371.5068664550781 244.38137817382812 0.001748313894495368
371.5943908691406 244.3831329345703 0.0017630767542868853
371.6786193847656 244.38241577148438 0.0017845535185188055
371.76019287109375 244.38107299804688 0.0017953108763322234
371.83941650390625 244.37928771972656 0.0017945480067282915
371.9166259765625 244.37747192382812 0.0017868423601612449
371.99212646484375 244.3753204345703 0.0017761229537427425
372.0657653808594 244.37173461914062 0.0017716980073601007
372.1378479003906 244.36599731445312 0.0017755507724359632
372.21124267578125 244.35939025878906 0.001761856023222208
372.28558349609375 244.35214233398438 0.0017460250528529286
372.3600769042969 244.34814453125 0.0017221069429069757
372.43389892578125 244.34767150878906 0.0017195128602907062
372.5067138671875 244.34765625 0.0017269133822992444
372.5782775878906 244.34759521484375 0.0017304611392319202
372.64849853515625 244.3476104736328 0.0017300796462222934
372.7173767089844 244.34754943847656 0.001727790804579854
372.7848815917969 244.3475799560547 0.0017252349061891437
372.85101318359375 244.3475341796875 0.001722793560475111
372.915771484375 244.3475799560547 0.001721076900139451
372.979248046875 244.34751892089844 0.0017194366082549095
373.04144287109375 244.34754943847656 0.001718063373118639
373.1006164550781 244.3474578857422 0.0017259597079828382
373.1569519042969 244.3475341796875 0.0017338561592623591
373.2108459472656 244.3474578857422 0.0017379759810864925
373.2626037597656 244.3475341796875 0.0017392730806022882
373.3126220703125 244.3474578857422 0.0017380141653120518
373.3611145019531 244.34751892089844 0.0017347335815429688
373.4084167480469 244.3474578857422 0.0017300796462222934
373.4548034667969 244.34751892089844 0.0017245864728465676
373.50042724609375 244.34844970703125 0.0017224883195012808
373.5456237792969 244.35073852539062 0.0017251204699277878
373.5908203125 244.35317993164062 0.0017229461809620261
373.6361389160156 244.35585021972656 0.0017158889677375555
373.6817932128906 244.3585662841797 0.0017065429128706455
373.7276916503906 244.36007690429688 0.0016942977672442794
373.7744445800781 244.36053466796875 0.0016862106276676059
373.8221740722656 244.36105346679688 0.0016800689045339823
373.870849609375 244.3614044189453 0.001673850929364562
373.92108154296875 244.36184692382812 0.0016659545945003629
373.9728088378906 244.36219787597656 0.0016580963274464011
374.0262145996094 244.3627166748047 0.0016505431849509478
374.0813293457031 244.3631591796875 0.0016440581530332565
374.13824462890625 244.36370849609375 0.001638336107134819
374.197021484375 244.3641357421875 0.0016338347923010588
374.25787353515625 244.36468505859375 0.0016297149704769254
374.3207702636719 244.36512756347656 0.0016264724545180798
374.38623046875 244.36575317382812 0.001620445167645812
374.4543762207031 244.3662872314453 0.001615447923541069
374.5248718261719 244.36692810058594 0.0016126632690429688
374.5976867675781 244.3674774169922 0.0016113662859424949
374.6730041503906 244.36817932128906 0.0016094589373096824
374.7511291503906 244.36875915527344 0.0016061782371252775
374.8321838378906 244.3695068359375 0.0016032409621402621
374.91595458984375 244.37013244628906 0.0016014098655432463
375.0029602050781 244.3709259033203 0.0015979766612872481
375.0934143066406 244.3716583251953 0.0015927505446597934
375.1877746582031 244.37249755859375 0.001586379949003458
375.2861328125 244.37326049804688 0.0015798186650499701
375.38873291015625 244.3741912841797 0.0015730285085737705
375.4958801269531 244.37501525878906 0.0015663146041333675
375.60760498046875 244.3760223388672 0.0015601729974150658
375.7242126464844 244.376953125 0.0015541458269581199
375.84576416015625 244.37802124023438 0.0015484237810596824
375.9725036621094 244.37904357910156 0.0015427398029714823
376.1045227050781 244.3801727294922 0.0015371703775599599
376.2420959472656 244.3813018798828 0.0015314101474359632
376.38525390625 244.38253784179688 0.0015260695945471525
376.5343017578125 244.38375854492188 0.0015211486024782062
376.689208984375 244.3850860595703 0.0015158080495893955
376.8502502441406 244.38641357421875 0.0015111541142687201
377.0176086425781 244.3878631591797 0.0015065001789480448
377.19140625 244.38931274414062 0.0015017318073660135
377.3717346191406 244.39085388183594 0.0014969634357839823
377.5588684082031 244.39239501953125 0.0014918135711923242
377.7529296875 244.39407348632812 0.0014869689475744963
377.9540100097656 244.39573669433594 0.0014825058169662952
378.1622314453125 244.39749145507812 0.00147838587872684
378.3775634765625 244.39930725097656 0.0014747238019481301
378.6001892089844 244.4011688232422 0.0014712524134665728
378.83001708984375 244.4031219482422 0.0014689635718241334
379.0672607421875 244.4051055908203 0.001466293353587389
379.31195068359375 244.40716552734375 0.0014637756394222379
379.5643005371094 244.40931701660156 0.0016370773082599044
379.82366943359375 244.41148376464844 0.0017658615252003074
380.0821533203125 244.4136199951172 0.0018358611268922687
380.3409729003906 244.415771484375 0.0018567275255918503
380.6015930175781 244.41796875 0.001849708496592939
380.86614990234375 244.4202117919922 0.0018242645310238004
381.1356506347656 244.42245483398438 0.0017937087686732411
381.41156005859375 244.4248046875 0.0017591094365343451
381.69451904296875 244.42718505859375 0.0017278670566156507
381.98553466796875 244.42962646484375 0.0016965484246611595
382.2848815917969 244.43214416503906 0.00167083740234375
382.5934753417969 244.4347381591797 0.0016458892496302724
382.9112548828125 244.4374237060547 0.001625976525247097
383.2390441894531 244.44017028808594 0.0016067123506218195
383.5767822265625 244.44300842285156 0.0015910338843241334
383.9251403808594 244.44595336914062 0.0015756988432258368
384.2840270996094 244.448974609375 0.001563606201671064
384.6540832519531 244.45208740234375 0.0015504836337640882
385.03533935546875 244.45529174804688 0.0015407562023028731
385.4283142089844 244.45863342285156 0.0015295027988031507
385.8329162597656 244.46202087402344 0.0015202712966129184
386.2499084472656 244.46554565429688 0.0015101241879165173
386.6790466308594 244.4691619873047 0.0015016937395557761
387.12109375 244.47288513183594 0.0014915084466338158
387.575927734375 244.47671508789062 0.0014831542503088713
388.0443420410156 244.48065185546875 0.001473388634622097
388.5262451171875 244.48472595214844 0.0014645004412159324
389.0224914550781 244.48887634277344 0.001452598487958312
389.5335998535156 244.49317932128906 0.001439323415979743
390.0601806640625 244.4976043701172 0.0014255904825404286
390.60186767578125 244.50216674804688 0.0014165878528729081
391.1583557128906 244.5068359375 0.0014113998040556908
391.72943115234375 244.5116424560547 0.0014092635829001665
392.3150329589844 244.5165557861328 0.0014076613588258624
392.91522216796875 244.52159118652344 0.001407089177519083
393.5300598144531 244.52674865722656 0.00140575401019305
394.1597595214844 244.53204345703125 0.00140380859375
394.804443359375 244.5374755859375 0.0014011000748723745
395.46435546875 244.5430145263672 0.0013967131962999701
396.1397705078125 244.5487060546875 0.0013924789382144809
396.8307800292969 244.55450439453125 0.0013875961303710938
397.53753662109375 244.56044006347656 0.0013829040108248591
398.2601013183594 244.56651306152344 0.0013791274977847934
398.99847412109375 244.57272338867188 0.0013762282906100154
399.752685546875 244.5790557861328 0.0013734817039221525
400.5227355957031 244.58554077148438 0.0013710021739825606
401.3086242675781 244.59214782714844 0.0013696288224309683
402.11029052734375 244.598876953125 0.0013685607118532062
402.92779541015625 244.6057586669922 0.001367874094285071
403.76104736328125 244.6127471923828 0.0013671874767169356
404.6100769042969 244.619873046875 0.0013672256609424949
405.4747314453125 244.62713623046875 0.0013672637287527323
406.35479736328125 244.634521484375 0.001370391808450222
407.246826171875 244.64202880859375 0.0013951491564512253
408.1434326171875 244.64955139160156 0.0014609146164730191
409.03717041015625 244.6570587158203 0.0015642165672034025
409.92327880859375 244.6645050048828 0.001679496723227203
410.7987060546875 244.67189025878906 0.0017930221511051059
411.6614074707031 244.6791534423828 0.001895103370770812
412.51025390625 244.68630981445312 0.0019823454786092043
413.3443908691406 244.6933135986328 0.0020553970243781805
414.16351318359375 244.7001953125 0.0021131134126335382
414.9672546386719 244.70697021484375 0.0021578215528279543
415.7557373046875 244.71359252929688 0.0021916197147220373
416.5289611816406 244.7200927734375 0.002216339111328125
417.2872619628906 244.72645568847656 0.0022335052490234375
418.0308532714844 244.73269653320312 0.0022442627232521772
418.7601013183594 244.73880004882812 0.0022494506556540728
419.47552490234375 244.74481201171875 0.0022503661457449198
420.1776123046875 244.75071716308594 0.0022475814912468195
420.86669921875 244.75650024414062 0.002242202637717128
421.5433044433594 244.76217651367188 0.002234497107565403
422.20794677734375 244.76776123046875 0.0022256087977439165
422.8610534667969 244.77325439453125 0.002215156564489007
423.50311279296875 244.7786407470703 0.002203979529440403
424.1345520019531 244.783935546875 0.0021923065651208162
424.755859375 244.78915405273438 0.00218029017560184
425.36749267578125 244.79429626464844 0.0021678924094885588
425.96978759765625 244.7993621826172 0.0021555328276008368
426.5632629394531 244.80435180664062 0.002143211429938674
427.1483154296875 244.8092498779297 0.0021308897994458675
427.7252502441406 244.81411743164062 0.002118606586009264
428.294677734375 244.81887817382812 0.002106361323967576
428.85687255859375 244.82362365722656 0.0020941542461514473
429.4122619628906 244.82823181152344 0.0020820999052375555
429.96124267578125 244.83294677734375 0.0020702362526208162
430.5040588378906 244.83741760253906 0.002059021033346653
431.0410461425781 244.84201049804688 0.0020486449357122183
431.57244873046875 244.84640502929688 0.0020389175042510033
432.09857177734375 244.8509063720703 0.0020290755201131105
432.6197204589844 244.85519409179688 0.0020196533296257257
433.1361999511719 244.859619140625 0.0020105361472815275
433.6482238769531 244.86378479003906 0.002001533517614007
434.15625 244.8682098388672 0.001992721576243639
434.6604309082031 244.87228393554688 0.0019841003231704235
435.1609802246094 244.87661743164062 0.001975364750251174
435.65826416015625 244.88067626953125 0.0019668578170239925
436.1526184082031 244.88497924804688 0.001958389300853014
436.6442565917969 244.88894653320312 0.001949958736076951
437.1334228515625 244.89317321777344 0.0019415664719417691
437.62054443359375 244.8971405029297 0.0019332885276526213
438.1057434082031 244.90138244628906 0.0019250105833634734
438.5893249511719 244.9053497314453 0.0019168471917510033
439.0715637207031 244.90953063964844 0.0019087218679487705
439.5526428222656 244.91339111328125 0.001900482107885182
440.0329895019531 244.9175262451172 0.0018923949683085084
440.5128479003906 244.92140197753906 0.0018844222649931908
440.99237060546875 244.925537109375 0.001876563997939229
441.47186279296875 244.92941284179688 0.0018684386741369963
441.9516296386719 244.9335479736328 0.0018603515345603228
442.4319763183594 244.9374237060547 0.001852493267506361
442.91302490234375 244.94155883789062 0.0018447875045239925
443.3951721191406 244.94546508789062 0.0018368529854342341
443.8786315917969 244.94970703125 0.0018287276616320014
444.36370849609375 244.9536590576172 0.0018209075788035989
444.8506164550781 244.95790100097656 0.001813011127524078
445.339599609375 244.9618682861328 0.0018052291125059128
445.83099365234375 244.9661102294922 0.0017970657208934426
446.3250732421875 244.97015380859375 0.0017891692696139216
446.822021484375 244.97447204589844 0.0017815398750826716
447.3221740722656 244.97854614257812 0.0017737578600645065
447.8257751464844 244.9828643798828 0.001765403663739562
448.33306884765625 244.98703002929688 0.0017572020879015326
448.8443603515625 244.99143981933594 0.0017493820050731301
449.3599548339844 244.99562072753906 0.0017418288625776768
449.8800048828125 245.00010681152344 0.0017333602299913764
450.40484619140625 245.00440979003906 0.0017254637787118554
450.9347839355469 245.0089569091797 0.0017174530075863004
451.4700622558594 245.0133514404297 0.0017095183720812201
452.01092529296875 245.01800537109375 0.0017013167962431908
452.5577697753906 245.0225067138672 0.001693191472440958
453.1107177734375 245.02723693847656 0.0016848372761160135
453.6702575683594 245.03184509277344 0.0016761397710070014
454.2366638183594 245.03671264648438 0.0016669463366270065
454.81011962890625 245.04144287109375 0.0016582488315179944
455.3908996582031 245.04638671875 0.0016499328194186091
455.9793701171875 245.05130004882812 0.0016416548751294613
456.5757751464844 245.05633544921875 0.001633071806281805
457.1802978515625 245.06138610839844 0.0016246032901108265
457.79315185546875 245.0665740966797 0.0016167068388313055
458.41455078125 245.07174682617188 0.001609535189345479
459.044677734375 245.07704162597656 0.0016031265258789062
459.6837158203125 245.08241271972656 0.0015967177459970117
460.3318176269531 245.08786010742188 0.0015904235187917948
460.98919677734375 245.09339904785156 0.001584014855325222
461.6560363769531 245.09898376464844 0.0015777968801558018
462.3326416015625 245.10464477539062 0.0015718841459602118
463.01910400390625 245.1103973388672 0.0015657424228265882
463.7156982421875 245.1162567138672 0.0015596008161082864
464.4226379394531 245.12220764160156 0.0015527724754065275
465.1402282714844 245.1282196044922 0.0015458296984434128
465.8687744140625 245.1343231201172 0.001538352924399078
466.60845947265625 245.1405487060547 0.0015313338954001665
467.359130859375 245.1416778564453 0.0015401840209960938
468.1202697753906 245.13156127929688 0.0016044235089793801
468.89215087890625 245.1099090576172 0.0016861724434420466
469.67205810546875 245.08230590820312 0.0017593002412468195
470.4534606933594 245.052001953125 0.0018057632260024548
471.23046875 245.01806640625 0.001862487755715847
471.9991760253906 244.98098754882812 0.001931266742758453
472.7572937011719 244.941650390625 0.0020015717018395662
473.50347900390625 244.90081787109375 0.0020641707815229893
474.23675537109375 244.85916137695312 0.002114791888743639
474.956787109375 244.81719970703125 0.0021534347906708717
475.6632385253906 244.77528381347656 0.0021812438499182463
476.3561706542969 244.7336883544922 0.002200240967795253
477.03558349609375 244.69256591796875 0.0022123337257653475
477.7015380859375 244.65203857421875 0.0022194671910256147
478.3543395996094 244.61219787597656 0.0022229766473174095
478.9940490722656 244.57310485839844 0.0022238921374082565
479.620849609375 244.5347137451172 0.0022227477747946978
480.235107421875 244.49703979492188 0.0022203826811164618
480.8369445800781 244.4601287841797 0.002216987544670701
481.4266357421875 244.42391967773438 0.002212867606431246
482.0043640136719 244.3884735107422 0.002208175603300333
482.57037353515625 244.35372924804688 0.00220317835919559
483.1248779296875 244.31968688964844 0.002197647001594305
483.6681213378906 244.28636169433594 0.0021920776925981045
484.2004089355469 244.25364685058594 0.0021857069805264473
484.72216796875 244.2217254638672 0.0021781157702207565
485.2337646484375 244.19021606445312 0.0021696852054446936
485.7353820800781 244.1595001220703 0.002162017859518528
486.2270202636719 244.1291961669922 0.002155571011826396
486.7088928222656 244.09974670410156 0.0021498489659279585
487.18096923828125 244.07066345214844 0.0021446608006954193
487.6435852050781 244.04241943359375 0.002140159485861659
488.0967102050781 244.01446533203125 0.002135696355253458
488.54052734375 243.98739624023438 0.0021312714088708162
488.9752197265625 243.96058654785156 0.00212688441388309
489.40087890625 243.9346160888672 0.0021240233909338713
489.8175964355469 243.9126739501953 0.0021359252277761698
490.2252197265625 243.89906311035156 0.002186851343140006
490.62396240234375 243.89146423339844 0.002236022846773267
491.01416015625 243.8898162841797 0.0022665022406727076
491.3958740234375 243.8931121826172 0.0022807694040238857
491.769287109375 243.9017791748047 0.0022838592994958162
492.1345520019531 243.91018676757812 0.0022618102375417948
492.491943359375 243.91700744628906 0.0022050475236028433
492.8414611816406 243.92295837402344 0.0021523665636777878
493.1832580566406 243.9291534423828 0.0021167374216020107
493.5174865722656 243.9349365234375 0.0020950697362422943
493.84417724609375 243.94105529785156 0.0020827101543545723
494.1634521484375 243.9467010498047 0.0020748518873006105
494.4754943847656 243.95265197753906 0.0020694732666015625
494.78033447265625 243.9580841064453 0.002065315144136548
495.07818603515625 243.96380615234375 0.0020618820562958717
495.3690185546875 243.968994140625 0.0020583723671734333
495.6530456542969 243.97450256347656 0.0020549774635583162
495.930419921875 243.97943115234375 0.0020515823271125555
496.2012023925781 243.9846649169922 0.0020480728708207607
496.4654846191406 243.98939514160156 0.002048759488388896
496.7234802246094 243.9944305419922 0.002045059110969305
496.9752197265625 243.99891662597656 0.0020407484844326973
497.2232666015625 244.0035858154297 0.0017991255735978484
497.4677734375 244.0081787109375 0.0017024230910465121
497.7080383300781 244.01272583007812 0.001679382286965847
497.94378662109375 244.01719665527344 0.001689376775175333
498.1748962402344 244.02157592773438 0.001711082411929965
498.4014587402344 244.02587890625 0.0017338561592623591
498.6236572265625 244.0300750732422 0.0017530822660773993
498.841552734375 244.03419494628906 0.0017674636328592896
499.05517578125 244.0382537841797 0.001778678852133453
499.2644348144531 244.04220581054688 0.0017870330484583974
499.4693908691406 244.04611206054688 0.0017927169101312757
499.6700744628906 244.04989624023438 0.0017966079758480191
499.8665466308594 244.0536346435547 0.0017988586332648993
500.0589294433594 244.05723571777344 0.0017994689987972379
500.2474060058594 244.0608367919922 0.0017992401262745261
500.4319763183594 244.06431579589844 0.0017980193952098489
500.6126708984375 244.0677490234375 0.0017964171711355448
500.7897644042969 244.07107543945312 0.0017945480067282915
500.9631042480469 244.07437133789062 0.001792488037608564
501.1329650878906 244.0775604248047 0.0017903518164530396
501.29931640625 244.0807342529297 0.0017880249070003629
501.4622802734375 244.0837860107422 0.001785774133168161
501.6214599609375 244.08685302734375 0.0017863464308902621
501.7769470214844 244.08973693847656 0.001786308246664703
501.9287109375 244.09542846679688 0.0017966079758480191
502.0767822265625 244.1049346923828 0.001823005615733564
502.2218322753906 244.115966796875 0.0018390273908153176
502.3641052246094 244.1277313232422 0.0018402861896902323
502.50390625 244.1401824951172 0.0018316650530323386
502.6414489746094 244.15310668945312 0.001819190918467939
502.77685546875 244.16664123535156 0.0018054199172183871
502.9098205566406 244.18292236328125 0.0018040465656667948
503.0420227050781 244.19839477539062 0.0017931365873664618
503.1734619140625 244.20843505859375 0.0017620848957449198
503.30316162109375 244.2173309326172 0.0017595671815797687
503.4306945800781 244.22576904296875 0.0017613982781767845
503.5558776855469 244.23410034179688 0.001761588966473937
503.6787109375 244.2421417236328 0.0017599868588149548
503.79901123046875 244.25009155273438 0.0017576598329469562
503.91693115234375 244.25784301757812 0.0017552566714584827
504.03240966796875 244.2655029296875 0.0017531967023387551
504.1455383300781 244.27294921875 0.0017512893537059426
504.25634765625 244.2802734375 0.0017498015658929944
504.3648681640625 244.2873992919922 0.0017482375260442495
504.4697570800781 244.29437255859375 0.0017542648129165173
504.5710754394531 244.30099487304688 0.0017605590401217341
504.6693115234375 244.3075408935547 0.001763038570061326
504.7648620605469 244.31378173828125 0.0017625045729801059
504.8580627441406 244.32000732421875 0.0017599486745893955
504.9490966796875 244.3259735107422 0.0017551803030073643
505.0383605957031 244.3319091796875 0.0017499923706054688
505.1260070800781 244.33763122558594 0.0017441177042201161
505.2122497558594 244.34336853027344 0.0017382430378347635
505.2974548339844 244.3489227294922 0.0017320632468909025
505.3816223144531 244.3545379638672 0.0017259978922083974
505.46502685546875 244.35995483398438 0.0017199325375258923
505.5478820800781 244.365478515625 0.001713828998617828
505.63037109375 244.3708953857422 0.0017078780801966786
505.7127685546875 244.3764190673828 0.0017018127255141735
505.79522705078125 244.3818359375 0.0016962051158770919
505.8778381347656 244.38735961914062 0.00169029226526618
505.9608154296875 244.39276123046875 0.0016846847720444202
506.0444030761719 244.39833068847656 0.0016790007939562201
506.1286926269531 244.40208435058594 0.0016799544682726264
506.2137756347656 244.40370178222656 0.0016915129963308573
506.30010986328125 244.40444946289062 0.0016967010451480746
506.3876037597656 244.407470703125 0.0016847228398546576
506.47650146484375 244.41207885742188 0.0016666412120684981
506.5670471191406 244.41717529296875 0.001658706576563418
506.6602478027344 244.4224090576172 0.0016471099806949496
506.7562255859375 244.4279022216797 0.0016366958152502775
506.8529052734375 244.43331909179688 0.0016381454188376665
506.9491271972656 244.43882751464844 0.0016477584140375257
507.04425048828125 244.4441680908203 0.0016609573503956199
507.13787841796875 244.4495086669922 0.001674652099609375
507.22979736328125 244.45468139648438 0.0016868209931999445
507.3200378417969 244.4598388671875 0.0016971969744190574
507.4084777832031 244.46481323242188 0.0017055129865184426
507.4951171875 244.46975708007812 0.0017118834657594562
507.5799865722656 244.4745330810547 0.0017165374010801315
507.66314697265625 244.47927856445312 0.0017198181012645364
507.74462890625 244.4838409423828 0.0017219161381945014
507.82440185546875 244.48838806152344 0.0017232894897460938
507.9007568359375 244.4926300048828 0.0017346953973174095
507.9734191894531 244.496826171875 0.0017458343645557761
508.0430603027344 244.50071716308594 0.0017520522233098745
508.1101379394531 244.50457763671875 0.0017537688836455345
508.17498779296875 244.5081787109375 0.0017520141554996371
508.2380676269531 244.51185607910156 0.0017478561494499445
508.2996826171875 244.51528930664062 0.0017417906783521175
508.3605041503906 244.51878356933594 0.0017332457937300205
508.4208068847656 244.52212524414062 0.0017236327985301614
508.4806823730469 244.52561950683594 0.0017152404179796576
508.5403747558594 244.52896118164062 0.0017080307006835938
508.5999450683594 244.53237915039062 0.0017013930482789874
508.6595458984375 244.5357208251953 0.0016949843848124146
508.7194519042969 244.53919982910156 0.0016890716506168246
508.7797546386719 244.5425567626953 0.0016833496047183871
508.8406066894531 244.54605102539062 0.0016777419950813055
508.9022521972656 244.54949951171875 0.0016727065667510033
508.9647521972656 244.55308532714844 0.001667671138420701
509.0282287597656 244.556640625 0.0016630935715511441
509.09283447265625 244.5603485107422 0.0016579055227339268
509.1590270996094 244.5640411376953 0.0016526412218809128
509.2266540527344 244.5679168701172 0.0016477584140375257
509.29595947265625 244.57179260253906 0.0016437530284747481
509.3667907714844 244.57586669921875 0.0016404723282903433
509.439453125 244.5799102783203 0.0016365431947633624
509.5141296386719 244.58421325683594 0.001632156316190958
509.5910339355469 244.58851623535156 0.0016273879446089268
509.6702880859375 244.59307861328125 0.0016225813888013363
509.7518615722656 244.59765625 0.0016191863687708974
509.8358154296875 244.6024627685547 0.0016165160341188312
509.92242431640625 244.60731506347656 0.0016125106485560536
510.0119934082031 244.61245727539062 0.001607818529009819
510.10479736328125 244.61764526367188 0.0016020202310755849
510.2010498046875 244.62315368652344 0.001595993060618639
510.30096435546875 244.62876892089844 0.0015897369012236595
510.4046630859375 244.63470458984375 0.0015835571102797985
510.5124816894531 244.63856506347656 0.0015848922776058316
510.6242370605469 244.63966369628906 0.0016001128824427724
510.7403869628906 244.63961791992188 0.0016093445010483265
510.861083984375 244.64227294921875 0.0015980529133230448
510.98638916015625 244.64720153808594 0.0015745543641969562
511.1163024902344 244.6529083251953 0.0015663146041333675
511.24993896484375 244.6587677001953 0.0015674972673878074
511.3846435546875 244.66476440429688 0.001582565251737833
511.5187683105469 244.67068481445312 0.0016057967441156507
511.6513671875 244.6765899658203 0.0016316985711455345
511.7818908691406 244.68235778808594 0.001656494103372097
511.91015625 244.68807983398438 0.0016778944991528988
512.0359497070312 244.69363403320312 0.0016955184983089566
512.1593017578125 244.69915771484375 0.0017095183720812201
512.2801513671875 244.70448303222656 0.0017200851580128074
512.3985595703125 244.70977783203125 0.0017278670566156507
512.5144653320312 244.7148895263672 0.0017335510347038507
512.6280517578125 244.719970703125 0.0017373275477439165
512.7393188476562 244.72488403320312 0.0017399978823959827
512.8483276367188 244.72976684570312 0.0017413711175322533
512.9550170898438 244.73446655273438 0.0017422485398128629
513.0581665039062 244.73912048339844 0.001750259310938418
513.15771484375 244.7434844970703 0.0017577362013980746
513.2540893554688 244.7459259033203 0.0017691421089693904
513.34765625 244.74563598632812 0.0017882537795230746
513.4387817382812 244.74462890625 0.0017975234659388661
513.5278930664062 244.7430877685547 0.0017955779330804944
513.6151123046875 244.74134826660156 0.0017868804279714823
513.7008056640625 244.73922729492188 0.0017753982683643699
513.7850952148438 244.73699951171875 0.0017636107513681054
513.8679809570312 244.73280334472656 0.0017603683518245816
513.9494018554688 244.7263946533203 0.0017675398848950863
514.0298461914062 244.71902465820312 0.0017682266188785434
514.1098022460938 244.71124267578125 0.0017616653349250555
514.1893920898438 244.702880859375 0.0017510985489934683
514.2706909179688 244.6976776123047 0.001718978863209486
514.3536376953125 244.69625854492188 0.0017072295304387808
514.436767578125 244.69546508789062 0.0017106246668845415
514.5192260742188 244.69464111328125 0.0017137908143922687
514.6005249023438 244.69398498535156 0.0017155456589534879
514.6804809570312 244.6932373046875 0.0017163848970085382
514.7589111328125 244.69256591796875 0.0017171477666124701
514.8358764648438 244.6918487548828 0.0017176055116578937
514.9113159179688 244.69119262695312 0.0017182158771902323
514.9852294921875 244.69046020507812 0.0017185211181640625
515.0576171875 244.6898193359375 0.0017191314836964011
515.1286010742188 244.68910217285156 0.0017191695515066385
515.1980590820312 244.6885223388672 0.0017195892287418246
515.2643432617188 244.6878662109375 0.001728820730932057
515.3273315429688 244.68861389160156 0.0017436217749491334
515.3875122070312 244.6908721923828 0.0017611312214285135
515.445556640625 244.6936492919922 0.0017689894884824753
515.5017700195312 244.69639587402344 0.0017674636328592896
515.5565795898438 244.69935607910156 0.0017601775471121073
515.6101684570312 244.7021942138672 0.0017503356793895364
515.66259765625 244.70632934570312 0.00174541468732059
515.7140502929688 244.71170043945312 0.0017465209821239114
515.7651977539062 244.7154998779297 0.001733970595523715
515.8163452148438 244.71665954589844 0.0017213057726621628
515.8675537109375 244.7174530029297 0.001716995146125555
515.9188842773438 244.718017578125 0.0017107772873714566
515.970703125 244.71868896484375 0.001702003413811326
516.023193359375 244.71923828125 0.0016921996138989925
516.0765380859375 244.7198944091797 0.0016827392391860485
516.130859375 244.72052001953125 0.0016738891135901213
516.1863403320312 244.7212677001953 0.0016658782260492444
516.2431030273438 244.72189331054688 0.001658973633311689
516.30126953125 244.72262573242188 0.0016527556581422687
516.3609619140625 244.72328186035156 0.001647415105253458
516.4223022460938 244.7240447998047 0.0016426085494458675
516.4853515625 244.7247772216797 0.0016386413481086493
516.5504150390625 244.72561645507812 0.0016329573700204492
516.6178588867188 244.72634887695312 0.0016275405650958419
516.6874389648438 244.72723388671875 0.0016237640520557761
516.7590942382812 244.72805786132812 0.0016217422671616077
516.8328857421875 244.72900390625 0.0016196059295907617
516.9091796875 244.7298583984375 0.0016161727253347635
516.9881591796875 244.7308807373047 0.001611900283023715
517.0698852539062 244.73179626464844 0.0016087722033262253
517.1541748046875 244.73284912109375 0.0016064834780991077
517.2415161132812 244.73385620117188 0.0016026687808334827
517.3321533203125 244.73500061035156 0.001597556984052062
517.426513671875 244.73606872558594 0.001591377193108201
517.524658203125 244.7373046875 0.0015848540933802724
517.6268920898438 244.73846435546875 0.001578483497723937
517.7333984375 244.7397918701172 0.0015721512027084827
517.8442993164062 244.74107360839844 0.0015659712953493
517.9598388671875 244.74249267578125 0.0015599059406667948
518.0801391601562 244.743896484375 0.0015541838947683573
518.2054443359375 244.7454376220703 0.0015484618488699198
518.3358764648438 244.7469482421875 0.0015430450439453125
518.4715576171875 244.7486114501953 0.0015379333635792136
518.6126708984375 244.750244140625 0.0015324020059779286
518.7593994140625 244.75204467773438 0.0015273665776476264
518.9119262695312 244.75384521484375 0.0015219878405332565
519.0703125 244.7557830810547 0.0015169525286182761
519.23486328125 244.75770568847656 0.0015122985932976007
519.4056396484375 244.75978088378906 0.0015075302217155695
519.5827026367188 244.7618865966797 0.0015028762863948941
519.7664184570312 244.7641143798828 0.0014980315463617444
519.9568481445312 244.76638793945312 0.0014931869227439165
520.1541137695312 244.76876831054688 0.0014884185511618853
520.3583374023438 244.77117919921875 0.0014840316725894809
520.569580078125 244.77374267578125 0.0014802932273596525
520.7879028320312 244.77633666992188 0.0014770126435905695
521.0133666992188 244.77903747558594 0.0014739608159288764
521.24609375 244.78182983398438 0.0014711379772052169
521.4861450195312 244.78469848632812 0.0014683151384815574
521.733642578125 244.7876739501953 0.0014654159313067794
521.9886474609375 244.79071044921875 0.0017074965871870518
522.2479858398438 244.79383850097656 0.0018029784550890326
522.5057983398438 244.79696655273438 0.0018523788312450051
522.7646484375 244.8000946044922 0.0018592452397570014
523.0259399414062 244.80322265625 0.0018441390711814165
523.2916870117188 244.806396484375 0.0018150710966438055
523.5626220703125 244.8096160888672 0.0017835998442023993
523.8402099609375 244.80958557128906 0.0017598724225535989
524.124755859375 244.80796813964844 0.001756858779117465
524.41748046875 244.80804443359375 0.0017217254498973489
524.7186889648438 244.80873107910156 0.0016823577461764216
525.029052734375 244.80966186523438 0.0016477203462272882
525.3487548828125 244.8107147216797 0.0016238403040915728
525.6785888671875 244.8118133544922 0.0016032409621402621
526.0185546875 244.81298828125 0.0015867614420130849
526.369873046875 244.8142852783203 0.0015676117036491632
526.7322998046875 244.81553649902344 0.0015530395321547985
527.1060180664062 244.8168182373047 0.0015410613268613815
527.4909057617188 244.81817626953125 0.0015332794282585382
527.88720703125 244.81956481933594 0.0015250396681949496
528.2948608398438 244.82102966308594 0.0015190505655482411
528.7145385742188 244.82249450683594 0.0015112304827198386
529.1458740234375 244.82403564453125 0.001507453853264451
529.5860595703125 244.8256072998047 0.0015232085715979338
530.0293579101562 244.82716369628906 0.0015708922874182463
530.4719848632812 244.82872009277344 0.0016361236339434981
530.9111328125 244.83029174804688 0.001707801828160882
531.3453979492188 244.83184814453125 0.001774482661858201
531.7733764648438 244.83335876464844 0.0018355560023337603
532.1947631835938 244.83482360839844 0.0018854521913453937
532.6087646484375 244.83628845214844 0.0019285964081063867
533.015380859375 244.83775329589844 0.0019620133098214865
533.4139404296875 244.839111328125 0.0019911574199795723
533.8048095703125 244.84048461914062 0.0020115661900490522
534.1873779296875 244.8418426513672 0.0020297241862863302
534.5621948242188 244.8431854248047 0.0020410537254065275
534.9288330078125 244.84445190429688 0.002051734831184149
535.2877807617188 244.84571838378906 0.0020566938910633326
535.638671875 244.84698486328125 0.0020627211779356003
535.982177734375 244.84817504882812 0.0020633696112781763
536.31787109375 244.84934997558594 0.002065467881038785
536.646484375 244.85052490234375 0.002063178922981024
536.9677124023438 244.85166931152344 0.0020630264189094305
537.2822265625 244.85275268554688 0.0020582580473273993
537.5897827148438 244.8538055419922 0.0020560072734951973
537.8910522460938 244.85487365722656 0.002049522241577506
538.1859130859375 244.85595703125 0.002046203473582864
538.4750366210938 244.85694885253906 0.0020388029515743256
538.758056640625 244.85792541503906 0.0020346068777143955
539.0358276367188 244.85890197753906 0.0020267104264348745
539.3079833984375 244.85987854003906 0.0020220947917550802
539.5753173828125 244.86085510253906 0.0020139312837272882
539.8375854492188 244.8617706298828 0.002009277231991291
540.0953979492188 244.86265563964844 0.0020012282766401768
540.3484497070312 244.863525390625 0.0019964980892837048
540.5996704101562 244.86441040039062 0.0019311141222715378
540.849853515625 244.8652801513672 0.0018887328915297985
541.1005859375 244.8661651611328 0.0018179321195930243
541.351318359375 244.8670654296875 0.0018270491855219007
541.6012573242188 244.86795043945312 0.0018501662416383624
541.8508911132812 244.8688201904297 0.001661758404225111
542.1005249023438 244.8697052001953 0.0015896987169981003
542.3500366210938 244.87057495117188 0.0015747069846838713
542.5994262695312 244.8714599609375 0.001583862234838307
542.8486328125 244.87234497070312 0.001601371681317687
543.097900390625 244.8732147216797 0.001618881244212389
543.3473510742188 244.8740997314453 0.0016330337384715676
543.59716796875 244.87496948242188 0.0016431426629424095
543.8475341796875 244.8758544921875 0.001864967285655439
544.0985107421875 244.87684631347656 0.0019668960012495518
544.3486328125 244.8774871826172 0.0019017790909856558
544.598388671875 244.87852478027344 0.0018540953751653433
544.8490600585938 244.87960815429688 0.0018725584959611297
545.1004028320312 244.88050842285156 0.0018671035068109632
545.3525390625 244.88143920898438 0.0018604659708216786
545.603515625 244.8823699951172 0.0018438720144331455
545.855712890625 244.8833770751953 0.0018175124423578382
546.1093139648438 244.88424682617188 0.0018579100724309683
546.3599853515625 244.885009765625 0.0018877028487622738
546.614990234375 244.8856964111328 0.001834335271269083
546.8688354492188 244.88638305664062 0.001858406001701951
547.1214599609375 244.8870849609375 0.0018694686004891992
547.3731689453125 244.8877716064453 0.0018722915556281805
547.625244140625 244.88845825195312 0.0018653105944395065
547.8778686523438 244.88912963867188 0.0018563460325822234
548.1319580078125 244.8898162841797 0.0018427276518195868
548.3876953125 244.8905029296875 0.0018310165032744408
548.64599609375 244.8911895751953 0.0018163298955187201
548.9067993164062 244.89187622070312 0.0018043898744508624
549.1708984375 244.89254760742188 0.0017906570574268699
549.4381713867188 244.8932342529297 0.0017797087784856558
549.7093505859375 244.8939208984375 0.0017671965761110187
549.984375 244.8946075439453 0.0017575073288753629
550.2640380859375 244.89529418945312 0.001746330177411437
550.5479736328125 244.89596557617188 0.0017375946044921875
550.8370971679688 244.89666748046875 0.0017271041870117188
551.131103515625 244.8974609375 0.0017191695515066385
551.4306640625 244.8982391357422 0.0017093276837840676
551.7357788085938 244.89901733398438 0.0017019271617755294
552.0469970703125 244.89979553222656 0.0016928481636568904
552.3640747070312 244.90057373046875 0.0016858673188835382
552.687744140625 244.9013671875 0.001676864572800696
553.0179443359375 244.9022216796875 0.0016701126005500555
553.3552856445312 244.90310668945312 0.0016613769112154841
553.6995239257812 244.9039764404297 0.0016544341342523694
554.0513305664062 244.9048614501953 0.0016457748133689165
554.4107055664062 244.90573120117188 0.001639137277379632
554.7781372070312 244.90667724609375 0.0016306686447933316
555.153564453125 244.90765380859375 0.0016240309923887253
555.5375366210938 244.90863037109375 0.0016157531645148993
555.9299926757812 244.90960693359375 0.0016088103875517845
556.33154296875 244.91058349609375 0.0016001510666683316
556.7421264648438 244.91165161132812 0.0015936278505250812
557.1622924804688 244.91273498535156 0.0015856170793995261
557.592041015625 244.91380310058594 0.001578597933985293
558.0319213867188 244.9148712158203 0.0015695953043177724
558.4818725585938 244.91604614257812 0.0015627288958057761
558.9425048828125 244.91722106933594 0.0015541458269581199
559.4137573242188 244.91839599609375 0.001546783372759819
559.8963012695312 244.9196014404297 0.0015376663068309426
560.3900146484375 244.92086791992188 0.0015297316713258624
560.8956909179688 244.92214965820312 0.001519699115306139
561.4134521484375 244.9234161376953 0.001510353060439229
561.9441528320312 244.92477416992188 0.0014977646060287952
562.4878540039062 244.9261474609375 0.0014864730183035135
563.0448608398438 244.9275360107422 0.0014767455868422985
563.61474609375 244.9290008544922 0.00147075648419559
564.1976318359375 244.9304656982422 0.00146678916644305
564.7933959960938 244.9319305419922 0.0014637374551966786
565.4020385742188 244.93348693847656 0.0014615249820053577
566.0238037109375 244.93505859375 0.001459045335650444
566.65869140625 244.93661499023438 0.0014560698764398694
567.3070068359375 244.9382781982422 0.0014522551791742444
567.9688720703125 244.93994140625 0.0014479064848273993
568.6446533203125 244.94161987304688 0.0014426421839743853
569.3345336914062 244.94337463378906 0.0014371490105986595
570.0387573242188 244.94512939453125 0.0014308547833934426
570.7575073242188 244.94692993164062 0.001423912006430328
571.4912719726562 244.9487762451172 0.0014171600341796875
572.2401733398438 244.9506378173828 0.0014096831437200308
573.0044555664062 244.95257568359375 0.0014027022989466786
573.7841796875 244.95452880859375 0.0013967513805255294
574.5792236328125 244.9564971923828 0.0013936996692791581
575.3861083984375 244.9585418701172 0.0014131927164271474
576.1976928710938 244.96060180664062 0.0014752197312191129
577.0067749023438 244.962646484375 0.0015718841459602118
577.8087768554688 244.9646759033203 0.001681861816905439
578.6007690429688 244.9666290283203 0.0017895125783979893
579.381103515625 244.9685821533203 0.0018859863048419356
580.1485595703125 244.9705352783203 0.0019678878597915173
580.902587890625 244.97239685058594 0.0020351028069853783
581.6426391601562 244.97425842285156 0.0020885467529296875
582.3687133789062 244.97608947753906 0.0021302413661032915
583.080810546875 244.97789001464844 0.0021703338716179132
583.7789306640625 244.97964477539062 0.002191085834056139
584.4633178710938 244.98138427734375 0.002205276396125555
585.134033203125 244.98304748535156 0.0022148131392896175
585.7913818359375 244.98468017578125 0.0022204590495675802
586.435546875 244.9862518310547 0.0022232437040656805
587.0667724609375 244.98780822753906 0.0022236250806599855
587.685302734375 244.9893341064453 0.0022223282139748335
588.291259765625 244.9907989501953 0.0022196578793227673
588.885009765625 244.9922637939453 0.0022159575019031763
589.4666748046875 244.9936981201172 0.0022115325555205345
590.0365600585938 244.9950714111328 0.0022065353114157915
590.594970703125 244.99644470214844 0.002201080322265625
591.141845703125 244.997802734375 0.0021954725962132215
591.6778564453125 244.99911499023438 0.002188568003475666
592.2032470703125 245.0003204345703 0.0021803665440529585
592.7186279296875 245.00160217285156 0.0021710204891860485
593.2236938476562 245.0028533935547 0.00216472614556551
593.7189331054688 245.00411987304688 0.00215740199200809
594.2040405273438 245.00538635253906 0.002153282053768635
594.6795654296875 245.00665283203125 0.002147026127204299
595.145263671875 245.00790405273438 0.0021434782538563013
595.6016845703125 245.00906372070312 0.002137527335435152
596.0485229492188 245.01022338867188 0.0021343231201171875
596.486328125 245.0113983154297 0.002128448337316513
596.9149169921875 245.0125732421875 0.0021254729945212603
597.334716796875 245.013671875 0.0021198273170739412
597.7455444335938 245.01473999023438 0.0021171187981963158
598.1478881835938 245.01580810546875 0.002111587440595031
598.54150390625 245.0168914794922 0.0021091080270707607
598.927001953125 245.01792907714844 0.002103614853695035
599.3038940429688 245.01890563964844 0.0021012115757912397
599.6728515625 245.01988220214844 0.0020958709064871073
600.0335693359375 245.02085876464844 0.0020935439970344305
600.38671875 245.02183532714844 0.0020877837669104338
600.731689453125 245.0194854736328 0.0020983887370675802
601.0687866210938 245.01055908203125 0.0021399306133389473
601.3980712890625 244.9970703125 0.002181205665692687
601.7202758789062 244.97962951660156 0.0022003555204719305
602.0352783203125 244.9588165283203 0.0022070694249123335
602.3438720703125 244.9347381591797 0.0022003937046974897
602.644775390625 244.90509033203125 0.0022063828073441982
602.9379272460938 244.8671112060547 0.0022364805918186903
603.2236938476562 244.82313537597656 0.002263641217723489
603.503173828125 244.77365112304688 0.0022696685045957565
603.7774658203125 244.7246856689453 0.002244491595774889
604.0474243164062 244.68161010742188 0.0021580886095762253
604.3116455078125 244.641357421875 0.0020790481939911842
604.5704345703125 244.602294921875 0.002027435228228569
604.8228149414062 244.56398010253906 0.0020084762945771217
605.070556640625 244.52606201171875 0.0019516372121870518
605.315185546875 244.4883575439453 0.001771202078089118
605.556640625 244.4507293701172 0.0016728210030123591
605.7940673828125 244.4136505126953 0.0016534423921257257
606.027099609375 244.37722778320312 0.001668472308665514
606.2555541992188 244.34149169921875 0.0016950225690379739
606.4794921875 244.30650329589844 0.0017221831949427724
606.6987915039062 244.272216796875 0.0017458343645557761
606.9136352539062 244.23863220214844 0.0017639541765674949
607.1240234375 244.20574951171875 0.0017776107415556908
607.3300170898438 244.17352294921875 0.0017871474847197533
607.5316772460938 244.1420135498047 0.001793670584447682
607.7291259765625 244.1111297607422 0.0017974472139030695
607.9224243164062 244.0809326171875 0.0017995070666074753
608.1116943359375 244.0513153076172 0.0017999267438426614
608.2969970703125 244.02235412597656 0.0017993163783103228
608.478515625 243.99395751953125 0.001797904958948493
608.6563110351562 243.9661865234375 0.0017962645506486297
608.8304443359375 243.93893432617188 0.0017943953862413764
609.0010375976562 243.91229248046875 0.0017920684767886996
609.1680908203125 243.8861541748047 0.001789855887182057
609.331787109375 243.86058044433594 0.0017874145414680243
609.4917602539062 243.83554077148438 0.0017877960344776511
609.64794921875 243.81118774414062 0.0017875289777293801
609.80078125 243.78720092773438 0.0017862319946289062
609.950439453125 243.76382446289062 0.0017832565354183316
610.0971069335938 243.74081420898438 0.0017794036539271474
610.2412109375 243.71835327148438 0.0017745590303093195
610.3828125 243.6961669921875 0.001769332797266543
610.522216796875 243.67440795898438 0.0017638015560805798
610.6595458984375 243.6528778076172 0.0017580031417310238
610.7951049804688 243.63172912597656 0.001752128591760993
610.9290771484375 243.6107635498047 0.0017459106165915728
611.0616455078125 243.59007263183594 0.0017397308256477118
611.193115234375 243.56948852539062 0.0017334746662527323
611.3236083984375 243.54913330078125 0.0017271422548219562
611.4533081054688 243.52882385253906 0.0017209243960678577
611.5823974609375 243.5086669921875 0.0017147826729342341
611.7111206054688 243.48849487304688 0.001708564697764814
611.8396606445312 243.4684295654297 0.001702384906820953
611.9682006835938 243.44825744628906 0.0016965866088867188
612.0970458984375 243.42819213867188 0.0016905975062400103
612.2262573242188 243.40792846679688 0.0016848372761160135
612.3560180664062 243.3876953125 0.0016790389781817794
612.4866943359375 243.36720275878906 0.0016732406802475452
612.618408203125 243.34669494628906 0.0016674804501235485
612.7510986328125 243.32586669921875 0.001661758404225111
612.88525390625 243.304931640625 0.0016558455536141992
613.0209350585938 243.28369140625 0.0016500854399055243
613.1583251953125 243.26223754882812 0.00164451589807868
613.2976684570312 243.24041748046875 0.0016387938521802425
613.4391479492188 243.21835327148438 0.0016331099905073643
613.5828247070312 243.19583129882812 0.001627426128834486
613.72900390625 243.1730194091797 0.0016217422671616077
613.8778076171875 243.14971923828125 0.0016163635300472379
614.0294189453125 243.1260223388672 0.001610832172445953
614.1840209960938 243.10179138183594 0.0016055298037827015
614.341796875 243.07711791992188 0.0016001128824427724
614.5028686523438 243.05189514160156 0.0015948485815897584
614.6674194335938 243.0261688232422 0.0015896224649623036
614.8357543945312 242.9998321533203 0.0015843581641092896
615.0078125 242.9729461669922 0.0015791320474818349
615.1839599609375 242.9453887939453 0.0015739439986646175
615.3638305664062 242.9172821044922 0.0015717315254732966
615.5452880859375 242.88885498046875 0.0015823363792151213
615.7260131835938 242.8606414794922 0.0016055298037827015
615.9047241210938 242.83267211914062 0.0016341781010851264
616.0806884765625 242.8052520751953 0.0017415618058294058
616.2534790039062 242.77821350097656 0.0017350387061014771
616.4230346679688 242.75177001953125 0.0017324065556749701
616.5892944335938 242.72567749023438 0.001944313058629632
616.7526245117188 242.7002410888672 0.001807746826671064
616.91259765625 242.67523193359375 0.0017498015658929944
617.068603515625 242.6479034423828 0.001740951556712389
617.2202758789062 242.61688232421875 0.0017690276727080345
617.3684692382812 242.5849151611328 0.0017947006272152066
617.5133666992188 242.55252075195312 0.0018079756991937757
617.6559448242188 242.52378845214844 0.0017963409190997481
617.7960205078125 242.4980926513672 0.001778030302375555
617.9332885742188 242.47349548339844 0.0017766188830137253
618.0678100585938 242.44943237304688 0.001776466378942132
618.1995239257812 242.42591857910156 0.0017744445940479636
618.3285522460938 242.40283203125 0.001771202078089118
618.4548950195312 242.3802947998047 0.0017679213779047132
618.5786743164062 242.35818481445312 0.0017649078508839011
618.6998901367188 242.33663940429688 0.0017621612641960382
618.818603515625 242.31539916992188 0.0017595671815797687
618.934814453125 242.29470825195312 0.001757392892614007
619.0487060546875 242.2743682861328 0.001755409175530076
619.1602783203125 242.25448608398438 0.001753578195348382
619.2694702148438 242.23497009277344 0.001751861535012722
619.37646484375 242.21592712402344 0.0017503356793895364
619.481201171875 242.19720458984375 0.0017488860758021474
619.5838012695312 242.17893981933594 0.0017474364722147584
619.6842651367188 242.1609649658203 0.001745948800817132
619.78271484375 242.14344787597656 0.0017445754492655396
619.8790893554688 242.12620544433594 0.0017433547182008624
619.9720458984375 242.10968017578125 0.0017504501156508923
620.0613403320312 242.09368896484375 0.0017573165241628885
620.147705078125 242.07830810546875 0.0017607497284188867
620.2310180664062 242.06166076660156 0.001767654437571764
620.3113403320312 242.04339599609375 0.0017822646768763661
620.3894653320312 242.0247802734375 0.0017881774110719562
620.4658203125 242.00637817382812 0.0017848968273028731
620.5406494140625 241.98800659179688 0.001775665208697319
620.6141357421875 241.96986389160156 0.001764488173648715
620.68603515625 241.9502716064453 0.0017596435500308871
620.7562866210938 241.92901611328125 0.0017631911905482411
620.8257446289062 241.9070587158203 0.001761970459483564
620.894775390625 241.8849334716797 0.0017544555012136698
620.96337890625 241.8623504638672 0.0017435073386877775
621.0318603515625 241.83953857421875 0.001731605501845479
621.0996704101562 241.81491088867188 0.001727523747831583
621.1668090820312 241.788330078125 0.0017320632468909025
621.2341918945312 241.76048278808594 0.0017312240088358521
621.3021850585938 241.7318115234375 0.0017248153453692794
621.3736572265625 241.70469665527344 0.0016924666706472635
621.4494018554688 241.6830291748047 0.0016791915986686945
621.5259399414062 241.6623992919922 0.0016928099794313312
621.6022338867188 241.64208984375 0.0017040251987054944
621.6776123046875 241.62193298339844 0.0017102049896493554
621.7518310546875 241.60218811035156 0.0017129135085269809
621.8246459960938 241.58270263671875 0.0017138671828433871
621.8961791992188 241.56365966796875 0.0017142867436632514
621.9662475585938 241.54493713378906 0.0017144011799246073
622.0349731445312 241.5266571044922 0.0017149733612313867
622.1005249023438 241.50909423828125 0.0017249679658561945
622.1630249023438 241.4924774169922 0.001735153142362833
622.2229614257812 241.4764404296875 0.001740417443215847
622.28076171875 241.46109008789062 0.001741714426316321
622.3367919921875 241.44607543945312 0.0017396544571965933
622.3914184570312 241.43157958984375 0.0017359923804178834
622.4449462890625 241.41722106933594 0.0017306518275290728
622.4974975585938 241.4032440185547 0.0017248535295948386
622.5494384765625 241.3893280029297 0.001718711806461215
622.6009521484375 241.3756561279297 0.0017121887067332864
622.6521606445312 241.36190795898438 0.0017057800432667136
622.7034912109375 241.3483123779297 0.0016989517025649548
622.7548828125 241.3345184326172 0.0016923904186114669
622.8067016601562 241.3207550048828 0.00168609619140625
622.859130859375 241.3067169189453 0.0016797637799754739
622.912353515625 241.29258728027344 0.0016738891135901213
622.9664306640625 241.2781219482422 0.0016678619431331754
623.0215454101562 241.2634735107422 0.0016624450217932463
623.077880859375 241.24839782714844 0.0016573333414271474
623.135498046875 241.2330780029297 0.001652526785619557
623.1945190429688 241.21731567382812 0.0016481017228215933
623.255126953125 241.2012176513672 0.0016440963372588158
623.3173828125 241.18458557128906 0.0016393279656767845
623.3817749023438 241.1674346923828 0.0016336821718141437
623.4481811523438 241.14971923828125 0.0016294479137286544
623.5164794921875 241.13157653808594 0.0016263960860669613
623.5867309570312 241.11279296875 0.0016240309923887253
623.6591186523438 241.0935516357422 0.0016206740401685238
623.7340087890625 241.07351684570312 0.0016167068388313055
623.8115234375 241.05294799804688 0.0016123962122946978
623.8914184570312 241.0315704345703 0.0016099166823551059
623.9739990234375 241.0096435546875 0.0016073989681899548
624.0595092773438 240.98678588867188 0.0016028976533561945
624.1483154296875 240.9631805419922 0.0015972136752679944
624.2406616210938 240.93850708007812 0.0015911483205854893
624.3367309570312 240.9129638671875 0.0015847396571189165
624.436767578125 240.88626098632812 0.0015782165573909879
624.5408935546875 240.85855102539062 0.0015719985822215676
624.6492309570312 240.82960510253906 0.001565856859087944
624.7620849609375 240.7996063232422 0.0015599059406667948
624.8794555664062 240.7682342529297 0.0015541458269581199
625.0017700195312 240.7357177734375 0.0015485762851312757
625.12890625 240.70175170898438 0.00154308311175555
625.2611694335938 240.66653442382812 0.0015375136863440275
625.3986206054688 240.6298828125 0.0015325164422392845
625.54150390625 240.59182739257812 0.0015276336343958974
625.6900024414062 240.55224609375 0.0015224075177684426
625.8441162109375 240.5111846923828 0.0015175247099250555
626.0040283203125 240.468505859375 0.001512718154117465
626.170166015625 240.4242706298828 0.001507987966760993
626.3419189453125 240.3784637451172 0.0015063094906508923
626.5164794921875 240.33189392089844 0.0018271255539730191
626.69140625 240.28524780273438 0.0016823577461764216
626.8648071289062 240.23899841308594 0.0016317367553710938
627.0358276367188 240.19332885742188 0.0016305160243064165
627.2042236328125 240.1484832763672 0.0016489028930664062
627.369384765625 240.10438537597656 0.0016725158784538507
627.5314331054688 240.0612030029297 0.0016947936965152621
627.6903076171875 240.018798828125 0.0017137908143922687
627.8460083007812 239.97732543945312 0.001728973351418972
627.99853515625 239.9365997314453 0.001740417443215847
628.1480102539062 239.89678955078125 0.0017491149483248591
628.29443359375 239.8577423095703 0.0017552566714584827
628.437255859375 239.8197021484375 0.0017628096975386143
628.5765380859375 239.78253173828125 0.0017686843639239669
628.7116088867188 239.74386596679688 0.00178184499964118
628.8424682617188 239.70242309570312 0.0018087386852130294
628.97021484375 239.6605224609375 0.0018251037690788507
629.0952758789062 239.6184844970703 0.0018268584972247481
629.2178955078125 239.57662963867188 0.0018195342272520065
629.3380737304688 239.53216552734375 0.0018147658556699753
629.4571533203125 239.48922729492188 0.0018053435487672687
629.5759887695312 239.45179748535156 0.0017730712424963713
629.6931762695312 239.416015625 0.0017676925053820014
629.8080444335938 239.38099670410156 0.0017674636328592896
629.9208984375 239.3467559814453 0.0017654418479651213
630.0313110351562 239.3131561279297 0.0017621993320062757
630.1395874023438 239.28030395507812 0.0017583846347406507
630.24560546875 239.24806213378906 0.0017549132462590933
630.3494873046875 239.21653747558594 0.001752128591760993
630.4512329101562 239.1855926513672 0.0017496490618214011
630.5508422851562 239.15536499023438 0.0017474746564403176
630.6484985351562 239.12567138671875 0.0017457961803302169
630.7440185546875 239.09664916992188 0.0017440032679587603
630.8375854492188 239.06817626953125 0.0017426681006327271
630.9291381835938 239.0403594970703 0.0017413711175322533
631.0174560546875 239.01348876953125 0.0017486953875049949
631.1023559570312 238.98779296875 0.0017560577252879739
631.1842651367188 238.96282958984375 0.0017596816178411245
631.2636108398438 238.9387664794922 0.0017601394793018699
631.3406982421875 238.915283203125 0.0017582701984792948
631.4158935546875 238.89251708984375 0.0017543029971420765
631.4893188476562 238.8701629638672 0.0017490767640993
631.5613403320312 238.84835815429688 0.0017430114094167948
631.6321411132812 238.82679748535156 0.0017367934342473745
631.701904296875 238.80563354492188 0.0017300796462222934
631.7709350585938 238.7845916748047 0.0017233275575563312
631.8394775390625 238.76385498046875 0.0017160414718091488
631.9075927734375 238.7430877685547 0.0017090224428102374
631.9755859375 238.72251892089844 0.0017024993430823088
632.0436401367188 238.70176696777344 0.0016960143111646175
632.1119384765625 238.68109130859375 0.0016896820161491632
632.1807250976562 238.66015625 0.0016836547292768955
632.2501831054688 238.6391143798828 0.0016777419950813055
632.3204956054688 238.61769104003906 0.001671600271947682
632.3917846679688 238.5961151123047 0.0016659164102748036
632.4641723632812 238.5740509033203 0.0016601181123405695
632.5379028320312 238.5517578125 0.0016547011910006404
632.613037109375 238.5288543701172 0.0016495895106345415
632.6897583007812 238.50564575195312 0.001644897391088307
632.7679443359375 238.4818572998047 0.001641235314309597
632.8479614257812 238.45761108398438 0.001637267996557057
632.9298095703125 238.4326934814453 0.0016329193022102118
633.0134887695312 238.40731811523438 0.0016355895204469562
633.10009765625 238.38113403320312 0.0015537261497229338
633.1892700195312 238.35418701171875 0.0015303039690479636
633.2815551757812 238.32618713378906 0.0015262222150340676
633.3766479492188 238.2973175048828 0.0015349197201430798
633.4752807617188 238.26731872558594 0.001542053185403347
633.5769653320312 238.2364044189453 0.0015515136765316129
633.6824340820312 238.20423889160156 0.0015553664416074753
633.791259765625 238.1710662841797 0.0015604400541633368
633.9033203125 238.13429260253906 0.001568489009514451
634.017822265625 238.09326171875 0.0015924072358757257
634.1361694335938 238.04945373535156 0.0016051101265475154
634.25830078125 238.0034942626953 0.0016098403139039874
634.3848876953125 237.95504760742188 0.001604270888492465
634.5140380859375 237.90203857421875 0.0016094207530841231
634.645751953125 237.84304809570312 0.0016275405650958419
634.7809448242188 237.77999877929688 0.00164031982421875
634.9225463867188 237.7182159423828 0.0016225813888013363
635.0691528320312 237.66162109375 0.0015913391252979636
635.2168579101562 237.6062469482422 0.0016089248238131404
635.3634033203125 237.55169677734375 0.0016395568381994963
635.508056640625 237.4978790283203 0.0016661834670230746
635.6502685546875 237.44505310058594 0.001689376775175333
635.7899780273438 237.39309692382812 0.0017063140403479338
635.9268798828125 237.34225463867188 0.0017206954071298242
636.06103515625 237.2923126220703 0.0017600631108507514
636.1923828125 237.24351501464844 0.0017543029971420765
636.3211669921875 237.19561767578125 0.001751861535012722
636.4471435546875 237.14878845214844 0.0017524337163195014
636.5707397460938 237.1028594970703 0.001752395648509264
636.691650390625 237.0579376220703 0.0017537306994199753
636.8101196289062 237.01388549804688 0.0017533873906359076
636.926025390625 236.97079467773438 0.001754341064952314
637.0396728515625 236.9285125732422 0.0017757033929228783
637.1509399414062 236.8871612548828 0.0017602539155632257
637.259033203125 236.8469696044922 0.0017580031417310238
637.363525390625 236.80821228027344 0.0017631911905482411
637.4653930664062 236.77037048339844 0.0017629241337999701
637.5643310546875 236.73362731933594 0.0017644119216129184
637.6613159179688 236.69754028320312 0.0017597960541024804
637.7559814453125 236.662353515625 0.0017580795101821423
637.8491821289062 236.62765502929688 0.0017511367332190275
637.9404296875 236.5937042236328 0.0017479705857113004
638.0306396484375 236.56002807617188 0.0017403411911800504
638.1192626953125 236.5270233154297 0.0017366409301757812
638.207275390625 236.49417114257812 0.0017286300426349044
638.2940673828125 236.4617462158203 0.0017250442178919911
638.3806762695312 236.4293670654297 0.0017170333303511143
638.4664306640625 236.3972930908203 0.0017129135085269809
638.5523071289062 236.3651123046875 0.0017048263689503074
638.6378173828125 236.33309936523438 0.0017008972354233265
638.7230224609375 236.2991485595703 0.001699905376881361
638.80712890625 236.2630157470703 0.0017140578711405396
638.8917236328125 236.22569274902344 0.0017171859508380294
638.9765625 236.18788146972656 0.0017161560244858265
639.0634155273438 236.15151977539062 0.0016961669316515326
639.151611328125 236.11651611328125 0.0016801833407953382
639.2420043945312 236.08091735839844 0.0016672515776008368
639.3341064453125 236.04464721679688 0.001659393310546875
639.4265747070312 236.00823974609375 0.0016589355655014515
639.5181884765625 235.97216796875 0.0016670989571139216
639.6087036132812 235.9364776611328 0.0016767119523137808
639.6975708007812 235.90147399902344 0.0016882324125617743
639.7848510742188 235.8670196533203 0.0016973114106804132
639.8704223632812 235.83331298828125 0.001705932547338307
639.952880859375 235.8008270263672 0.0017206191550940275
640.0315551757812 235.76991271972656 0.0017381286015734076
640.1077880859375 235.73989868164062 0.001744766253978014
640.1805419921875 235.7096405029297 0.0017560957930982113
640.2506713867188 235.6781463623047 0.001768836984410882
640.3185424804688 235.6471405029297 0.0017774581210687757
640.3851928710938 235.6162872314453 0.0017720413161441684
640.4501342773438 235.58596801757812 0.0017663192702457309
640.5144653320312 235.5556182861328 0.0017533493228256702
640.5765991210938 235.52459716796875 0.0017520141554996371
640.6375122070312 235.491943359375 0.0017533873906359076
640.6972045898438 235.45916748046875 0.001754493685439229
640.7569580078125 235.42581176757812 0.001744232140481472
640.816162109375 235.3924560546875 0.0017364883096888661
640.8788452148438 235.36038208007812 0.0017033003969118
640.9444580078125 235.33059692382812 0.001693305908702314
641.0106201171875 235.30081176757812 0.0016946792602539062
641.0762939453125 235.2713165283203 0.0016986846458166838
641.1412963867188 235.2421417236328 0.0017008972354233265
641.205078125 235.21351623535156 0.0017042540712282062
641.2678833007812 235.18528747558594 0.0017054366180673242
641.329345703125 235.15768432617188 0.0017081451369449496
641.3896484375 235.1305389404297 0.001708984375
641.4486694335938 235.1040496826172 0.0017108535394072533
641.5065307617188 235.0780029296875 0.0017113876529037952
641.5631713867188 235.05255126953125 0.0017128753243014216
641.6187133789062 235.02757263183594 0.0017127227038145065
641.6729736328125 235.003173828125 0.0017140196869149804
641.724853515625 234.97984313964844 0.0017215728294104338
641.7730102539062 234.9571075439453 0.0017370986752212048
641.8184814453125 234.9339599609375 0.0017509841127321124
641.8615112304688 234.9117889404297 0.0017609023489058018
641.9033203125 234.8899688720703 0.0017575453966856003
641.9434814453125 234.8690185546875 0.001753578195348382
641.9830932617188 234.84817504882812 0.0017416762420907617
642.0210571289062 234.82723999023438 0.001738815219141543
642.0581665039062 234.8052520751953 0.0017361068166792393
642.0947265625 234.78335571289062 0.001733055105432868
642.13134765625 234.7610626220703 0.0017234801780432463
642.1674194335938 234.73876953125 0.0017180251888930798
642.2042846679688 234.7158203125 0.0017052459297701716
642.239990234375 234.69239807128906 0.0017054366180673242
642.2762451171875 234.66726684570312 0.0017014694167301059
642.3120727539062 234.64173889160156 0.0017030715243890882
642.3491821289062 234.61495971679688 0.0016938400221988559
642.3894653320312 234.58901977539062 0.0016698837280273438
642.4345092773438 234.56532287597656 0.0016633986961096525
642.4805908203125 234.5415496826172 0.0016722488217055798
642.5267333984375 234.51788330078125 0.0016800689045339823
642.5724487304688 234.49435424804688 0.0016853332053869963
642.6176147460938 234.47119140625 0.0016890334663912654
642.6619262695312 234.44834899902344 0.0016918182373046875
642.7055053710938 234.42601013183594 0.0016942215152084827
642.7482299804688 234.40402221679688 0.0016963195521384478
642.7901000976562 234.38255310058594 0.0016980362124741077
642.8311157226562 234.36141967773438 0.001699371263384819
642.871337890625 234.3408203125 0.001700553810223937
642.9107666015625 234.320556640625 0.00170135498046875
642.9493408203125 234.30075073242188 0.0017018889775499701
642.9871215820312 234.2812957763672 0.0017024230910465121
643.024169921875 234.26231384277344 0.0017026519635692239
643.0592651367188 234.24423217773438 0.0017095565563067794
643.092041015625 234.2265625 0.0017185211181640625
643.1226196289062 234.20877075195312 0.0017296981532126665
643.1520385742188 234.19163513183594 0.0017343139043077826
643.1798706054688 234.17510986328125 0.0017358779441565275
643.2071533203125 234.15896606445312 0.0017298507736995816
643.2327880859375 234.14280700683594 0.0017296981532126665
643.2574462890625 234.1264190673828 0.001728820730932057
643.28125 234.1103973388672 0.0017285156063735485
643.3047485351562 234.094482421875 0.001721878070384264
643.3276977539062 234.07879638671875 0.0017163085285574198
643.3514404296875 234.0625762939453 0.0017019271617755294
643.3751831054688 234.04624938964844 0.0016949462005868554
643.3992309570312 234.02882385253906 0.0016875838628038764
643.4226684570312 234.01083374023438 0.0016907501267269254
643.4478149414062 233.99130249023438 0.0016821670578792691
643.4743041992188 233.97059631347656 0.0016719055129215121
643.5046997070312 233.94952392578125 0.0016507338732481003
643.5379028320312 233.93045043945312 0.0016528700944036245
643.5716552734375 233.9115447998047 0.0016653822967782617
643.6051635742188 233.8926239013672 0.0016751860966905951
643.6383666992188 233.87403869628906 0.0016815185081213713
643.6710205078125 233.85565185546875 0.0016854858258739114
643.703125 233.837646484375 0.001688194228336215
643.734619140625 233.81991577148438 0.0016900253249332309
643.7655029296875 233.8026123046875 0.0016916656168177724
643.7957763671875 233.7855682373047 0.0016929625999182463
643.8255004882812 233.76893615722656 0.001694106962531805
643.853515625 233.7530975341797 0.0017016601050272584
643.8800659179688 233.73825073242188 0.00170726771466434
643.9051513671875 233.7240753173828 0.0017111586639657617
643.9293212890625 233.7106170654297 0.001712532015517354
643.9522705078125 233.69761657714844 0.0017136001260951161
643.9747314453125 233.68507385253906 0.001711616525426507
643.9966430664062 233.6727752685547 0.0017074965871870518
644.017578125 233.6610107421875 0.0017065810970962048
644.038330078125 233.64938354492188 0.0017038726946339011
644.0582275390625 233.63833618164062 0.0017021560342982411
644.078125 233.6270294189453 0.0016977691557258368
644.098876953125 233.61532592773438 0.001688461285084486
644.120361328125 233.60316467285156 0.0016782759921625257
644.14208984375 233.59104919433594 0.0016741561703383923
644.1646118164062 233.5784912109375 0.0016696929233148694
644.1884765625 233.56509399414062 0.0016606521094217896
644.2127075195312 233.5514373779297 0.001659393310546875
644.23828125 233.5370330810547 0.0016538237687200308
644.2653198242188 233.5218048095703 0.0016468811081722379
644.2933349609375 233.50526428222656 0.0016461943741887808
644.322509765625 233.487060546875 0.0016482925275340676
644.3540649414062 233.46707153320312 0.0016419601161032915
644.3867797851562 233.44618225097656 0.0016421889886260033
644.4214477539062 233.4239044189453 0.00163688650354743
644.4578247070312 233.39930725097656 0.0016323851887136698
644.4954833984375 233.37234497070312 0.0016368102515116334
644.5350341796875 233.3436279296875 0.0016373443650081754
644.5765380859375 233.31317138671875 0.0016361236339434981
644.6217041015625 233.28294372558594 0.001621246337890625
644.6708374023438 233.25338745117188 0.0016175841446965933
644.7233276367188 233.22235107421875 0.0016149139264598489
644.7786254882812 233.18972778320312 0.0016117095947265625
644.8377075195312 233.1547393798828 0.0015996932052075863
644.8999633789062 233.11781311035156 0.0015918731223791838
644.9666137695312 233.07830810546875 0.0015778732486069202
645.0365600585938 233.03680419921875 0.0015716933412477374
645.1110229492188 232.99264526367188 0.0015603256179019809
645.1891479492188 232.94631958007812 0.0015567016089335084
645.2720336914062 232.89720153808594 0.001547584543004632
645.3587646484375 232.84579467773438 0.001544685335829854
645.4501953125 232.79153442382812 0.0015385817969217896
645.5444946289062 232.7356414794922 0.0015454101376235485
645.6395263671875 232.67922973632812 0.0015654372982680798
645.734130859375 232.6231231689453 0.0015928649809211493
645.8276977539062 232.567626953125 0.0016206740401685238
645.9197998046875 232.51304626464844 0.0016461943741887808
646.0101928710938 232.4593963623047 0.0016675567021593451
646.0989379882812 232.40676879882812 0.0016851043328642845
646.1859130859375 232.35519409179688 0.001698188716545701
646.2711791992188 232.30465698242188 0.001708564697764814
646.354736328125 232.25511169433594 0.0017159652197733521
646.4365234375 232.20663452148438 0.0017218017019331455
646.5166015625 232.15911865234375 0.0017251968383789062
646.5936279296875 232.11343383789062 0.0017371749272570014
646.6676025390625 232.06954956054688 0.0017474364722147584
646.7389526367188 232.0272216796875 0.0017538070678710938
646.8080444335938 231.98622131347656 0.0017551040509715676
646.8742065429688 231.94517517089844 0.001760787912644446
646.9373779296875 231.90345764160156 0.0017729949904605746
646.9988403320312 231.86224365234375 0.0017780684866011143
647.058837890625 231.82156372070312 0.0017736053559929132
647.1177368164062 231.7814178466797 0.0017643355531618
647.1757202148438 231.74159240722656 0.0017529296455904841
647.2319946289062 231.7010955810547 0.0017481994582340121
647.2865600585938 231.65927124023438 0.0017512893537059426
647.3406372070312 231.6171112060547 0.0017488478915765882
647.3944091796875 231.57449340820312 0.0017403030069544911
647.4481811523438 231.53152465820312 0.0017295837169513106
647.5008544921875 231.48712158203125 0.0017254637787118554
647.5523071289062 231.44107055664062 0.0017289351671934128
647.6036987304688 231.39378356933594 0.0017274093115702271
647.658935546875 231.3470001220703 0.0016986464615911245
647.7197265625 231.3036651611328 0.0016814422560855746
647.7815551757812 231.26101684570312 0.0016921996138989925
647.8432006835938 231.21861267089844 0.0017014312325045466
647.9041137695312 231.17678833007812 0.0017066955333575606
647.9642333984375 231.1356201171875 0.001708984375
648.0230102539062 231.09521484375 0.0017105484148487449
648.0808715820312 231.05552673339844 0.0017114257207140326
648.137451171875 231.01663208007812 0.0017107009189203382
648.1929931640625 230.97848510742188 0.001709899865090847
648.2473754882812 230.94114685058594 0.0017115020891651511
648.3006591796875 230.9045867919922 0.0017131423810496926
648.3528442382812 230.86878967285156 0.0017142867436632514
648.4039306640625 230.83367919921875 0.0017145538004115224
648.4517211914062 230.7993927001953 0.0017267226940020919
648.49609375 230.76564025878906 0.0017462539253756404
648.538330078125 230.7330780029297 0.001757774269208312
648.5787963867188 230.70152282714844 0.0017591476207599044
648.6180419921875 230.6708526611328 0.0017545699374750257
648.6561279296875 230.64093017578125 0.0017473602201789618
648.692626953125 230.61099243164062 0.0017438125796616077
648.7273559570312 230.58065795898438 0.0017459868686273694
648.7612915039062 230.5505828857422 0.0017432784661650658
648.7947387695312 230.5206756591797 0.0017367553664371371
648.8280639648438 230.4906768798828 0.0017261123284697533
648.8604736328125 230.4599609375 0.001826820312999189
648.8924560546875 230.42800903320312 0.0018521880265325308
648.924072265625 230.39581298828125 0.0018415451049804688
648.9561767578125 230.36257934570312 0.0018123245099559426
648.98876953125 230.3285675048828 0.0017806243849918246
649.0219116210938 230.29351806640625 0.0017513656057417393
649.0548095703125 230.25689697265625 0.0017312621930614114
649.0891723632812 230.2196502685547 0.0017116545932367444
649.1292724609375 230.1846466064453 0.0016835402930155396
649.1726684570312 230.1497802734375 0.0016837691655382514
649.2166748046875 230.1145782470703 0.0016773986862972379
649.2607421875 230.07937622070312 0.0016798018477857113
649.304443359375 230.04454040527344 0.0016854858258739114
649.3474731445312 230.0102081298828 0.0016907501267269254
649.3897094726562 229.9764862060547 0.001694755512289703
649.4312133789062 229.9433135986328 0.0016971587901934981
649.4718627929688 229.91085815429688 0.0016996001359075308
649.51171875 229.87901306152344 0.0017008590511977673
649.55078125 229.8478240966797 0.0017023467225953937
649.589111328125 229.8172607421875 0.0017028426518663764
649.6265869140625 229.78733825683594 0.0017041396349668503
649.663330078125 229.7579803466797 0.0017041778191924095
649.6993408203125 229.72927856445312 0.001704902620986104
649.734619140625 229.7011260986328 0.0017047881847247481
649.7691650390625 229.673583984375 0.0017053603660315275
649.8017578125 229.64759826660156 0.001713447505608201
649.832275390625 229.62318420410156 0.0017221069429069757
649.861328125 229.5999755859375 0.00172618858050555
649.8890991210938 229.57777404785156 0.0017267608782276511
649.9154663085938 229.55572509765625 0.0017274474957957864
649.9404296875 229.5336456298828 0.0017296599689871073
649.964111328125 229.512451171875 0.001733703538775444
649.9880981445312 229.49078369140625 0.001723441993817687
650.0114135742188 229.4696502685547 0.0017193603562191129
650.0352172851562 229.44810485839844 0.0017068862216547132
650.0576782226562 229.42686462402344 0.0017083358252421021
650.07958984375 229.40499877929688 0.0017074203351512551
650.1009521484375 229.38319396972656 0.001708450261503458
650.1234130859375 229.3602752685547 0.0016968917334452271
650.1458740234375 229.33718872070312 0.0016916274325922132
650.168701171875 229.3124237060547 0.0016833876725286245
650.191162109375 229.28672790527344 0.0016854858258739114
650.2149047851562 229.25936889648438 0.0016785430489107966
650.2390747070312 229.23130798339844 0.0016733551165089011
650.263916015625 229.20217895507812 0.001670417725108564
650.2904052734375 229.1709747314453 0.0016605376731604338
650.318359375 229.13766479492188 0.001648979145102203
650.3464965820312 229.1023712158203 0.0016500854399055243
650.3739013671875 229.0657196044922 0.0016633605118840933
650.4044799804688 229.02783203125 0.0016523360973224044
650.4413452148438 228.9912109375 0.0016322326846420765
650.4825439453125 228.9534912109375 0.0016317748231813312
650.5247802734375 228.9149627685547 0.001643714844249189
650.5672607421875 228.87615966796875 0.0016566847916692495
650.6094970703125 228.8376922607422 0.0016669845208525658
650.6511840820312 228.7996826171875 0.0016745757311582565
650.6921997070312 228.76229858398438 0.0016814422560855746
650.7324829101562 228.7255401611328 0.0016865921206772327
650.7720336914062 228.68954467773438 0.0016915129963308573
650.810791015625 228.65423583984375 0.0016949462005868554
650.8486328125 228.61964416503906 0.0016981506487354636
650.8845825195312 228.5868682861328 0.0017092513153329492
650.9185180664062 228.5559844970703 0.0017201232258230448
650.9507446289062 228.5265350341797 0.001726341200992465
650.981689453125 228.4983367919922 0.0017287444788962603
651.0115966796875 228.4711151123047 0.0017280196771025658
651.0405883789062 228.4447784423828 0.0017250442178919911
651.0687255859375 228.41915893554688 0.0017217254498973489
651.0961303710938 228.39413452148438 0.0017182540614157915
651.123046875 228.36959838867188 0.0017139434348791838
651.1497802734375 228.34527587890625 0.0017067337175831199
651.17578125 228.32147216796875 0.0017053603660315275
651.2025756835938 228.29690551757812 0.0016936492174863815
651.229248046875 228.2725372314453 0.0016901397611945868
651.2569580078125 228.2472381591797 0.001679382286965847
651.2846069335938 228.22190856933594 0.0016395568381994963
651.3135375976562 228.1954803466797 0.0016102599911391735
651.3427124023438 228.1689453125 0.0016110610449686646
651.373291015625 228.14122009277344 0.0016117095947265625
651.4044189453125 228.11306762695312 0.0016195678617805243
651.4371948242188 228.0831756591797 0.001618080073967576
651.4705810546875 228.05279541015625 0.0016254043439403176
651.5054321289062 228.02110290527344 0.0017272948753088713
651.5411987304688 227.98838806152344 0.0014855193439871073
651.5789794921875 227.95399475097656 0.0014187240740284324
651.6180419921875 227.91845703125 0.0014303970383480191
651.6596069335938 227.88064575195312 0.001454582205042243
651.7029418945312 227.8411865234375 0.0014857864007353783
651.7490234375 227.7992401123047 0.0015071487287059426
651.7966918945312 227.755859375 0.0015332030598074198
651.8450927734375 227.70999145507812 0.0015529632801190019
651.8943481445312 227.66058349609375 0.0015733718173578382
651.9454345703125 227.6088409423828 0.0015906905755400658
651.9988403320312 227.5541534423828 0.0015954207628965378
652.0545043945312 227.49681091308594 0.0015970611711964011
652.1148071289062 227.4378662109375 0.0015844726003706455
652.1791381835938 227.3772430419922 0.0015782928094267845
652.2467041015625 227.3136444091797 0.0015769576421007514
652.3154907226562 227.24905395507812 0.0015886687906458974
652.3842163085938 227.1844024658203 0.001607818529009819
652.452392578125 227.12039184570312 0.0016290664207190275
652.51953125 227.05718994140625 0.0016491698333993554
652.5856323242188 226.99513244628906 0.0016669082688167691
652.650390625 226.93417358398438 0.0016813658876344562
652.7140502929688 226.8744354248047 0.001693191472440958
652.7763061523438 226.8158416748047 0.0017024993430823088
652.8373413085938 226.75848388671875 0.0017093276837840676
652.8971557617188 226.70225524902344 0.0017141723074018955
652.9557495117188 226.64720153808594 0.0017175674438476562
653.0131225585938 226.59323120117188 0.0017200851580128074
653.0693359375 226.5404510498047 0.001721611013635993
653.1243896484375 226.4886932373047 0.0017224883195012808
653.1782836914062 226.43801879882812 0.0017230224329978228
653.2296752929688 226.38961791992188 0.0017331313574686646
653.2787475585938 226.34356689453125 0.0017424774123355746
653.3258056640625 226.29928588867188 0.0017471694154664874
653.370361328125 226.25579833984375 0.0017528533935546875
653.4122314453125 226.21241760253906 0.0017628096975386143
653.4528198242188 226.16989135742188 0.0017652129754424095
653.4923095703125 226.12802124023438 0.0017601775471121073
653.5311889648438 226.08680725097656 0.0017507171723991632
653.5693359375 226.04591369628906 0.0017399596981704235
653.606201171875 226.0048065185547 0.0017346953973174095
653.6414794921875 225.96290588378906 0.0017362212529405951
653.676513671875 225.9208526611328 0.0017334746662527323
653.7112426757812 225.87843322753906 0.0017258452717214823
653.74609375 225.83567810058594 0.001715812599286437
653.780029296875 225.79177856445312 0.0017114257207140326
653.8129272460938 225.74671936035156 0.0017136763781309128
653.8462524414062 225.6996612548828 0.0017065047286450863
653.88330078125 225.65235900878906 0.001683044363744557
653.9246215820312 225.6077880859375 0.0016789627261459827
653.9663696289062 225.56393432617188 0.0016937636537477374
654.0076904296875 225.52056884765625 0.0017036818899214268
654.0485229492188 225.47789001464844 0.0017082595732063055
654.0885620117188 225.43589782714844 0.0017096709925681353
654.1278686523438 225.39474487304688 0.0017096709925681353
654.1663818359375 225.3543243408203 0.0017094803042709827
654.2042236328125 225.3148193359375 0.0017090606270357966
654.2412109375 225.27601623535156 0.0017087555024772882
654.2774658203125 225.238037109375 0.0017083740094676614
654.3129272460938 225.20082092285156 0.0017081069527193904
654.3477783203125 225.1643829345703 0.0017079925164580345
654.3818359375 225.12864685058594 0.0017077636439353228
654.415283203125 225.09368896484375 0.0017077254597097635
654.4479370117188 225.0594024658203 0.0017073439667001367
654.4789428710938 225.02503967285156 0.0017110061598941684
654.5075073242188 224.99166870117188 0.0017271804390475154
654.5344848632812 224.96011352539062 0.001737899729050696
654.56005859375 224.92979431152344 0.001740951556712389
654.5846557617188 224.9008331298828 0.0017399978823959827
654.6082153320312 224.872802734375 0.00173606863245368
654.6303100585938 224.84536743164062 0.0017346191452816129
654.6509399414062 224.8182830810547 0.0017354583833366632
654.6707763671875 224.7919158935547 0.0017353439470753074
654.6903076171875 224.7657012939453 0.0017284011701121926
654.7095336914062 224.73971557617188 0.001718826242722571
654.728759765625 224.71359252929688 0.001708717318251729
654.7473754882812 224.6869659423828 0.0017060469835996628
654.7654418945312 224.6595001220703 0.0017046737484633923
654.7837524414062 224.6313018798828 0.0016993331955745816
654.8025512695312 224.60194396972656 0.0016896820161491632
654.822265625 224.5712127685547 0.001678848173469305
654.8453369140625 224.5389862060547 0.0016569518484175205
654.8718872070312 224.50811767578125 0.0016618346562609076
654.8988647460938 224.47720336914062 0.001674232422374189
654.9255981445312 224.4466094970703 0.0016837691655382514
654.9520263671875 224.416259765625 0.0016878891037777066
654.9779663085938 224.3865509033203 0.0016917800530791283
655.0036010742188 224.3572235107422 0.0016927719116210938
655.028564453125 224.32861328125 0.0016944122035056353
655.0531616210938 224.30039978027344 0.0016945266397669911
655.0771484375 224.2729034423828 0.0016958998749032617
655.100830078125 224.24581909179688 0.0016957091866061091
655.1238403320312 224.21942138671875 0.0016969299176707864
655.145751953125 224.19435119628906 0.0017031478928402066
655.1661376953125 224.17108154296875 0.001712379395030439
655.185791015625 224.14859008789062 0.0017137527465820312
655.204345703125 224.12741088867188 0.0017161560244858265
655.2222290039062 224.10690307617188 0.0017157745314761996
655.239501953125 224.08718872070312 0.0017140960553660989
655.2562255859375 224.06814575195312 0.0017115401569753885
655.2724609375 224.04962158203125 0.0017084120772778988
655.2884521484375 224.03134155273438 0.0017048644367605448
655.3048095703125 224.01275634765625 0.0016946028918027878
655.3206787109375 223.99444580078125 0.0016943359514698386
655.3370361328125 223.9755859375 0.0016869354294613004
655.3535766601562 223.95660400390625 0.0016817855648696423
655.3707885742188 223.93704223632812 0.001673965365625918
655.3882446289062 223.91677856445312 0.0016686248127371073
655.4058227539062 223.89566040039062 0.001669235178269446
655.423583984375 223.87319946289062 0.0016687392489984632
655.4420166015625 223.84974670410156 0.001666755648329854
655.4617309570312 223.82444763183594 0.0016587447607889771
655.4818115234375 223.7984161376953 0.0016557693015784025
655.5031127929688 223.77078247070312 0.0016484451480209827
655.5250854492188 223.74107360839844 0.0016446304507553577
655.547119140625 223.709228515625 0.001648979145102203
655.5706787109375 223.6747589111328 0.0016448211390525103
655.59521484375 223.6385040283203 0.0016440200852230191
655.6212158203125 223.5999298095703 0.0016372299287468195
655.6481323242188 223.55978393554688 0.001635971013456583
655.67578125 223.51622009277344 0.0016314315143972635
655.7031860351562 223.47000122070312 0.0016397094586864114
655.7322387695312 223.4199981689453 0.0016360473819077015
655.7650756835938 223.36837768554688 0.0016233061905950308
655.8045043945312 223.31597900390625 0.0016056060558184981
655.8472290039062 223.26153564453125 0.0016114425379782915
655.8931274414062 223.2034149169922 0.0016055298037827015
655.941162109375 223.14251708984375 0.0016023635398596525
655.9900512695312 223.0804901123047 0.001608200022019446
656.0391235351562 223.01844787597656 0.0016214752104133368
656.0877685546875 222.9569549560547 0.001637153560295701
656.1356811523438 222.89634704589844 0.0016535186441615224
656.182861328125 222.836669921875 0.0016676330706104636
656.2290649414062 222.77818298339844 0.0016800308367237449
656.2742919921875 222.72076416015625 0.0016896056476980448
656.3187866210938 222.66452026367188 0.0016975783510133624
656.3624877929688 222.609375 0.0017030334565788507
656.4051513671875 222.55540466308594 0.0017076110234484076
656.4468383789062 222.50250244140625 0.0017105484148487449
656.4866333007812 222.4521484375 0.001722640939988196
656.5245361328125 222.40419006347656 0.0017331313574686646
656.560791015625 222.35826110839844 0.0017388534033671021
656.5957641601562 222.31396484375 0.0017403792589902878
656.6296997070312 222.27101135253906 0.0017383956583216786
656.6627197265625 222.22911071777344 0.0017343139043077826
656.6951293945312 222.18812561035156 0.001728820730932057
656.7269897460938 222.1477813720703 0.0017228698125109076
656.7584838867188 222.10791015625 0.001716079656034708
656.7897338867188 222.06832885742188 0.0017095565563067794
656.8211059570312 222.0288848876953 0.001703185960650444
656.8523559570312 221.98934936523438 0.0016966628609225154
656.8836669921875 221.9496307373047 0.0016900253249332309
656.9154052734375 221.9094696044922 0.0016838836017996073
656.947509765625 221.86878967285156 0.0016772460658103228
656.9801635742188 221.8274383544922 0.0016713333316147327
657.0134887695312 221.78521728515625 0.001665038987994194
657.0465698242188 221.74134826660156 0.0016637039370834827
657.0792236328125 221.69558715820312 0.0016696166712790728
657.1123046875 221.6483917236328 0.0016719055129215121
657.1461791992188 221.599853515625 0.0016688918694853783
657.1808471679688 221.54981994628906 0.0016632460756227374
657.2164916992188 221.4983367919922 0.0016569136641919613
657.2515258789062 221.4447479248047 0.001657409593462944
657.2858276367188 221.38909912109375 0.0016670607728883624
657.3230590820312 221.3333740234375 0.0016623687697574496
657.3641357421875 221.27764892578125 0.0016489028930664062
657.4070434570312 221.2205047607422 0.0016481780912727118
657.4517822265625 221.16119384765625 0.0016418074956163764
657.4979248046875 221.09988403320312 0.0016349410871043801
657.5460815429688 221.03582763671875 0.0016228866297751665
657.5961303710938 220.96937561035156 0.00161399831995368
657.6484375 220.8998565673828 0.0016023635398596525
657.7026977539062 220.8275909423828 0.001594009343534708
657.759521484375 220.75196838378906 0.001584548968821764
657.818603515625 220.67333984375 0.0015787123702466488
657.8803100585938 220.59103393554688 0.0015706252306699753
657.9445190429688 220.5054473876953 0.0015656279865652323
658.0115356445312 220.41590881347656 0.0015584563370794058
658.0812377929688 220.32284545898438 0.0015540694585070014
658.1538696289062 220.22561645507812 0.0015478134155273438
658.2273559570312 220.12322998046875 0.0015530013479292393
658.3006591796875 220.01454162597656 0.0015715789049863815
658.3757934570312 219.90090942382812 0.0015856551472097635
658.4532470703125 219.7820281982422 0.0015869140625
658.5330200195312 219.65814208984375 0.0015833663055673242
658.6152954101562 219.52880859375 0.0015751266619190574
658.697265625 219.3929443359375 0.0015794371720403433
658.77734375 219.24993896484375 0.0016038131434470415
658.8577880859375 219.1006622314453 0.0016218567034229636
658.93896484375 218.9449005126953 0.0016270446358248591
659.0210571289062 218.78250122070312 0.0016241836128756404
659.1039428710938 218.6131134033203 0.0016176223289221525
659.1843872070312 218.43609619140625 0.0016262053977698088
659.2598876953125 218.25064086914062 0.001656761160120368
659.3330078125 218.05712890625 0.0016807174542918801
659.404052734375 217.8554229736328 0.0016915511805564165
659.4727783203125 217.6455078125 0.0016944503877311945
659.5458984375 217.4291534423828 0.001668205251917243
659.6317138671875 217.2134552001953 0.0015931701054796576
659.72265625 216.99989318847656 0.0015944290207698941
659.8141479492188 216.7889404296875 0.001639785710722208
659.9046630859375 216.58116149902344 0.0016837691655382514
659.9938354492188 216.37698364257812 0.0017166900215670466
660.081298828125 216.17662048339844 0.0017403792589902878
660.1671752929688 215.980224609375 0.001756591722369194
660.251220703125 215.78782653808594 0.0017679595621302724
660.3335571289062 215.59934997558594 0.0017765426309779286
660.4141845703125 215.414794921875 0.0017824172973632812
660.4931030273438 215.23411560058594 0.0017867659917101264
660.5704345703125 215.0572052001953 0.0017892837058752775
660.6461791992188 214.8839569091797 0.0017908859299495816
660.7202758789062 214.71429443359375 0.001791038434021175
660.7927856445312 214.54808044433594 0.0017908859299495816
660.8640747070312 214.38528442382812 0.001790275564417243
660.9336547851562 214.225830078125 0.0017891310853883624
661.001953125 214.06968688964844 0.0017878722865134478
661.0687255859375 213.91668701171875 0.0017862700624391437
661.1341552734375 213.7672576904297 0.0017869948642328382
661.1978759765625 213.62120056152344 0.0017869948642328382
661.2603759765625 213.47833251953125 0.0017855452606454492
661.3214721679688 213.33834838867188 0.0017829512944445014
661.3815307617188 213.20111083984375 0.0017791747814044356
661.4403686523438 213.0663299560547 0.0017746352823451161
661.4983520507812 212.93389892578125 0.0017694091657176614
661.5527954101562 212.80262756347656 0.0017742919735610485
661.6029663085938 212.6721649169922 0.0017956543015316129
661.6508178710938 212.54290771484375 0.0018085098126903176
661.6973876953125 212.4148712158203 0.0018080138834193349
661.7427368164062 212.2878875732422 0.001799354562535882
661.7869873046875 212.16183471679688 0.0017869567964226007
661.830322265625 212.0364227294922 0.0017737197922542691
661.870361328125 211.9112091064453 0.0017725372454151511
661.9061279296875 211.7858123779297 0.0017867278074845672
661.9401245117188 211.66036987304688 0.0017937087686732411
661.9769897460938 211.53579711914062 0.001770782400853932
662.0194091796875 211.41305541992188 0.0017346191452816129
662.0631713867188 211.29054260253906 0.0017284774221479893
662.1075439453125 211.1677703857422 0.0017231368692591786
662.1520385742188 211.04443359375 0.0017134856898337603
662.1969604492188 210.92034912109375 0.0017011641757562757
662.2420654296875 210.7952880859375 0.0016885757213458419
662.2877807617188 210.66915893554688 0.0016770934453234076
662.3338012695312 210.5416717529297 0.0016666793962940574
662.3805541992188 210.4127655029297 0.001657028216868639
662.427734375 210.281982421875 0.0016479110345244408
662.4750366210938 210.15109252929688 0.0016509246779605746
662.5218505859375 210.0215606689453 0.0016634749481454492
662.5680541992188 209.8939666748047 0.0016790007939562201
662.6134033203125 209.7683868408203 0.0016939162742346525
662.658447265625 209.64405822753906 0.0017010497394949198
662.7028198242188 209.52120971679688 0.00170726771466434
662.7465209960938 209.4003143310547 0.0017140960553660989
662.7894897460938 209.28155517578125 0.001721343956887722
662.8316040039062 209.1651153564453 0.001728057861328125
662.8728637695312 209.05088806152344 0.0017334365984424949
662.9130249023438 208.94009399414062 0.0017438506474718451
662.9517822265625 208.8325958251953 0.0017530058976262808
662.9896850585938 208.7281036376953 0.0017581939464434981
663.0263671875 208.62615966796875 0.0017596816178411245
663.0625 208.526611328125 0.0017586898757144809
663.095703125 208.4285888671875 0.0017639541765674949
663.1257934570312 208.3318328857422 0.0017802428919821978
663.1541748046875 208.23648071289062 0.0017883300315588713
663.181884765625 208.1424560546875 0.0017858123173937201
663.2086791992188 208.04954528808594 0.0017768859397619963
663.2329711914062 207.95745849609375 0.00177421560510993
663.2542114257812 207.86587524414062 0.0017815398750826716
663.2743530273438 207.7747802734375 0.001781959435902536
663.2935180664062 207.6839141845703 0.0017741775372996926
663.3120727539062 207.59329223632812 0.0017624282045289874
663.329833984375 207.50257873535156 0.0017490386962890625
663.3453979492188 207.41180419921875 0.0017457961803302169
663.3578491210938 207.32073974609375 0.0017531967023387551
663.3690185546875 207.22911071777344 0.0017546463059261441
663.3790283203125 207.1366729736328 0.0017486572032794356
663.3882446289062 207.04335021972656 0.0017387771513313055
663.3966064453125 206.9488983154297 0.0017274474957957864
663.4024658203125 206.85360717773438 0.0017269897507503629
663.4087524414062 206.75613403320312 0.0017136383103206754
663.4242553710938 206.656982421875 0.0016786956693977118
663.4439086914062 206.5582733154297 0.0016987608978524804
663.4642944335938 206.4603729248047 0.0017213057726621628
663.4842529296875 206.36370849609375 0.001732788048684597
663.504150390625 206.26864624023438 0.0017359923804178834
663.5234985351562 206.17529296875 0.0017358779441565275
663.5425415039062 206.083740234375 0.0017341232160106301
663.5608520507812 205.99554443359375 0.0017410659929737449
663.5784912109375 205.91087341308594 0.0017486190190538764
663.5953979492188 205.8291778564453 0.00175304408185184
663.6119384765625 205.75015258789062 0.001754341064952314
663.6278076171875 205.67335510253906 0.0017526625888422132
663.6434326171875 205.5985565185547 0.0017490386962890625
663.6585693359375 205.52542114257812 0.0017445754492655396
663.6735229492188 205.45375061035156 0.0017388915875926614
663.6880493164062 205.3832550048828 0.0017330931732431054
663.7025756835938 205.31378173828125 0.0017269897507503629
663.7168579101562 205.24501037597656 0.0017205429030582309
663.7310180664062 205.17681884765625 0.0017142867436632514
663.7449951171875 205.10890197753906 0.0017079162644222379
663.7591552734375 205.04112243652344 0.0017016219208016992
663.7731323242188 204.97320556640625 0.0016953276935964823
663.7872314453125 204.90499877929688 0.0016890716506168246
663.8015747070312 204.8362579345703 0.0016827392391860485
663.8161010742188 204.76683044433594 0.0016766357002779841
663.8291015625 204.6962890625 0.0016759490827098489
663.8404541015625 204.62454223632812 0.001684226910583675
663.8514404296875 204.5514373779297 0.0016875076107680798
663.8623046875 204.4769287109375 0.0016842650948092341
663.8729248046875 204.40061950683594 0.0018132781842723489
663.8842163085938 204.3222198486328 0.0016649627359583974
663.8934326171875 204.2421875 0.0015936278505250812
663.9006958007812 204.1604766845703 0.0015813445206731558
663.9104614257812 204.0769500732422 0.0015768050216138363
663.9246215820312 203.991943359375 0.0015852355863898993
663.9397583007812 203.90390014648438 0.0015973281115293503
663.9559936523438 203.81256103515625 0.0016043090727180243
663.9723510742188 203.7201385498047 0.0016168212750926614
663.9887084960938 203.62799072265625 0.0016307448968291283
664.0048217773438 203.53677368164062 0.0016467284876853228
664.020751953125 203.446533203125 0.0018453598022460938
664.0361328125 203.35951232910156 0.0017350768903270364
664.051025390625 203.2759552001953 0.0017044066917151213
664.0651245117188 203.19540405273438 0.0017019271617755294
664.0789794921875 203.11746215820312 0.0017075729556381702
664.0923461914062 203.04171752929688 0.0017138671828433871
664.10546875 202.96788024902344 0.0017187499906867743
664.11669921875 202.89559936523438 0.001723823486827314
664.1258544921875 202.82464599609375 0.0017376708565279841
664.1342163085938 202.75477600097656 0.0017451095627620816
664.142333984375 202.68585205078125 0.0017444228287786245
664.14990234375 202.61761474609375 0.0017385100945830345
664.1561279296875 202.54994201660156 0.001736869802698493
664.16015625 202.4826202392578 0.001741599990054965
664.1637573242188 202.4153289794922 0.0017407989362254739
664.1666870117188 202.34779357910156 0.001733322162181139
664.1694946289062 202.27993774414062 0.0017231368692591786
664.171875 202.21142578125 0.0017120742704719305
664.1727294921875 202.1425018310547 0.0017088699387386441
664.1712646484375 202.072998046875 0.0017137908143922687
664.1690673828125 202.00250244140625 0.0017140960553660989
664.166015625 201.93063354492188 0.0017079925164580345
664.1624145507812 201.857421875 0.0016995238838717341
664.1580200195312 201.7825469970703 0.001690559322014451
664.156494140625 201.7049102783203 0.0016636275686323643
664.1614990234375 201.62457275390625 0.001658973633311689
664.1680297851562 201.54345703125 0.0016764450119808316
664.1746215820312 201.46255493164062 0.0016905975062400103
664.1812133789062 201.38253784179688 0.0016991043230518699
664.187744140625 201.30368041992188 0.0017132186330854893
664.1939697265625 201.2262725830078 0.0017164229648187757
664.2001342773438 201.15028381347656 0.001717529259622097
664.2064819335938 201.07579040527344 0.001717643695883453
664.2122802734375 201.00274658203125 0.0017177581321448088
664.2181396484375 200.93118286132812 0.001717796316370368
664.2239990234375 200.86106872558594 0.0017181014409288764
664.2294921875 200.79241943359375 0.0017181014409288764
664.2349853515625 200.7251739501953 0.0017181396251544356
664.240478515625 200.65931701660156 0.0017182540614157915
664.2457885742188 200.59481811523438 0.001718063373118639
664.2509155273438 200.53330993652344 0.0017267608782276511
664.255615234375 200.47482299804688 0.0017349624540656805
664.259033203125 200.41883850097656 0.0017432784661650658
664.2607421875 200.364990234375 0.0017552947392687201
664.2621459960938 200.3129425048828 0.0017601775471121073
664.26318359375 200.26229858398438 0.0017572020879015326
664.2642822265625 200.212890625 0.0017499160021543503
664.2653198242188 200.16433715820312 0.0017406081315129995
664.2651977539062 200.1166229248047 0.0017354964511469007
664.263671875 200.06947326660156 0.0017358016921207309
664.2617797851562 200.0224151611328 0.001731605501845479
664.2595825195312 199.975341796875 0.0017240905435755849
664.2573852539062 199.927978515625 0.0017140196869149804
664.2548828125 199.8802032470703 0.001704482943750918
664.2511596679688 199.83213806152344 0.0016999816289171576
664.2459716796875 199.78366088867188 0.0017026519635692239
664.2402954101562 199.73468017578125 0.0017017745412886143
664.234130859375 199.68411254882812 0.0016938400221988559
664.2274780273438 199.63221740722656 0.0016854858258739114
664.2192993164062 199.5792694091797 0.0016831207321956754
664.2114868164062 199.52456665039062 0.0016759490827098489
664.208740234375 199.46743774414062 0.001660156180150807
664.2088012695312 199.40794372558594 0.001667785574682057
664.2091064453125 199.34580993652344 0.0016703414730727673
664.2095336914062 199.28265380859375 0.0016717147082090378
664.2098999023438 199.219482421875 0.0016744232270866632
664.2103271484375 199.15689086914062 0.0016785048646852374
664.2106323242188 199.09518432617188 0.0016830825479701161
664.2109985351562 199.0345001220703 0.0016878509195521474
664.2113647460938 198.9749298095703 0.0016924666706472635
664.2118530273438 198.9181365966797 0.0017050552414730191
664.212158203125 198.86415100097656 0.0017170715145766735
664.212646484375 198.81253051757812 0.0017245864728465676
664.2139892578125 198.76300048828125 0.001732902484945953
664.216796875 198.71536254882812 0.0017438506474718451
664.2196044921875 198.6692657470703 0.0017482375260442495
664.2225341796875 198.62429809570312 0.0017449569422751665
664.2254638671875 198.58016967773438 0.0017304611392319202
664.2283935546875 198.53671264648438 0.0017207335913553834
664.232421875 198.49368286132812 0.0017155074747279286
664.2377319335938 198.4510040283203 0.0017183684976771474
664.2416381835938 198.4074249267578 0.001704635564237833
664.2431640625 198.36456298828125 0.0017010116716846824
664.244384765625 198.3206329345703 0.0016961669316515326
664.24560546875 198.27667236328125 0.0016938018379732966
664.2467651367188 198.231201171875 0.0016935347812250257
664.248046875 198.18521118164062 0.001692543039098382
664.2492065429688 198.13722229003906 0.00168041221331805
664.2504272460938 198.0886688232422 0.0016758727142587304
664.2516479492188 198.03671264648438 0.001656608539633453
664.2528076171875 197.98243713378906 0.0016444396460428834
664.254150390625 197.92718505859375 0.0016422271728515625
664.2554321289062 197.8719482421875 0.0016479872865602374
664.2566528320312 197.81900024414062 0.0016665649600327015
664.2578125 197.7687225341797 0.0016859435709193349
664.2589721679688 197.7205047607422 0.0017545699374750257
664.2601318359375 197.67413330078125 0.0017730712424963713
664.2612915039062 197.6292266845703 0.0017724608769640326
664.2625122070312 197.58566284179688 0.0017640686128288507
664.263671875 197.54324340820312 0.0017529678298160434
664.2648315429688 197.50177001953125 0.0017414855537936091
664.2659912109375 197.46096801757812 0.0017299652099609375
664.2671508789062 197.42054748535156 0.0017198561690747738
664.2681884765625 197.38040161132812 0.0017120360862463713
664.2692260742188 197.339599609375 0.0016993331955745816
664.2701416015625 197.2991180419922 0.0016947173280641437
664.271240234375 197.25733947753906 0.001683044363744557
664.2723999023438 197.2157440185547 0.001680564833804965
664.273681640625 197.17251586914062 0.001670303288847208
664.274658203125 197.1289825439453 0.0016673278296366334
664.2758178710938 197.08338928222656 0.0016576384659856558
664.2769165039062 197.0364532470703 0.0016505431849509478
664.2780151367188 196.98779296875 0.0016449737595394254
664.2791748046875 196.938720703125 0.0016485214000567794
664.2803955078125 196.88734436035156 0.0016418074956163764
664.2816772460938 196.83477783203125 0.0016411208780482411
664.283203125 196.779296875 0.0016315841348841786
664.2847290039062 196.7221221923828 0.00162925710901618
664.2863159179688 196.661376953125 0.0016178512014448643
664.2879028320312 196.5974884033203 0.0016083908267319202
664.2894287109375 196.5306396484375 0.0016028594691306353
664.2913208007812 196.4608917236328 0.0015994262648746371
664.2932739257812 196.38845825195312 0.0015983962221071124
664.2952270507812 196.3134307861328 0.0015990447718650103
664.2971801757812 196.23597717285156 0.001600570627488196
664.2991333007812 196.15589904785156 0.0016010665567591786
664.3011474609375 196.0725860595703 0.0015974807320162654
664.3035278320312 195.98580932617188 0.0015924453036859632
664.3058471679688 195.89508056640625 0.001585731515660882
664.3081665039062 195.80030822753906 0.0015792082995176315
664.3106689453125 195.7011260986328 0.0015718459617346525
664.3134155273438 195.5975341796875 0.0015654372982680798
664.316162109375 195.48919677734375 0.0015585327055305243
664.3189086914062 195.37603759765625 0.0015527724754065275
664.322021484375 195.2577667236328 0.0015463638119399548
664.3251342773438 195.1343536376953 0.0015410232590511441
664.328369140625 195.00552368164062 0.0015353012131527066
664.3318481445312 194.87124633789062 0.0015304184053093195
664.3353881835938 194.73117065429688 0.0015248107956722379
664.339111328125 194.5853271484375 0.0015201568603515625
664.343017578125 194.4334259033203 0.001515083247795701
664.346923828125 194.275390625 0.0015104293124750257
664.3512573242188 194.1110076904297 0.0015053940005600452
664.3555297851562 193.94021606445312 0.0015008163172751665
664.3600463867188 193.76272583007812 0.0014957428211346269
664.36474609375 193.57847595214844 0.0014909744495525956
664.3695678710938 193.38722229003906 0.0014857101486995816
664.3746948242188 193.1889190673828 0.001481285085901618
664.3798217773438 192.98345947265625 0.001477050711400807
664.3853149414062 192.7707977294922 0.0014734648866578937
664.390869140625 192.55087280273438 0.0014703369233757257
664.396728515625 192.32362365722656 0.0014678192092105746
664.402587890625 192.08900451660156 0.0014652633108198643
664.4088134765625 191.84681701660156 0.0014624404720962048
664.4150390625 191.5970001220703 0.0015296554192900658
664.4216918945312 191.33944702148438 0.001725425710901618
664.4284057617188 191.0792694091797 0.0018118667649105191
664.43505859375 190.81985473632812 0.001849861117079854
664.4417114257812 190.5593719482422 0.0018532943213358521
664.4483642578125 190.2954864501953 0.00183300010394305
664.4551391601562 190.027099609375 0.0018044280586764216
664.462158203125 189.75254821777344 0.0017700575990602374
664.4691772460938 189.47129821777344 0.0017374801682308316
664.4766235351562 189.18206787109375 0.0017053221818059683
664.484130859375 188.8845977783203 0.0016781234880909324
664.491943359375 188.57798767089844 0.0016516494797542691
664.4998779296875 188.2620391845703 0.001629638602025807
664.5081176757812 187.93560791015625 0.001605987548828125
664.5167846679688 187.59690856933594 0.0015767669538035989
664.525634765625 187.247802734375 0.0015629958361387253
664.5347290039062 186.8882598876953 0.0015541458269581199
664.5441284179688 186.5174560546875 0.001543769845739007
664.5538330078125 186.13589477539062 0.0015372466295957565
664.563720703125 185.7428741455078 0.0015288543654605746
664.5739135742188 185.338623046875 0.0015229034470394254
664.5844116210938 184.9224395751953 0.0015144728822633624
664.5952758789062 184.4943389892578 0.0015072631649672985
664.6064453125 184.0535430908203 0.001497726421803236
664.6179809570312 183.60011291503906 0.0014888381119817495
664.6297607421875 183.13365173339844 0.0014813231537118554
664.641845703125 182.6578826904297 0.0014988327166065574
664.6539916992188 182.1786346435547 0.0015496443957090378
664.6660766601562 181.70042419433594 0.0016215514624491334
664.6781616210938 181.22579956054688 0.0016976547194644809
664.6900634765625 180.75686645507812 0.0017721557524055243
664.7017822265625 180.29452514648438 0.0018368911696597934
664.7132568359375 179.83995056152344 0.001893920823931694
664.724609375 179.3932647705078 0.0019389723893254995
664.7357177734375 178.95509338378906 0.0019772720988839865
664.7466430664062 178.5252227783203 0.0020055007189512253
664.7572021484375 178.1040802001953 0.0020291137043386698
664.7677001953125 177.691162109375 0.002043838379904628
664.7778930664062 177.28675842285156 0.0020565795712172985
664.7880249023438 176.89028930664062 0.0020623398013412952
664.7977905273438 176.5018768310547 0.002067680237814784
664.8075561523438 176.12091064453125 0.0020672224927693605
664.8169555664062 175.74752807617188 0.0020674895495176315
664.8262939453125 175.38108825683594 0.0020632934756577015
664.8353271484375 175.021728515625 0.002060852013528347
664.8442993164062 174.66873168945312 0.0020543287973850965
664.85302734375 174.3223419189453 0.002050323411822319
664.8616333007812 173.98190307617188 0.0020436858758330345
664.8701171875 173.64822387695312 0.0020426176488399506
664.8783569335938 173.3209686279297 0.002040595980361104
664.8865356445312 173.0008544921875 0.0020431899465620518
664.8944091796875 172.6873779296875 0.0020427322015166283
664.9022216796875 172.38108825683594 0.0020454786717891693
664.9097290039062 172.08143615722656 0.0020444870460778475
664.9171752929688 171.78890991210938 0.0020466232672333717
664.9244384765625 171.50289916992188 0.002044753869995475
664.9314575195312 171.22393798828125 0.0020460891537368298
664.9384765625 170.9513702392578 0.0020433044992387295
664.9451293945312 170.68560791015625 0.0020438001956790686
664.9517822265625 170.42601013183594 0.002040214603766799
664.9581909179688 170.17312622070312 0.0020401382353156805
664.9644165039062 169.92410278320312 0.0018365478608757257
664.970703125 169.67832946777344 0.0017133712535724044
664.9769287109375 169.43663024902344 0.001677665626630187
664.9827880859375 169.19935607910156 0.0016830062959343195
664.9886474609375 168.96665954589844 0.0017036056378856301
664.9945068359375 168.73851013183594 0.0017270278185606003
665.000244140625 168.51475524902344 0.0017473982879891992
665.0056762695312 168.29519653320312 0.001762771513313055
665.0111694335938 168.07962036132812 0.0017732619307935238
665.0166015625 167.86770629882812 0.0017789459088817239
665.0219116210938 167.65927124023438 0.0017813110025599599
665.0270385742188 167.45404052734375 0.0017808150732889771
665.0321044921875 167.2518310546875 0.0017787170363590121
665.0371704101562 167.0523223876953 0.0017747115343809128
665.042236328125 166.8553466796875 0.0017702102195471525
665.0473022460938 166.66064453125 0.0017645263578742743
665.0521850585938 166.4679718017578 0.0017588805640116334
665.056884765625 166.277099609375 0.0017526245210319757
665.0615234375 166.0878448486328 0.0017465590499341488
665.0662231445312 165.89991760253906 0.0017399978823959827
665.0709228515625 165.71319580078125 0.0017334365984424949
665.0756225585938 165.52737426757812 0.0017267989460378885
665.080322265625 165.34231567382812 0.0017206191550940275
665.0849609375 165.15771484375 0.0017140578711405396
665.0896606445312 164.97348022460938 0.0017079543322324753
665.0943603515625 164.78927612304688 0.00170135498046875
665.0990600585938 164.60501098632812 0.0016951370052993298
665.103759765625 164.42042541503906 0.0016888808459043503
665.1083984375 164.23532104492188 0.0016830825479701161
665.1130981445312 164.0495147705078 0.0016769408248364925
665.1177978515625 163.86280822753906 0.0016707610338926315
665.1224975585938 163.6749725341797 0.001664657611399889
665.127197265625 163.48587036132812 0.0016590500017628074
665.1318359375 163.29527282714844 0.001652946462854743
665.1365966796875 163.10299682617188 0.0016473388532176614
665.1417236328125 162.90887451171875 0.0016414260026067495
665.1467895507812 162.71270751953125 0.001635971013456583
665.15185546875 162.5142822265625 0.001629905658774078
665.1569213867188 162.3134765625 0.0016245651058852673
665.1619873046875 162.11004638671875 0.001618881244212389
665.1671142578125 161.90386962890625 0.0016135405749082565
665.1724853515625 161.6947479248047 0.0016081237699836493
665.177978515625 161.4825439453125 0.0016028594691306353
665.1834106445312 161.26702880859375 0.0015974425477907062
665.1889038085938 161.048095703125 0.0015922927996143699
665.1944580078125 160.82553100585938 0.0015871429350227118
665.2003173828125 160.5991973876953 0.0015821456909179688
665.2061767578125 160.36892700195312 0.0015771484468132257
665.2120361328125 160.13461303710938 0.0015722656389698386
665.218017578125 159.8960723876953 0.0015674590831622481
665.2243041992188 159.65362548828125 0.0015662001678720117
665.2305297851562 159.41000366210938 0.0015805052826181054
665.2367553710938 159.16796875 0.0016093063168227673
665.2427978515625 158.92904663085938 0.0016443633940070868
665.2486572265625 158.69403076171875 0.0016790771624073386
665.2545166015625 158.4633026123047 0.001709365751594305
665.2603759765625 158.2369384765625 0.0017338943434879184
665.2659301757812 158.0149383544922 0.0017527007730677724
665.2713623046875 157.79734802246094 0.0017670058878138661
665.27685546875 157.58416748046875 0.0017776107415556908
665.2821655273438 157.375244140625 0.001784858643077314
665.2872314453125 157.17037963867188 0.0017887877766042948
665.2923583984375 156.96937561035156 0.0017901991959661245
665.2974243164062 156.77203369140625 0.0017897033831104636
665.3024291992188 156.57809448242188 0.0017878341022878885
665.3070678710938 156.38734436035156 0.0017845535185188055
665.311767578125 156.19952392578125 0.0017803191440179944
665.3164672851562 156.01441955566406 0.0017751692794263363
665.3211669921875 155.831787109375 0.0017698669107630849
665.3258666992188 155.65139770507812 0.0017639159923419356
665.3305053710938 155.4730987548828 0.0017569350311532617
665.3348388671875 155.29734802246094 0.0017533493228256702
665.339111328125 155.1245574951172 0.0017544555012136698
665.3434448242188 154.95494079589844 0.0017576598329469562
665.3477172851562 154.78857421875 0.0017614364624023438
665.3519287109375 154.62550354003906 0.0017645263578742743
665.3558349609375 154.46571350097656 0.0017670821398496628
665.3597412109375 154.3091583251953 0.0017687225481495261
665.3636474609375 154.15579223632812 0.001769599854014814
665.3675537109375 154.0055389404297 0.0017703628400340676
665.3713989257812 153.85838317871094 0.0017700575990602374
665.3748779296875 153.71424865722656 0.0017697142902761698
665.37841796875 153.57308959960938 0.0017687988001853228
665.3819580078125 153.43482971191406 0.0017677306896075606
665.3854370117188 153.29942321777344 0.0017663573380559683
665.3889770507812 153.16680908203125 0.0017651747912168503
665.39208984375 153.03692626953125 0.0017637633718550205
665.3952026367188 152.90972900390625 0.0017622757004573941
665.3983154296875 152.78512573242188 0.0017608260968700051
665.4014892578125 152.66311645507812 0.0017593002412468195
665.4046020507812 152.5436248779297 0.0017575835809111595
665.40771484375 152.4265899658203 0.0017559813568368554
665.4104614257812 152.3119659423828 0.001754493685439229
665.4132080078125 152.19970703125 0.0017529296455904841
665.4158935546875 152.0897674560547 0.0017515182262286544
665.4186401367188 151.98208618164062 0.0017498397501185536
665.42138671875 151.87661743164062 0.0017484283307567239
665.4241333007812 151.77333068847656 0.0017469787271693349
665.4268798828125 151.67218017578125 0.0017456435598433018
665.42919921875 151.57310485839844 0.0017443083925172687
665.4314575195312 151.47760009765625 0.0017510985489934683
665.4338989257812 151.38568115234375 0.0017581939464434981
665.4361572265625 151.2968292236328 0.0017613600939512253
665.4385986328125 151.21060180664062 0.0017610931536182761
665.4405517578125 151.12667846679688 0.001758308382704854
665.4425659179688 151.04481506347656 0.0017541503766551614
665.4444580078125 150.9647979736328 0.001749229384586215
665.4464721679688 150.8863525390625 0.0017438506474718451
665.4483642578125 150.8092498779297 0.00173778529278934
665.4503784179688 150.73321533203125 0.001731452881358564
665.4522705078125 150.65806579589844 0.0017251204699277878
665.4542846679688 150.5835418701172 0.0017186355544254184
665.4561767578125 150.5094451904297 0.0017120742704719305
665.4581909179688 150.43557739257812 0.0017053603660315275
665.4600830078125 150.36167907714844 0.0016987990820780396
665.4620971679688 150.28756713867188 0.0016921996138989925
665.4639892578125 150.2130584716797 0.0016859817551448941
665.4660034179688 150.137939453125 0.0016797637799754739
665.4679565429688 150.06204223632812 0.0016735458048060536
665.4699096679688 149.9851531982422 0.0016680144472047687
665.4718627929688 149.90711975097656 0.0016625976422801614
665.4738159179688 149.82781982421875 0.0016571044689044356
665.4757690429688 149.7471466064453 0.0016520690405741334
665.4777221679688 149.6649627685547 0.0016478728502988815
665.4796752929688 149.58111572265625 0.0016430664109066129
665.4819946289062 149.4954071044922 0.0016382216708734632
665.484375 149.40762329101562 0.0016333770472556353
665.4866943359375 149.3175811767578 0.0016280364943668246
665.4890747070312 149.2250518798828 0.001622695941478014
665.4913940429688 149.1298828125 0.0016173172043636441
665.4937133789062 149.03184509277344 0.0016117095947265625
665.4963989257812 148.93075561523438 0.0016061400528997183
665.4991455078125 148.82626342773438 0.0015988158993422985
665.5018310546875 148.7183074951172 0.0015943908365443349
665.5045776367188 148.60931396484375 0.0016028594691306353
665.50732421875 148.500732421875 0.0016203307313844562
665.5100708007812 148.39334106445312 0.0016404723282903433
665.5128173828125 148.28759765625 0.0016604614211246371
665.5155029296875 148.18370056152344 0.0016780090518295765
665.5182495117188 148.08177185058594 0.0016923522343859076
665.520751953125 147.98182678222656 0.0017036818899214268
665.5231323242188 147.88389587402344 0.001712264958769083
665.5254516601562 147.78794860839844 0.001718826242722571
665.5277709960938 147.6939697265625 0.0017234039260074496
665.5301513671875 147.60191345214844 0.0017265318892896175
665.532470703125 147.51174926757812 0.0017283629858866334
665.5347290039062 147.42510986328125 0.001738815219141543
665.5368041992188 147.34214782714844 0.001749343820847571
665.5386352539062 147.26229858398438 0.0017552947392687201
665.5407104492188 147.18507385253906 0.0017568969633430243
665.5425415039062 147.11012268066406 0.001755142118781805
665.5446166992188 147.03713989257812 0.0017512893537059426
665.5464477539062 146.96585083007812 0.0017462157411500812
665.5484008789062 146.89598083496094 0.0017403411911800504
665.5499267578125 146.82728576660156 0.0017341232160106301
665.5515747070312 146.75953674316406 0.001727523747831583
665.5530395507812 146.69247436523438 0.0017206954071298242
665.5546875 146.62588500976562 0.0017139434348791838
665.5562133789062 146.5595245361328 0.0017069625901058316
665.5578002929688 146.4931640625 0.0017000198131427169
665.5593872070312 146.42662048339844 0.0016933822771534324
665.5609130859375 146.35971069335938 0.001687011681497097
665.5625 146.29222106933594 0.0016808700747787952
665.5640258789062 146.22398376464844 0.0016749954083934426
665.5657958984375 146.15480041503906 0.0016690444899722934
665.567626953125 146.08447265625 0.0016630553873255849
665.569580078125 146.01283264160156 0.0016573333414271474
665.571533203125 145.93972778320312 0.0016519546043127775
665.573486328125 145.86500549316406 0.0016466522356495261
665.575439453125 145.78857421875 0.0016419601161032915
665.577392578125 145.71023559570312 0.0016394805861636996
665.579345703125 145.62994384765625 0.0016357421409338713
665.581298828125 145.54774475097656 0.0016325378092005849
665.5833740234375 145.46343994140625 0.0016287993639707565
665.585693359375 145.37673950195312 0.0016241454286500812
665.5880126953125 145.28746032714844 0.0016189956804737449
665.5903930664062 145.1953125 0.0016131591983139515
665.5927124023438 145.10012817382812 0.0016072081634774804
665.5950927734375 145.0016632080078 0.0016011428087949753
665.5977783203125 144.89976501464844 0.0015951156383380294
665.6005249023438 144.79421997070312 0.001589279156178236
665.603271484375 144.68484497070312 0.0015832138014957309
665.6060180664062 144.5714874267578 0.0015776442596688867
665.609130859375 144.45396423339844 0.0015717697096988559
665.6122436523438 144.33212280273438 0.0015665054088458419
665.6153564453125 144.20579528808594 0.001561126671731472
665.61865234375 144.0747833251953 0.0015560531755909324
665.6195678710938 143.93907165527344 0.0015599823091179132
665.6165771484375 143.79869079589844 0.0015806197188794613
665.6156616210938 143.65316772460938 0.0015816879458725452
665.6173095703125 143.50233459472656 0.0015581893967464566
665.6196899414062 143.3460235595703 0.001544952392578125
665.6220703125 143.18406677246094 0.0015372848138213158
665.6248168945312 143.0163116455078 0.0015295409830287099
665.6275024414062 142.8426055908203 0.0015231703873723745
665.6303100585938 142.6627655029297 0.0015166091034188867
665.6331176757812 142.4766082763672 0.0015103912446647882
665.6362915039062 142.28402709960938 0.0015042113373056054
665.6393432617188 142.0848388671875 0.001498489291407168
665.642578125 141.87948608398438 0.0014970398042351007
665.6456298828125 141.67100524902344 0.0015133667038753629
665.6488037109375 141.46275329589844 0.0015474701067432761
665.65185546875 141.256591796875 0.0015888976631686091
665.6550903320312 141.05345153808594 0.0016303634038195014
665.6580810546875 140.85385131835938 0.0016670989571139216
665.6613159179688 140.65805053710938 0.0016973114106804132
665.6643676757812 140.466064453125 0.001721191336400807
665.66748046875 140.27793884277344 0.0017394255846738815
665.670166015625 140.09361267089844 0.0017527389572933316
665.6729736328125 139.91305541992188 0.0017623519524931908
665.6755981445312 139.7361602783203 0.0017690276727080345
665.6784057617188 139.56288146972656 0.0017734527355059981
665.6810913085938 139.3931427001953 0.0017761611379683018
665.6838989257812 139.22723388671875 0.0017794036539271474
665.6864013671875 139.0650634765625 0.0017815016908571124
665.6888427734375 138.90635681152344 0.0017819213680922985
665.6911010742188 138.7509002685547 0.0017805099487304688
665.6934814453125 138.5984344482422 0.0017778777983039618
665.6929321289062 138.4488983154297 0.0017850494477897882
665.6885986328125 138.30230712890625 0.0018088531214743853
665.6826171875 138.1580810546875 0.0018233108567073941
665.6758422851562 138.0159912109375 0.0018237304175272584
665.668212890625 137.87579345703125 0.001815109164454043
665.6600341796875 137.73731994628906 0.0018260955112054944
665.648681640625 137.60092163085938 0.0018187713576480746
665.6333618164062 137.46669006347656 0.0018284606048837304
665.620849609375 137.3330535888672 0.0018111419631168246
665.6141967773438 137.19931030273438 0.0017658995930105448
665.60888671875 137.06605529785156 0.0017546081217005849
665.6039428710938 136.93434143066406 0.0017530058976262808
665.5991821289062 136.80467224121094 0.0017523574642837048
665.5945434570312 136.67727661132812 0.0017514800420030951
665.58984375 136.55233764648438 0.0017507171723991632
665.58544921875 136.42984008789062 0.0017498397501185536
665.5810546875 136.30978393554688 0.0017491912003606558
665.5768432617188 136.19216918945312 0.0017486572032794356
665.572509765625 136.07696533203125 0.0017481230897828937
665.568359375 135.96414184570312 0.0017475890927016735
665.5643310546875 135.85362243652344 0.0017469405429437757
665.560546875 135.74537658691406 0.0017462921096011996
665.5565185546875 135.63937377929688 0.0017455673078075051
665.5527954101562 135.53692626953125 0.0017522048437967896
665.5491943359375 135.43809509277344 0.0017590713687241077
665.5457763671875 135.3423309326172 0.0017622375162318349
665.5421752929688 135.24925231933594 0.0017620468279346824
665.5388793945312 135.15853881835938 0.001759338309057057
665.5357055664062 135.0698699951172 0.0017551040509715676
665.5326538085938 134.98301696777344 0.0017498397501185536
665.5294189453125 134.89773559570312 0.001743965083733201
665.5263671875 134.8137969970703 0.0017377090407535434
665.523193359375 134.73089599609375 0.0017301177140325308
665.5201416015625 134.6488800048828 0.001711349468678236
665.5169677734375 134.56761169433594 0.0017020797822624445
665.513916015625 134.48684692382812 0.0016972350422292948
665.5106811523438 134.40643310546875 0.0016938780900090933
665.5076293945312 134.3261260986328 0.0016907119425013661
665.5044555664062 134.24574279785156 0.0016875076107680798
665.5014038085938 134.16510009765625 0.0016836547292768955
665.4981689453125 134.08404541015625 0.001679229666478932
665.4951171875 134.00233459472656 0.0016747283516451716
665.491943359375 133.9198760986328 0.001670036232098937
665.4888916015625 133.83642578125 0.001665038987994194
665.4857177734375 133.75186157226562 0.0016602325486019254
665.482666015625 133.6659698486328 0.0016554641770198941
665.4794311523438 133.5785675048828 0.001650314312428236
665.4763793945312 133.48953247070312 0.0016452788840979338
665.4729614257812 133.3986053466797 0.0016401672037318349
665.4695434570312 133.3056182861328 0.0016345595940947533
665.4659423828125 133.2103729248047 0.0016289901686832309
665.4624633789062 133.11268615722656 0.001623611431568861
665.4588012695312 133.0123748779297 0.0016180420061573386
665.4549560546875 132.9092559814453 0.0016125488327816129
665.4509887695312 132.8031463623047 0.0016071319114416838
665.4471435546875 132.69387817382812 0.0016014480497688055
665.44287109375 132.5812530517578 0.0015960311284288764
665.4386596679688 132.46510314941406 0.0015906905755400658
665.4342651367188 132.34524536132812 0.001585311838425696
665.4297485351562 132.22152709960938 0.0015800094697624445
665.4249877929688 132.09378051757812 0.0015745925484225154
665.4202880859375 131.9617919921875 0.0015693282475695014
665.4151611328125 131.825439453125 0.0015643691876903176
665.41015625 131.68455505371094 0.0015592575073242188
665.4046630859375 131.53895568847656 0.001554412767291069
665.3992919921875 131.38848876953125 0.0015490340301766992
665.3934936523438 131.23297119140625 0.0015441894065588713
665.3876953125 131.072265625 0.0015393065987154841
665.3815307617188 130.9062042236328 0.0015337371733039618
665.3753662109375 130.73460388183594 0.001529693603515625
665.3687133789062 130.55735778808594 0.0015249632997438312
665.3621215820312 130.37425231933594 0.0015198898036032915
665.3550415039062 130.18511962890625 0.0015149688115343451
665.3479614257812 129.98985290527344 0.0015098571311682463
665.3405151367188 129.7882843017578 0.0015050125075504184
665.3328857421875 129.580322265625 0.0015007781330496073
665.3250732421875 129.36587524414062 0.0014968871837481856
665.3169555664062 129.14486694335938 0.0014932251069694757
665.3086547851562 128.91722106933594 0.0014898681547492743
665.300048828125 128.68283081054688 0.0014865112025290728
665.2911376953125 128.44158935546875 0.0014834213070571423
665.2821044921875 128.19337463378906 0.0014802169753238559
665.272705078125 127.93802642822266 0.0017218017019331455
665.2633666992188 127.6786880493164 0.0018159484025090933
665.2539672851562 127.4211196899414 0.0018640136113390326
665.2445678710938 127.16288757324219 0.0018707657000049949
665.2351684570312 126.9027099609375 0.0018561171600595117
665.2254028320312 126.63858795166016 0.001827735803090036
665.2156372070312 126.36973571777344 0.0017971419729292393
665.2054443359375 126.09468841552734 0.0017635344993323088
665.1951293945312 125.81307220458984 0.0017340087797492743
665.1845703125 125.52378845214844 0.0017046737484633923
665.1771240234375 125.22677612304688 0.0016913223080337048
665.1761474609375 124.92149353027344 0.0017128753243014216
665.1796875 124.60784149169922 0.0017383574740961194
665.1824340820312 124.2849349975586 0.0017333602299913764
665.1824340820312 123.9558334350586 0.001703567453660071
665.1815185546875 123.62445068359375 0.001695823622867465
665.1802978515625 123.29403686523438 0.001717643695883453
665.1790771484375 122.96607971191406 0.0017541503766551614
665.1774291992188 122.64192962646484 0.0017665099585428834
665.1759033203125 122.32218170166016 0.001728973351418972
665.1743774414062 122.00823974609375 0.0017653655959293246
665.1728515625 121.6999740600586 0.001814346294850111
665.1716918945312 121.3981704711914 0.0018640136113390326
665.1705322265625 121.10245513916016 0.0019034575670957565
665.1693725585938 120.8134536743164 0.001938362023793161
665.168212890625 120.53067016601562 0.0019620894454419613
665.1669921875 120.25464630126953 0.0019827650394290686
665.1658325195312 119.98480224609375 0.001994819613173604
665.1646728515625 119.72166442871094 0.0020067214500159025
665.1635131835938 119.4645767211914 0.0020116805098950863
665.162353515625 119.21345520019531 0.0019620894454419613
665.1611328125 118.96499633789062 0.0017538451356813312
665.1599731445312 118.71966552734375 0.0016746139153838158
665.1588134765625 118.47792053222656 0.0016595839988440275
665.1576538085938 118.23993682861328 0.0016721724532544613
665.156494140625 118.00566101074219 0.001693305908702314
665.1552734375 117.7749252319336 0.0017141341231763363
665.1541137695312 117.54756927490234 0.0017309951363131404
665.1529541015625 117.32332611083984 0.0017429733416065574
665.1517944335938 117.10199737548828 0.0017503737471997738
665.1510009765625 116.88330841064453 0.0017538833199068904
665.1502075195312 116.6670150756836 0.001754493685439229
665.1494140625 116.45289611816406 0.001752777025103569
665.148681640625 116.24076080322266 0.0017499541863799095
665.1478881835938 116.03031921386719 0.0017456435598433018
665.1470947265625 115.8214111328125 0.0017407989362254739
665.1463012695312 115.61376953125 0.0017351913265883923
665.1455078125 115.40719604492188 0.0017293929122388363
665.144775390625 115.20143127441406 0.0017231368692591786
665.1439819335938 114.9963150024414 0.0017170715145766735
665.1466064453125 114.79185485839844 0.0017245101043954492
665.1548461914062 114.58816528320312 0.0017557524843141437
665.1657104492188 114.3846435546875 0.0017783355433493853
665.1783447265625 114.18104553222656 0.0017844008980318904
665.187744140625 113.97682189941406 0.001760787912644446
665.1937866210938 113.77229309082031 0.0017184066819027066
665.198974609375 113.56909942626953 0.001709365751594305
665.2039794921875 113.36856842041016 0.0017180251888930798
665.208740234375 113.17130279541016 0.0017308425158262253
665.2134399414062 112.97767639160156 0.0017435835907235742
665.2181396484375 112.78775024414062 0.0017539977561682463
665.2225341796875 112.60160827636719 0.0017625045729801059
665.2268676757812 112.419189453125 0.001768569927662611
665.2311401367188 112.24050903320312 0.0017733763670548797
665.2354736328125 112.06541442871094 0.0017760848859325051
665.2396850585938 111.89393615722656 0.0017779922345653176
665.2435913085938 111.72590637207031 0.0017786026000976562
665.2474975585938 111.56135559082031 0.0017790984129533172
665.2514038085938 111.40055084228516 0.0017810057615861297
665.2553100585938 111.24352264404297 0.0017826079856604338
665.2589721679688 111.08987426757812 0.001781959435902536
665.2625122070312 110.93943786621094 0.001780014019459486
665.2659912109375 110.79188537597656 0.001776199322193861
665.26953125 110.64705657958984 0.0017721938202157617
665.2730102539062 110.50464630126953 0.001767120324075222
665.2765502929688 110.36454010009766 0.0017622757004573941
665.2799072265625 110.22638702392578 0.001756210345774889
665.2830200195312 110.09009552001953 0.0017506408039480448
665.2861328125 109.95536804199219 0.0017444228287786245
665.289306640625 109.82205200195312 0.0017386245308443904
665.2924194335938 109.68987274169922 0.0017323684878647327
665.2955322265625 109.55870056152344 0.001726608257740736
665.2986450195312 109.42825317382812 0.0017201995942741632
665.3017578125 109.29841613769531 0.0017144393641501665
665.304931640625 109.16888427734375 0.0017081451369449496
665.3080444335938 109.03955841064453 0.0017024993430823088
665.3111572265625 108.91014099121094 0.0016962433001026511
665.3142700195312 108.78054809570312 0.0016904068179428577
665.3173828125 108.65044403076172 0.0016839980380609632
665.320556640625 108.519775390625 0.001678466796875
665.3236694335938 108.38822937011719 0.0016723250737413764
665.3267822265625 108.2557373046875 0.0016668319003656507
665.3298950195312 108.12197875976562 0.0016605376731604338
665.3330078125 107.98686218261719 0.001655044499784708
665.336181640625 107.85013580322266 0.0016490173293277621
665.339599609375 107.71167755126953 0.001643714844249189
665.3431396484375 107.57122039794922 0.0016378021100535989
665.3466186523438 107.42867279052734 0.0016325759934261441
665.3501586914062 107.28374481201172 0.0016267395112663507
665.3536376953125 107.13636779785156 0.0016215514624491334
665.357177734375 106.98624420166016 0.0016157531645148993
665.3607788085938 106.83332824707031 0.001610565115697682
665.3646850585938 106.67732238769531 0.0016048812540248036
665.3685913085938 106.51814270019531 0.0015997313894331455
665.3724975585938 106.35554504394531 0.0015942001482471824
665.3764038085938 106.18942260742188 0.001589126535691321
665.3804321289062 106.01953125 0.0015837097307667136
665.384765625 105.84577941894531 0.001578597933985293
665.3890380859375 105.66791534423828 0.0015730666927993298
665.3933715820312 105.48584747314453 0.0015679930802434683
665.3978881835938 105.29934692382812 0.0015627288958057761
665.402587890625 105.10829162597656 0.0015578079037368298
665.4072265625 104.91242980957031 0.001552581787109375
665.4119873046875 104.71172332763672 0.0015480041038244963
665.4171142578125 104.50597381591797 0.0015428161714226007
665.4221801757812 104.29508209228516 0.001538352924399078
665.42724609375 104.07887268066406 0.0015339660458266735
665.4327392578125 103.85723114013672 0.0015299987280741334
665.4381713867188 103.63006591796875 0.0015260314103215933
665.4437255859375 103.39727020263672 0.0015219115884974599
665.4495849609375 103.15869140625 0.0015182875795289874
665.4554443359375 102.91422271728516 0.0015146255027502775
665.4614868164062 102.6637191772461 0.0016393661499023438
665.4677124023438 102.40716552734375 0.0017958449898287654
665.4739990234375 102.1502914428711 0.0018666839459910989
665.480224609375 101.89517974853516 0.0018952941754832864
665.4864501953125 101.63961029052734 0.0018907546764239669
665.4927368164062 101.3824691772461 0.0018719863146543503
665.4989624023438 101.12203216552734 0.0018429565243422985
665.5052490234375 100.85765075683594 0.0018137359293177724
665.5118408203125 100.58797454833984 0.0017824172973632812
665.5184936523438 100.31272888183594 0.0017551040509715676
665.5252075195312 100.03084564208984 0.0017285537905991077
665.5322265625 99.74224090576172 0.0017067717853933573
665.539306640625 99.44605255126953 0.0016851805849000812
665.5466918945312 99.14234924316406 0.0016682433197274804
665.5541381835938 98.83033752441406 0.0016508102416992188
665.5619506835938 98.5101547241211 0.0016375732375308871
665.56982421875 98.18104553222656 0.0016236876836046576
665.5780029296875 97.84317016601562 0.0016127777053043246
665.5863647460938 97.49583435058594 0.0016010283725336194
665.594970703125 97.13917541503906 0.001591377193108201
665.6038208007812 96.7725830078125 0.0016465758671984076
665.61279296875 96.3961181640625 0.0016744994791224599
665.6221923828125 96.0091323852539 0.0016617965884506702
665.6317138671875 95.6117935180664 0.0016374588012695312
665.6414794921875 95.20344543457031 0.0016099929343909025
665.651611328125 94.78419494628906 0.0015861510764807463
665.6619873046875 94.35340881347656 0.0015643310034647584
665.6726684570312 93.91114807128906 0.0015469741774722934
665.68359375 93.45679473876953 0.0015305328415706754
665.69482421875 92.9903793334961 0.0015174865256994963
665.7064208984375 92.51123046875 0.0015039443969726562
665.7182006835938 92.01929473876953 0.001492462120950222
665.7302856445312 91.51426696777344 0.0014830779982730746
665.7427368164062 91.00003814697266 0.0015002822037786245
665.7552490234375 90.48292541503906 0.0015546035720035434
665.7677001953125 89.9676513671875 0.0016304015880450606
665.7799682617188 89.45675659179688 0.001710166921839118
665.7921142578125 88.95233917236328 0.0017869186121970415
665.8040771484375 88.45529174804688 0.001853523193858564
665.8157958984375 87.9666976928711 0.0019115828908979893
665.8273315429688 87.48665618896484 0.001957282889634371
665.8386840820312 87.01577758789062 0.001995735103264451
665.8497314453125 86.55381774902344 0.002023620530962944
665.8607177734375 86.10115814208984 0.0020469282753765583
665.871337890625 85.65737915039062 0.002062301617115736
665.8818359375 85.22282409667969 0.002075462369248271
665.8920288085938 84.7969970703125 0.0020824430976063013
665.902099609375 84.38019561767578 0.002089271554723382
665.911865234375 83.97190856933594 0.002091064350679517
665.9215698242188 83.57243347167969 0.0020941924303770065
665.930908203125 83.18120574951172 0.0020929716993123293
665.9402465820312 82.79859161376953 0.002093696501106024
665.94921875 82.42394256591797 0.0020908736623823643
665.9581298828125 82.05762481689453 0.002090187044814229
665.9666748046875 81.69895935058594 0.0020856857299804688
665.9752197265625 81.3482437133789 0.002083740197122097
665.9833984375 81.0047607421875 0.002077903598546982
665.9915771484375 80.66876983642578 0.0020745848305523396
665.9993896484375 80.33954620361328 0.0020676041021943092
666.0072021484375 80.01731872558594 0.0020634077955037355
666.0147705078125 79.70136260986328 0.002055549528449774
666.0221557617188 79.39191436767578 0.0020507429726421833
666.0296020507812 79.08824920654297 0.002042426960542798
666.03662109375 78.79061889648438 0.0020373535808175802
666.0436401367188 78.49827575683594 0.002028770511969924
666.0506591796875 78.21150207519531 0.0020234680268913507
666.0574340820312 77.92955017089844 0.0020149610936641693
666.0640258789062 77.6527099609375 0.0020099258981645107
666.0706787109375 77.3802490234375 0.0020014189649373293
666.0770874023438 77.11245727539062 0.0019963455852121115
666.0833740234375 76.84860229492188 0.0019880293402820826
666.089599609375 76.58897399902344 0.0019830320961773396
666.0958251953125 76.33285522460938 0.0019750213250517845
666.1019897460938 76.08055114746094 0.0019700622651726007
666.1080932617188 75.82891082763672 0.001902084331959486
666.1141357421875 75.57781219482422 0.0019168471917510033
666.1202392578125 75.32573699951172 0.0018751525785773993
666.126220703125 75.0740966796875 0.0018507003551349044
666.1322631835938 74.82257080078125 0.0018312453757971525
666.13818359375 74.57184600830078 0.0018195342272520065
666.1441040039062 74.32086944580078 0.0018018721602857113
666.1500854492188 74.07009887695312 0.0018578720046207309
666.156005859375 73.8188705444336 0.001843147212639451
666.1619262695312 73.5679931640625 0.0018309783190488815
666.1678466796875 73.3166732788086 0.0018151855329051614
666.1708374023438 73.06544494628906 0.0018130873795598745
666.167236328125 72.81321716308594 0.0018997954903170466
666.1654052734375 72.56132507324219 0.0018982314504683018
666.1663208007812 72.30876159667969 0.0018541717436164618
666.1677856445312 72.05702209472656 0.001818428048864007
666.1694946289062 71.8072280883789 0.0017507934244349599
666.1714477539062 71.55909729003906 0.001617011963389814
666.1734008789062 71.3138656616211 0.001586379949003458
666.1753540039062 71.0724868774414 0.0016036605229601264
666.1773071289062 70.83544158935547 0.0016386413481086493
666.17919921875 70.60295104980469 0.001676101703196764
666.1807861328125 70.3750991821289 0.001709747244603932
666.1823120117188 70.15188598632812 0.0017369460547342896
666.1838989257812 69.93327331542969 0.0017578124534338713
666.1854248046875 69.71916198730469 0.0017731094267219305
666.18701171875 69.5094985961914 0.0017837523482739925
666.1885986328125 69.30419921875 0.0017908477457240224
666.1901245117188 69.10323333740234 0.0017953490605577826
666.1917114257812 68.9064712524414 0.0017979430267587304
666.1932373046875 68.71381378173828 0.0017991637578234076
666.19482421875 68.52520751953125 0.001799354562535882
666.1964111328125 68.34052276611328 0.001798553392291069
666.1978759765625 68.15956115722656 0.0017963791033253074
666.1990356445312 67.98210906982422 0.0017930602189153433
666.2001953125 67.80792999267578 0.0017891310853883624
666.201416015625 67.6368179321289 0.0017847060225903988
666.2025756835938 67.46853637695312 0.0017793654697015882
666.2037353515625 67.30284881591797 0.0017739104805514216
666.2048950195312 67.13954162597656 0.0017678451258689165
666.2060546875 66.97837829589844 0.0017618178389966488
666.207275390625 66.81916046142578 0.001755409175530076
666.2084350585938 66.66165161132812 0.001749229384586215
666.2095947265625 66.50564575195312 0.0017431640299037099
666.2107543945312 66.35092163085938 0.0017367934342473745
666.2119140625 66.19727325439453 0.0017304611392319202
666.213134765625 66.04450225830078 0.0017242431640625
666.2142944335938 65.89237976074219 0.001718063373118639
666.2154541015625 65.74072265625 0.0017116545932367444
666.2166137695312 65.58931732177734 0.0017052841139957309
666.2177734375 65.43795013427734 0.0016992950113490224
666.218994140625 65.28644561767578 0.0016933440929278731
666.2201538085938 65.13459014892578 0.001687278738245368
666.2213134765625 64.98218536376953 0.0016812133835628629
666.2224731445312 64.82904052734375 0.0016751480288803577
666.2236328125 64.67497253417969 0.00166912074200809
666.224853515625 64.51976776123047 0.0016634749481454492
666.2260131835938 64.36324310302734 0.001657676650211215
666.2271728515625 64.20521545410156 0.00165214529260993
666.2283325195312 64.04547882080078 0.0016464614309370518
666.2294921875 63.88387680053711 0.0016406631330028176
666.230712890625 63.7204475402832 0.001636505126953125
666.2318725585938 63.55647277832031 0.0016409301897510886
666.2330322265625 63.39361572265625 0.0016540908254683018
666.2341918945312 63.23331832885742 0.0016748809721320868
666.2353515625 63.0760383605957 0.001696090679615736
666.236572265625 62.921775817871094 0.0017137527465820312
666.2377319335938 62.77045440673828 0.0017271041870117188
666.2388916015625 62.62192916870117 0.0017364120576530695
666.2400512695312 62.47602844238281 0.001741599990054965
666.2412109375 62.33256530761719 0.0017443847609683871
666.242431640625 62.19133758544922 0.0017450331943109632
666.2435913085938 62.0521240234375 0.0017438506474718451
666.2447509765625 61.914730072021484 0.0017415237380191684
666.2459106445312 61.7789421081543 0.0017380905337631702
666.2444458007812 61.644744873046875 0.0017437362112104893
666.2393798828125 61.51211166381836 0.0017606352921575308
666.2328491210938 61.38054656982422 0.0017740631010383368
666.2255859375 61.24980926513672 0.0017749404069036245
666.2176513671875 61.11967468261719 0.001767387380823493
666.2090454101562 60.98996353149414 0.0017565154703333974
666.2031860351562 60.86027526855469 0.0017319106264039874
666.1997680664062 60.73051071166992 0.0017150497296825051
666.1967163085938 60.599891662597656 0.001706199604086578
666.1940307617188 60.469032287597656 0.0017019653460010886
666.1912231445312 60.33926010131836 0.0017033003969118
666.1884765625 60.21126174926758 0.0017086791340261698
666.185791015625 60.08541488647461 0.0017154692905023694
666.1830444335938 59.96187210083008 0.0017220305744558573
666.1802368164062 59.84072494506836 0.0017279814928770065
666.1778564453125 59.72199249267578 0.0017330169212073088
666.1754760742188 59.605648040771484 0.0017368316184729338
666.1732177734375 59.49168014526367 0.001739501953125
666.1707763671875 59.38003921508789 0.0017414093017578125
666.1685180664062 59.27069091796875 0.0017422103555873036
666.1660766601562 59.16360092163086 0.0017427443526685238
666.163818359375 59.058719635009766 0.0017427062848582864
666.161376953125 58.955989837646484 0.0017425536643713713
666.1593627929688 58.85538101196289 0.0017422103555873036
666.1573486328125 58.75684356689453 0.0017414855537936091
666.1554565429688 58.66033935546875 0.0017407225677743554
666.1534423828125 58.56583023071289 0.0017399596981704235
666.1515502929688 58.47325897216797 0.001738815219141543
666.1495361328125 58.382606506347656 0.0017377090407535434
666.1476440429688 58.2938117980957 0.0017368316184729338
666.1456298828125 58.20684814453125 0.0017358779441565275
666.1437377929688 58.12168502807617 0.0017349242698401213
666.1420288085938 58.04006576538086 0.0017435073386877775
666.1405029296875 57.96210479736328 0.0017525100847706199
666.1373291015625 57.88736343383789 0.0017634582472965121
666.1323852539062 57.81550216674805 0.0017791365971788764
666.1270141601562 57.745906829833984 0.0017854308243840933
666.1217041015625 57.67823791503906 0.0017823028611019254
666.1162109375 57.6121711730957 0.0017732238629832864
666.1104736328125 57.54743576049805 0.0017620086437091231
666.1033935546875 57.48406219482422 0.0017563247820362449
666.0948486328125 57.42179489135742 0.0017575073288753629
666.0855102539062 57.359886169433594 0.0017529296455904841
666.0760498046875 57.298133850097656 0.0017434310866519809
666.066162109375 57.23641586303711 0.0017322158673778176
666.054931640625 57.17506790161133 0.0017274474957957864
666.0416259765625 57.11410903930664 0.001730003277771175
666.0277709960938 57.05287551879883 0.0017282103653997183
666.01318359375 56.99112319946289 0.0017210388323292136
666.0006713867188 56.92782974243164 0.001699752756394446
665.9931030273438 56.86153030395508 0.001684913644567132
665.9868774414062 56.79278564453125 0.0016879653558135033
665.9805908203125 56.72338104248047 0.0016917038010433316
665.974365234375 56.654232025146484 0.0016943359514698386
665.968017578125 56.585853576660156 0.0016965866088867188
665.9620971679688 56.51851272583008 0.0016987990820780396
665.9561767578125 56.45236587524414 0.001701087923720479
665.9503784179688 56.38745880126953 0.0017033385811373591
665.9444580078125 56.32382583618164 0.0017053603660315275
665.9390258789062 56.26313018798828 0.001716194092296064
665.9338989257812 56.20539855957031 0.0017264174530282617
665.9288940429688 56.15011978149414 0.0017327498644590378
665.9241333007812 56.096946716308594 0.001735267578624189
665.9194946289062 56.0455322265625 0.0017348098335787654
665.9149780273438 55.99559783935547 0.0017320250626653433
665.9107666015625 55.946834564208984 0.0017279814928770065
665.9063720703125 55.89899826049805 0.0017227171920239925
665.9021606445312 55.851806640625 0.0017169188940897584
665.8978271484375 55.805023193359375 0.0017105864826589823
665.8935546875 55.75831604003906 0.0017033385811373591
665.8892211914062 55.71149826049805 0.0016962433001026511
665.885009765625 55.66444396972656 0.0016903686337172985
665.880615234375 55.61692810058594 0.0016840362222865224
665.8764038085938 55.56869125366211 0.0016774749383330345
665.8720092773438 55.51959228515625 0.0016707992181181908
665.8674926757812 55.4693489074707 0.0016645430587232113
665.8627319335938 55.41783905029297 0.0016584777040407062
665.8580932617188 55.36484909057617 0.0016527175903320312
665.85302734375 55.31026840209961 0.0016472244169563055
665.8480224609375 55.253997802734375 0.0016422652406618
665.8427734375 55.19598388671875 0.0016381836030632257
665.83740234375 55.13612365722656 0.0016342544695362449
665.8318481445312 55.0743293762207 0.0016309355851262808
665.8260498046875 55.01034164428711 0.0016261291457340121
665.820068359375 54.94375228881836 0.0016205977881327271
665.8139038085938 54.87477111816406 0.0016167830908671021
665.8074951171875 54.80357360839844 0.0016152190510183573
665.8009033203125 54.7300910949707 0.0016137313796207309
665.7939453125 54.65401840209961 0.0016107559204101562
665.7869873046875 54.57509994506836 0.0016072081634774804
665.779541015625 54.49344253540039 0.0016046523815020919
665.7720336914062 54.40898895263672 0.0016019820468500257
665.7640380859375 54.32132339477539 0.0015978622250258923
665.7559204101562 54.23009490966797 0.0015924834879115224
665.7472534179688 54.13505172729492 0.001586112892255187
665.7384033203125 54.03596115112305 0.0015796279767528176
665.7290649414062 53.932621002197266 0.0015727233840152621
665.7194213867188 53.8248291015625 0.0015662765363231301
665.7092895507812 53.71242904663086 0.0015600967453792691
665.6987915039062 53.595218658447266 0.0015541838947683573
665.687744140625 53.473060607910156 0.001548232976347208
665.6763305664062 53.345760345458984 0.0015427779871970415
665.664306640625 53.21318054199219 0.0015371321933344007
665.6519165039062 53.07514190673828 0.0015319824451580644
665.638916015625 52.931488037109375 0.001526641775853932
665.6254272460938 52.78206253051758 0.0015214538434520364
665.6114501953125 52.62672424316406 0.0015164946671575308
665.596923828125 52.46529006958008 0.001511802664026618
665.5818481445312 52.29762649536133 0.0015068816719576716
665.566162109375 52.123558044433594 0.0015021514846011996
665.5499267578125 51.942928314208984 0.0014973449287936091
665.5330200195312 51.75555419921875 0.0014922714326530695
665.515625 51.56132125854492 0.0014873504405841231
665.4974975585938 51.360107421875 0.0014830779982730746
665.478759765625 51.15184783935547 0.0014790344284847379
665.4593505859375 50.93647003173828 0.0014755630400031805
665.4392700195312 50.71392822265625 0.0014727400848641992
665.4185791015625 50.48415756225586 0.0014692688127979636
665.3972778320312 50.24705505371094 0.0014667510986328125
665.375244140625 50.00250244140625 0.001464042579755187
665.3525390625 49.7503662109375 0.0016754531534388661
665.3292846679688 49.49252700805664 0.0017860793741419911
665.3062133789062 49.23575210571289 0.0018438338302075863
665.283203125 48.97876739501953 0.0018596267327666283
665.2567138671875 48.71974563598633 0.0018562315963208675
665.2243041992188 48.45811080932617 0.001875381451100111
665.1870727539062 48.191688537597656 0.0018831634661182761
665.1461791992188 47.919677734375 0.0018731307936832309
665.105712890625 47.63990020751953 0.0018323134863749146
665.0671997070312 47.35223388671875 0.0017616653349250555
665.0287475585938 47.058685302734375 0.00171318044885993
664.9906616210938 46.76362991333008 0.0017145919846370816
664.9526977539062 46.46922302246094 0.0017430114094167948
664.915283203125 46.17756652832031 0.0017829131102189422
664.8783569335938 45.889320373535156 0.0018213271396234632
664.842041015625 45.605751037597656 0.0018592834239825606
664.8062133789062 45.326904296875 0.0018899916904047132
664.7713012695312 45.05367660522461 0.0019188307924196124
664.7369995117188 44.78580093383789 0.0019400024320930243
664.7034912109375 44.52397918701172 0.0019602584652602673
664.6707763671875 44.26774215698242 0.001973228296265006
664.638671875 44.01770782470703 0.001986350864171982
664.6069946289062 43.77093505859375 0.0017914199270308018
664.5757446289062 43.52692794799805 0.0016756438417360187
664.5450439453125 43.28666305541992 0.0016469191759824753
664.5148315429688 43.05067443847656 0.0016584014520049095
664.4852294921875 42.81919860839844 0.0016847610240802169
664.4561767578125 42.59231948852539 0.0017136383103206754
664.427734375 42.37005615234375 0.001738967839628458
664.3998413085938 42.15236282348633 0.0017591476207599044
664.37255859375 41.93915939331055 0.0017744064098224044
664.3424682617188 41.73109817504883 0.0017992401262745261
664.3074951171875 41.52865982055664 0.0018447875045239925
664.2705078125 41.33087158203125 0.0018773650517687201
664.232666015625 41.13737869262695 0.001890106126666069
664.1939086914062 40.947853088378906 0.0018881987780332565
664.154541015625 40.76210403442383 0.001878929091617465
664.1116333007812 40.581016540527344 0.0018812561174854636
664.0638427734375 40.40507888793945 0.0019033050630241632
664.0135498046875 40.23289108276367 0.0019149398431181908
663.9615478515625 40.06395721435547 0.0019120406359434128
663.9078979492188 39.897972106933594 0.001899185124784708
663.8583984375 39.73263931274414 0.0018579482566565275
663.81640625 39.56785202026367 0.0018056868575513363
663.7770385742188 39.405452728271484 0.0018019485287368298
663.7387084960938 39.24590301513672 0.0018033981323242188
663.7012939453125 39.089447021484375 0.0018019485287368298
663.6646728515625 38.93603515625 0.0017970657208934426
663.628662109375 38.78575897216797 0.0017913436749950051
663.593505859375 38.63848876953125 0.0017852019518613815
663.5590209960938 38.49428176879883 0.0017803191440179944
663.5252075195312 38.35298156738281 0.001776046701706946
663.4921875 38.21464157104492 0.001773033058270812
663.4598388671875 38.0791015625 0.0017702484037727118
663.4281005859375 37.94640350341797 0.0017679977463558316
663.3972778320312 37.81721496582031 0.0017705917125567794
663.3671875 37.691593170166016 0.0017734527355059981
663.337890625 37.569053649902344 0.0017736816080287099
663.3092041015625 37.44939041137695 0.00177196494769305
663.28125 37.33223342895508 0.001768417307175696
663.253662109375 37.217437744140625 0.0017641066806390882
663.2266235351562 37.10467529296875 0.0017587279435247183
663.2001342773438 36.993831634521484 0.001753311138600111
663.1739501953125 36.88459014892578 0.0017473602201789618
663.148193359375 36.776851654052734 0.00174144736956805
663.1227416992188 36.670310974121094 0.0017354583833366632
663.0974731445312 36.56486129760742 0.0017293929122388363
663.072509765625 36.46021270751953 0.0017230986850336194
663.0475463867188 36.35626220703125 0.0017174530075863004
663.0228881835938 36.25271987915039 0.0017112731002271175
662.998291015625 36.14949417114258 0.0017053603660315275
662.9736328125 36.046287536621094 0.0016994094476103783
662.9490356445312 35.94300842285156 0.0016936111496761441
662.9243774414062 35.83937454223633 0.0016877364832907915
662.8994140625 35.73529052734375 0.0016820526216179132
662.8744506835938 35.63047409057617 0.0016759490827098489
662.84912109375 35.524837493896484 0.001670150668360293
662.8236694335938 35.41808319091797 0.0016643141862004995
662.7978515625 35.310142517089844 0.0016587447607889771
662.771728515625 35.20072555541992 0.0016528320265933871
662.7452392578125 35.08975601196289 0.0016472244169563055
662.7182006835938 34.9769401550293 0.0016414260026067495
662.690673828125 34.862205505371094 0.0016357421409338713
662.6627197265625 34.74527359008789 0.001630325336009264
662.63427734375 34.62607192993164 0.0016249084146693349
662.6051635742188 34.50431442260742 0.0016191481845453382
662.5753784179688 34.37993621826172 0.0016138838836923242
662.5449829101562 34.252655029296875 0.0016083144582808018
662.513916015625 34.122406005859375 0.0016029739053919911
662.48193359375 33.988914489746094 0.001597556984052062
662.44921875 33.852115631103516 0.0015924453036859632
662.4157104492188 33.71173858642578 0.0015871047507971525
662.3812255859375 33.56771469116211 0.0015818404499441385
662.3457641601562 33.41978454589844 0.0015765761490911245
662.3093872070312 33.267879486083984 0.0015715026529505849
662.2719116210938 33.11174392700195 0.001566123915836215
662.2335815429688 32.9513053894043 0.0015612029237672687
662.1942138671875 32.78631591796875 0.0015560912434011698
662.1536865234375 32.616703033447266 0.0015513228718191385
662.1119384765625 32.442222595214844 0.0015459060668945312
662.0690307617188 32.26279067993164 0.0015413665678352118
662.02490234375 32.07816696166992 0.0015363311395049095
661.9794311523438 31.888248443603516 0.0015314483316615224
661.9327392578125 31.6928653717041 0.0015267181443050504
661.884765625 31.492431640625 0.0015256881015375257
661.8363037109375 31.289669036865234 0.0015406799502670765
661.7879638671875 31.08744239807129 0.0015712737804278731
661.7400512695312 30.88718032836914 0.0016072463477030396
661.6928100585938 30.689619064331055 0.001642951974645257
661.6463012695312 30.494991302490234 0.0016729736234992743
661.6004638671875 30.30340003967285 0.001697540283203125
661.5552978515625 30.114715576171875 0.001715164165943861
661.5109252929688 29.928850173950195 0.0017282103653997183
661.4671020507812 29.745563507080078 0.0017360305646434426
661.4238891601562 29.56472396850586 0.0017409133724868298
661.3811645507812 29.386056900024414 0.0017424010438844562
661.3388671875 29.209421157836914 0.0017423629760742188
661.297119140625 29.034528732299805 0.0017401123186573386
661.2556762695312 28.86124038696289 0.0017373657319694757
661.214599609375 28.689273834228516 0.0017331313574686646
661.173828125 28.518497467041016 0.001728973351418972
661.1331787109375 28.348623275756836 0.0017232513055205345
661.0927734375 28.17951774597168 0.0017182922456413507
661.0525512695312 28.010915756225586 0.0017121505225077271
661.0094604492188 27.843647003173828 0.001718711806461215
660.9617919921875 27.67806053161621 0.001745529123581946
660.9122314453125 27.513078689575195 0.0017636489355936646
660.861328125 27.348207473754883 0.0017666243948042393
660.8091430664062 27.18326759338379 0.0017601012950763106
660.759765625 27.01673698425293 0.001732635428197682
660.7130126953125 26.848833084106445 0.001703185960650444
660.667236328125 26.68129539489746 0.0016876602312549949
660.6221923828125 26.51556396484375 0.0016935729654505849
660.5776977539062 26.35225486755371 0.0017043304396793246
660.5340576171875 26.19180679321289 0.0017171859508380294
660.4911499023438 26.034311294555664 0.0017288970993831754
660.44921875 25.879920959472656 0.0017391967121511698
660.4080200195312 25.728553771972656 0.0017469405429437757
660.3677368164062 25.580289840698242 0.0017531203338876367
660.3282470703125 25.43498992919922 0.0017572784563526511
660.2894897460938 25.292724609375 0.0017606352921575308
660.2516479492188 25.153329849243164 0.0017623519524931908
660.2144165039062 25.016855239868164 0.0017636489355936646
660.1781616210938 24.883874893188477 0.0017678069416433573
660.1429443359375 24.75444221496582 0.00177196494769305
660.108642578125 24.628097534179688 0.0017728423699736595
660.0750732421875 24.504648208618164 0.00177196494769305
660.0421752929688 24.38372802734375 0.0017687225481495261
660.010009765625 24.265207290649414 0.001765022287145257
659.978271484375 24.148754119873047 0.0017595671815797687
659.9470825195312 24.034259796142578 0.0017547607421875
659.9163818359375 23.921411514282227 0.0017490386962890625
659.8861694335938 23.810104370117188 0.0017437362112104893
659.8562622070312 23.700037002563477 0.0017372893635183573
659.8265991210938 23.591110229492188 0.0017315292498096824
659.7972412109375 23.483022689819336 0.0017251968383789062
659.7680053710938 23.37568473815918 0.0017193603562191129
659.7390747070312 23.268800735473633 0.0017128753243014216
659.7101440429688 23.162277221679688 0.0017072295304387808
659.6812133789062 23.05582046508789 0.0017010116716846824
659.65234375 22.9493408203125 0.0016954421298578382
659.6233520507812 22.84255027770996 0.0016891479026526213
659.5941162109375 22.735363006591797 0.0016835402930155396
659.5648193359375 22.627492904663086 0.0016773986862972379
659.5352172851562 22.51885223388672 0.001671867328695953
659.5054321289062 22.40915298461914 0.0016657257219776511
659.4754028320312 22.298316955566406 0.001660156180150807
659.44482421875 22.186059951782227 0.0016543196979910135
659.413818359375 22.072301864624023 0.0016488265246152878
659.38232421875 21.95676040649414 0.0016428756061941385
659.3504028320312 21.83936309814453 0.0016375732375308871
659.31787109375 21.719823837280273 0.0016315459506586194
659.2847290039062 21.598073959350586 0.0016260527772828937
659.2509155273438 21.473834991455078 0.0016201782273128629
659.2164916992188 21.34703254699707 0.0016149519942700863
659.18115234375 21.21739387512207 0.0016094589373096824
659.1451416015625 21.08485221862793 0.0016044997610151768
659.1082153320312 20.949132919311523 0.0015988921513780951
659.0703735351562 20.81017303466797 0.0015939330914989114
659.0289916992188 20.66865348815918 0.0015981292817741632
658.982666015625 20.52507972717285 0.001620979281142354
658.93359375 20.37830924987793 0.0016364669427275658
658.8822021484375 20.228057861328125 0.0016397475264966488
658.8323364257812 20.072742462158203 0.001620063791051507
658.7839965820312 19.91240119934082 0.0015889739152044058
658.7349243164062 19.747432708740234 0.001577300950884819
658.6846923828125 19.577884674072266 0.0015700148651376367
658.6331787109375 19.403968811035156 0.0015650176210328937
658.5812377929688 19.22804069519043 0.0015739821828901768
658.529296875 19.05251693725586 0.0015966033097356558
658.4779052734375 18.87885093688965 0.0016259383410215378
658.4271850585938 18.707712173461914 0.0016555404290556908
658.3775024414062 18.539548873901367 0.0016824339982122183
658.3286743164062 18.374469757080078 0.0017047119326889515
658.2807006835938 18.212623596191406 0.0017226791242137551
658.2337646484375 18.05394744873047 0.0017361450009047985
658.187744140625 17.89850616455078 0.0017468261066824198
658.1426391601562 17.746164321899414 0.001753959571942687
658.0984497070312 17.596975326538086 0.001759490929543972
658.0551147460938 17.450786590576172 0.001762771513313055
658.0128784179688 17.307649612426758 0.0017651367234066129
657.9713745117188 17.167407989501953 0.0017660140292719007
657.9306640625 17.030105590820312 0.0017667388310655951
657.8883666992188 16.89661979675293 0.0017776107415556908
657.84326171875 16.767419815063477 0.0018051910446956754
657.7977905273438 16.641313552856445 0.0018215179443359375
657.7525634765625 16.518125534057617 0.001825256273150444
657.7076416015625 16.39766502380371 0.0018198394682258368
657.6607666015625 16.2812442779541 0.0018236159812659025
657.6119995117188 16.169960021972656 0.001844444195739925
657.5633544921875 16.062652587890625 0.0018556213472038507
657.5148315429688 15.958654403686523 0.0018527983920648694
657.4666137695312 15.857624053955078 0.0018426512833684683
657.4178466796875 15.757990837097168 0.0018216323805972934
657.3671875 15.661357879638672 0.0018152236007153988
657.3141479492188 15.56844711303711 0.0018248367123305798
657.2606201171875 15.478055000305176 0.0018285369733348489
657.2069091796875 15.39000129699707 0.0018233871087431908
657.153564453125 15.304296493530273 0.0018149184761568904
657.1000366210938 15.220888137817383 0.0018046951154246926
657.0455322265625 15.141409873962402 0.0018080520676448941
656.9924926757812 15.062928199768066 0.0017984008882194757
656.9480590820312 14.981124877929688 0.001774864154867828
656.9077758789062 14.8992338180542 0.0017954254290089011
656.8687133789062 14.818857192993164 0.0018066405318677425
656.8306274414062 14.740043640136719 0.0018021774012595415
656.7932739257812 14.662887573242188 0.0017908095614984632
656.7567138671875 14.58726978302002 0.0017765044467523694
656.720947265625 14.51325798034668 0.0017638778081163764
656.6858520507812 14.440726280212402 0.0017530058976262808
656.6515502929688 14.36973762512207 0.0017449569422751665
656.6178588867188 14.300166130065918 0.0017382812220603228
656.5849609375 14.232075691223145 0.0017340468475595117
656.552734375 14.165346145629883 0.0017303847707808018
656.5219116210938 14.101806640625 0.0017391586443409324
656.4927978515625 14.041501998901367 0.0017482757102698088
656.4649658203125 13.983975410461426 0.0017537688836455345
656.4381103515625 13.928361892700195 0.0017521666595712304
656.4119262695312 13.874191284179688 0.001746711670421064
656.3862915039062 13.82121467590332 0.0017402267549186945
656.361083984375 13.769208908081055 0.001733055105432868
656.3363037109375 13.71796989440918 0.0017258072039112449
656.3117065429688 13.667292594909668 0.0017188644269481301
656.2874755859375 13.616992950439453 0.001711997902020812
656.2632446289062 13.566872596740723 0.0017050933092832565
656.2390747070312 13.516764640808105 0.0016985320253297687
656.21484375 13.466471672058105 0.0016920851776376367
656.1903076171875 13.415842056274414 0.0016860580071806908
656.1655883789062 13.364693641662598 0.0016798782162368298
656.140625 13.31289291381836 0.0016742706065997481
656.1151123046875 13.26027774810791 0.0016684341244399548
656.0892333984375 13.206732749938965 0.0016633986961096525
656.0628051757812 13.152039527893066 0.0016578292706981301
656.0357055664062 13.096141815185547 0.0016530608991160989
656.0081176757812 13.038963317871094 0.0016483687795698643
655.9798583984375 12.9804048538208 0.00164451589807868
655.9507446289062 12.92030143737793 0.0016403578920289874
655.9208984375 12.85858154296875 0.001636505126953125
655.8903198242188 12.795219421386719 0.0016333770472556353
655.8587646484375 12.730141639709473 0.0016304778400808573
655.826416015625 12.663328170776367 0.0016281127464026213
655.7932739257812 12.594710350036621 0.0016260527772828937
655.7592163085938 12.524273872375488 0.0016243362333625555
655.72412109375 12.451569557189941 0.0016201018588617444
655.687744140625 12.376412391662598 0.0016148757422342896
655.6499633789062 12.298429489135742 0.00160808558575809
655.6107788085938 12.217525482177734 0.0016019820468500257
655.5700073242188 12.13338565826416 0.0015948867658153176
655.5277099609375 12.045955657958984 0.0015887069748714566
655.483642578125 11.954947471618652 0.0015821456909179688
655.4378662109375 11.86031436920166 0.0015765380812808871
655.3901977539062 11.76179313659668 0.001570053049363196
655.3406982421875 11.659332275390625 0.0015647124964743853
655.2891235351562 11.552675247192383 0.0015587997622787952
655.2354736328125 11.441777229309082 0.0015536498976871371
655.1796264648438 11.326385498046875 0.001548080355860293
655.1216430664062 11.20645523071289 0.0015432739164680243
655.0613403320312 11.081744194030762 0.0015378569951280951
654.9985961914062 10.952199935913086 0.0015330123715102673
654.9334106445312 10.817591667175293 0.0015277480706572533
654.8657836914062 10.677865028381348 0.0015228652628138661
654.795654296875 10.532793998718262 0.0015178680187091231
654.722900390625 10.38232135772705 0.0015134047716856003
654.6473999023438 10.226226806640625 0.001508255023509264
654.5691528320312 10.064437866210938 0.001503639155998826
654.4880981445312 9.896726608276367 0.001498489291407168
654.4041137695312 9.723002433776855 0.0014936064835637808
654.3170776367188 9.543131828308105 0.0014888381119817495
654.22705078125 9.357086181640625 0.0014849089784547687
654.134033203125 9.164754867553711 0.0014812469016760588
654.0379638671875 8.966113090515137 0.0014780807541683316
653.9387817382812 8.76109504699707 0.0014756774762645364
653.8364868164062 8.549619674682617 0.0014727782690897584
653.7310180664062 8.331579208374023 0.0014699554303660989
653.622314453125 8.106857299804688 0.0015372085617855191
653.5103149414062 7.875334739685059 0.0017324829241260886
653.3972778320312 7.6416239738464355 0.001818008371628821
653.2846069335938 7.408740520477295 0.0018557357834652066
653.171630859375 7.175042152404785 0.0018593216082081199
653.0571899414062 6.938503742218018 0.0018392944475635886
652.94091796875 6.698180198669434 0.001811180030927062
652.8191528320312 6.454178333282471 0.0017870712326839566
652.6893920898438 6.207589626312256 0.0017984771402552724
652.5524291992188 5.956416606903076 0.0018067549681290984
652.4088134765625 5.700048923492432 0.0018035888206213713
652.2579345703125 5.4376959800720215 0.0017880249070003629
652.099853515625 5.1693220138549805 0.0017707443330436945
651.9337768554688 4.894455909729004 0.00175132742151618
651.757080078125 4.615490436553955 0.0017486190190538764
651.5721435546875 4.330162525177002 0.0017602539155632257
651.3877563476562 4.036004543304443 0.001724891597405076
651.2034912109375 3.738585948944092 0.001697540283203125
651.0202026367188 3.4415431022644043 0.0017058562953025103
650.83837890625 3.146475076675415 0.0017369842389598489
650.6589965820312 2.8549952507019043 0.0017822646768763661
650.4821166992188 2.567570686340332 0.0018280792282894254
650.3082885742188 2.285163640975952 0.0018724440596997738
650.1375732421875 2.007751703262329 0.001907997066155076
649.9703979492188 1.7360068559646606 0.0019397735595703125
649.8064575195312 1.4696526527404785 0.0019628906156867743
649.6461791992188 1.2092208862304688 0.0019842146430164576
649.4893188476562 0.9542977809906006 0.001997566083446145
649.336181640625 0.7053484320640564 0.0020106506999582052
649.1863403320312 0.46188101172447205 0.0020172500517219305
649.0401611328125 0.22433511912822723 0.002024688757956028
648.89501953125 -0.006099014077335596 0.0020384215749800205
648.7493896484375 -0.22755204141139984 0.0020825194660574198
648.6041870117188 -0.4416818916797638 0.0021164703648537397
648.4605712890625 -0.6487903594970703 0.002137260278686881
648.3159790039062 -0.8508974313735962 0.0019037628080695868
648.1704711914062 -1.0482563972473145 0.001811561523936689
648.0230102539062 -1.2381755113601685 0.0018048095516860485
647.8724365234375 -1.4187556505203247 0.0018525695195421576
647.720947265625 -1.59222412109375 0.0018998336745426059
647.5693969726562 -1.759419560432434 0.0019301223801448941
647.418212890625 -1.9206609725952148 0.0019443511264398694
647.2660522460938 -2.0733165740966797 0.0019658280070871115
647.11181640625 -2.2158102989196777 0.0020030213054269552
646.9571533203125 -2.3508400917053223 0.0020256424322724342
646.8025512695312 -2.479358196258545 0.002029266208410263
646.6484375 -2.6018078327178955 0.002020950196310878
646.4949951171875 -2.7184154987335205 0.0020060730166733265
646.3455810546875 -2.8349342346191406 0.001960487337782979
646.2064819335938 -2.9576168060302734 0.0019204712007194757
646.0732421875 -3.0808770656585693 0.0018575667636469007
645.9435424804688 -3.202500343322754 0.0018335342174395919
645.816650390625 -3.321830987930298 0.0018209075788035989
645.6923828125 -3.4388110637664795 0.0018107604701071978
645.5707397460938 -3.553386688232422 0.0018025207100436091
645.4514770507812 -3.665652275085449 0.0017950820038095117
645.3347778320312 -3.775587797164917 0.0017895507626235485
645.2203979492188 -3.883307933807373 0.001784591586329043
645.1083984375 -3.988780975341797 0.0017811583820730448
644.9987182617188 -4.092121601104736 0.0017777633620426059
644.8912963867188 -4.193297863006592 0.0017755127046257257
644.7859497070312 -4.29242467880249 0.0017730712424963713
644.6829223632812 -4.389469623565674 0.0017713545821607113
644.5819702148438 -4.484549522399902 0.0017693709814921021
644.483154296875 -4.577630996704102 0.0017678069416433573
644.386962890625 -4.668246269226074 0.0017705917125567794
644.2933959960938 -4.756344318389893 0.0017737578600645065
644.2021484375 -4.842273235321045 0.0017737960442900658
644.1129760742188 -4.92617654800415 0.0017723082564771175
644.0257568359375 -5.00831937789917 0.0017687606159597635
643.9403076171875 -5.088799476623535 0.0017645263578742743
643.8550415039062 -5.166104793548584 0.0017676162533462048
643.769287109375 -5.239620208740234 0.0017847823910415173
643.68408203125 -5.311192512512207 0.0017933272756636143
643.5996704101562 -5.381333351135254 0.0017913817428052425
643.5159301757812 -5.450294494628906 0.001781959435902536
643.4327392578125 -5.518219947814941 0.0017703628400340676
643.3489379882812 -5.583514213562012 0.0017670821398496628
643.2640991210938 -5.645623683929443 0.001776847755536437
643.1787109375 -5.706301689147949 0.0017791747814044356
643.0931396484375 -5.766078948974609 0.0017732238629832864
643.007080078125 -5.825108051300049 0.0017617797711864114
642.9219970703125 -5.887761116027832 0.001726341200992465
642.8391723632812 -5.954993724822998 0.0017105102306231856
642.7572631835938 -6.022556781768799 0.0017181396251544356
642.6764526367188 -6.089488506317139 0.0017251968383789062
642.596923828125 -6.155371189117432 0.0017290496034547687
642.5186767578125 -6.220126152038574 0.0017306136433035135
642.4420776367188 -6.283617973327637 0.0017312240088358521
642.3668823242188 -6.345892429351807 0.0017314910655841231
642.2932739257812 -6.406880855560303 0.0017318343743681908
642.2222290039062 -6.4656805992126465 0.001740417443215847
642.1541137695312 -6.522135257720947 0.0017494200728833675
642.0882568359375 -6.576688766479492 0.001754226628690958
642.0245361328125 -6.629510879516602 0.0017557524843141437
641.9624633789062 -6.680904388427734 0.0017539215041324496
641.9019775390625 -6.731018543243408 0.001750411931425333
641.8419189453125 -6.77872896194458 0.0017500686226412654
641.7820434570312 -6.82374906539917 0.0017599486745893955
641.7227172851562 -6.867509841918945 0.0017633818788453937
641.6640625 -6.910430908203125 0.0017594527453184128
641.6058959960938 -6.95269250869751 0.0017503737471997738
641.548095703125 -6.9944658279418945 0.0017396926414221525
641.48974609375 -7.034575462341309 0.0017351149581372738
641.4305419921875 -7.072852611541748 0.0017388534033671021
641.3707885742188 -7.110615253448486 0.001736869802698493
641.3104248046875 -7.148255348205566 0.0017295455327257514
641.2493896484375 -7.185809135437012 0.0017191314836964011
641.1875 -7.223443984985352 0.0017084120772778988
641.124267578125 -7.259743690490723 0.001705932547338307
641.0592651367188 -7.294447898864746 0.0017119598342105746
640.9926147460938 -7.3288421630859375 0.0017125701997429132
640.9244995117188 -7.363343715667725 0.0017072295304387808
640.8546752929688 -7.397906303405762 0.0016989517025649548
640.7828979492188 -7.43111515045166 0.0016990661388263106
640.7088012695312 -7.46226167678833 0.0017072295304387808
640.6328735351562 -7.496729373931885 0.0016896056476980448
640.5579833984375 -7.540147304534912 0.0016587447607889771
640.4842529296875 -7.5871100425720215 0.0016808700747787952
640.4111328125 -7.63430643081665 0.001702384906820953
640.3388061523438 -7.681008815765381 0.001714630052447319
640.267578125 -7.727039813995361 0.0017192839877679944
640.1976928710938 -7.772233486175537 0.0017210006481036544
640.1290283203125 -7.8166022300720215 0.0017206191550940275
640.061767578125 -7.8600687980651855 0.0017206954071298242
639.9957885742188 -7.902690887451172 0.0017201232258230448
639.9312133789062 -7.944417953491211 0.0017205047188326716
639.8679809570312 -7.985320091247559 0.0017203902825713158
639.8076782226562 -8.024300575256348 0.0017316436860710382
639.7503662109375 -8.061349868774414 0.0017422866076231003
639.695556640625 -8.096735000610352 0.0017489242600277066
639.642822265625 -8.130839347839355 0.0017494582571089268
639.5914306640625 -8.164070129394531 0.0017450713785365224
639.5411987304688 -8.196582794189453 0.0017389296554028988
639.4917602539062 -8.228507041931152 0.0017322921194136143
639.4430541992188 -8.259963989257812 0.0017255401471629739
639.3949584960938 -8.29107666015625 0.0017184066819027066
639.3472290039062 -8.321952819824219 0.0017118453979492188
639.2996215820312 -8.352712631225586 0.0017050552414730191
639.2520751953125 -8.383455276489258 0.0016987990820780396
639.204345703125 -8.414295196533203 0.0016925811069086194
639.1563720703125 -8.445324897766113 0.0016865539364516735
639.1079711914062 -8.476653099060059 0.0016804885817691684
639.0588989257812 -8.508355140686035 0.0016749572241678834
639.0091552734375 -8.54053020477295 0.0016693496145308018
638.9585571289062 -8.573266983032227 0.0016640472458675504
638.9068603515625 -8.60667610168457 0.001658706576563418
638.8541870117188 -8.640734672546387 0.0016540145734325051
638.8002319335938 -8.675567626953125 0.0016496276948601007
638.7449951171875 -8.711246490478516 0.0016453551361337304
638.6884155273438 -8.74783706665039 0.0016411590622738004
638.6303100585938 -8.785380363464355 0.0016374968690797687
638.5706787109375 -8.823893547058105 0.0016344069736078382
638.5095825195312 -8.863429069519043 0.0016315459506586194
638.44677734375 -8.90399169921875 0.0016293334774672985
638.3823852539062 -8.945624351501465 0.0016269301995635033
638.3162231445312 -8.988393783569336 0.0016244506696239114
638.2478637695312 -9.03255558013916 0.0016197203658521175
638.17724609375 -9.078215599060059 0.0016146086854860187
638.1039428710938 -9.12558650970459 0.001607932965271175
638.0278930664062 -9.174725532531738 0.001601638738065958
637.9487915039062 -9.225813865661621 0.0015947341453284025
637.8667602539062 -9.278886795043945 0.0015886687906458974
637.7807006835938 -9.334449768066406 0.0017616271506994963
637.691162109375 -9.392217636108398 0.0016312790103256702
637.5977172851562 -9.452621459960938 0.0015684127574786544
637.5006713867188 -9.515301704406738 0.0015438079135492444
637.3994750976562 -9.580755233764648 0.0015314865158870816
637.2944946289062 -9.648666381835938 0.0015289306174963713
637.18505859375 -9.719502449035645 0.0015256881015375257
637.071533203125 -9.792977333068848 0.0015258407220244408
636.9534912109375 -9.86952018737793 0.0015231323195621371
636.8310546875 -9.94888687133789 0.0015230178833007812
636.702392578125 -10.028837203979492 0.0015293502947315574
636.5670166015625 -10.107854843139648 0.0015562820481136441
636.4256591796875 -10.188413619995117 0.0015739821828901768
636.2786865234375 -10.270832061767578 0.0015804290305823088
636.1257934570312 -10.35537052154541 0.0015770340105518699
635.966796875 -10.441901206970215 0.0015705107944086194
635.8004760742188 -10.527341842651367 0.001576499897055328
635.626220703125 -10.609753608703613 0.0016049956902861595
635.444580078125 -10.69156551361084 0.0016263198340311646
635.255615234375 -10.77326488494873 0.0016347122145816684
635.0617065429688 -10.861273765563965 0.0016099929343909025
634.865478515625 -10.959511756896973 0.0015459441347047687
634.6672973632812 -11.061503410339355 0.0015454483218491077
634.4694213867188 -11.164011001586914 0.0015783690614625812
634.2736206054688 -11.265687942504883 0.001618881244212389
634.0806884765625 -11.36591625213623 0.0016569136641919613
633.8910522460938 -11.46442985534668 0.0016886519733816385
633.705078125 -11.561071395874023 0.0017151259817183018
633.5228271484375 -11.655805587768555 0.0017358016921207309
633.3441772460938 -11.748598098754883 0.0017520904075354338
633.1693115234375 -11.83948802947998 0.001763839740306139
632.998046875 -11.928486824035645 0.0017725753132253885
632.8302612304688 -12.015666007995605 0.0017782211070880294
632.6659545898438 -12.101033210754395 0.0017821502406150103
632.5050048828125 -12.184663772583008 0.001784095773473382
632.347412109375 -12.266560554504395 0.0017852783203125
632.1929931640625 -12.34679889678955 0.0017853163881227374
632.041748046875 -12.425376892089844 0.0017849730793386698
631.8935546875 -12.50236701965332 0.0017839813372120261
631.7484741210938 -12.577759742736816 0.0017829512944445014
631.6063842773438 -12.651631355285645 0.0017812347505241632
631.4675903320312 -12.723734855651855 0.0017827986739575863
631.3320922851562 -12.794159889221191 0.001783409039489925
631.1995849609375 -12.862996101379395 0.0017827986739575863
631.0698852539062 -12.930418014526367 0.0017800902714952826
630.9417114257812 -12.994049072265625 0.0017875289777293801
630.8143920898438 -13.052909851074219 0.001809997484087944
630.6888427734375 -13.109375953674316 0.001823921105824411
630.5648193359375 -13.164118766784668 0.0018237304175272584
630.4423828125 -13.217395782470703 0.0018152999691665173
630.3206176757812 -13.267024993896484 0.001813812181353569
630.1993408203125 -13.312140464782715 0.0018262099474668503
630.0786743164062 -13.354920387268066 0.0018300246447324753
629.9585571289062 -13.396058082580566 0.0018230437999591231
629.8389282226562 -13.435696601867676 0.0018097305437549949
629.7195434570312 -13.471807479858398 0.001806182786822319
629.6000366210938 -13.50335693359375 0.0018159865867346525
629.4803466796875 -13.532593727111816 0.0018182754283770919
629.3603515625 -13.559962272644043 0.001810531597584486
629.2399291992188 -13.58575439453125 0.0017980574630200863
629.119140625 -13.607707023620605 0.0017958831740543246
628.9977416992188 -13.624906539916992 0.0018060302827507257
628.8750610351562 -13.644124031066895 0.0017866897396743298
628.7548828125 -13.67381477355957 0.0017366789979860187
628.6376953125 -13.708474159240723 0.0017546081217005849
628.5225830078125 -13.743480682373047 0.0017776107415556908
628.4096069335938 -13.778059005737305 0.0017855834448710084
628.298828125 -13.811999320983887 0.0017832183511927724
628.190185546875 -13.845295906066895 0.0017755889566615224
628.083740234375 -13.877907752990723 0.0017678833100944757
627.9794921875 -13.909870147705078 0.0017602157313376665
627.8773803710938 -13.941162109375 0.0017546081217005849
627.7772827148438 -13.971827507019043 0.0017498015658929944
627.6793823242188 -14.001845359802246 0.0017467498546466231
627.5833740234375 -14.031258583068848 0.001743965083733201
627.4907836914062 -14.059610366821289 0.0017505645519122481
627.4017944335938 -14.086898803710938 0.0017407607519999146
627.3157348632812 -14.11329174041748 0.0017343139043077826
627.2321166992188 -14.138925552368164 0.001733703538775444
627.1507568359375 -14.163871765136719 0.0017348098335787654
627.0712890625 -14.188237190246582 0.0017349242698401213
626.9935302734375 -14.212061882019043 0.0017346191452816129
626.917236328125 -14.23543930053711 0.001732635428197682
626.8422241210938 -14.2584228515625 0.0017294692806899548
626.768310546875 -14.281092643737793 0.0017255019629374146
626.6951904296875 -14.303497314453125 0.00172080984339118
626.6227416992188 -14.325712203979492 0.0017155837267637253
626.5507202148438 -14.347780227661133 0.001710433978587389
626.4789428710938 -14.369783401489258 0.0017046737484633923
626.4072265625 -14.391755104064941 0.0016991423908621073
626.3353881835938 -14.413772583007812 0.0016930770361796021
626.2632446289062 -14.435871124267578 0.0016876602312549949
626.1906127929688 -14.45812702178955 0.0016815185081213713
626.117431640625 -14.48056697845459 0.0016762542072683573
626.0433349609375 -14.503271102905273 0.0016703414730727673
625.96826171875 -14.526273727416992 0.0016650009201839566
625.8919677734375 -14.549654960632324 0.0016590118175372481
625.814453125 -14.573423385620117 0.0016540908254683018
625.7353515625 -14.597662925720215 0.0016485595842823386
625.6546630859375 -14.622394561767578 0.0016435241559520364
625.5720825195312 -14.647709846496582 0.0016380309825763106
625.487548828125 -14.673627853393555 0.0016329573700204492
625.4006958007812 -14.700243949890137 0.0016272353241220117
625.3114624023438 -14.727575302124023 0.0016220473917201161
625.21923828125 -14.753767013549805 0.0016231536865234375
625.123779296875 -14.778099060058594 0.00163688650354743
625.025146484375 -14.802322387695312 0.0016439437167719007
624.9232177734375 -14.826838493347168 0.0016427611699327826
624.81787109375 -14.851701736450195 0.0016360091976821423
624.7089233398438 -14.87481689453125 0.0016366195632144809
624.595947265625 -14.895167350769043 0.0016492842696607113
624.4790649414062 -14.914688110351562 0.0016560745425522327
624.3578491210938 -14.933663368225098 0.0016533279558643699
624.2322998046875 -14.952188491821289 0.0016461563063785434
624.102783203125 -14.974992752075195 0.0016190337482839823
623.9701538085938 -15.004496574401855 0.0015927886124700308
623.83447265625 -15.03614330291748 0.0016010283725336194
623.6983032226562 -15.06824016571045 0.0016212081536650658
623.5629272460938 -15.10022258758545 0.0016434097196906805
623.4293212890625 -15.131808280944824 0.0016647338634356856
623.2978515625 -15.162904739379883 0.0016830062959343195
623.1688232421875 -15.193426132202148 0.0016987990820780396
623.042236328125 -15.223376274108887 0.0017111586639657617
622.9180908203125 -15.252718925476074 0.0017213821411132812
622.7964477539062 -15.281482696533203 0.0017284774221479893
622.6774291992188 -15.309649467468262 0.001734504709020257
622.560791015625 -15.337249755859375 0.0017382430378347635
622.446533203125 -15.36427116394043 0.0017413711175322533
622.3345336914062 -15.3907470703125 0.0017429733416065574
622.2249145507812 -15.416667938232422 0.0017444228287786245
622.1187133789062 -15.441778182983398 0.0017515564104542136
622.0160522460938 -15.466042518615723 0.00175895681604743
621.9163818359375 -15.489603042602539 0.0017622757004573941
621.8194580078125 -15.512521743774414 0.0017628478817641735
621.7247924804688 -15.534899711608887 0.0017599486745893955
621.63232421875 -15.556772232055664 0.0017563628498464823
621.5416259765625 -15.57822322845459 0.0017510985489934683
621.4525756835938 -15.599283218383789 0.0017457579961046576
621.3648681640625 -15.620025634765625 0.0017398070776835084
621.2783203125 -15.640475273132324 0.0017339324112981558
621.1928100585938 -15.660706520080566 0.001727638184092939
621.108154296875 -15.680697441101074 0.0017588805640116334
621.0242919921875 -15.700664520263672 0.0016787337372079492
620.9401245117188 -15.720556259155273 0.0016462707426398993
620.8563232421875 -15.740439414978027 0.001640052767470479
620.7720947265625 -15.760355949401855 0.001640052767470479
620.6878662109375 -15.780318260192871 0.0016460036858916283
620.6028442382812 -15.80038070678711 0.0016483687795698643
620.5175170898438 -15.820565223693848 0.0016528320265933871
620.4310302734375 -15.840930938720703 0.00165214529260993
620.3438720703125 -15.861498832702637 0.0016533279558643699
620.2552490234375 -15.882330894470215 0.0016499710036441684
620.1655883789062 -15.903450965881348 0.0016487502725794911
620.0740356445312 -15.924914360046387 0.0016434097196906805
619.9810180664062 -15.946747779846191 0.0016408157534897327
619.8858642578125 -15.969005584716797 0.001634788466617465
619.7889404296875 -15.991713523864746 0.001631088205613196
619.6893920898438 -16.014921188354492 0.0016248321626335382
619.5877685546875 -16.038660049438477 0.00162162771448493
619.48291015625 -16.060819625854492 0.0016233061905950308
619.3751220703125 -16.080541610717773 0.0016404342604801059
619.263916015625 -16.099767684936523 0.0016485214000567794
619.149658203125 -16.118913650512695 0.0016492462018504739
619.0316772460938 -16.138042449951172 0.0016413115663453937
618.910400390625 -16.154850006103516 0.0016434859717264771
618.78515625 -16.16819953918457 0.0016570662846788764
618.6561279296875 -16.180118560791016 0.0016660308465361595
618.5228271484375 -16.19096565246582 0.0016630172031000257
618.3853149414062 -16.200780868530273 0.001657028216868639
618.2432861328125 -16.209440231323242 0.0016472244169563055
618.0973510742188 -16.21430206298828 0.0016515731113031507
617.947265625 -16.213775634765625 0.001671752892434597
617.7931518554688 -16.210073471069336 0.0016876602312549949
617.6345825195312 -16.20342254638672 0.0016919326735660434
617.4712524414062 -16.19386863708496 0.0016891479026526213
617.302001953125 -16.187049865722656 0.001657943706959486
617.1276245117188 -16.19129753112793 0.0015973662957549095
616.9507446289062 -16.199678421020508 0.0016104126116260886
616.7739868164062 -16.2091064453125 0.0016434859717264771
616.598876953125 -16.21864891052246 0.001673469552770257
616.4262084960938 -16.22819709777832 0.0016967010451480746
616.25634765625 -16.2375431060791 0.0017139434348791838
616.0896606445312 -16.24679183959961 0.0017272186232730746
615.9261474609375 -16.255794525146484 0.0017372512957081199
615.765869140625 -16.264684677124023 0.0017448425060138106
615.6087646484375 -16.27332878112793 0.0017507934244349599
615.4548950195312 -16.2818660736084 0.0017552184872329235
615.3041381835938 -16.290159225463867 0.0017583465669304132
615.156494140625 -16.29835319519043 0.0017604446038603783
615.0117797851562 -16.306310653686523 0.0017620086437091231
614.8707885742188 -16.31414222717285 0.0017665099585428834
614.7334594726562 -16.32167625427246 0.001770782400853932
614.5994262695312 -16.329126358032227 0.0017724990611895919
614.4683837890625 -16.336315155029297 0.0017716216389089823
614.340087890625 -16.34345245361328 0.0017689132364466786
614.2142333984375 -16.350351333618164 0.0017652129754424095
614.090576171875 -16.35723114013672 0.0017604827880859375
613.9688720703125 -16.363895416259766 0.0017553711077198386
613.8490600585938 -16.370563507080078 0.0017498397501185536
613.7308349609375 -16.377038955688477 0.0017440414521843195
613.6139526367188 -16.383544921875 0.0017381286015734076
613.498291015625 -16.38987922668457 0.0017321776831522584
613.3836059570312 -16.396268844604492 0.0017259597079828382
613.2696533203125 -16.402507781982422 0.0017199707217514515
613.1561889648438 -16.408824920654297 0.0017139052506536245
613.043212890625 -16.41501235961914 0.0017079925164580345
612.9302978515625 -16.42129898071289 0.0017019653460010886
612.8173828125 -16.427480697631836 0.001696090679615736
612.7042236328125 -16.43378257751465 0.0016901778290048242
612.5906372070312 -16.440000534057617 0.001684646587818861
612.4764404296875 -16.44635772705078 0.001678848173469305
612.3614501953125 -16.452655792236328 0.0016729736234992743
612.2454223632812 -16.45911407470703 0.0016670989571139216
612.1282348632812 -16.465532302856445 0.0016610717866569757
612.0096435546875 -16.472131729125977 0.0016554641770198941
611.8895263671875 -16.478715896606445 0.001649780198931694
611.7676391601562 -16.485498428344727 0.0016440581530332565
611.643798828125 -16.492286682128906 0.00163860316388309
611.5178833007812 -16.499290466308594 0.0016329955542460084
611.3895874023438 -16.506324768066406 0.0016275405650958419
611.2588500976562 -16.513591766357422 0.0016217422671616077
611.1254272460938 -16.520912170410156 0.0016161346575245261
610.9890747070312 -16.52848243713379 0.0016102218069136143
610.849853515625 -16.5361270904541 0.0016049575060606003
610.7073974609375 -16.54404067993164 0.0015999221941456199
610.5615234375 -16.55204963684082 0.0015946578932926059
610.412109375 -16.56034278869629 0.0015894698444753885
610.2589721679688 -16.568756103515625 0.0015839386032894254
610.1019287109375 -16.577465057373047 0.0015789031749591231
609.9408569335938 -16.586320877075195 0.0015739059308543801
609.775634765625 -16.595483779907227 0.0015685653779655695
609.6058959960938 -16.60481834411621 0.0015633773291483521
609.431640625 -16.614471435546875 0.0015584563370794058
609.2527465820312 -16.62432289123535 0.0015534590929746628
609.0689086914062 -16.63450050354004 0.0015481567243114114
608.8800048828125 -16.644908905029297 0.001543235732242465
608.6858520507812 -16.655651092529297 0.0015382766723632812
608.486328125 -16.666650772094727 0.0015333556802943349
608.2813720703125 -16.67798614501953 0.0015287017449736595
608.0706787109375 -16.689605712890625 0.0015242384979501367
607.8543090820312 -16.701560974121094 0.001520080491900444
607.6320190429688 -16.713830947875977 0.001515884418040514
607.4038696289062 -16.726430892944336 0.0015121459728106856
607.1696166992188 -16.73936653137207 0.0015083312755450606
606.9291381835938 -16.752641677856445 0.0015047454508021474
606.6824340820312 -16.766265869140625 0.001501121441833675
606.4292602539062 -16.78024673461914 0.0017118834657594562
606.171142578125 -16.79450035095215 0.0018190382979810238
605.9144897460938 -16.808666229248047 0.0018731307936832309
605.65869140625 -16.819894790649414 0.0018975066486746073
605.4017333984375 -16.82547950744629 0.0019238280365243554
605.1423950195312 -16.827468872070312 0.0019371414091438055
604.8789672851562 -16.82634162902832 0.0019264983711764216
604.61083984375 -16.82251739501953 0.0019049453549087048
604.3367309570312 -16.815780639648438 0.0018750762101262808
604.0570068359375 -16.80316925048828 0.0018595122965052724
603.770751953125 -16.787824630737305 0.0018538284348323941
603.4796142578125 -16.777555465698242 0.0018066787160933018
603.1870727539062 -16.769264221191406 0.0017679213779047132
602.89599609375 -16.761810302734375 0.001769332797266543
602.607421875 -16.754764556884766 0.001797370845451951
602.3228759765625 -16.747968673706055 0.0018349074525758624
602.0425415039062 -16.741344451904297 0.0018678664928302169
601.7675170898438 -16.734880447387695 0.0018996428698301315
601.49755859375 -16.72854995727539 0.0019234466599300504
601.2335815429688 -16.722368240356445 0.0019463348435238004
600.9750366210938 -16.716318130493164 0.0019614791963249445
600.72265625 -16.710412979125977 0.0019768141210079193
600.4734497070312 -16.70458221435547 0.0017829131102189422
600.226806640625 -16.69881248474121 0.0016683577559888363
599.98388671875 -16.693130493164062 0.0016409301897510886
599.7452392578125 -16.687549591064453 0.0016537857009097934
599.51123046875 -16.68207550048828 0.0016812514513731003
599.2817993164062 -16.676708221435547 0.001710815355181694
599.0570678710938 -16.671451568603516 0.0017367934342473745
598.8369140625 -16.666301727294922 0.0017575073288753629
598.6212768554688 -16.661258697509766 0.001773414551280439
598.41015625 -16.65631866455078 0.0017842864617705345
598.2034301757812 -16.65148162841797 0.0017916107317432761
598.0007934570312 -16.64674186706543 0.001795539865270257
597.8023071289062 -16.64209747314453 0.0017970657208934426
597.6074829101562 -16.637542724609375 0.001796188298612833
597.416259765625 -16.63306999206543 0.001794090261682868
597.2283325195312 -16.62867546081543 0.0017903518164530396
597.04345703125 -16.624353408813477 0.0017860031221061945
596.8614501953125 -16.620094299316406 0.0017806243849918246
596.68212890625 -16.61590003967285 0.0017750548431649804
596.505126953125 -16.611759185791016 0.001768836984410882
596.3302612304688 -16.607667922973633 0.0017626952612772584
596.1572875976562 -16.603622436523438 0.0017561721615493298
595.9861450195312 -16.59961700439453 0.001750144874677062
595.81640625 -16.595645904541016 0.001743316650390625
595.6480102539062 -16.591707229614258 0.0017369842389598489
595.4806518554688 -16.587793350219727 0.001730422955006361
595.3141479492188 -16.58389663696289 0.0017242812318727374
595.1482543945312 -16.58001708984375 0.001717643695883453
594.9828491210938 -16.576148986816406 0.0017117309616878629
594.8176879882812 -16.572282791137695 0.0017050933092832565
594.652587890625 -16.568422317504883 0.0016994094476103783
594.4871826171875 -16.564556121826172 0.001693038851954043
594.321533203125 -16.560680389404297 0.0016871643019840121
594.1552734375 -16.55678939819336 0.0016809845110401511
593.9882202148438 -16.55288314819336 0.0016750716604292393
593.8201293945312 -16.5489501953125 0.001668968121521175
593.6509399414062 -16.544994354248047 0.0016632460756227374
593.48046875 -16.541004180908203 0.001657028216868639
593.3087158203125 -16.540098190307617 0.001662940951064229
593.1354370117188 -16.543903350830078 0.0016882704803720117
592.9605712890625 -16.5497989654541 0.0017108535394072533
592.78369140625 -16.552806854248047 0.0017027663998305798
592.606689453125 -16.552827835083008 0.0016782759921625257
592.4312133789062 -16.552167892456055 0.0016806030180305243
592.2581787109375 -16.551342010498047 0.001695175189524889
592.0879516601562 -16.550477981567383 0.0017108917236328125
591.9208374023438 -16.549617767333984 0.001725006033666432
591.7568359375 -16.548768997192383 0.001736335689201951
591.5961303710938 -16.547937393188477 0.0017457579961046576
591.4385375976562 -16.547121047973633 0.0017522430280223489
591.2843017578125 -16.546323776245117 0.0017574691446498036
591.133056640625 -16.54553985595703 0.0017605590401217341
590.9850463867188 -16.54477310180664 0.0017628860659897327
590.8399658203125 -16.544021606445312 0.0017636871198192239
590.6979370117188 -16.54328727722168 0.0017644499894231558
590.5587158203125 -16.54256820678711 0.0017644119216129184
590.4225463867188 -16.5418643951416 0.0017644499894231558
590.2890625 -16.54117202758789 0.0017633438110351562
590.1583862304688 -16.540496826171875 0.0017627334455028176
590.0303955078125 -16.539833068847656 0.0017613600939512253
589.9050903320312 -16.5391845703125 0.0017602919833734632
589.7823486328125 -16.538551330566406 0.0017586898757144809
589.662109375 -16.537927627563477 0.0017576217651367188
589.5443725585938 -16.53731918334961 0.0017559813568368554
589.4292602539062 -16.53924560546875 0.0017652129754424095
589.3168334960938 -16.5443058013916 0.001787376357242465
589.2081298828125 -16.55002784729004 0.0018068695208057761
589.1029663085938 -16.55609703063965 0.0018135833088308573
589.0009155273438 -16.562389373779297 0.0018112182151526213
588.901611328125 -16.56894302368164 0.0018029784550890326
588.80517578125 -16.577444076538086 0.0018022918375208974
588.71142578125 -16.588598251342773 0.0018106078496202826
588.6197509765625 -16.60060691833496 0.0018118285806849599
588.5297241210938 -16.613222122192383 0.0018040084978565574
588.4412231445312 -16.62624168395996 0.0017923354171216488
588.3544921875 -16.64130973815918 0.0017875289777293801
588.269775390625 -16.658832550048828 0.001792373601347208
588.1860961914062 -16.677541732788086 0.001790923997759819
588.103271484375 -16.696931838989258 0.001782379113137722
588.02099609375 -16.717144012451172 0.0017699050949886441
587.9364624023438 -16.734663009643555 0.0017319106264039874
587.8493041992188 -16.745412826538086 0.0017168426420539618
587.7621459960938 -16.75463104248047 0.0017300414619967341
587.6757202148438 -16.76357650756836 0.0017378615448251367
587.5906372070312 -16.772354125976562 0.0017396926414221525
587.5087280273438 -16.780797958374023 0.0017470169113948941
587.4303588867188 -16.78887367248535 0.0017541884444653988
587.3549194335938 -16.796648025512695 0.0017564772861078382
587.2820434570312 -16.804157257080078 0.0017555999802425504
587.2113037109375 -16.811445236206055 0.0017520904075354338
587.1424560546875 -16.818540573120117 0.0017474364722147584
587.0751953125 -16.82547378540039 0.0017414855537936091
587.0092163085938 -16.8322696685791 0.0017354964511469007
586.9443359375 -16.838958740234375 0.0017287826631218195
586.8802490234375 -16.845563888549805 0.0017219161381945014
586.8165893554688 -16.852123260498047 0.0017146682366728783
586.7532958984375 -16.858654022216797 0.0017076492076739669
586.68994140625 -16.865184783935547 0.0017004393739625812
586.6264038085938 -16.870363235473633 0.0016989135183393955
586.5624389648438 -16.8737850189209 0.0017052459297701716
586.4978637695312 -16.876781463623047 0.0017066955333575606
586.4327392578125 -16.87956428527832 0.0017032623291015625
586.3670043945312 -16.882230758666992 0.001696853549219668
586.300537109375 -16.88335418701172 0.001695175189524889
586.2330932617188 -16.885406494140625 0.0016889572143554688
586.1649780273438 -16.890583038330078 0.0016748809721320868
586.0951538085938 -16.896400451660156 0.0016699981642886996
586.0238037109375 -16.90247917175293 0.0016656112857162952
585.9508056640625 -16.908723831176758 0.0016586303245276213
585.8759155273438 -16.9151611328125 0.0016505431849509478
585.799072265625 -16.921768188476562 0.0016440581530332565
585.7203369140625 -16.92854881286621 0.0016378401778638363
585.6395874023438 -16.935503005981445 0.0016325378092005849
585.5562744140625 -16.942668914794922 0.0016257858369499445
585.4703979492188 -16.95005989074707 0.0016194152412936091
585.3815307617188 -16.95770835876465 0.0016125488327816129
585.28955078125 -16.965618133544922 0.0016064071096479893
585.1943359375 -16.97381591796875 0.0015995787689462304
585.0956420898438 -16.98230743408203 0.0015937042189761996
584.9931640625 -16.99112319946289 0.0015873336233198643
584.886962890625 -17.000263214111328 0.0015819930704310536
584.7766723632812 -17.009756088256836 0.0015761565882712603
584.6622314453125 -17.01960563659668 0.0015707778511568904
584.5433959960938 -17.02983283996582 0.001564941368997097
584.4200439453125 -17.037994384765625 0.001568489009514451
584.2920532226562 -17.04294776916504 0.0015863036969676614
584.1593017578125 -17.04681396484375 0.0015988540835678577
584.0213623046875 -17.049970626831055 0.001600189134478569
583.8783569335938 -17.05250358581543 0.0015951156383380294
583.7299194335938 -17.054319381713867 0.0015865325694903731
583.576416015625 -17.052637100219727 0.001590194646269083
583.4179077148438 -17.04583740234375 0.0016117095947265625
583.2539672851562 -17.036144256591797 0.0016264342702925205
583.084228515625 -17.023868560791016 0.0016298674745485187
582.9078979492188 -17.01513671875 0.0016044997610151768
582.7249145507812 -17.013639450073242 0.0015528869116678834
582.5355224609375 -17.014066696166992 0.0015428542392328382
582.3394775390625 -17.01500129699707 0.0015380477998405695
582.13671875 -17.0161075592041 0.0015299224760383368
581.9271850585938 -17.01728630065918 0.0015189361292868853
581.711181640625 -17.018510818481445 0.0015111541142687201
581.4918823242188 -17.019756317138672 0.0015218353364616632
581.2728271484375 -17.0210018157959 0.0015523529145866632
581.055908203125 -17.022233963012695 0.0015919493744149804
580.8422241210938 -17.023448944091797 0.0016325759934261441
580.6322021484375 -17.024641036987305 0.0016690444899722934
580.4262084960938 -17.02581214904785 0.0016998671926558018
580.2243041992188 -17.02695655822754 0.0017243576003238559
580.0265502929688 -17.028078079223633 0.0017434310866519809
579.8328247070312 -17.029178619384766 0.0017571640200912952
579.6431274414062 -17.030254364013672 0.0017673110123723745
579.457275390625 -17.031309127807617 0.0017737578600645065
579.2752075195312 -17.0323429107666 0.001778411795385182
579.096923828125 -17.033353805541992 0.0017809676937758923
578.9223022460938 -17.034343719482422 0.0017825698014348745
578.75146484375 -17.035310745239258 0.0017845153342932463
578.5845336914062 -17.036258697509766 0.0017856978811323643
578.4208984375 -17.037187576293945 0.001785011263564229
578.2607421875 -17.038097381591797 0.0017833327874541283
578.1035766601562 -17.03898811340332 0.0017798232147470117
577.94921875 -17.039859771728516 0.0017758560134097934
577.7974243164062 -17.040721893310547 0.001770782400853932
577.6480102539062 -17.041568756103516 0.0017657470889389515
577.5007934570312 -17.042404174804688 0.0017599104903638363
577.35546875 -17.043230056762695 0.0017542648129165173
577.2117919921875 -17.044044494628906 0.001747894217260182
577.0697021484375 -17.044851303100586 0.0017420196672901511
576.9288330078125 -17.045650482177734 0.001735420199111104
576.7890625 -17.04644203186035 0.0017298125894740224
576.6502075195312 -17.047231674194336 0.0017233275575563312
576.511962890625 -17.048015594482422 0.001717529259622097
576.3741455078125 -17.048795700073242 0.0017112731002271175
576.2366943359375 -17.049577713012695 0.0017053603660315275
576.0993041992188 -17.050357818603516 0.0016988753341138363
575.9617309570312 -17.0511417388916 0.0016931152204051614
575.82373046875 -17.051921844482422 0.001687011681497097
575.685302734375 -17.05270767211914 0.0016812133835628629
575.5460815429688 -17.053497314453125 0.0016751480288803577
575.4059448242188 -17.054290771484375 0.0016694640507921576
575.2647094726562 -17.055091857910156 0.0016632842598482966
575.1221923828125 -17.055898666381836 0.001657676650211215
574.9781494140625 -17.05671501159668 0.0016517257317900658
574.8324584960938 -17.05754280090332 0.001645965501666069
574.6849365234375 -17.058380126953125 0.0016402434557676315
574.5353393554688 -17.059228897094727 0.0016348266508430243
574.3834838867188 -17.060089111328125 0.0016291808569803834
574.229248046875 -17.060964584350586 0.0016238021198660135
574.0723876953125 -17.061853408813477 0.0016180038219317794
573.9127807617188 -17.06275749206543 0.001612930209375918
573.7501831054688 -17.06368064880371 0.0016074752202257514
573.5845336914062 -17.064619064331055 0.0016022109193727374
573.41552734375 -17.06557846069336 0.001596641493961215
573.2431030273438 -17.066556930541992 0.0015915298135951161
573.0669555664062 -17.067554473876953 0.0015858077676966786
572.8870239257812 -17.06857681274414 0.0015806960873305798
572.703125 -17.069622039794922 0.0015753173502162099
572.5150756835938 -17.070688247680664 0.0015703963581472635
572.3226318359375 -17.071781158447266 0.0015651702415198088
572.1256713867188 -17.07289695739746 0.0015604781219735742
571.924072265625 -17.074039459228516 0.0015556716825813055
571.7177734375 -17.075210571289062 0.001550979563035071
571.5064697265625 -17.07640838623047 0.0015463256277143955
571.2901611328125 -17.077634811401367 0.0015420150011777878
571.068603515625 -17.07889175415039 0.0015374374343082309
570.8416748046875 -17.080181121826172 0.0015331649919971824
570.6093139648438 -17.081499099731445 0.001529006869532168
570.3714599609375 -17.082847595214844 0.0015250396681949496
570.1279296875 -17.084226608276367 0.001521263038739562
569.8784790039062 -17.085643768310547 0.001587676932103932
569.6231689453125 -17.08709144592285 0.0017820358043536544
569.3659057617188 -17.08854866027832 0.0018616103334352374
569.110595703125 -17.089996337890625 0.0018954466795548797
568.855712890625 -17.09144401550293 0.0018983458867296576
568.599365234375 -17.0928955078125 0.0018795776413753629
568.3406372070312 -17.094364166259766 0.0018545532366260886
568.0779418945312 -17.095855712890625 0.00182342529296875
567.8107299804688 -17.09737205505371 0.001794738695025444
567.5379028320312 -17.098918914794922 0.0017652892274782062
567.2591552734375 -17.10049819946289 0.0017406463157385588
566.9736938476562 -17.10211753845215 0.00171661376953125
566.6812744140625 -17.103776931762695 0.0016970443539321423
566.3812866210938 -17.105478286743164 0.0016775511903688312
566.0736694335938 -17.107219696044922 0.0016620635287836194
565.7576904296875 -17.1090087890625 0.0016463851789012551
565.4335327148438 -17.11084747314453 0.0016336821718141437
565.1005249023438 -17.11273765563965 0.0016209030291065574
564.7587280273438 -17.114673614501953 0.0016106032999232411
564.407470703125 -17.116661071777344 0.0015994262648746371
564.046875 -17.118703842163086 0.0015904998872429132
563.6763916015625 -17.120805740356445 0.0015801619738340378
563.2960205078125 -17.122962951660156 0.0015721512027084827
562.9052124023438 -17.125173568725586 0.0015628051478415728
562.5040283203125 -17.1274471282959 0.0015553283737972379
562.091796875 -17.129783630371094 0.001545867882668972
561.6688232421875 -17.132179260253906 0.0015382003039121628
561.2342529296875 -17.134641647338867 0.0015291214222088456
560.7882080078125 -17.13716697692871 0.001521644531749189
560.330078125 -17.139760971069336 0.00151256553363055
559.8599243164062 -17.142425537109375 0.0015043258899822831
559.3770141601562 -17.145158767700195 0.0014952087076380849
558.88134765625 -17.147966384887695 0.0014863585820421576
558.3720703125 -17.15085220336914 0.001474685617722571
557.8487548828125 -17.1538143157959 0.0014621352311223745
557.3109741210938 -17.1568603515625 0.0014503097627311945
556.7591552734375 -17.159982681274414 0.0014420318184420466
556.1931762695312 -17.163185119628906 0.0014370727585628629
555.613525390625 -17.16646385192871 0.0014344406081363559
555.0199584960938 -17.169822692871094 0.0014326857635751367
554.41259765625 -17.173259735107422 0.0014313887804746628
553.791259765625 -17.176773071289062 0.0014293669955804944
553.1558227539062 -17.18036651611328 0.0014268112136051059
552.5059814453125 -17.18404197692871 0.0014232635730877519
551.841552734375 -17.18779945373535 0.0014190291985869408
551.162353515625 -17.191638946533203 0.0014138793339952826
550.4680786132812 -17.19556427001953 0.0014081954723224044
549.7584838867188 -17.199575424194336 0.0014017868088558316
549.0335083007812 -17.203672409057617 0.001395759521983564
548.2929077148438 -17.207857131958008 0.001389999408274889
547.5364990234375 -17.212129592895508 0.0013851166004315019
546.7644653320312 -17.216489791870117 0.0013806915376335382
545.9765625 -17.2209415435791 0.0013776016421616077
545.1729736328125 -17.22547721862793 0.00137523643206805
544.3536376953125 -17.230104446411133 0.0013731383951380849
543.5185546875 -17.23481559753418 0.0013716506073251367
542.6677856445312 -17.2396183013916 0.001370658865198493
541.8013916015625 -17.244508743286133 0.0013700484996661544
540.919189453125 -17.24948501586914 0.0013696670066565275
540.0213012695312 -17.254547119140625 0.0013698196271434426
539.1078491210938 -17.25969886779785 0.0013704680604860187
538.178955078125 -17.264936447143555 0.0013706969330087304
537.234375 -17.270261764526367 0.0013712692307308316
536.2743530273438 -17.275671005249023 0.001371688791550696
535.298828125 -17.281169891357422 0.0013719940325245261
534.3078002929688 -17.28675079345703 0.0013729477068409324
533.3013916015625 -17.29241943359375 0.0013731383951380849
532.2796020507812 -17.298173904418945 0.001374053885228932
531.242431640625 -17.304012298583984 0.0013746642507612705
530.18994140625 -17.3099365234375 0.0013755798572674394
529.1221923828125 -17.31594467163086 0.0013766097836196423
528.0391235351562 -17.322036743164062 0.0013774108374491334
526.9408569335938 -17.328216552734375 0.0013780593872070312
525.827392578125 -17.334476470947266 0.001379318186081946
524.69873046875 -17.340822219848633 0.0013800429878756404
523.554931640625 -17.34724998474121 0.0013811873504891992
522.3960571289062 -17.353763580322266 0.0013814163394272327
521.2221069335938 -17.3603572845459 0.0013823318295180798
520.0331420898438 -17.367034912109375 0.001383018447086215
518.8291625976562 -17.373796463012695 0.001384200993925333
517.6102294921875 -17.380638122558594 0.0013851546682417393
516.3763427734375 -17.387561798095703 0.001385650597512722
515.1275024414062 -17.394569396972656 0.0013865280197933316
513.8638305664062 -17.401657104492188 0.0013870620168745518
512.5856323242188 -17.408824920654297 0.0013906096573919058
511.2961730957031 -17.416053771972656 0.0014146041357889771
510.0032653808594 -17.42329978942871 0.0014836119953542948
508.71502685546875 -17.43051528930664 0.0015922164311632514
507.43701171875 -17.437673568725586 0.0017182922456413507
506.1730041503906 -17.444753646850586 0.0018438720144331455
504.9255676269531 -17.451738357543945 0.0019600295927375555
503.6965026855469 -17.458620071411133 0.002061729319393635
502.48687744140625 -17.465394973754883 0.0021474456880241632
501.2974853515625 -17.472055435180664 0.0022183225955814123
500.1287536621094 -17.478601455688477 0.0022748946212232113
498.98089599609375 -17.485029220581055 0.002319412073120475
497.8539733886719 -17.491342544555664 0.002353401156142354
496.74798583984375 -17.497541427612305 0.0023788069374859333
495.6628112792969 -17.50362205505371 0.0023967742454260588
494.59820556640625 -17.509592056274414 0.0024092101957648993
493.5539855957031 -17.51544952392578 0.0024166868533939123
492.5298767089844 -17.521194458007812 0.0024205015506595373
491.52557373046875 -17.526832580566406 0.0024213027209043503
490.5408020019531 -17.532407760620117 0.002412338275462389
489.57525634765625 -17.537870407104492 0.002408637898042798
488.6285705566406 -17.543231964111328 0.00240497593767941
487.7004699707031 -17.54849624633789 0.0024003218859434128
486.7906188964844 -17.55367088317871 0.002394828712567687
485.89874267578125 -17.558746337890625 0.0023884582333266735
485.02447509765625 -17.563730239868164 0.0023814390879124403
484.16748046875 -17.56862449645996 0.0023738096933811903
483.3274230957031 -17.57342529296875 0.0023658371064811945
482.50408935546875 -17.578136444091797 0.002357559045776725
481.6971130371094 -17.5827579498291 0.0023488998413085938
480.90618896484375 -17.587284088134766 0.0023404310923069715
480.1309509277344 -17.59172821044922 0.0023318862076848745
479.37127685546875 -17.59608268737793 0.0023237226996570826
478.6268005371094 -17.600353240966797 0.002314948942512274
477.897216796875 -17.604536056518555 0.0023065947461873293
477.1822204589844 -17.608638763427734 0.0022982023656368256
476.4815979003906 -17.612659454345703 0.0022898863535374403
475.7950134277344 -17.616601943969727 0.0022817610297352076
475.12237548828125 -17.620464324951172 0.0022737884428352118
474.4631042480469 -17.624248504638672 0.0022658919915556908
473.8172607421875 -17.627958297729492 0.002258148044347763
473.1844177246094 -17.631593704223633 0.0022503661457449198
472.5643005371094 -17.635156631469727 0.0022428513038903475
471.9566955566406 -17.638647079467773 0.00223541259765625
471.3614196777344 -17.642066955566406 0.002228126395493746
470.77825927734375 -17.645418167114258 0.002220764057710767
470.20697021484375 -17.64870262145996 0.0022135924082249403
469.647216796875 -17.651920318603516 0.00220661167986691
469.0988464355469 -17.655075073242188 0.0021996689029037952
468.5616760253906 -17.65814781188965 0.002192878630012274
468.0353088378906 -17.661222457885742 0.0021852110512554646
467.5193176269531 -17.664094924926758 0.0021768189035356045
467.0133056640625 -17.667125701904297 0.0021677017211914062
466.5172119140625 -17.669862747192383 0.002160034142434597
466.0309143066406 -17.672780990600586 0.0021533584222197533
465.5543212890625 -17.675390243530273 0.002146835206076503
465.0870666503906 -17.678203582763672 0.0021403504069894552
464.6289978027344 -17.680692672729492 0.002133712638169527
464.1798095703125 -17.68341064453125 0.0021267698612064123
463.7391052246094 -17.685789108276367 0.002119216835126281
463.306640625 -17.688419342041016 0.0021111678797751665
462.8820495605469 -17.690698623657227 0.0021031189244240522
462.4651794433594 -17.693248748779297 0.0020949554163962603
462.0556640625 -17.695432662963867 0.0020866775885224342
461.653076171875 -17.697906494140625 0.002078094519674778
461.25732421875 -17.70000648498535 0.0020697021391242743
460.8680419921875 -17.702409744262695 0.0020612715743482113
460.4849853515625 -17.704431533813477 0.002052841242402792
460.1077880859375 -17.706769943237305 0.0020446013659238815
459.736328125 -17.708721160888672 0.002036247169598937
459.3702392578125 -17.711000442504883 0.002028350718319416
459.00927734375 -17.712886810302734 0.002020339947193861
458.6531982421875 -17.715112686157227 0.0020126723684370518
458.3017578125 -17.716941833496094 0.0020048522856086493
457.9547119140625 -17.719120025634766 0.0019974135793745518
457.61181640625 -17.72089385986328 0.0019897460006177425
457.2727966308594 -17.7230281829834 0.0019822693429887295
456.9375 -17.724760055541992 0.0019750213250517845
456.6055908203125 -17.72685432434082 0.0019677733071148396
456.27685546875 -17.728546142578125 0.0019607925787568092
455.9510803222656 -17.730607986450195 0.0019535445608198643
455.62799072265625 -17.732267379760742 0.001946411095559597
455.3074035644531 -17.734302520751953 0.0019394302507862449
454.9890441894531 -17.735929489135742 0.0019322586013004184
454.6726379394531 -17.737939834594727 0.001925239572301507
454.3580322265625 -17.739545822143555 0.0019183348631486297
454.04498291015625 -17.74153709411621 0.0019113922026008368
453.7332458496094 -17.743125915527344 0.0019043349893763661
453.4224853515625 -17.74510383605957 0.0018974303966388106
453.1126403808594 -17.74668312072754 0.0018903349991887808
452.80328369140625 -17.7486515045166 0.0018831252818927169
452.49432373046875 -17.750225067138672 0.0018759918166324496
452.18548583984375 -17.7521915435791 0.0018688201671466231
451.87646484375 -17.753765106201172 0.0018618773901835084
451.5670166015625 -17.7557315826416 0.0018547821091488004
451.2569580078125 -17.757314682006836 0.0018473815871402621
450.9460144042969 -17.759288787841797 0.0018403243739157915
450.6339111328125 -17.760883331298828 0.0018331145402044058
450.32037353515625 -17.762868881225586 0.0018255615141242743
450.00518798828125 -17.764482498168945 0.0018179321195930243
449.6881408691406 -17.766489028930664 0.0018104552291333675
449.3689270019531 -17.768129348754883 0.0018028640188276768
449.0473327636719 -17.770158767700195 0.0017955779330804944
448.7230224609375 -17.771825790405273 0.0017880629748106003
448.3958740234375 -17.773883819580078 0.0017803191440179944
448.0655517578125 -17.775590896606445 0.0017728041857481003
447.7317810058594 -17.77768325805664 0.0017656325362622738
447.3945617675781 -17.779430389404297 0.0017598724225535989
447.0558166503906 -17.78155517578125 0.0017676925053820014
446.7181396484375 -17.783294677734375 0.0017905806889757514
446.3833923339844 -17.785402297973633 0.0018215179443359375
446.052734375 -17.78710174560547 0.001854858361184597
445.7270202636719 -17.789161682128906 0.001886825542896986
445.4068908691406 -17.790796279907227 0.001915893517434597
445.09271240234375 -17.792795181274414 0.001940879737958312
444.78472900390625 -17.794355392456055 0.001962203998118639
444.4830627441406 -17.79628562927246 0.0019793319515883923
444.1879577636719 -17.79776954650879 0.001993064768612385
443.89935302734375 -17.79962730407715 0.0020036697387695312
443.61724853515625 -17.80103302001953 0.0020118332467973232
443.3416442871094 -17.802820205688477 0.0020176314283162355
443.07232666015625 -17.804149627685547 0.0020214079413563013
442.8094177246094 -17.805866241455078 0.002023582346737385
442.55267333984375 -17.8071231842041 0.002024803077802062
442.3018798828125 -17.80855369567871 0.0019603727851063013
442.05426025390625 -17.810014724731445 0.0017584228189662099
441.8103332519531 -17.811487197875977 0.0016834258567541838
441.57073974609375 -17.81294059753418 0.0016719055129215121
441.3356018066406 -17.81437110900879 0.0016875076107680798
441.1051940917969 -17.815773010253906 0.0017118072137236595
440.87945556640625 -17.817150115966797 0.0017359161283820868
440.6583251953125 -17.818485260009766 0.0017562484135851264
440.4417419433594 -17.819820404052734 0.0017720793839544058
440.22967529296875 -17.821090698242188 0.0017832565354183316
440.02203369140625 -17.822378158569336 0.0017910766182467341
439.8186950683594 -17.823589324951172 0.0017962264828383923
439.61962890625 -17.824827194213867 0.0017990111373364925
439.4246826171875 -17.825986862182617 0.0017999267438426614
439.23358154296875 -17.827178955078125 0.001799087505787611
439.0461730957031 -17.828289031982422 0.0017967604799196124
438.8621826171875 -17.82944107055664 0.0017933272756636143
438.681396484375 -17.830509185791016 0.0017889022128656507
438.5035705566406 -17.831626892089844 0.0017839049687609076
438.3284912109375 -17.832658767700195 0.0017783355433493853
438.1559753417969 -17.8337459564209 0.0017722701886668801
437.9856872558594 -17.834747314453125 0.0017662810860201716
437.8175354003906 -17.8358097076416 0.001760025043040514
437.651123046875 -17.83678436279297 0.0017534637590870261
437.48638916015625 -17.837825775146484 0.0017470549792051315
437.3230285644531 -17.83877944946289 0.0017404936952516437
437.1609191894531 -17.839807510375977 0.001734237652271986
436.9997863769531 -17.840747833251953 0.001728057861328125
436.83935546875 -17.841764450073242 0.0017215728294104338
436.6795654296875 -17.842697143554688 0.0017153167864307761
436.5201110839844 -17.843708038330078 0.001708984375
436.3607177734375 -17.84463882446289 0.001702804584056139
436.20135498046875 -17.84564971923828 0.0016967010451480746
436.041748046875 -17.84657859802246 0.001690559322014451
435.8817138671875 -17.84759521484375 0.001684646587818861
435.7210388183594 -17.848533630371094 0.0016784286126494408
435.55950927734375 -17.84955596923828 0.0016724776942282915
435.39697265625 -17.850507736206055 0.0016666412120684981
435.2332458496094 -17.85154151916504 0.0016607283614575863
435.0679931640625 -17.852510452270508 0.0016550826840102673
434.9012451171875 -17.85356330871582 0.0016492462018504739
434.7326965332031 -17.854555130004883 0.0016436385922133923
434.5621643066406 -17.855627059936523 0.0016379927983507514
434.3894958496094 -17.856643676757812 0.0016323471209034324
434.21441650390625 -17.857744216918945 0.0016267013270407915
434.036865234375 -17.858793258666992 0.0016208648448809981
433.8565979003906 -17.859922409057617 0.0016152954194694757
433.67340087890625 -17.861007690429688 0.0016097258776426315
433.4871826171875 -17.86216926574707 0.0016041946364566684
433.2977600097656 -17.86329460144043 0.00159873953089118
433.1048583984375 -17.8644962310791 0.0015933989780023694
432.9084167480469 -17.86566925048828 0.0015882110456004739
432.7082214355469 -17.866907119750977 0.0015829849289730191
432.5041198730469 -17.868133544921875 0.0015777586959302425
432.2958984375 -17.869415283203125 0.0015726470155641437
432.0834655761719 -17.870697021484375 0.0015677261399105191
431.86663818359375 -17.872026443481445 0.0015627669636160135
431.645263671875 -17.873369216918945 0.0015579605242237449
431.41925048828125 -17.874746322631836 0.001553497277200222
431.1883850097656 -17.876150131225586 0.0015490340301766992
430.95263671875 -17.87758445739746 0.001544685335829854
430.7117919921875 -17.87904930114746 0.0015402220888063312
430.4657287597656 -17.880544662475586 0.0015361022669821978
430.2143249511719 -17.882078170776367 0.0017078780801966786
429.9576721191406 -17.88364028930664 0.0018323134863749146
429.702880859375 -17.88524627685547 0.0018948744982481003
429.4493713378906 -17.88681411743164 0.0019126891857013106
429.1961364746094 -17.88832664489746 0.0019065856467932463
428.94134521484375 -17.889820098876953 0.0018839645199477673
428.6842346191406 -17.89130973815918 0.0018578338203951716
428.4234313964844 -17.8928165435791 0.0018274688627570868
428.1584777832031 -17.89434242248535 0.0018000411801040173
427.88824462890625 -17.89589500427246 0.0017722701886668801
427.6126403808594 -17.897478103637695 0.0017488478915765882
427.33062744140625 -17.899099349975586 0.001726341200992465
427.0423278808594 -17.900754928588867 0.0017079543322324753
426.7469177246094 -17.902450561523438 0.0016896820161491632
426.44451904296875 -17.90418815612793 0.0016751480288803577
426.13427734375 -17.905969619750977 0.0016601943643763661
425.8164367675781 -17.907794952392578 0.0016483687795698643
425.49029541015625 -17.90966796875 0.0016360091976821423
425.15582275390625 -17.911590576171875 0.0016266250750049949
424.8125305175781 -17.91356086730957 0.0016157531645148993
424.46051025390625 -17.915578842163086 0.0016068267868831754
424.0992736816406 -17.92154312133789 0.001608352642506361
423.7296142578125 -17.9351806640625 0.0016508483095094562
423.3505859375 -17.9550724029541 0.0016934967134147882
422.9617004394531 -17.97528648376465 0.0017042540712282062
422.5623779296875 -17.993595123291016 0.001660842914134264
422.1528015136719 -18.011674880981445 0.0016136550111696124
421.7322998046875 -18.030067443847656 0.0015767287695780396
421.30108642578125 -18.048912048339844 0.0015531921526417136
420.85833740234375 -18.068273544311523 0.0015359496464952826
420.404296875 -18.08815574645996 0.0015250014839693904
419.9381408691406 -18.108577728271484 0.0015140915056690574
419.46002197265625 -18.12953758239746 0.0015057373093441129
418.9691162109375 -18.151060104370117 0.0014955138321965933
418.4655456542969 -18.173147201538086 0.0014860915252938867
417.94818115234375 -18.19583511352539 0.0014736175071448088
417.416748046875 -18.219141006469727 0.0014611434889957309
416.8712158203125 -18.243066787719727 0.001450500451028347
416.31207275390625 -18.262582778930664 0.0014591217041015625
415.739990234375 -18.272111892700195 0.0015218734042719007
415.154296875 -18.279272079467773 0.0015740585513412952
414.5552978515625 -18.287548065185547 0.0015639114426448941
413.94647216796875 -18.295278549194336 0.0015579223399981856
413.33447265625 -18.302148818969727 0.0015920257428660989
412.7249450683594 -18.308320999145508 0.0016619490925222635
412.12115478515625 -18.313982009887695 0.001743049593642354
411.52490234375 -18.31928253173828 0.0018212890718132257
410.93743896484375 -18.32431411743164 0.0018889999482780695
410.3590393066406 -18.329204559326172 0.0019439315656200051
409.7898254394531 -18.333904266357422 0.0019858551677316427
409.2297058105469 -18.33861541748047 0.0020156479440629482
408.6785888671875 -18.34304428100586 0.0020417403429746628
408.13604736328125 -18.3475284576416 0.00205821986310184
407.6019592285156 -18.351715087890625 0.0020673752296715975
407.0760192871094 -18.35603904724121 0.0020722579210996628
406.5579528808594 -18.360076904296875 0.002073440467938781
406.0474853515625 -18.364282608032227 0.0020723342895507812
405.5442810058594 -18.368188858032227 0.0020689009688794613
405.0481262207031 -18.372283935546875 0.0020642089657485485
404.55859375 -18.376075744628906 0.0020586394239217043
404.0754699707031 -18.380075454711914 0.002052154392004013
403.598388671875 -18.383758544921875 0.002045020926743746
403.1271057128906 -18.38766860961914 0.0020373535808175802
402.66131591796875 -18.391258239746094 0.0020294571295380592
402.20074462890625 -18.39508819580078 0.002021636813879013
401.7450256347656 -18.398590087890625 0.002013587858527899
401.29400634765625 -18.40235137939453 0.002005729591473937
400.8473205566406 -18.405776977539062 0.001997833140194416
400.4047546386719 -18.40947151184082 0.0019896698649972677
399.9659729003906 -18.412832260131836 0.0019814299885183573
399.53076171875 -18.416471481323242 0.0019735717214643955
399.0988464355469 -18.41977310180664 0.0019657898228615522
398.6699523925781 -18.423364639282227 0.0019578170031309128
398.2437438964844 -18.426620483398438 0.0019497298635542393
397.820068359375 -18.430171966552734 0.0019417571602389216
397.39862060546875 -18.433387756347656 0.0019343948224559426
396.9791564941406 -18.436906814575195 0.0019265365554019809
396.5614013671875 -18.440092086791992 0.001918525667861104
396.1451110839844 -18.443586349487305 0.0019110488938167691
395.7300720214844 -18.446746826171875 0.001903266878798604
395.31591796875 -18.450225830078125 0.0018957137363031507
394.9024658203125 -18.453372955322266 0.0018880462739616632
394.48944091796875 -18.456850051879883 0.0018809890607371926
394.0765686035156 -18.459997177124023 0.0018732452299445868
393.66363525390625 -18.463468551635742 0.001865386962890625
393.2503356933594 -18.466617584228516 0.0018576811999082565
392.8365173339844 -18.470094680786133 0.0018502806778997183
392.421875 -18.4732608795166 0.0018423843430355191
392.0060729980469 -18.47675132751465 0.0018347167642787099
391.5888977050781 -18.479936599731445 0.001826972933486104
391.17010498046875 -18.483448028564453 0.0018194961594417691
390.7494201660156 -18.486663818359375 0.0018118667649105191
390.3266296386719 -18.490203857421875 0.0018038558773696423
389.90142822265625 -18.493459701538086 0.0017963791033253074
389.4736633300781 -18.497037887573242 0.0017887115245684981
389.04296875 -18.50033950805664 0.001781043945811689
388.6091003417969 -18.503965377807617 0.0017734909197315574
388.1717834472656 -18.507322311401367 0.0017655562842264771
387.7307434082031 -18.510997772216797 0.001757888705469668
387.2857971191406 -18.514421463012695 0.0017503356793895364
386.836669921875 -18.518157958984375 0.0017426681006327271
386.3830871582031 -18.52165412902832 0.001734886085614562
385.9246520996094 -18.525463104248047 0.0017271422548219562
385.4613342285156 -18.529041290283203 0.0017192077357321978
384.99273681640625 -18.532926559448242 0.001711616525426507
384.5186767578125 -18.53659439086914 0.0017036437056958675
384.0387268066406 -18.540559768676758 0.0016957854386419058
383.55279541015625 -18.54433250427246 0.0016882704803720117
383.060546875 -18.548391342163086 0.0016800689045339823
382.56170654296875 -18.552274703979492 0.001672019949182868
382.05596923828125 -18.556432723999023 0.001663589384406805
381.5431213378906 -18.560436248779297 0.0016554641770198941
381.02288818359375 -18.564701080322266 0.0016474914737045765
380.4949645996094 -18.568838119506836 0.0016390990931540728
379.9588928222656 -18.57321548461914 0.0016306304605677724
379.41448974609375 -18.577495574951172 0.0016210555331781507
378.8613586425781 -18.581995010375977 0.001611900283023715
378.2992248535156 -18.58643341064453 0.0016030120896175504
377.7278747558594 -18.5910587310791 0.001594123779796064
377.14703369140625 -18.595666885375977 0.0015855026431381702
376.556396484375 -18.600425720214844 0.0015776061918586493
375.9559631347656 -18.605207443237305 0.0015705107944086194
375.34564208984375 -18.610107421875 0.0015641021309420466
374.7251892089844 -18.61505889892578 0.00155834190081805
374.094482421875 -18.6201114654541 0.0015528106596320868
373.4533996582031 -18.62523651123047 0.001547584543004632
372.80169677734375 -18.630449295043945 0.0015422438737004995
372.13922119140625 -18.6357479095459 0.0015371703775599599
371.46575927734375 -18.64113426208496 0.001531639019958675
370.7811279296875 -18.646608352661133 0.0015259169740602374
370.08502197265625 -18.65217399597168 0.0015198135515674949
369.3772277832031 -18.657833099365234 0.001513252267614007
368.6574401855469 -18.66358757019043 0.0015063094906508923
367.925537109375 -18.6694393157959 0.001499176025390625
367.18115234375 -18.675390243530273 0.0014914321945980191
366.4239807128906 -18.681442260742188 0.001483917236328125
365.6537170410156 -18.687599182128906 0.0014762496575713158
364.8701477050781 -18.69386100769043 0.0014683151384815574
364.072998046875 -18.70022964477539 0.001459846505895257
363.26190185546875 -18.706708908081055 0.0014514541253447533
362.43658447265625 -18.71330451965332 0.0014425659319385886
361.59674072265625 -18.720012664794922 0.001433792058378458
360.74212646484375 -18.726837158203125 0.0014249038649722934
359.8724670410156 -18.733783721923828 0.001416435232385993
358.9875793457031 -18.74085235595703 0.0014088439056649804
358.0877685546875 -18.74803352355957 0.0014047622680664062
357.17633056640625 -18.755311965942383 0.0014229965163394809
356.2605285644531 -18.76262092590332 0.001484947162680328
355.3478088378906 -18.76990509033203 0.0015831374330446124
354.4429626464844 -18.777124404907227 0.0016960524953901768
353.5491027832031 -18.784257888793945 0.0018066405318677425
352.6679992675781 -18.791288375854492 0.0019060134654864669
351.8008117675781 -18.798208236694336 0.0019906614907085896
350.9481506347656 -18.805011749267578 0.002059021033346653
350.1102600097656 -18.81170082092285 0.002113685477524996
349.2875671386719 -18.818265914916992 0.0021572113037109375
348.480224609375 -18.824710845947266 0.002190933097153902
347.688232421875 -18.83103370666504 0.002217368921265006
346.91156005859375 -18.83723258972168 0.0022364805918186903
346.1501159667969 -18.843313217163086 0.0022496795281767845
345.4036560058594 -18.849273681640625 0.002258415101096034
344.6720275878906 -18.85511589050293 0.0022634887136518955
343.9549560546875 -18.860843658447266 0.0022655485663563013
343.2521667480469 -18.866458892822266 0.0022653196938335896
342.5634765625 -18.87196159362793 0.0022634505294263363
341.888671875 -18.87735366821289 0.002260131761431694
341.2273864746094 -18.88263702392578 0.0022558211348950863
340.5793762207031 -18.8878173828125 0.0022507095709443092
339.94439697265625 -18.892892837524414 0.002244834788143635
339.3221130371094 -18.897869110107422 0.0022380829323083162
338.7121276855469 -18.90274429321289 0.0022303008008748293
338.1141052246094 -18.90752601623535 0.0022214888595044613
337.52752685546875 -18.91221809387207 0.002211723243817687
336.951904296875 -18.91682243347168 0.002201347379013896
336.38690185546875 -18.921340942382812 0.002190246479585767
335.8320617675781 -18.92578125 0.002178840572014451
335.2867431640625 -18.930139541625977 0.002165565500035882
334.75042724609375 -18.93444061279297 0.0021523283794522285
334.2225341796875 -18.938663482666016 0.0021382139530032873
333.7031555175781 -18.942821502685547 0.0021271132864058018
333.19171142578125 -18.94691276550293 0.0021147155202925205
332.68817138671875 -18.950944900512695 0.002105064457282424
332.19189453125 -18.95491600036621 0.0020939253736287355
331.702880859375 -18.958826065063477 0.0020851516164839268
331.2204895019531 -18.962684631347656 0.0020742034539580345
330.7448425292969 -18.966489791870117 0.00206584925763309
330.2751770019531 -18.970247268676758 0.002055473392829299
329.8115539550781 -18.973955154418945 0.0020475005730986595
329.35345458984375 -18.97762107849121 0.0020375442691147327
328.9008483886719 -18.981243133544922 0.0020296478178352118
328.453125 -18.984825134277344 0.002019691513851285
328.01031494140625 -18.98836898803711 0.00201213825494051
327.57183837890625 -18.99187660217285 0.002002563327550888
327.1376953125 -18.995351791381836 0.001995353726670146
326.70733642578125 -18.998798370361328 0.001986007671803236
326.28082275390625 -19.002212524414062 0.0019788360223174095
325.85760498046875 -19.005598068237305 0.0019696427043527365
325.43768310546875 -19.008960723876953 0.0019626999273896217
325.02044677734375 -19.012300491333008 0.0019531631842255592
324.60601806640625 -19.01561737060547 0.0019460296025499701
324.19378662109375 -19.0189151763916 0.0019369887886568904
323.7838439941406 -19.022197723388672 0.0019304656889289618
323.3755798339844 -19.02546501159668 0.0019217681838199496
322.96905517578125 -19.028717041015625 0.0019152831519022584
322.563720703125 -19.031963348388672 0.0019064330263063312
322.15966796875 -19.03519630432129 0.0018997954903170466
321.7561950683594 -19.03842544555664 0.0018912506056949496
321.353515625 -19.041650772094727 0.0018845367012545466
320.9509582519531 -19.044870376586914 0.0018758010119199753
320.5486755371094 -19.0480899810791 0.0018693923484534025
320.1459655761719 -19.051313400268555 0.0018607330275699496
319.7430114746094 -19.05453872680664 0.001854324247688055
319.33917236328125 -19.057769775390625 0.0018458175472915173
318.9345703125 -19.061010360717773 0.001839179894886911
318.528564453125 -19.064260482788086 0.0018304443219676614
318.12127685546875 -19.067520141601562 0.0018238448537886143
317.7120666503906 -19.0707950592041 0.0018154906574636698
317.3010559082031 -19.07408332824707 0.0018088531214743853
316.88763427734375 -19.077392578125 0.0018004226731136441
316.4719543457031 -19.080720901489258 0.0017934417119249701
316.05328369140625 -19.08407211303711 0.0017848968273028731
315.63177490234375 -19.087446212768555 0.0017781829228624701
315.2068786621094 -19.09084701538086 0.001769599854014814
314.7785949707031 -19.094274520874023 0.0017628478817641735
314.34637451171875 -19.097732543945312 0.0017541503766551614
313.9103088378906 -19.10122299194336 0.0017472838517278433
313.4697570800781 -19.104747772216797 0.0017390060238540173
313.0248107910156 -19.108308792114258 0.0017317581223323941
312.5749206542969 -19.111909866333008 0.001721458393149078
312.1200866699219 -19.11557960510254 0.0017324829241260886
311.6597900390625 -19.119274139404297 0.001729888841509819
311.19403076171875 -19.12301254272461 0.0017219925066456199
310.7222900390625 -19.12680435180664 0.0017097854288294911
310.2445373535156 -19.130645751953125 0.0016988372663035989
309.76025390625 -19.13453483581543 0.0016902160132303834
309.2694396972656 -19.138479232788086 0.0016799926524981856
308.7716064453125 -19.142486572265625 0.0016685867449268699
308.2666931152344 -19.14654541015625 0.0016588973812758923
307.754150390625 -19.15066909790039 0.0016484832158312201
307.2340087890625 -19.154857635498047 0.00164031982421875
306.7056884765625 -19.15911293029785 0.0016306686447933316
306.16912841796875 -19.16343116760254 0.001622161827981472
305.62371826171875 -19.167821884155273 0.0016125106485560536
305.0694274902344 -19.172285079956055 0.0016032790299504995
304.50555419921875 -19.17682456970215 0.0015927123604342341
303.9320373535156 -19.181440353393555 0.00158348074182868
303.3486328125 -19.186134338378906 0.0015745925484225154
302.75537109375 -19.190908432006836 0.0015677261399105191
302.1519470214844 -19.195764541625977 0.0015608977992087603
301.538330078125 -19.20070457458496 0.001555213937535882
300.9143981933594 -19.205724716186523 0.0015500640729442239
300.280029296875 -19.21082878112793 0.0015451430808752775
299.63507080078125 -19.21601676940918 0.0015402602730318904
298.97930908203125 -19.221294403076172 0.0015351867768913507
298.3125 -19.22665786743164 0.0015296554192900658
297.6344909667969 -19.23211097717285 0.0015240478096529841
296.94500732421875 -19.237659454345703 0.0015179062029346824
296.2437744140625 -19.24329948425293 0.001511535607278347
295.53094482421875 -19.24903106689453 0.0015077590942382812
294.8097839355469 -19.25482940673828 0.0015262603992596269
294.0871276855469 -19.26064109802246 0.0015839386032894254
293.3686218261719 -19.26641845703125 0.0016685103764757514
292.65777587890625 -19.272132873535156 0.0017610167851671576
291.9568176269531 -19.277767181396484 0.0018496322445571423
291.26702880859375 -19.283315658569336 0.0019277571700513363
290.5892028808594 -19.28876495361328 0.0019931411370635033
289.9237976074219 -19.294113159179688 0.0020465468987822533
289.27093505859375 -19.299360275268555 0.002088165143504739
288.6307373046875 -19.304508209228516 0.0021199798211455345
288.00311279296875 -19.309555053710938 0.0021435546223074198
287.3879699707031 -19.314502716064453 0.0021602630149573088
286.7851257324219 -19.319351196289062 0.0021717071067541838
286.1943664550781 -19.32410430908203 0.0021790694445371628
285.61553955078125 -19.328760147094727 0.0021829986944794655
285.0484313964844 -19.333322525024414 0.00218448624946177
284.4928283691406 -19.33778953552246 0.0021838760003447533
283.948486328125 -19.342178344726562 0.002182082971557975
283.4154357910156 -19.341747283935547 0.002197875874117017
282.89398193359375 -19.332059860229492 0.0022599792573601007
282.38330078125 -19.314470291137695 0.0023203277960419655
281.8827209472656 -19.29558753967285 0.0023377607576549053
281.3919372558594 -19.27775764465332 0.0022974014282226562
280.91094970703125 -19.26006507873535 0.0022491835989058018
280.4396667480469 -19.24181365966797 0.002212257357314229
279.97796630859375 -19.223663330078125 0.0021868133917450905
279.52569580078125 -19.205232620239258 0.002168846083804965
279.08270263671875 -19.18722152709961 0.0021556091960519552
278.6488952636719 -19.169139862060547 0.0021448517218232155
278.2240295410156 -19.151647567749023 0.002135696355253458
277.80810546875 -19.1341552734375 0.0021275710314512253
277.4008483886719 -19.117321014404297 0.0021207428071647882
277.0022277832031 -19.100500106811523 0.002114524831995368
276.612060546875 -19.084362030029297 0.0021090316586196423
276.230224609375 -19.068220138549805 0.0021038437262177467
275.85662841796875 -19.052776336669922 0.0020990753546357155
275.4911193847656 -19.037307739257812 0.0020947647280991077
275.1335754394531 -19.022537231445312 0.0020906066056340933
274.78387451171875 -19.00772476196289 0.0020867919083684683
274.44189453125 -18.993610382080078 0.0020830535795539618
274.1075439453125 -18.979433059692383 0.002079658443108201
273.78070068359375 -18.965957641601562 0.0020756912417709827
273.4612731933594 -18.95240020751953 0.002072029048576951
273.1490478515625 -18.939542770385742 0.0020687102805823088
272.8440246582031 -18.92658233642578 0.002065467881038785
272.5460510253906 -18.914323806762695 0.0020620727445930243
272.2550354003906 -18.901945114135742 0.002058753976598382
271.9708251953125 -18.89026641845703 0.0020554352086037397
271.6934509277344 -18.88127899169922 0.0020640564616769552
271.4228820800781 -18.874523162841797 0.0020841979421675205
271.1588134765625 -18.866180419921875 0.0020759201142936945
270.90106201171875 -18.857999801635742 0.0020590589847415686
270.6495361328125 -18.849414825439453 0.0020450972951948643
270.4017333984375 -18.841106414794922 0.0017988586332648993
270.157470703125 -18.832923889160156 0.0017004775581881404
269.91741943359375 -18.824880599975586 0.0016767119523137808
269.681884765625 -18.81698989868164 0.0016867828089743853
269.4510192871094 -18.80925750732422 0.0017091750632971525
269.22479248046875 -18.801677703857422 0.0017331695416942239
269.0032043457031 -18.79426383972168 0.0017539215041324496
268.7861328125 -18.786977767944336 0.0017700575990602374
268.5736083984375 -18.77988052368164 0.0017819213680922985
268.3655090332031 -18.772886276245117 0.0017903518164530396
268.1617736816406 -18.766069412231445 0.0017944335704669356
267.9623107910156 -18.75934600830078 0.001795539865270257
267.76702880859375 -18.752824783325195 0.0017965697916224599
267.5758056640625 -18.74638557434082 0.0017970275366678834
267.38861083984375 -18.74013900756836 0.0017968368483707309
267.2052001953125 -18.73396110534668 0.0017958068056032062
267.02557373046875 -18.72797203063965 0.0017945480067282915
266.8496398925781 -18.7220458984375 0.0017932128394022584
266.67730712890625 -18.7163028717041 0.00179119105450809
266.5085144042969 -18.71061134338379 0.0017889022128656507
266.34332275390625 -18.70815086364746 0.001799735939130187
266.1818542480469 -18.710121154785156 0.0018254470778629184
266.0237731933594 -18.71395492553711 0.0018463134765625
265.8689270019531 -18.718788146972656 0.0018516540294513106
265.7173156738281 -18.724546432495117 0.001847496023401618
265.5687561035156 -18.727088928222656 0.0018230437999591231
265.4232177734375 -18.727031707763672 0.0017990493215620518
265.2806701660156 -18.72638702392578 0.0017931365873664618
265.14105224609375 -18.7257080078125 0.0017893218901008368
265.0043029785156 -18.724945068359375 0.0017842102097347379
264.8703918457031 -18.72425651550293 0.0017790984129533172
264.7392272949219 -18.723514556884766 0.0017739486647769809
264.6108093261719 -18.722858428955078 0.0017697142902761698
264.4849853515625 -18.722148895263672 0.0017657470889389515
264.36175537109375 -18.721521377563477 0.001762771513313055
264.2410583496094 -18.720836639404297 0.0017597960541024804
264.1228942871094 -18.72023582458496 0.0017577362013980746
264.0071716308594 -18.71957778930664 0.0017554473597556353
263.8938293457031 -18.71900177001953 0.0017538070678710938
263.7828063964844 -18.718372344970703 0.0017517470987513661
263.674072265625 -18.71782112121582 0.0017502974951639771
263.56890869140625 -18.71720314025879 0.0017561721615493298
263.46734619140625 -18.716718673706055 0.001762123079970479
263.3689270019531 -18.71610450744629 0.0017560957930982113
263.273193359375 -18.715627670288086 0.0017478179652243853
263.17987060546875 -18.715063095092773 0.0017441177042201161
263.0885925292969 -18.714632034301758 0.0017416762420907617
262.99920654296875 -18.71409034729004 0.001738815219141543
262.9114074707031 -18.71367835998535 0.0017356490716338158
262.8249816894531 -18.713151931762695 0.0017319488106295466
262.7397155761719 -18.712753295898438 0.001727638184092939
262.6553955078125 -18.712238311767578 0.0017226791242137551
262.5718688964844 -18.711851119995117 0.001717643695883453
262.4888610839844 -18.711341857910156 0.001712264958769083
262.4062194824219 -18.71095848083496 0.0017066573491320014
262.32373046875 -18.710451126098633 0.0017009734874591231
262.2411804199219 -18.710065841674805 0.0016953276935964823
262.1584167480469 -18.70956039428711 0.0016895293956622481
262.0752868652344 -18.70917510986328 0.0016839217860251665
261.9915466308594 -18.708663940429688 0.0016785430489107966
261.90704345703125 -18.708269119262695 0.0016731261275708675
261.82159423828125 -18.70775032043457 0.0016675948863849044
261.73504638671875 -18.70734405517578 0.0016622924013063312
261.6471862792969 -18.706811904907227 0.0016569518484175205
261.5578308105469 -18.706390380859375 0.0016516112955287099
261.4668273925781 -18.70584487915039 0.001646079937927425
261.37396240234375 -18.705400466918945 0.0016405105125159025
261.279052734375 -18.704833984375 0.0016348647186532617
261.181884765625 -18.70436668395996 0.001629524165764451
261.0823059082031 -18.703777313232422 0.0016236876836046576
260.9801025390625 -18.703279495239258 0.0016184997512027621
260.8751220703125 -18.702659606933594 0.0016127777053043246
260.7671813964844 -18.702131271362305 0.0016077422769740224
260.6560363769531 -18.70148277282715 0.0016021346673369408
260.5415954589844 -18.700918197631836 0.0015964508056640625
260.42364501953125 -18.700233459472656 0.0015910720685496926
260.302001953125 -18.699626922607422 0.001585464458912611
260.176513671875 -18.698902130126953 0.0015801239060238004
260.0469970703125 -18.698251724243164 0.0015750884776934981
259.91326904296875 -18.69748306274414 0.0015697097405791283
259.7751770019531 -18.69678497314453 0.0015645598759874701
259.6325988769531 -18.695974349975586 0.0015597152523696423
259.48529052734375 -18.69522476196289 0.001554527203552425
259.3331298828125 -18.694366455078125 0.0015493774553760886
259.1759948730469 -18.693559646606445 0.0015442275907844305
259.013671875 -18.69264793395996 0.001539535471238196
258.8459777832031 -18.69178009033203 0.001534690847620368
258.67279052734375 -18.690813064575195 0.0015299605438485742
258.4939270019531 -18.689878463745117 0.0015251541044563055
258.30926513671875 -18.688858032226562 0.0015201568603515625
258.1185607910156 -18.68785285949707 0.0015149688115343451
257.9217529296875 -18.68677520751953 0.0015101623721420765
257.7186584472656 -18.685697555541992 0.0015054702525958419
257.50921630859375 -18.684558868408203 0.0015012358780950308
257.2933044433594 -18.683401107788086 0.0014970778720453382
257.07086181640625 -18.682201385498047 0.0014935684157535434
256.8417663574219 -18.680967330932617 0.0014903258997946978
256.6059875488281 -18.679698944091797 0.0014870833838358521
256.3633728027344 -18.678390502929688 0.0014839934883639216
256.11376953125 -18.677045822143555 0.0015514373080804944
255.8571014404297 -18.675661087036133 0.0017464065458625555
255.59817504882812 -18.67426872253418 0.0018306731944903731
255.34042358398438 -18.672880172729492 0.0018673705635592341
255.0821990966797 -18.671489715576172 0.0018704986432567239
254.8212890625 -18.670082092285156 0.0018511199159547687
254.5566864013672 -18.668657302856445 0.001823806669563055
254.28677368164062 -18.667200088500977 0.0017906570574268699
254.01101684570312 -18.665714263916016 0.0017597198020666838
253.7281036376953 -18.6641902923584 0.0017285918584093451
253.4379119873047 -18.662628173828125 0.0017023467225953937
253.1394500732422 -18.661020278930664 0.0016766357002779841
252.83273315429688 -18.659364700317383 0.0016560363583266735
252.5168914794922 -18.657669067382812 0.0016360091976821423
252.19200134277344 -18.655921936035156 0.0016199111705645919
251.85736083984375 -18.65410804748535 0.0016037749592214823
251.5130157470703 -18.652244567871094 0.0015906523913145065
251.15823364257812 -18.650352478027344 0.0015771102625876665
250.79315185546875 -18.648393630981445 0.0015659332275390625
250.4170684814453 -18.646343231201172 0.0015541838947683573
250.0301971435547 -18.64425277709961 0.0015454101376235485
249.63192749023438 -18.64212417602539 0.001535873394459486
249.222412109375 -18.639917373657227 0.0015285873087123036
248.8010711669922 -18.637638092041016 0.0015192412538453937
248.36788940429688 -18.635303497314453 0.0015117262955754995
247.9222869873047 -18.632902145385742 0.0015022659208625555
247.4642333984375 -18.63043212890625 0.0014944076538085938
246.99310302734375 -18.62788963317871 0.0014847564743831754
246.50880432128906 -18.625276565551758 0.0014757919125258923
246.01060485839844 -18.622587203979492 0.0014644622569903731
245.49807739257812 -18.61981964111328 0.0014521789271384478
244.97042846679688 -18.616971969604492 0.0014381026849150658
244.42800903320312 -18.614046096801758 0.0014286041259765625
243.8710479736328 -18.611038208007812 0.0014227294595912099
243.29977416992188 -18.607954025268555 0.0014196013798937201
242.7142791748047 -18.604795455932617 0.001418266212567687
242.11448669433594 -18.60155487060547 0.001417083665728569
241.50035095214844 -18.59823989868164 0.0014156341785565019
240.8716278076172 -18.5948429107666 0.0014133834047243
240.22824096679688 -18.591367721557617 0.0014104843139648438
239.56991577148438 -18.587812423706055 0.0014066696166992188
238.89642333984375 -18.584171295166016 0.0014019774971529841
238.20751953125 -18.5804500579834 0.001396827632561326
237.50302124023438 -18.576642990112305 0.0013913344591856003
236.78286743164062 -18.572750091552734 0.0013861083425581455
236.0469512939453 -18.568769454956055 0.0013818740844726562
235.2952423095703 -18.564706802368164 0.0013782500755041838
234.52777099609375 -18.560556411743164 0.0013751983642578125
233.7444610595703 -18.556318283081055 0.0013726806500926614
232.9453887939453 -18.5519962310791 0.0013710403582081199
232.13050842285156 -18.54758644104004 0.0013698578113690019
231.29986572265625 -18.5430908203125 0.0013691330095753074
230.4534912109375 -18.53850746154785 0.001369056641124189
229.59140014648438 -18.533842086791992 0.0013685988960787654
228.7136688232422 -18.52908706665039 0.0013690185733139515
227.82020568847656 -18.524246215820312 0.001368789584375918
226.9111328125 -18.51932144165039 0.0013691710773855448
225.98651123046875 -18.514310836791992 0.0013693236978724599
225.0463409423828 -18.509214401245117 0.0013702773721888661
224.09092712402344 -18.50403594970703 0.0013732528313994408
223.12364196777344 -18.498790740966797 0.0013982009841129184
222.15203857421875 -18.493520736694336 0.0014658354921266437
221.18362426757812 -18.488265991210938 0.0015695571200922132
220.22341918945312 -18.483057022094727 0.0016874694265425205
219.27459716796875 -18.477907180786133 0.0018037414411082864
218.33924865722656 -18.47283172607422 0.0019085692474618554
217.41876220703125 -18.46783447265625 0.0019986724946647882
216.513916015625 -18.46292495727539 0.0020733261480927467
215.62518310546875 -18.45810317993164 0.0021332930773496628
214.75282287597656 -18.453369140625 0.0021805954165756702
213.8969268798828 -18.4487247467041 0.002216873224824667
213.057373046875 -18.444171905517578 0.0022437286097556353
212.234130859375 -18.439708709716797 0.0022630691528320312
211.42697143554688 -18.435331344604492 0.0022764205932617188
210.63571166992188 -18.431041717529297 0.002284850925207138
209.86009216308594 -18.426837921142578 0.002289466792717576
209.09988403320312 -18.422719955444336 0.0022911070846021175
208.35479736328125 -18.418682098388672 0.0022904968354851007
207.6245880126953 -18.41472625732422 0.002287979004904628
206.9089813232422 -18.410852432250977 0.002284164307639003
206.20770263671875 -18.40705680847168 0.00227947230450809
205.5205078125 -18.403337478637695 0.0022740173153579235
204.84716796875 -18.399694442749023 0.0022681427653878927
204.18731689453125 -18.39612579345703 0.0022616577334702015
203.54083251953125 -18.39262580871582 0.0022547913249582052
202.90736389160156 -18.38920021057129 0.0022480774205178022
202.28665161132812 -18.385845184326172 0.00224132533185184
201.6785430908203 -18.382556915283203 0.002234306186437607
201.08273315429688 -18.379335403442383 0.002227134769782424
200.4990234375 -18.37618064880371 0.002220001071691513
199.9271240234375 -18.373090744018555 0.0022132110316306353
199.36685180664062 -18.370059967041016 0.002206191886216402
198.81788635253906 -18.367109298706055 0.002199058420956135
198.27984619140625 -18.36415672302246 0.0021907424088567495
197.75222778320312 -18.361391067504883 0.0021812820341438055
197.2344512939453 -18.358488082885742 0.0021701431833207607
196.72621154785156 -18.35585594177246 0.002159232972189784
196.2272491455078 -18.35304069519043 0.0021490477956831455
195.73733520507812 -18.350515365600586 0.002139396732673049
195.256103515625 -18.34778594970703 0.0021297072526067495
194.78330993652344 -18.345359802246094 0.0021200941409915686
194.31858825683594 -18.342708587646484 0.0021110153757035732
193.8616180419922 -18.340375900268555 0.0021017075050622225
193.412109375 -18.337799072265625 0.0020926666911691427
192.96975708007812 -18.335556030273438 0.0020833967719227076
192.53428649902344 -18.33304786682129 0.0020744323264807463
192.10536193847656 -18.330883026123047 0.0020656203851103783
191.68272399902344 -18.32843780517578 0.0020565795712172985
191.26605224609375 -18.326345443725586 0.0020477294456213713
190.85511779785156 -18.32396125793457 0.002039108192548156
190.4495849609375 -18.32193374633789 0.0020307539962232113
190.0492401123047 -18.319599151611328 0.0020224761683493853
189.65377807617188 -18.317630767822266 0.0020137785468250513
189.262939453125 -18.315343856811523 0.002005691407248378
188.87649536132812 -18.31342887878418 0.0019978713244199753
188.49415588378906 -18.311185836791992 0.0019902801141142845
188.11569213867188 -18.309314727783203 0.0019826125353574753
187.74082946777344 -18.307109832763672 0.0019747160840779543
187.36935424804688 -18.305278778076172 0.0019669723697006702
187.0009765625 -18.3031063079834 0.0019591522868722677
186.6354522705078 -18.301311492919922 0.0019515990279614925
186.27255249023438 -18.299165725708008 0.0019442748744040728
185.91200256347656 -18.297399520874023 0.0019367981003597379
185.55360412597656 -18.295276641845703 0.0019295882666483521
185.1970672607422 -18.29353141784668 0.001922187744639814
184.84217834472656 -18.291425704956055 0.0019148254068568349
184.48866271972656 -18.289697647094727 0.0019078826298937201
184.13632202148438 -18.287609100341797 0.0019005965441465378
183.7848358154297 -18.285890579223633 0.0018930815858766437
183.4340362548828 -18.283809661865234 0.0018858718685805798
183.08360290527344 -18.2820987701416 0.0018784713465720415
182.7333526611328 -18.280019760131836 0.0018709945725277066
182.3830108642578 -18.27830696105957 0.0018638609908521175
182.03231811523438 -18.276227951049805 0.0018567275255918503
181.68104553222656 -18.274507522583008 0.0018491363152861595
181.32913208007812 -18.275964736938477 0.0018543624319136143
180.97705078125 -18.284746170043945 0.0018974303966388106
180.62576293945312 -18.293609619140625 0.0019330214709043503
180.27713012695312 -18.300748825073242 0.0019303893204778433
179.9324951171875 -18.30683708190918 0.0019240950932726264
179.5928497314453 -18.31306266784668 0.0019279479747638106
179.25880432128906 -18.318777084350586 0.0019401168683543801
178.930908203125 -18.32478904724121 0.001956024207174778
178.60939025878906 -18.33031463623047 0.001972808735445142
178.29440307617188 -18.33613395690918 0.001987724332138896
177.98611450195312 -18.34144401550293 0.002000198233872652
177.68450927734375 -18.347042083740234 0.0020103836432099342
177.3896484375 -18.35211944580078 0.0020178603008389473
177.10142517089844 -18.357486724853516 0.0020236968994140625
176.81985473632812 -18.362321853637695 0.0020276259165257215
176.5448455810547 -18.367460250854492 0.0020301437471061945
176.2762451171875 -18.372060775756836 0.0020310210529714823
176.01397705078125 -18.376972198486328 0.0020310974214226007
175.7578125 -18.381351470947266 0.002029762137681246
175.50733947753906 -18.385833740234375 0.0019629287999123335
175.25950622558594 -18.39031982421875 0.0017565154703333974
175.0144500732422 -18.39478874206543 0.0016762923914939165
174.7726287841797 -18.399208068847656 0.0016589355655014515
174.5341796875 -18.403564453125 0.0016695784870535135
174.29905700683594 -18.407865524291992 0.0016886139055714011
174.06712341308594 -18.412107467651367 0.0017079162644222379
173.83816528320312 -18.416296005249023 0.0017234801780432463
173.6119842529297 -18.420433044433594 0.0017345427768304944
173.3883514404297 -18.424522399902344 0.0017412184970453382
173.16696166992188 -18.42857551574707 0.0017443083925172687
172.9476318359375 -18.43257713317871 0.0017448043217882514
172.7301483154297 -18.43657112121582 0.0017429733416065574
172.5143280029297 -18.44050407409668 0.001739883329719305
172.2998809814453 -18.444442749023438 0.0017358397599309683
172.08657836914062 -18.448328018188477 0.001730690011754632
171.87423706054688 -18.452226638793945 0.0017250824021175504
171.66261291503906 -18.45608139038086 0.0017191314836964011
171.4515380859375 -18.4599609375 0.0017129515763372183
171.24075317382812 -18.46379852294922 0.0017066573491320014
171.030029296875 -18.467670440673828 0.001700172433629632
170.8192138671875 -18.47150993347168 0.0016942215152084827
170.60806274414062 -18.475387573242188 0.0016885375371202826
170.3964080810547 -18.4792423248291 0.0016824721824377775
170.1840362548828 -18.483144760131836 0.001676483079791069
169.97071838378906 -18.487030029296875 0.0016703796572983265
169.75628662109375 -18.490966796875 0.0016645049909129739
169.54054260253906 -18.494842529296875 0.0016549300635233521
169.3233184814453 -18.498823165893555 0.0016468429239466786
169.1044158935547 -18.502822875976562 0.0016407775692641735
168.8835906982422 -18.50688362121582 0.001635818392969668
168.66073608398438 -18.51096534729004 0.001631088205613196
168.4356231689453 -18.515104293823242 0.0016263960860669613
168.20806884765625 -18.51927375793457 0.0016214370261877775
167.9779052734375 -18.523502349853516 0.0016164397820830345
167.74497985839844 -18.527774810791016 0.0016113281017169356
167.5090789794922 -18.5321044921875 0.0016061782371252775
167.2700958251953 -18.53649139404297 0.001601371681317687
167.02780151367188 -18.540935516357422 0.0015963363694027066
166.78207397460938 -18.54544448852539 0.0015912627568468451
166.53274536132812 -18.550029754638672 0.0016580963274464011
166.27963256835938 -18.554672241210938 0.0018511199159547687
166.0254669189453 -18.559326171875 0.0019164275145158172
165.7740020751953 -18.561086654663086 0.0018886947073042393
165.51817321777344 -18.561553955078125 0.0019191360333934426
165.26348876953125 -18.563575744628906 0.0019161223899573088
165.00990295410156 -18.566083908081055 0.001891288673505187
164.7558135986328 -18.56883430480957 0.0018693160964176059
164.500732421875 -18.57170295715332 0.00185050955042243
164.24330139160156 -18.57463264465332 0.0018229293636977673
163.98324584960938 -18.57761001586914 0.0018045424949377775
163.719482421875 -18.580652236938477 0.0017858886858448386
163.4519500732422 -18.583751678466797 0.0017712783301249146
163.17971801757812 -18.586910247802734 0.0017551040509715676
162.90283203125 -18.590124130249023 0.0017422485398128629
162.62049865722656 -18.593509674072266 0.001699752756394446
162.33282470703125 -18.59696388244629 0.0016615675995126367
162.03903198242188 -18.600440979003906 0.0016476439777761698
161.73927307128906 -18.603975296020508 0.0016452026320621371
161.4328155517578 -18.607589721679688 0.0016438292805105448
161.11981201171875 -18.611295700073242 0.0016445540823042393
160.7996063232422 -18.61507797241211 0.0016419219318777323
160.4723358154297 -18.618934631347656 0.0016400909516960382
160.13735961914062 -18.622888565063477 0.0016349410871043801
159.79481506347656 -18.626895904541016 0.001609535189345479
159.44403076171875 -18.63125991821289 0.0015428542392328382
159.08517456054688 -18.63559341430664 0.0015404891455546021
158.7176055908203 -18.639997482299805 0.001521644531749189
158.34144592285156 -18.644397735595703 0.001529006869532168
157.95608520507812 -18.64887809753418 0.0015364455757662654
157.56163024902344 -18.653440475463867 0.0015439605340361595
157.15744018554688 -18.658105850219727 0.0015477370470762253
156.74362182617188 -18.66287612915039 0.001550216693431139
156.31959533691406 -18.667762756347656 0.0015483855968341231
155.88539123535156 -18.672761917114258 0.0015460967551916838
155.4406280517578 -18.673538208007812 0.0015509033109992743
154.98565673828125 -18.665523529052734 0.0016014480497688055
154.51992797851562 -18.649858474731445 0.0016573333414271474
154.0429229736328 -18.632802963256836 0.0016793060349300504
153.55372619628906 -18.616661071777344 0.001456527621485293
153.0526123046875 -18.600202560424805 0.001263427664525807
152.53897094726562 -18.58339500427246 0.0012230300344526768
152.01239013671875 -18.566118240356445 0.0012423323933035135
151.47210693359375 -18.54832649230957 0.0012768554734066129
150.91839599609375 -18.5300350189209 0.0013137817149981856
150.35128784179688 -18.511260986328125 0.001346321078017354
149.77096557617188 -18.492021560668945 0.0013729095226153731
149.1774444580078 -18.47233009338379 0.0013942336663603783
148.5706787109375 -18.452186584472656 0.0014089584583416581
147.9505615234375 -18.431596755981445 0.0014186096377670765
147.3173065185547 -18.410564422607422 0.0014276504516601562
146.6742706298828 -18.389204025268555 0.0014558791881427169
146.0282440185547 -18.36774444580078 0.0015209197299554944
145.38502502441406 -18.346378326416016 0.0016112136654555798
144.74803161621094 -18.32521629333496 0.0017079162644222379
144.11929321289062 -18.30432891845703 0.0017983245197683573
143.4998779296875 -18.283748626708984 0.001876029884442687
142.8905487060547 -18.268369674682617 0.0019576263148337603
142.2921600341797 -18.263490676879883 0.0020788193214684725
141.7050323486328 -18.268186569213867 0.0021974563132971525
141.12899780273438 -18.275781631469727 0.0022657394874840975
140.56390380859375 -18.282899856567383 0.0022604370024055243
140.00962829589844 -18.29092788696289 0.0022358703427016735
139.4657745361328 -18.299774169921875 0.0022127151023596525
138.9325714111328 -18.309206008911133 0.0021980665624141693
138.40968322753906 -18.318967819213867 0.0021854019723832607
137.89730834960938 -18.328861236572266 0.0021778868976980448
137.3949432373047 -18.338768005371094 0.0021686553955078125
136.90286254882812 -18.348596572875977 0.0021624756045639515
136.42051696777344 -18.358301162719727 0.0021541595924645662
135.9481201171875 -18.367847442626953 0.002148971427232027
135.48516845703125 -18.377227783203125 0.0021419143304228783
135.03184509277344 -18.386423110961914 0.0021379850804805756
134.587646484375 -18.39544105529785 0.0021316909696906805
134.15283203125 -18.40427589416504 0.0021281051449477673
133.7268524169922 -18.412931442260742 0.002122268546372652
133.3099822998047 -18.42140007019043 0.0021194838918745518
132.90164184570312 -18.429697036743164 0.0021137618459761143
132.50218200683594 -18.437814712524414 0.0021112060640007257
132.11097717285156 -18.445764541625977 0.002105789026245475
131.72833251953125 -18.453540802001953 0.002102928003296256
131.35362243652344 -18.46115493774414 0.0020969391334801912
130.98704528808594 -18.468605041503906 0.0020937728695571423
130.62796020507812 -18.475900650024414 0.002086906461045146
130.27655029296875 -18.48303985595703 0.0020830153953284025
129.93211364746094 -18.49003791809082 0.002075576689094305
129.59486389160156 -18.496891021728516 0.0020707701332867146
129.26409912109375 -18.50361442565918 0.0020623398013412952
128.9400177001953 -18.51020050048828 0.0020572280045598745
128.62188720703125 -18.516666412353516 0.002048606751486659
128.30995178222656 -18.52300453186035 0.0020430756267160177
128.00347900390625 -18.529233932495117 0.0020340727642178535
127.70272064208984 -18.53534698486328 0.0020284652709960938
127.40695190429688 -18.541357040405273 0.002019500592723489
127.11641693115234 -18.54726219177246 0.0020141983404755592
126.83039855957031 -18.55307388305664 0.002005882328376174
126.54917907714844 -18.55879020690918 0.0020008087158203125
126.27201080322266 -18.56442642211914 0.0019924927037209272
125.99917602539062 -18.569971084594727 0.0019870377145707607
125.72998809814453 -18.575441360473633 0.0019789503421634436
125.46468353271484 -18.58083152770996 0.001973381033167243
125.20257568359375 -18.586158752441406 0.0019655227661132812
124.94396209716797 -18.591415405273438 0.0019605637062340975
124.68809509277344 -18.596616744995117 0.001952438266016543
124.43526458740234 -18.601757049560547 0.0019475173903629184
124.184326171875 -18.606855392456055 0.0018736267229542136
123.93026733398438 -18.61202049255371 0.001880111638456583
123.67887115478516 -18.617130279541016 0.0018946075579151511
123.42640686035156 -18.622262954711914 0.0018453978700563312
123.17435455322266 -18.62738609313965 0.0018695067847147584
122.92144012451172 -18.632526397705078 0.0018287658458575606
122.66895294189453 -18.637659072875977 0.0018582153134047985
122.41802215576172 -18.642759323120117 0.0018174361903220415
122.16400146484375 -18.64792251586914 0.0018400191329419613
121.91299438476562 -18.653024673461914 0.0018661117646843195
121.6578369140625 -18.65821075439453 0.0018162154592573643
121.40422821044922 -18.66336441040039 0.0018454360542818904
121.15242004394531 -18.665565490722656 0.0018727111164480448
120.89765167236328 -18.66176414489746 0.0018543624319136143
120.6403579711914 -18.657854080200195 0.0018958663567900658
120.3849105834961 -18.656675338745117 0.0018945693736895919
120.1300048828125 -18.656511306762695 0.0018738174112513661
119.87545776367188 -18.656768798828125 0.00185985560528934
119.62020874023438 -18.657217025756836 0.001849861117079854
119.36441040039062 -18.657745361328125 0.0018441390711814165
119.1087875366211 -18.65831184387207 0.0018447875045239925
118.85541534423828 -18.658889770507812 0.0018581771291792393
118.60453033447266 -18.65947151184082 0.0018080138834193349
118.3534927368164 -18.660058975219727 0.0018487166380509734
118.10391235351562 -18.660642623901367 0.0016778182471171021
117.85547637939453 -18.661224365234375 0.0015814208891242743
117.6097412109375 -18.661802291870117 0.0015693282475695014
117.3674545288086 -18.662368774414062 0.0015945052728056908
117.12894439697266 -18.662927627563477 0.0016313552623614669
116.89421844482422 -18.66347885131836 0.0016672515776008368
116.6632080078125 -18.664020538330078 0.0016976165352389216
116.43572235107422 -18.664552688598633 0.0017206573393195868
116.2115478515625 -18.66507911682129 0.001736869802698493
115.99075317382812 -18.661869049072266 0.0017618942074477673
115.77339935302734 -18.652786254882812 0.0018079376313835382
115.55884552001953 -18.640913009643555 0.0018409347394481301
115.34675598144531 -18.627185821533203 0.0018533325055614114
115.13694763183594 -18.61192512512207 0.001851310720667243
114.92998504638672 -18.591846466064453 0.0018573760753497481
114.72626495361328 -18.565183639526367 0.0018835067749023438
114.52468872070312 -18.534597396850586 0.0018984222551807761
114.32363891601562 -18.507471084594727 0.0018713378813117743
114.12271118164062 -18.488128662109375 0.0017942809499800205
113.92269897460938 -18.47112274169922 0.0017655562842264771
113.72489929199219 -18.454835891723633 0.0017624663887545466
113.53011322021484 -18.439023971557617 0.0017658995930105448
113.33876037597656 -18.423486709594727 0.0017700957832857966
113.1510238647461 -18.408315658569336 0.0017734527355059981
112.96695709228516 -18.393388748168945 0.0017760085174813867
112.78658294677734 -18.37881851196289 0.0017779158661141992
112.60983276367188 -18.364482879638672 0.0017792129656299949
112.4366683959961 -18.35049819946289 0.001779861398972571
112.26702880859375 -18.336734771728516 0.0017799758352339268
112.10086059570312 -18.32331657409668 0.0017798232147470117
111.93807983398438 -18.313138961791992 0.0017919158563017845
111.77875518798828 -18.307649612426758 0.0018224334344267845
111.62267303466797 -18.303993225097656 0.0018428039038553834
111.46977233886719 -18.30159568786621 0.0018484496977180243
111.31997680664062 -18.30010986328125 0.0018441008869558573
111.17325592041016 -18.29958152770996 0.0018352889455854893
111.0300064086914 -18.302473068237305 0.0018383407732471824
110.89039611816406 -18.30988121032715 0.001857757568359375
110.75464630126953 -18.31900978088379 0.0018712615128606558
110.62252044677734 -18.329458236694336 0.0018713378813117743
110.49274444580078 -18.34107208251953 0.0018582915654405951
110.36469268798828 -18.348814010620117 0.001821823068894446
110.23884582519531 -18.350563049316406 0.0017977141542360187
110.11540985107422 -18.351238250732422 0.0017993163783103228
109.99441528320312 -18.351619720458984 0.0017981338314712048
109.87583923339844 -18.352018356323242 0.0017917632358148694
109.75967407226562 -18.352327346801758 0.0017830657307058573
109.64588928222656 -18.352699279785156 0.0017742537893354893
109.53443145751953 -18.352994918823242 0.0017663192702457309
109.4252700805664 -18.35335350036621 0.0017601394793018699
109.318359375 -18.353633880615234 0.001755142118781805
109.21366119384766 -18.353981018066406 0.0017511749174445868
109.11109924316406 -18.354249954223633 0.001748046837747097
109.01211547851562 -18.354595184326172 0.001753578195348382
108.91673278808594 -18.354816436767578 0.0017598342383280396
108.82442474365234 -18.35515022277832 0.0017623519524931908
108.7347640991211 -18.35535430908203 0.001761970459483564
108.64743041992188 -18.355674743652344 0.0017587279435247183
108.56210327148438 -18.355865478515625 0.0017543029971420765
108.47855377197266 -18.35617446899414 0.0017487716395407915
108.39659881591797 -18.35634994506836 0.0017432784661650658
108.31597137451172 -18.356651306152344 0.0017374037997797132
108.23651885986328 -18.35681915283203 0.0017313002608716488
108.15798950195312 -18.357118606567383 0.0017250442178919911
108.08016967773438 -18.3572940826416 0.0017188644269481301
108.00282287597656 -18.357587814331055 0.001712532015517354
107.92576599121094 -18.357751846313477 0.0017062758561223745
107.84878540039062 -18.358041763305664 0.0017002486856654286
107.77167510986328 -18.35820960998535 0.001694374019280076
107.69425201416016 -18.35850715637207 0.001688461285084486
107.61630249023438 -18.358678817749023 0.0016823959304019809
107.53762817382812 -18.358976364135742 0.0016761397710070014
107.45805358886719 -18.359155654907227 0.0016702651046216488
107.37744140625 -18.359460830688477 0.0016647720476612449
107.29563903808594 -18.359647750854492 0.0016595458146184683
107.21247863769531 -18.35995864868164 0.0016545485705137253
107.1278076171875 -18.360153198242188 0.001649398822337389
107.04146575927734 -18.3604736328125 0.0016444778302684426
106.95321655273438 -18.360685348510742 0.0016392897814512253
106.8629150390625 -18.36101531982422 0.0016339110443368554
106.77034759521484 -18.361236572265625 0.0016286468598991632
106.67530822753906 -18.36157989501953 0.0016230392502620816
106.57762145996094 -18.361820220947266 0.0016173934563994408
106.47711944580078 -18.362180709838867 0.0016117858467623591
106.37357330322266 -18.36244010925293 0.0016060638008639216
106.26683044433594 -18.36281394958496 0.0016007995000109076
106.15670776367188 -18.363096237182617 0.001595306326635182
106.04303741455078 -18.36349105834961 0.0015898895217105746
105.92562103271484 -18.363794326782227 0.0015846252208575606
105.80430603027344 -18.36421012878418 0.0015795135404914618
105.67891693115234 -18.36454200744629 0.0015740585513412952
105.54928588867188 -18.364980697631836 0.001568603445775807
105.41525268554688 -18.365339279174805 0.0015635299496352673
105.27662658691406 -18.36580467224121 0.0015583800850436091
105.13327026367188 -18.366195678710938 0.0015533065889030695
104.9850082397461 -18.366687774658203 0.0015483855968341231
104.83168029785156 -18.36711311340332 0.0015433119842782617
104.67311096191406 -18.367631912231445 0.0015383147401735187
104.5091781616211 -18.368091583251953 0.0015333174960687757
104.33968353271484 -18.368635177612305 0.0015283966204151511
104.16446685791016 -18.369136810302734 0.0015237426850944757
103.9833984375 -18.36971092224121 0.0015188598772510886
103.7962646484375 -18.37025260925293 0.0015139770694077015
103.60294342041016 -18.37085723876953 0.00150890345685184
103.40328216552734 -18.37144660949707 0.0015041350852698088
103.19718170166016 -18.372079849243164 0.0014997863909229636
102.98458099365234 -18.372716903686523 0.0014957428211346269
102.76535034179688 -18.373382568359375 0.0014922332484275103
102.53975677490234 -18.3702335357666 0.0015022659208625555
102.30802154541016 -18.360816955566406 0.0015385817969217896
102.06938171386719 -18.353240966796875 0.0015507506905123591
101.82364654541016 -18.348892211914062 0.0015234756283462048
101.5707015991211 -18.345346450805664 0.0017094039358198643
101.31230926513672 -18.34197998046875 0.0018106842180714011
101.05520629882812 -18.33869743347168 0.0018635940505191684
100.79841613769531 -18.33544921875 0.0018784713465720415
100.54157257080078 -18.332218170166016 0.0018772506155073643
100.2867660522461 -18.329017639160156 0.0018821716075763106
100.03467559814453 -18.32585334777832 0.0018899154383689165
99.78352355957031 -18.322702407836914 0.0018498229328542948
99.53374481201172 -18.319570541381836 0.0017141723074018955
99.2847671508789 -18.316444396972656 0.0015951538225635886
99.03837585449219 -18.3133544921875 0.0015719222137704492
98.79570007324219 -18.31031036376953 0.0015938186552375555
98.55726623535156 -18.307321548461914 0.0016316603869199753
98.3233642578125 -18.30438804626465 0.0016713713994249701
98.09410858154297 -18.301513671875 0.0017064666608348489
97.8695068359375 -18.298696517944336 0.0017347335815429688
97.64952087402344 -18.295936584472656 0.0017564010340720415
97.43408203125 -18.29323387145996 0.0017723082564771175
97.22307586669922 -18.29058837890625 0.0017832565354183316
97.0164794921875 -18.28799819946289 0.0017906951252371073
96.81419372558594 -18.28546142578125 0.001795272808521986
96.61619567871094 -18.282978057861328 0.0017982482677325606
96.42230224609375 -18.280546188354492 0.0017992401262745261
96.23246765136719 -18.27816390991211 0.0017995070666074753
96.04652404785156 -18.275833129882812 0.0017984771402552724
95.86457824707031 -18.27355194091797 0.0017979812109842896
95.68643951416016 -18.271318435668945 0.0017965316073969007
95.51197814941406 -18.269132614135742 0.0017945480067282915
95.34087371826172 -18.266984939575195 0.0017910003662109375
95.17302703857422 -18.264881134033203 0.0017870712326839566
95.00809478759766 -18.262813568115234 0.001781959435902536
94.84593200683594 -18.260780334472656 0.0017770003760233521
94.68622589111328 -18.258779525756836 0.0017708587693050504
94.52885437011719 -18.256805419921875 0.0017650603549554944
94.37350463867188 -18.254858016967773 0.0017587279435247183
94.22005462646484 -18.252933502197266 0.0017528152093291283
94.06816864013672 -18.25102996826172 0.001746444613672793
93.91776275634766 -18.249143600463867 0.0017402267549186945
93.76850128173828 -18.247270584106445 0.0017338179750368
93.62029266357422 -18.245412826538086 0.0017277526203542948
93.47283172607422 -18.243560791015625 0.0017214965773746371
93.32599639892578 -18.24172019958496 0.0017153548542410135
93.17948913574219 -18.239883422851562 0.0017089461907744408
93.033203125 -18.23805046081543 0.0017029190203174949
92.88685607910156 -18.236215591430664 0.0016967772971838713
92.74031829833984 -18.234378814697266 0.0016908645629882812
92.59331512451172 -18.232534408569336 0.0016846847720444202
92.44574737548828 -18.230684280395508 0.001679115230217576
92.2973403930664 -18.228824615478516 0.001672935439273715
92.14797973632812 -18.22694969177246 0.0016670989571139216
91.99736022949219 -18.22505760192871 0.0016610336024314165
91.84539031982422 -18.22315216064453 0.0016555404290556908
91.69180297851562 -18.22122573852539 0.0016495513264089823
91.5364990234375 -18.21927833557129 0.0016439437167719007
91.37920379638672 -18.21730613708496 0.0016384124755859375
91.21983337402344 -18.215307235717773 0.0016329573700204492
91.05809020996094 -18.213279724121094 0.0016273879446089268
90.8938980102539 -18.211219787597656 0.0016219329554587603
90.72698211669922 -18.20912742614746 0.0016160964732989669
90.5572738647461 -18.206998825073242 0.0016110228607431054
90.38448333740234 -18.204832077026367 0.0016054916195571423
90.20852661132812 -18.202625274658203 0.0016004180070012808
90.02915954589844 -18.200374603271484 0.0015947723295539618
89.84626007080078 -18.19808006286621 0.0015893935924395919
89.65959930419922 -18.195737838745117 0.001583862234838307
89.46907043457031 -18.193349838256836 0.0015787123702466488
89.27442932128906 -18.190908432006836 0.0015734100015833974
89.07557678222656 -18.18841552734375 0.001568603445775807
88.872314453125 -18.185867309570312 0.0015633773291483521
88.66453552246094 -18.18326187133789 0.001558608957566321
88.45207214355469 -18.18059730529785 0.0015539169544354081
88.23478698730469 -18.177871704101562 0.0015493774553760886
88.01251983642578 -18.17508316040039 0.001544685335829854
87.78517150878906 -18.172231674194336 0.0015402602730318904
87.55262756347656 -18.169315338134766 0.001536140451207757
87.31476593017578 -18.166332244873047 0.0015320968814194202
87.07142639160156 -18.163280487060547 0.001527976943179965
86.82247924804688 -18.160158157348633 0.0015946197090670466
86.56774139404297 -18.156963348388672 0.0017890166491270065
86.31150817871094 -18.156763076782227 0.001878013601526618
86.05789184570312 -18.16188621520996 0.0019490814302116632
85.80522155761719 -18.170520782470703 0.0019868467934429646
85.55116271972656 -18.178115844726562 0.0019734192173928022
85.29505920410156 -18.183135986328125 0.001916809007525444
85.03753662109375 -18.187238693237305 0.0018684768583625555
84.78118896484375 -18.190950393676758 0.001856575021520257
84.5269775390625 -18.19446563720703 0.0018629073165357113
84.27638244628906 -18.197856903076172 0.0018805313156917691
84.02555847167969 -18.201202392578125 0.0017840194050222635
83.7761001586914 -18.204517364501953 0.001785774133168161
83.5289077758789 -18.207794189453125 0.0016279220581054688
83.28449249267578 -18.211030960083008 0.001585044781677425
83.04389190673828 -18.214218139648438 0.0015972900437191129
82.8075942993164 -18.21734619140625 0.0016311263898387551
82.5758056640625 -18.22041893005371 0.0016692733624950051
82.3486328125 -18.22342872619629 0.0017037582583725452
82.12608337402344 -18.226377487182617 0.0017320632468909025
81.90806579589844 -18.229263305664062 0.0017538451356813312
81.69444274902344 -18.232093811035156 0.001769218361005187
81.4849624633789 -18.234867095947266 0.0017788695404306054
81.27947235107422 -18.23758888244629 0.0017846297705546021
81.07768249511719 -18.24026107788086 0.0017867278074845672
80.87940979003906 -18.242887496948242 0.0017867659917101264
80.68435668945312 -18.24547004699707 0.0017844390822574496
80.49234008789062 -18.248014450073242 0.001781196566298604
80.30306243896484 -18.250520706176758 0.0017764281947165728
80.1163558959961 -18.252994537353516 0.0017712401458993554
79.93191528320312 -18.255435943603516 0.0017653274117037654
79.74958038330078 -18.257850646972656 0.0017594527453184128
79.5690689086914 -18.26024055480957 0.0017530058976262808
79.39022064208984 -18.262611389160156 0.0017469024751335382
79.2127456665039 -18.26495933532715 0.0017402267549186945
79.0364990234375 -18.267292022705078 0.0017338943434879184
78.86119079589844 -18.269615173339844 0.0017272186232730746
78.68669128417969 -18.27192497253418 0.0017210388323292136
78.51271057128906 -18.274229049682617 0.001714744488708675
78.33912658691406 -18.27652931213379 0.0017086791340261698
78.16564178466797 -18.278827667236328 0.001702270470559597
77.99214935302734 -18.2811279296875 0.0016962813679128885
77.81834411621094 -18.283430099487305 0.0016900253249332309
77.64412689208984 -18.285736083984375 0.0016840744065120816
77.46920776367188 -18.288053512573242 0.0016778944991528988
77.29348754882812 -18.290380477905273 0.0016720580169931054
77.1166763305664 -18.292722702026367 0.0016656875377520919
76.93866729736328 -18.295080184936523 0.0016598892398178577
76.75918579101562 -18.29745864868164 0.0016537475166842341
76.578125 -18.299856185913086 0.0016481017228215933
76.39521789550781 -18.302276611328125 0.0016423416091129184
76.2103500366211 -18.304725646972656 0.0016369628719985485
76.02326965332031 -18.30720329284668 0.0016313170781359076
75.8338623046875 -18.30971336364746 0.0016259383410215378
75.64188385009766 -18.312255859375 0.0016202544793486595
75.44719696044922 -18.31483268737793 0.001614646869711578
75.24958038330078 -18.31745147705078 0.0016090392600744963
75.04889678955078 -18.32010841369629 0.0016037368914112449
74.8449478149414 -18.322811126708984 0.0015982437180355191
74.63761901855469 -18.325559616088867 0.0015930174849927425
74.42668914794922 -18.328351974487305 0.0015877151163294911
74.21202850341797 -18.331195831298828 0.001582832308486104
73.99372863769531 -18.33032989501953 0.0015915298135951161
73.77190399169922 -18.323455810546875 0.0016260147094726562
73.54586029052734 -18.318655014038086 0.0016346740303561091
73.3154296875 -18.317138671875 0.0016051483107730746
73.08048248291016 -18.316436767578125 0.0015790557954460382
72.84087371826172 -18.315956115722656 0.0015669631538912654
72.5969467163086 -18.315536499023438 0.0015617370372638106
72.35147094726562 -18.315141677856445 0.001574287423864007
72.10741424560547 -18.314754486083984 0.0016025924123823643
71.86639404296875 -18.314374923706055 0.0016381454188376665
71.62926483154297 -18.314001083374023 0.0016737364931032062
71.39644622802734 -18.313634872436523 0.0017052841139957309
71.16813659667969 -18.313274383544922 0.0017313766293227673
70.94438934326172 -18.312923431396484 0.0017518997192382812
70.72521209716797 -18.312578201293945 0.0017674254486337304
70.51055145263672 -18.312240600585938 0.0017788695404306054
70.30033874511719 -18.311912536621094 0.0017865371191874146
70.09449768066406 -18.31157112121582 0.0017919540405273438
69.8929672241211 -18.311279296875 0.0017958068056032062
69.6956558227539 -18.310941696166992 0.001797904958948493
69.5024642944336 -18.310665130615234 0.0017988967010751367
69.31327819824219 -18.310340881347656 0.001798667828552425
69.12800598144531 -18.310075759887695 0.0017977905226871371
68.94654846191406 -18.30976104736328 0.0017962264828383923
68.76880645751953 -18.309513092041016 0.0017944717546924949
68.59471893310547 -18.309206008911133 0.0017924117855727673
68.42444610595703 -18.305871963500977 0.0018028258346021175
68.25816345214844 -18.2979736328125 0.0018331909086555243
68.0954360961914 -18.288389205932617 0.0018535613780841231
67.93611145019531 -18.277721405029297 0.0018584823701530695
67.78011322021484 -18.266326904296875 0.0018533705733716488
67.62737274169922 -18.25416374206543 0.0018442153232172132
67.4785385131836 -18.238759994506836 0.0018470000941306353
67.33389282226562 -18.218950271606445 0.0018667601980268955
67.19258880615234 -18.197357177734375 0.0018768310546875
67.05429077148438 -18.179513931274414 0.001857490511611104
66.9190444946289 -18.16810417175293 0.00181999197229743
66.78693389892578 -18.158348083496094 0.001816444331780076
66.65673828125 -18.149200439453125 0.0018086242489516735
66.52849578857422 -18.140214920043945 0.0017973327776417136
66.40251159667969 -18.13147735595703 0.0017860793741419911
66.27889251708984 -18.12284278869629 0.0017762373900040984
66.15769958496094 -18.114442825317383 0.0017688750522211194
66.0389404296875 -18.10614585876465 0.0017632674425840378
65.92259979248047 -18.098081588745117 0.0017588043119758368
65.80863189697266 -18.090116500854492 0.0017552947392687201
65.69701385498047 -18.08238410949707 0.0017527389572933316
65.58767700195312 -18.074739456176758 0.0017504501156508923
65.48058319091797 -18.067319869995117 0.0017487334553152323
65.37574768066406 -18.0623779296875 0.0017567825270816684
65.2731704711914 -18.060483932495117 0.0017774963052943349
65.17279815673828 -18.059246063232422 0.0017489242600277066
65.07449340820312 -18.058584213256836 0.0017299652099609375
64.97819519042969 -18.05826759338379 0.0017255019629374146
64.88422393798828 -18.060497283935547 0.0017366789979860187
64.7926254272461 -18.06538963317871 0.0017592620570212603
64.70297241210938 -18.0711669921875 0.0017719268798828125
64.61518859863281 -18.077396392822266 0.001774749718606472
64.52925109863281 -18.084152221679688 0.0017718886956572533
64.44511413574219 -18.091251373291016 0.001766853267326951
64.36336517333984 -18.100616455078125 0.0017715453868731856
64.28401184082031 -18.112253189086914 0.001783828716725111
64.2064437866211 -18.124645233154297 0.0017876814818009734
64.13056182861328 -18.13741111755371 0.0017837523482739925
64.05541229248047 -18.146953582763672 0.0017588043119758368
63.98122024536133 -18.150007247924805 0.0017597960541024804
63.90850067138672 -18.15201187133789 0.001773567171767354
63.83726119995117 -18.153799057006836 0.001776199322193861
63.767478942871094 -18.155601501464844 0.0017696762224659324
63.699134826660156 -18.15729331970215 0.0017597198020666838
63.63219451904297 -18.159021377563477 0.0017496871296316385
63.56663513183594 -18.160642623901367 0.0017408370040357113
63.50411605834961 -18.162303924560547 0.0017429733416065574
63.44464874267578 -18.16373634338379 0.001746330177411437
63.38770294189453 -18.165239334106445 0.0017473220359534025
63.33285903930664 -18.16655158996582 0.0017456435598433018
63.279808044433594 -18.167957305908203 0.0017420959193259478
63.22822952270508 -18.169187545776367 0.0017370604909956455
63.1778450012207 -18.1705265045166 0.001731452881358564
63.12836837768555 -18.17170524597168 0.0017253112746402621
63.07955551147461 -18.173004150390625 0.0017183684976771474
63.03114700317383 -18.174156188964844 0.0017118072137236595
62.98290252685547 -18.175437927246094 0.0017046737484633923
62.93456268310547 -18.176599502563477 0.0016974639147520065
62.88600540161133 -18.17789649963379 0.0016911315033212304
62.837039947509766 -18.179046630859375 0.0016753387171775103
62.78725051879883 -18.180341720581055 0.001676864572800696
62.73664093017578 -18.18155288696289 0.0016741561703383923
62.68494415283203 -18.18290901184082 0.0016686629969626665
62.63199996948242 -18.18419075012207 0.001662406837567687
62.577640533447266 -18.185617446899414 0.0016561126103624701
62.521728515625 -18.186975479125977 0.0016501235077157617
62.46419906616211 -18.1884765625 0.0016447448870167136
62.40495300292969 -18.18992042541504 0.0016402053879573941
62.34390640258789 -18.191509246826172 0.001636085449717939
62.28096389770508 -18.19304656982422 0.0016326522454619408
62.21564483642578 -18.194740295410156 0.0016268157633021474
62.14786148071289 -18.196401596069336 0.0016228484455496073
62.077816009521484 -18.198226928710938 0.001618347130715847
62.005615234375 -18.199993133544922 0.0016164015978574753
61.931068420410156 -18.201932907104492 0.0016141509404405951
61.85386276245117 -18.203821182250977 0.001610717736184597
61.7738037109375 -18.20589828491211 0.0016069792909547687
61.69108581542969 -18.20792007446289 0.0016047668177634478
61.60549545288086 -18.21013832092285 0.0016018676105886698
61.516624450683594 -18.212322235107422 0.0015974425477907062
61.42417526245117 -18.2147159576416 0.0015915298135951161
61.327880859375 -18.217092514038086 0.0015849685296416283
61.2275276184082 -18.21967887878418 0.0015785598661750555
61.12289810180664 -18.22226333618164 0.0015722274547442794
61.01382064819336 -18.225069046020508 0.0015656279865652323
60.900115966796875 -18.227888107299805 0.0015598678728565574
60.78160095214844 -18.230928421020508 0.0015538024017587304
60.658119201660156 -18.23399543762207 0.0015480422880500555
60.52949523925781 -18.237287521362305 0.0015424346784129739
60.39556884765625 -18.24062156677246 0.0015369415050372481
60.25618362426758 -18.244182586669922 0.0015319824451580644
60.11117172241211 -18.247798919677734 0.0015268325805664062
59.960384368896484 -18.25164222717285 0.001521644531749189
59.80365753173828 -18.25555992126465 0.0015165710356086493
59.64083480834961 -18.25970458984375 0.0015117644798010588
59.47175216674805 -18.26393699645996 0.0015073013491928577
59.2962646484375 -18.268394470214844 0.0015023421728983521
59.114192962646484 -18.27296257019043 0.0014974975492805243
58.92536544799805 -18.277748107910156 0.0014927672455087304
58.72965621948242 -18.28266716003418 0.0014880370581522584
58.5269660949707 -18.28779411315918 0.001483497559092939
58.31742477416992 -18.289365768432617 0.001492309500463307
58.10121536254883 -18.28514862060547 0.0015261840308085084
57.87787628173828 -18.283123016357422 0.001536636264063418
57.64726257324219 -18.284423828125 0.0015100479358807206
57.409271240234375 -18.286617279052734 0.0014868545113131404
57.16380310058594 -18.28911781311035 0.0014769744593650103
56.91120910644531 -18.291767120361328 0.0016888045938685536
56.65540313720703 -18.29447364807129 0.0018104934133589268
56.40353775024414 -18.29714584350586 0.0018184661166742444
56.15400695800781 -18.299795150756836 0.0017699813470244408
55.90666961669922 -18.30242347717285 0.001639633090235293
55.66262435913086 -18.305015563964844 0.001606903038918972
55.422645568847656 -18.307565689086914 0.0016202162951231003
55.18709182739258 -18.310068130493164 0.0016507720574736595
54.95614242553711 -18.31252098083496 0.0016846847720444202
54.72982406616211 -18.314924240112305 0.0017153930384665728
54.50812911987305 -18.317279815673828 0.0017403411911800504
54.291015625 -18.319583892822266 0.0017595291137695312
54.078392028808594 -18.32185173034668 0.0017736053559929132
53.87018585205078 -18.32404136657715 0.0017834472237154841
53.66633224487305 -18.326231002807617 0.0017902373801916838
53.46676254272461 -18.328323364257812 0.0017946242587640882
53.27136993408203 -18.330425262451172 0.0017971801571547985
53.08005142211914 -18.33243179321289 0.0017982482677325606
52.89269256591797 -18.334449768066406 0.0017979430267587304
52.70919418334961 -18.33637046813965 0.00179710378870368
52.52947235107422 -18.33831024169922 0.0017954634968191385
52.35343551635742 -18.34014892578125 0.0017936325166374445
52.18101119995117 -18.342012405395508 0.001791458111256361
52.0123291015625 -18.3406925201416 0.0018019103445112705
51.84754180908203 -18.33492660522461 0.0018321608658879995
51.68667221069336 -18.32737922668457 0.0018545532366260886
51.52958297729492 -18.318920135498047 0.0018611144041642547
51.375946044921875 -18.309572219848633 0.0018562697805464268
51.226165771484375 -18.29704475402832 0.001858787494711578
51.08028793334961 -18.280046463012695 0.0018754195189103484
50.93668746948242 -18.266111373901367 0.001860885531641543
50.79513931274414 -18.258209228515625 0.0018124389462172985
50.6557502746582 -18.25202178955078 0.0017980574630200863
50.518367767333984 -18.24619483947754 0.0017906570574268699
50.38309097290039 -18.238122940063477 0.0017729568062350154
50.24994659423828 -18.226451873779297 0.0017658233409747481
50.11746597290039 -18.217086791992188 0.0017519377870485187
49.985755920410156 -18.20993423461914 0.0017401885706931353
49.85574722290039 -18.20334815979004 0.0017417526105418801
49.72785949707031 -18.196882247924805 0.0017446898855268955
49.602294921875 -18.190622329711914 0.0017469405429437757
49.47916030883789 -18.184419631958008 0.001748046837747097
49.358455657958984 -18.178407669067383 0.0017484663985669613
49.24018859863281 -18.172449111938477 0.0017486572032794356
49.124324798583984 -18.16668128967285 0.0017482375260442495
49.01083755493164 -18.160961151123047 0.0017479324014857411
48.899681091308594 -18.15542984008789 0.0017476653447374701
48.790809631347656 -18.149940490722656 0.0017467498546466231
48.68418502807617 -18.144634246826172 0.0017462539253756404
48.57975387573242 -18.139368057250977 0.0017453002510592341
48.477474212646484 -18.134281158447266 0.0017446898855268955
48.37874984741211 -18.129283905029297 0.0017515564104542136
48.28362274169922 -18.124582290649414 0.0017581939464434981
48.191566467285156 -18.119909286499023 0.001761703402735293
48.10215759277344 -18.115495681762695 0.0017613982781767845
48.01506805419922 -18.111072540283203 0.0017586135072633624
47.92998504638672 -18.10687255859375 0.0017541121924296021
47.84666442871094 -18.10264015197754 0.0017486572032794356
47.764949798583984 -18.098613739013672 0.0017433929024264216
47.684574127197266 -18.094524383544922 0.0017375564202666283
47.60536575317383 -18.090618133544922 0.0017317961901426315
47.52705764770508 -18.086631774902344 0.0017256163991987705
47.44950485229492 -18.082809448242188 0.0017195510445162654
47.3724365234375 -18.078889846801758 0.0017130279447883368
47.29560470581055 -18.075101852416992 0.0017065429128706455
47.21885681152344 -18.07118797302246 0.0017004013061523438
47.14198684692383 -18.06740379333496 0.001694106962531805
47.06479263305664 -18.0634765625 0.001688194228336215
46.98706817626953 -18.059648513793945 0.0016817855648696423
46.90861892700195 -18.055660247802734 0.001675682025961578
46.829261779785156 -18.051748275756836 0.0016699981642886996
46.748870849609375 -18.04766273498535 0.0016643523704260588
46.66727828979492 -18.043638229370117 0.0016592406900599599
46.584354400634766 -18.0394287109375 0.0016543196979910135
46.49990463256836 -18.035261154174805 0.0016492080176249146
46.41377258300781 -18.03089141845703 0.0016444014618173242
46.32575988769531 -18.02654266357422 0.0016392517136409879
46.23568344116211 -18.021976470947266 0.0016340254805982113
46.14333724975586 -18.01740837097168 0.0016285324236378074
46.04853439331055 -18.01260757446289 0.0016229248140007257
45.951072692871094 -18.007783889770508 0.0016174697084352374
45.85078811645508 -18.002710342407227 0.0016121291555464268
45.747474670410156 -17.99759292602539 0.0016065979143604636
45.64097213745117 -17.992206573486328 0.0016009139362722635
45.53108215332031 -17.986757278442383 0.0015952300745993853
45.417728424072266 -17.983301162719727 0.0015975951682776213
45.30082321166992 -17.98302459716797 0.0016145706176757812
45.18006896972656 -17.983774185180664 0.00162506103515625
45.05524444580078 -17.985349655151367 0.0016252899076789618
44.92618942260742 -17.984073638916016 0.0016072845319285989
44.792781829833984 -17.980430603027344 0.0015840911073610187
44.65481185913086 -17.976064682006836 0.00157585134729743
44.51210021972656 -17.971515655517578 0.0015691756270825863
44.36479568481445 -17.966703414916992 0.001563758822157979
44.21514129638672 -17.961889266967773 0.0015716170892119408
44.06480407714844 -17.956966400146484 0.0015880584251135588
43.91518783569336 -17.952138900756836 0.0016112899174913764
43.76730728149414 -17.947296142578125 0.001637420617043972
43.62171936035156 -17.94260025024414 0.0016624450217932463
43.478721618652344 -17.938024520874023 0.0017584990710020065
43.33872985839844 -17.933507919311523 0.0016778564313426614
43.20140075683594 -17.929073333740234 0.0016575622139498591
43.066795349121094 -17.92476463317871 0.0016633224440738559
42.93490982055664 -17.920461654663086 0.0016780853038653731
42.80571746826172 -17.916311264038086 0.0016943359514698386
42.67917251586914 -17.91217803955078 0.0017089080065488815
42.55522537231445 -17.9081974029541 0.0017207335913553834
42.43490219116211 -17.90424919128418 0.0017354964511469007
42.31817626953125 -17.900524139404297 0.0017473602201789618
42.20461654663086 -17.896793365478516 0.0017547607421875
42.0938720703125 -17.89326286315918 0.001758041325956583
41.98562240600586 -17.88970184326172 0.0017578124534338713
41.879638671875 -17.886327743530273 0.0017557524843141437
41.77566146850586 -17.882904052734375 0.001751861535012722
41.67346954345703 -17.879653930664062 0.0017472457839176059
41.572845458984375 -17.876338958740234 0.0017420196672901511
41.47357177734375 -17.87318229675293 0.0017366409301757812
41.375457763671875 -17.86994743347168 0.0017309188842773438
41.278282165527344 -17.866859436035156 0.0017250442178919911
41.181846618652344 -17.86368179321289 0.0017188644269481301
41.08594512939453 -17.860637664794922 0.001712799072265625
40.99039077758789 -17.857484817504883 0.0017071914626285434
40.89498519897461 -17.854455947875977 0.0017014694167301059
40.79953384399414 -17.851308822631836 0.00169567100238055
40.7038459777832 -17.8482666015625 0.0016899871407076716
40.607723236083984 -17.84510040283203 0.0016840744065120816
40.510986328125 -17.842023849487305 0.0016783904284238815
40.41343688964844 -17.838808059692383 0.0016724776942282915
40.31488800048828 -17.835674285888672 0.0016667174641042948
40.21514892578125 -17.8323917388916 0.0016611098544672132
40.11402893066406 -17.829174041748047 0.0016558074858039618
40.0113525390625 -17.825796127319336 0.001650161691941321
39.906917572021484 -17.822467803955078 0.00164451589807868
39.80055236816406 -17.8189697265625 0.0016388320364058018
39.692054748535156 -17.81551170349121 0.0016332626109942794
39.581260681152344 -17.811870574951172 0.0016273879446089268
39.46797180175781 -17.808256149291992 0.0016219329554587603
39.35201644897461 -17.80445098876953 0.0016165160341188312
39.23320388793945 -17.800657272338867 0.0016112136654555798
39.11137008666992 -17.796661376953125 0.0016056823078542948
38.98633575439453 -17.79266357421875 0.001600303570739925
38.85791778564453 -17.788455963134766 0.001594924833625555
38.72594451904297 -17.784231185913086 0.0015897750854492188
38.59025192260742 -17.77979278564453 0.001584129291586578
38.450660705566406 -17.77531623840332 0.001578864990733564
38.3070068359375 -17.7706241607666 0.001573486253619194
38.159114837646484 -17.765880584716797 0.0015682983212172985
38.0068244934082 -17.760910034179688 0.0015634535811841488
37.84996795654297 -17.755870819091797 0.0015581893967464566
37.688385009765625 -17.75060272216797 0.0015532684046775103
37.52190399169922 -17.745248794555664 0.001548232976347208
37.35036849975586 -17.739662170410156 0.001543502788990736
37.17361068725586 -17.733972549438477 0.0015383147401735187
36.9914665222168 -17.728046417236328 0.00153350830078125
36.80375671386719 -17.721996307373047 0.0015285873087123036
36.61033248901367 -17.71571159362793 0.0015234756283462048
36.41105651855469 -17.709278106689453 0.0015183639479801059
36.205810546875 -17.702619552612305 0.0015140915056690574
35.99447250366211 -17.69578742980957 0.0015097808791324496
35.776939392089844 -17.688739776611328 0.0015055084368214011
35.55312728881836 -17.681495666503906 0.001502189552411437
35.32294464111328 -17.674041748046875 0.0014986800961196423
35.08628845214844 -17.6663818359375 0.0014952468918636441
34.843040466308594 -17.65850830078125 0.0014921569963917136
34.59305191040039 -17.650415420532227 0.0016174697084352374
34.33639907836914 -17.642107009887695 0.0017745590303093195
34.07923889160156 -17.63378143310547 0.0018484877655282617
33.82339859008789 -17.625497817993164 0.0018784331623464823
33.566471099853516 -17.6171817779541 0.0018740844679996371
33.30731201171875 -17.608789443969727 0.0018546676728874445
33.04407501220703 -17.60026741027832 0.001824188162572682
32.77606964111328 -17.591590881347656 0.0017938994569703937
32.502159118652344 -17.58272361755371 0.0017632293747738004
32.224571228027344 -17.573734283447266 0.0017531203338876367
31.946035385131836 -17.564716339111328 0.0017629241337999701
31.66912269592285 -17.555749893188477 0.0017893599579110742
31.394760131835938 -17.5468692779541 0.0018186187371611595
31.12432861328125 -17.53811264038086 0.0018509674118831754
30.857946395874023 -17.52948760986328 0.0018779372330754995
30.596559524536133 -17.521026611328125 0.0019049071706831455
30.339881896972656 -17.51271629333496 0.0019240569090470672
30.088592529296875 -17.504579544067383 0.0019430541433393955
29.838945388793945 -17.496498107910156 0.0017473982879891992
29.590267181396484 -17.488447189331055 0.0016300200950354338
29.343753814697266 -17.480466842651367 0.0016006468795239925
29.099971771240234 -17.47257423400879 0.0016116714105010033
28.85912322998047 -17.46477699279785 0.0016377257416024804
28.62119483947754 -17.457075119018555 0.0016653822967782617
28.386070251464844 -17.449462890625 0.0016891479026526213
28.153846740722656 -17.441946029663086 0.0017090606270357966
27.92525291442871 -17.43454360961914 0.0017282867338508368
27.70075798034668 -17.427276611328125 0.0017461394891142845
27.48058319091797 -17.420146942138672 0.0017615508986636996
27.264801025390625 -17.413162231445312 0.0017741011688485742
27.053407669067383 -17.40631675720215 0.0017832183511927724
26.846336364746094 -17.399612426757812 0.0017899322556331754
26.643606185913086 -17.393049240112305 0.0017947006272152066
26.44508934020996 -17.386627197265625 0.0017995834350585938
26.25075340270996 -17.380334854125977 0.0017970657208934426
26.060415267944336 -17.374176025390625 0.001795539865270257
25.87403678894043 -17.368144989013672 0.0017946242587640882
25.691469192504883 -17.362232208251953 0.001793556148186326
25.5126895904541 -17.356443405151367 0.0017924117855727673
25.337541580200195 -17.35077667236328 0.0017908477457240224
25.166011810302734 -17.34522247314453 0.0017895507626235485
24.99795150756836 -17.33978271484375 0.0017875289777293801
24.83376693725586 -17.334468841552734 0.0017880249070003629
24.673263549804688 -17.329273223876953 0.0017876814818009734
24.516260147094727 -17.32419204711914 0.001786308246664703
24.36241340637207 -17.319211959838867 0.0017829894786700606
24.21158218383789 -17.314329147338867 0.0017796325264498591
24.063432693481445 -17.309534072875977 0.0017746734665706754
23.917837142944336 -17.304819107055664 0.0017699813470244408
23.774477005004883 -17.30017852783203 0.0017638778081163764
23.63323402404785 -17.29560661315918 0.0017582321306690574
23.493783950805664 -17.291093826293945 0.0017518233507871628
23.355241775512695 -17.28660774230957 0.0017418288625776768
23.218036651611328 -17.28216552734375 0.001735687255859375
23.082904815673828 -17.27779197692871 0.001735000521875918
22.950057983398438 -17.27349281311035 0.0017366409301757812
22.81975555419922 -17.26927375793457 0.0017399215139448643
22.69194984436035 -17.26513671875 0.0017427062848582864
22.566757202148438 -17.261085510253906 0.0017456435598433018
22.444049835205078 -17.257112503051758 0.0017473982879891992
22.32390785217285 -17.253225326538086 0.0017489242600277066
22.206178665161133 -17.249414443969727 0.0017493056366220117
22.092111587524414 -17.2457218170166 0.0017562865978106856
21.981576919555664 -17.242141723632812 0.0017620848957449198
21.87423324584961 -17.238666534423828 0.0017651747912168503
21.769588470458984 -17.235280990600586 0.0017645263578742743
21.667449951171875 -17.231975555419922 0.001762123079970479
21.567445755004883 -17.228736877441406 0.001757774269208312
21.469438552856445 -17.22556495666504 0.001752891461364925
21.373088836669922 -17.22244644165039 0.0017469405429437757
21.278278350830078 -17.219377517700195 0.0017413711175322533
21.182830810546875 -17.216289520263672 0.0017251204699277878
21.08734893798828 -17.21319580078125 0.001713561941869557
20.992624282836914 -17.21013069152832 0.0017086410662159324
20.899272918701172 -17.207109451293945 0.0017092132475227118
20.807430267333984 -17.20413589477539 0.0017117690294981003
20.717342376708984 -17.20121955871582 0.0017155456589534879
20.62895393371582 -17.1983585357666 0.0017185591859743
20.54237937927246 -17.195556640625 0.0017216872656717896
20.45750617980957 -17.19281005859375 0.001723556430079043
20.374420166015625 -17.190122604370117 0.0017253875266760588
20.29298210144043 -17.18748664855957 0.0017259597079828382
20.213274002075195 -17.184906005859375 0.0017267989460378885
20.135154724121094 -17.182376861572266 0.001726455637253821
20.058698654174805 -17.179901123046875 0.0017266845097765326
19.983768463134766 -17.17747688293457 0.0017258452717214823
19.910436630249023 -17.17510414123535 0.0017255019629374146
19.838563919067383 -17.172775268554688 0.0017246627248823643
19.76822853088379 -17.170499801635742 0.0017242812318727374
19.699291229248047 -17.168270111083984 0.0017231750534847379
19.6318302154541 -17.166088104248047 0.0017227553762495518
19.565799713134766 -17.16572380065918 0.001729087787680328
19.501310348510742 -17.16706085205078 0.001742629916407168
19.438106536865234 -17.168672561645508 0.0017479705857113004
19.376262664794922 -17.170400619506836 0.0017473602201789618
19.315643310546875 -17.172258377075195 0.0017425918485969305
19.256332397460938 -17.174198150634766 0.001737518236041069
19.198198318481445 -17.176252365112305 0.0017319869948551059
19.141616821289062 -17.179853439331055 0.0017349242698401213
19.088058471679688 -17.18471336364746 0.0017515182262286544
19.037439346313477 -17.189594268798828 0.0017617797711864114
18.989147186279297 -17.1945743560791 0.0017633818788453937
18.94283676147461 -17.199459075927734 0.0017593764932826161
18.896392822265625 -17.205785751342773 0.001747512724250555
18.8491153717041 -17.210798263549805 0.001729087787680328
18.80152130126953 -17.21178436279297 0.0017210006481036544
18.754423141479492 -17.21228790283203 0.0017252349061891437
18.70793914794922 -17.212753295898438 0.0017255019629374146
18.66230010986328 -17.21320343017578 0.0017229461809620261
18.617448806762695 -17.213647842407227 0.0017187499906867743
18.573518753051758 -17.214078903198242 0.001714630052447319
18.53040885925293 -17.214506149291992 0.0017111205961555243
18.488224029541016 -17.214921951293945 0.001708564697764814
18.448450088500977 -17.21531105041504 0.0017149733612313867
18.411169052124023 -17.21567726135254 0.0017221450107172132
18.375736236572266 -17.21603012084961 0.001725425710901618
18.341672897338867 -17.216346740722656 0.0017239379230886698
18.30953598022461 -17.216562271118164 0.0017265700735151768
18.27799415588379 -17.216686248779297 0.0017219925066456199
18.248157501220703 -17.216882705688477 0.0017210006481036544
18.218456268310547 -17.217031478881836 0.0017136001260951161
18.189559936523438 -17.217266082763672 0.0017100524855777621
18.159761428833008 -17.217531204223633 0.0016969679854810238
18.130224227905273 -17.217817306518555 0.001692924415692687
18.099855422973633 -17.218050003051758 0.0016838073497638106
18.06985855102539 -17.218294143676758 0.0016816329443827271
18.03931427001953 -17.21863555908203 0.0016778564313426614
18.008548736572266 -17.218841552734375 0.0016761397710070014
17.976804733276367 -17.21919822692871 0.0016703796572983265
17.944185256958008 -17.21952247619629 0.001666335971094668
17.90915870666504 -17.219913482666016 0.001654396066442132
17.873308181762695 -17.220352172851562 0.001651763916015625
17.835094451904297 -17.220748901367188 0.0016424560453742743
17.79578399658203 -17.221139907836914 0.0016413879347965121
17.753253936767578 -17.221519470214844 0.0016296005342155695
17.709537506103516 -17.221960067749023 0.0016299819108098745
17.663206100463867 -17.222415924072266 0.0016244887374341488
17.61554718017578 -17.2228946685791 0.001626243581995368
17.564664840698242 -17.22340202331543 0.0016183089464902878
17.511734008789062 -17.223936080932617 0.001616897527128458
17.455129623413086 -17.224506378173828 0.0016072845319285989
17.39543914794922 -17.225107192993164 0.0015995787689462304
17.3319149017334 -17.225744247436523 0.0015917205018922687
17.265087127685547 -17.226411819458008 0.001588096609339118
17.195283889770508 -17.227140426635742 0.0015876388642936945
17.122560501098633 -17.227876663208008 0.0015887832269072533
17.04689598083496 -17.228633880615234 0.001588745042681694
16.967655181884766 -17.229429244995117 0.001586227328516543
16.884782791137695 -17.23024559020996 0.0015825270675122738
16.797658920288086 -17.231109619140625 0.0015765761490911245
16.706037521362305 -17.232004165649414 0.001580467214807868
16.609851837158203 -17.232942581176758 0.0015732955653220415
16.50894546508789 -17.23394775390625 0.0015659332275390625
16.403297424316406 -17.234996795654297 0.0015589522663503885
16.292631149291992 -17.23609161376953 0.0015518188010901213
16.176836013793945 -17.237234115600586 0.0015451812651008368
16.055583953857422 -17.238433837890625 0.0015382003039121628
15.928805351257324 -17.239686965942383 0.0015319824451580644
15.796212196350098 -17.240997314453125 0.001525459229014814
15.657746315002441 -17.242366790771484 0.0015200424240902066
15.513140678405762 -17.24379539489746 0.0015142059419304132
15.36234188079834 -17.245283126831055 0.0015091323293745518
15.205096244812012 -17.24683952331543 0.0015037155244499445
15.041340827941895 -17.248456954956055 0.0014988327166065574
14.870833396911621 -17.25014305114746 0.0014935684157535434
14.69349479675293 -17.25189781188965 0.0014885711716488004
14.509073257446289 -17.253721237182617 0.0014835739275440574
14.31745719909668 -17.255613327026367 0.00147838587872684
14.118508338928223 -17.257579803466797 0.0014744185609743
13.912215232849121 -17.259620666503906 0.001470870920456946
13.698487281799316 -17.26173210144043 0.0014673614641651511
13.477313041687012 -17.263917922973633 0.001464576693251729
13.248624801635742 -17.266178131103516 0.001461944542825222
13.012332916259766 -17.26851463317871 0.001459426828660071
12.768317222595215 -17.270925521850586 0.001456680241972208
12.516449928283691 -17.273414611816406 0.0016299819108098745
12.257369041442871 -17.27597427368164 0.0017589950002729893
11.999024391174316 -17.278528213500977 0.001829452463425696
11.740195274353027 -17.281084060668945 0.001850891043432057
11.47936725616455 -17.283660888671875 0.0018439864506945014
11.214343070983887 -17.286279678344727 0.0018182372441515326
10.944149017333984 -17.288951873779297 0.001787376357242465
10.667171478271484 -17.291690826416016 0.0017523574642837048
10.382943153381348 -17.294498443603516 0.0017203520983457565
10.090276718139648 -17.29738998413086 0.0016891860868781805
9.789023399353027 -17.30036735534668 0.0016630553873255849
9.478242874145508 -17.303438186645508 0.0016382980393245816
9.157950401306152 -17.306598663330078 0.0016179656377062201
8.8273286819458 -17.309873580932617 0.0015982437180355191
8.48644733428955 -17.313249588012695 0.0015824889997020364
8.134491920471191 -17.31670379638672 0.001566238352097571
7.771533489227295 -17.320276260375977 0.0015527724754065275
7.396754741668701 -17.324012756347656 0.001538238488137722
7.010363578796387 -17.327838897705078 0.0015272903256118298
6.611830711364746 -17.33174705505371 0.0015163039788603783
6.201472759246826 -17.335796356201172 0.0015085601480677724
5.778656482696533 -17.339981079101562 0.0015001677675172687
5.3434624671936035 -17.34427833557129 0.0014930724864825606
4.8951849937438965 -17.34870147705078 0.0014838408678770065
4.433816909790039 -17.353254318237305 0.0014754104195162654
3.958630323410034 -17.35794448852539 0.00146484375
3.469498634338379 -17.36277198791504 0.0014549255138263106
2.9654650688171387 -17.36774444580078 0.0014418411301448941
2.4460456371307373 -17.372867584228516 0.001427879324182868
1.911543846130371 -17.378141403198242 0.0014194106915965676
1.3661444187164307 -17.38352394104004 0.0014395141042768955
0.817180335521698 -17.38893699645996 0.001502571045421064
0.2705012559890747 -17.394330978393555 0.00159282679669559
-0.27118685841560364 -17.399675369262695 0.0016857528826221824
-0.8057876229286194 -17.404949188232422 0.0017729949904605746
-1.3323894739151 -17.41014289855957 0.0018475340912118554
-1.849973440170288 -17.415246963500977 0.0019115828908979893
-2.358421802520752 -17.42026138305664 0.001961669884622097
-2.857194662094116 -17.425182342529297 0.0020029067527502775
-3.3465397357940674 -17.430009841918945 0.002032966585829854
-3.8261098861694336 -17.43474006652832 0.002057647565379739
-4.296320915222168 -17.43937873840332 0.0020756912417709827
-4.756895542144775 -17.443923950195312 0.0020825194660574198
-5.2083024978637695 -17.44837760925293 0.0020885849371552467
-5.650277137756348 -17.452739715576172 0.0020959472749382257
-6.083341121673584 -17.457014083862305 0.002098426688462496
-6.507218360900879 -17.461198806762695 0.0021023177541792393
-6.922452926635742 -17.465299606323242 0.0021018600091338158
-7.328751087188721 -17.469310760498047 0.0021030425559729338
-7.726672649383545 -17.47323989868164 0.0021003722213208675
-8.115904808044434 -17.47708511352539 0.0021002960857003927
-8.497020721435547 -17.48084831237793 0.0020961379632353783
-8.869684219360352 -17.48453140258789 0.0020950317848473787
-9.234481811523438 -17.488134384155273 0.002090530237182975
-9.591055870056152 -17.491655349731445 0.002089347690343857
-9.940007209777832 -17.495101928710938 0.0020844268146902323
-10.28095817565918 -17.49846839904785 0.0020831299480050802
-10.614521026611328 -17.50176429748535 0.0020782852079719305
-10.940300941467285 -17.504981994628906 0.0020767974201589823
-11.25895881652832 -17.508129119873047 0.0020718001760542393
-11.570135116577148 -17.51120376586914 0.0020697785075753927
-11.874530792236328 -17.514211654663086 0.0020638273563236
-12.17181396484375 -17.517148971557617 0.0020610808860510588
-12.462735176086426 -17.520023345947266 0.0020545197185128927
-12.746976852416992 -17.522829055786133 0.0020513152703642845
-13.025304794311523 -17.525577545166016 0.0020439147483557463
-13.297393798828125 -17.52826690673828 0.002039947547018528
-13.564023971557617 -17.530899047851562 0.0020319747272878885
-13.824861526489258 -17.533475875854492 0.00202770228497684
-14.080693244934082 -17.53600311279297 0.0020193862728774548
-14.331972122192383 -17.53848648071289 0.0019570158328861
-14.582813262939453 -17.54096794128418 0.0019201277755200863
-14.83263111114502 -17.543439865112305 0.0018492889357730746
-15.081196784973145 -17.5458984375 0.001680564833804965
-15.328500747680664 -17.548336029052734 0.0016196059295907617
-15.574277877807617 -17.550756454467773 0.001610717736184597
-15.818495750427246 -17.553159713745117 0.001623191754333675
-16.061233520507812 -17.55554962158203 0.0016418838640674949
-16.302640914916992 -17.557926177978516 0.0016595458146184683
-16.542905807495117 -17.560293197631836 0.0016736984252929688
-16.782224655151367 -17.562650680541992 0.0016833876725286245
-17.02080535888672 -17.564998626708984 0.0016895293956622481
-17.25886344909668 -17.56734275817871 0.0016923141665756702
-17.496612548828125 -17.569683074951172 0.0016924286028370261
-17.73426055908203 -17.572019577026367 0.0016907881945371628
-17.97201919555664 -17.57436180114746 0.0016877364832907915
-18.210094451904297 -17.576704025268555 0.0016836547292768955
-18.448686599731445 -17.57905387878418 0.0016790007939562201
-18.68800163269043 -17.581411361694336 0.001673850929364562
-18.92823600769043 -17.583778381347656 0.0016683577559888363
-19.169586181640625 -17.58615493774414 0.001662673894315958
-19.41224479675293 -17.588542938232422 0.0016571807209402323
-19.65640640258789 -17.590946197509766 0.0016516875475645065
-19.902257919311523 -17.593366622924805 0.0016460036858916283
-20.149988174438477 -17.595806121826172 0.0016404342604801059
-20.399782180786133 -17.5982666015625 0.0017052077455446124
-20.651830673217773 -17.60074806213379 0.0018976974533870816
-20.90457534790039 -17.603246688842773 0.001959571847692132
-21.156095504760742 -17.60572052001953 0.0019224548013880849
-21.40732192993164 -17.608190536499023 0.0019424057099968195
-21.66127586364746 -17.61069107055664 0.001887092599645257
-21.913265228271484 -17.613170623779297 0.00190391531214118
-22.16425323486328 -17.615638732910156 0.0018394088838249445
-22.42165184020996 -17.6181697845459 0.0018351363250985742
-22.678485870361328 -17.620695114135742 0.0018452834337949753
-22.934492111206055 -17.623214721679688 0.0018529891967773438
-23.19105339050293 -17.62574005126953 0.0018494796240702271
-23.44849395751953 -17.62826919555664 0.0018426894675940275
-23.707965850830078 -17.630823135375977 0.0018297195201739669
-23.9696044921875 -17.63339614868164 0.0018171691335737705
-24.234384536743164 -17.63599967956543 0.0018016052199527621
-24.502304077148438 -17.638635635375977 0.0017885970883071423
-24.77421760559082 -17.64130973815918 0.0017737578600645065
-25.050048828125 -17.644023895263672 0.0017618942074477673
-25.33057403564453 -17.64678382873535 0.0017486190190538764
-25.615665435791016 -17.649587631225586 0.0017380141653120518
-25.906057357788086 -17.65244483947754 0.0017257308354601264
-26.20159912109375 -17.655349731445312 0.0017167282057926059
-26.502992630004883 -17.658313751220703 0.001706085167825222
-26.810077667236328 -17.661333084106445 0.0016977309715002775
-27.123538970947266 -17.664419174194336 0.0016876220470294356
-27.443214416503906 -17.66756248474121 0.001679916400462389
-27.7697696685791 -17.670772552490234 0.001670570345595479
-28.10305404663086 -17.674049377441406 0.0016633605118840933
-28.443721771240234 -17.677398681640625 0.001654396066442132
-28.791616439819336 -17.68082046508789 0.001647415105253458
-29.147396087646484 -17.6843204498291 0.0016387557843700051
-29.510915756225586 -17.687894821166992 0.0016319656278938055
-29.882814407348633 -17.691551208496094 0.0016232299385592341
-30.262958526611328 -17.695287704467773 0.0016165160341188312
-30.6519832611084 -17.699113845825195 0.0016077040927484632
-31.04977035522461 -17.70302391052246 0.0016009521204978228
-31.456945419311523 -17.7070255279541 0.0015925979241728783
-31.873397827148438 -17.711118698120117 0.0015854262746870518
-32.29975128173828 -17.71531105041504 0.0015770340105518699
-32.735923767089844 -17.71959686279297 0.0015697097405791283
-33.182525634765625 -17.72398567199707 0.001561241107992828
-33.639495849609375 -17.728477478027344 0.0015539932064712048
-34.10744857788086 -17.733076095581055 0.0015451812651008368
-34.586360931396484 -17.737781524658203 0.0015374374343082309
-35.07685089111328 -17.74260139465332 0.001528243999928236
-35.5789680480957 -17.74753761291504 0.0015196609310805798
-36.093406677246094 -17.752592086791992 0.0015093612018972635
-36.6204719543457 -17.757780075073242 0.0014841841766610742
-37.160888671875 -17.763078689575195 0.001483650179579854
-37.71446990966797 -17.768516540527344 0.0014776992611587048
-38.28120040893555 -17.774078369140625 0.0014717101585119963
-38.86088943481445 -17.779766082763672 0.0014672850957140326
-39.45353317260742 -17.78557777404785 0.0014641189482063055
-40.059146881103516 -17.79151725769043 0.0014612959930673242
-40.67784118652344 -17.797584533691406 0.0014587402110919356
-41.30976104736328 -17.803783416748047 0.0014560698764398694
-41.95510482788086 -17.810108184814453 0.0014519118703901768
-42.61408233642578 -17.816570281982422 0.0014473343035206199
-43.28691864013672 -17.823165893554688 0.0014422225067391992
-43.9738655090332 -17.829898834228516 0.0014366150135174394
-44.67518615722656 -17.836772918701172 0.0014304732903838158
-45.39114761352539 -17.843791961669922 0.001423912006430328
-46.12201690673828 -17.8509521484375 0.0014170074136927724
-46.86807632446289 -17.858264923095703 0.0014098739484325051
-47.62950134277344 -17.865724563598633 0.0014029311714693904
-48.40642547607422 -17.873334884643555 0.0013962554512545466
-49.19892120361328 -17.881099700927734 0.0013908767141401768
-50.00670623779297 -17.889013290405273 0.0013888931134715676
-50.82646942138672 -17.897043228149414 0.0014093398349359632
-51.65086364746094 -17.905115127563477 0.0014723205240443349
-52.47273254394531 -17.913164138793945 0.001570472726598382
-53.28745651245117 -17.921140670776367 0.0016812133835628629
-54.09211730957031 -17.929019927978516 0.0017895125783979893
-54.884891510009766 -17.936782836914062 0.0018868636107072234
-55.66464614868164 -17.94441795349121 0.0019697952084243298
-56.43071746826172 -17.95191764831543 0.0020376204047352076
-57.18275451660156 -17.95928382873535 0.0020915602799504995
-57.92058563232422 -17.966508865356445 0.0021336365025490522
-58.64420700073242 -17.973594665527344 0.0021657180041074753
-59.35371017456055 -17.980545043945312 0.002189063932746649
-60.04920196533203 -17.987356185913086 0.0022055816370993853
-60.73089599609375 -17.994035720825195 0.00221672048792243
-61.39897918701172 -18.000579833984375 0.0022236250806599855
-62.05366516113281 -18.006996154785156 0.0022270202171057463
-62.69519805908203 -18.013280868530273 0.002227859338745475
-63.32355499267578 -18.01462173461914 0.0022466278169304132
-63.93832778930664 -18.005733489990234 0.0023151396308094263
-64.53990173339844 -17.98743438720703 0.002389450091868639
-65.1291275024414 -17.966289520263672 0.002419547876343131
-65.70650482177734 -17.945642471313477 0.0023839951027184725
-66.27217102050781 -17.924184799194336 0.0023357009049504995
-66.826904296875 -17.901987075805664 0.0022925566881895065
-67.37069702148438 -17.879384994506836 0.0022609711159020662
-67.90394592285156 -17.856658935546875 0.002235145540907979
-68.4264907836914 -17.834020614624023 0.00221672048792243
-68.93877410888672 -17.811603546142578 0.0021994400303810835
-69.44063568115234 -17.789506912231445 0.002186851343140006
-69.93257904052734 -17.76776885986328 0.0021739578805863857
-70.41441345214844 -17.746429443359375 0.0021650695707648993
-70.88665008544922 -17.725492477416992 0.0021548843942582607
-71.3490982055664 -17.704973220825195 0.002148590050637722
-71.80225372314453 -17.68486213684082 0.00214042654260993
-72.24589538574219 -17.6651668548584 0.0021359252277761698
-72.68055725097656 -17.6458683013916 0.002128677209839225
-73.10599517822266 -17.62697982788086 0.0021252823062241077
-73.52275085449219 -17.608474731445312 0.0021187972743064165
-73.93053436279297 -17.590370178222656 0.0021157455630600452
-74.32991790771484 -17.5726375579834 0.002109870780259371
-74.72057342529297 -17.555294036865234 0.002107238629832864
-75.10309600830078 -17.53830909729004 0.0021018218249082565
-75.4771499633789 -17.52170181274414 0.0020996856037527323
-75.84330749511719 -17.50544548034668 0.0020943069830536842
-76.20108032226562 -17.492881774902344 0.002105979947373271
-76.55073547363281 -17.4874210357666 0.0021499632857739925
-76.89225769042969 -17.482641220092773 0.002175903180614114
-77.22637176513672 -17.476043701171875 0.0021500778384506702
-77.55269622802734 -17.469024658203125 0.00211894977837801
-77.87184143066406 -17.46196746826172 0.0020924757700413465
-78.18341827392578 -17.45502281188965 0.002078437712043524
-78.48804473876953 -17.448219299316406 0.0020673370454460382
-78.7853012084961 -17.44158172607422 0.0020637130364775658
-79.0758285522461 -17.43509292602539 0.00205791462212801
-79.35918426513672 -17.42877197265625 0.00205650320276618
-79.63605499267578 -17.422597885131836 0.0020519255194813013
-79.90593719482422 -17.41657829284668 0.0020513152703642845
-80.1695556640625 -17.41069984436035 0.002046203473582864
-80.42639923095703 -17.404972076416016 0.0020450972951948643
-80.67728424072266 -17.39937973022461 0.001977538922801614
-80.92483520507812 -17.39385986328125 0.0017720031319186091
-81.16887664794922 -17.388418197631836 0.0016928863478824496
-81.40873718261719 -17.38306999206543 0.0016781615559011698
-81.64409637451172 -17.377824783325195 0.0016915511805564165
-81.87480926513672 -17.3726806640625 0.0017146682366728783
-82.10086059570312 -17.367639541625977 0.0017378615448251367
-82.32227325439453 -17.362703323364258 0.0017578124534338713
-82.53910827636719 -17.357868194580078 0.0017731856787577271
-82.75149536132812 -17.353132247924805 0.0017841338412836194
-82.95941162109375 -17.348495483398438 0.0017919921083375812
-83.16280364990234 -17.347414016723633 0.0018112182151526213
-83.36146545410156 -17.35172462463379 0.0018518066499382257
-83.55584716796875 -17.358495712280273 0.0018804931314662099
-83.7460708618164 -17.366798400878906 0.0018911742372438312
-83.93234252929688 -17.376367568969727 0.0018887328915297985
-84.11483001708984 -17.38263511657715 0.0018625640077516437
-84.29367065429688 -17.385704040527344 0.0018263243837282062
-84.46880340576172 -17.387990951538086 0.0018156050937250257
-84.64041900634766 -17.390043258666992 0.0018099594162777066
-84.80848693847656 -17.392000198364258 0.0018045806791633368
-84.97312927246094 -17.393903732299805 0.0017987822648137808
-85.13439178466797 -17.395763397216797 0.0017936325166374445
-85.29238891601562 -17.397586822509766 0.0017884826520457864
-85.44709014892578 -17.399370193481445 0.0017847823910415173
-85.59867095947266 -17.401119232177734 0.001781043945811689
-85.7470703125 -17.402830123901367 0.0017782592913135886
-85.89180755615234 -17.404499053955078 0.0017789839766919613
-86.03282928466797 -17.4061279296875 0.0017803191440179944
-86.17063903808594 -17.407716751098633 0.0017791747814044356
-86.30538177490234 -17.409271240234375 0.001776847755536437
-86.43740844726562 -17.410795211791992 0.0017727279337123036
-86.56687927246094 -17.412288665771484 0.0017682646866887808
-86.69413757324219 -17.41375732421875 0.0017626952612772584
-86.81927490234375 -17.41520118713379 0.0017575073288753629
-86.94263458251953 -17.416624069213867 0.0017513656057417393
-87.06432342529297 -17.41802978515625 0.001745529123581946
-87.18463897705078 -17.41942024230957 0.0017391586443409324
-87.30369567871094 -17.420795440673828 0.0017334365984424949
-87.42182159423828 -17.42215919494629 0.0017270660027861595
-87.53910064697266 -17.423513412475586 0.0017214965773746371
-87.65583801269531 -17.42486000061035 0.0017152023501694202
-87.7721176147461 -17.42620277404785 0.0017095947405323386
-87.8882827758789 -17.427541732788086 0.0017033385811373591
-88.0043716430664 -17.428882598876953 0.0016977309715002775
-88.12074279785156 -17.430225372314453 0.0016914749285206199
-88.2374267578125 -17.43157196044922 0.0016859053866937757
-88.35478210449219 -17.432926177978516 0.0016795729752629995
-88.47286987304688 -17.434289932250977 0.0016740798018872738
-88.59197235107422 -17.4356632232666 0.001668052631430328
-88.71218872070312 -17.437049865722656 0.0016625594580546021
-88.83380889892578 -17.438451766967773 0.0016563034150749445
-88.9569320678711 -17.43987274169922 0.0016508864937350154
-89.08182525634766 -17.441314697265625 0.0016448593232780695
-89.20860290527344 -17.442777633666992 0.0016392517136409879
-89.3375244140625 -17.444265365600586 0.0016336821718141437
-89.46866607666016 -17.44577980041504 0.0016286468598991632
-89.60234832763672 -17.44732093811035 0.0016228103777393699
-89.73860931396484 -17.448894500732422 0.0016175841446965933
-89.87775421142578 -17.45050048828125 0.0016117858467623591
-90.01984405517578 -17.452138900756836 0.001606635982170701
-90.1651611328125 -17.45381736755371 0.001600990304723382
-90.31379699707031 -17.45553207397461 0.0015959166921675205
-90.46598052978516 -17.45728874206543 0.001590194646269083
-90.62184143066406 -17.459087371826172 0.0015851592179387808
-90.78160095214844 -17.460927963256836 0.0015794371720403433
-90.94535064697266 -17.46281623840332 0.0015747451689094305
-91.11333465576172 -17.46475601196289 0.0015692138113081455
-91.28565216064453 -17.466745376586914 0.0015643310034647584
-91.46255493164062 -17.468788146972656 0.0015591430710628629
-91.64412689208984 -17.470884323120117 0.0015542220789939165
-91.83060455322266 -17.47303581237793 0.0015490722144022584
-92.02210998535156 -17.47524642944336 0.0015441131545230746
-92.2188491821289 -17.477516174316406 0.0015391159104183316
-92.4208755493164 -17.479848861694336 0.001534538227133453
-92.62840270996094 -17.482242584228516 0.0015299987280741334
-92.84149169921875 -17.48470115661621 0.0015255355974659324
-93.060302734375 -17.487226486206055 0.0015211486024782062
-93.28461456298828 -17.48599624633789 0.0015304184053093195
-93.51457977294922 -17.4838924407959 0.0015477370470762253
-93.75057220458984 -17.484203338623047 0.0015360640827566385
-93.9927749633789 -17.48512077331543 0.001519165001809597
-94.24126434326172 -17.486230850219727 0.0015097426949068904
-94.4962158203125 -17.487424850463867 0.0017485427670180798
-94.75481414794922 -17.488649368286133 0.0018389129545539618
-95.01127624511719 -17.489870071411133 0.0018841552082449198
-95.26783752441406 -17.491092681884766 0.0018889999482780695
-95.52567291259766 -17.49232292175293 0.0018748092697933316
-95.78669738769531 -17.493568420410156 0.0018470382783561945
-96.0516357421875 -17.494829177856445 0.0018174743745476007
-96.32193756103516 -17.49612045288086 0.0017849350115284324
-96.59794616699219 -17.497434616088867 0.0017564772861078382
-96.88077545166016 -17.498783111572266 0.0017282867338508368
-97.1705093383789 -17.500165939331055 0.0017049408052116632
-97.46806335449219 -17.501585006713867 0.001682014437392354
-97.7734146118164 -17.503040313720703 0.001663970877416432
-98.08731842041016 -17.50453758239746 0.0016458129975944757
-98.40969848632812 -17.506072998046875 0.0016314315143972635
-98.74126434326172 -17.50765609741211 0.001617011963389814
-99.08189392089844 -17.509281158447266 0.0016056442400440574
-99.43226623535156 -17.510953903198242 0.0015932082897052169
-99.79224395751953 -17.512666702270508 0.00158348074182868
-100.1624755859375 -17.514432907104492 0.0015726089477539062
-100.5428695678711 -17.51624870300293 0.0015642928192391992
-100.9340591430664 -17.518110275268555 0.0015543365152552724
-101.3359146118164 -17.52002716064453 0.0015465164324268699
-101.74909973144531 -17.52199363708496 0.0015370177570730448
-102.17350006103516 -17.524017333984375 0.0015295409830287099
-102.60977172851562 -17.526094436645508 0.0015204238006845117
-103.0578384399414 -17.528228759765625 0.0015128707746043801
-103.51832580566406 -17.53042221069336 0.0015032195951789618
-103.99124145507812 -17.53267478942871 0.0014951324556022882
-104.47726440429688 -17.534988403320312 0.0014852524036541581
-104.97649383544922 -17.53736686706543 0.0014759826008230448
-105.48983764648438 -17.539810180664062 0.0014634323306381702
-106.0177001953125 -17.54232406616211 0.001450500451028347
-106.56017303466797 -17.544906616210938 0.0014394760364666581
-107.11687469482422 -17.547557830810547 0.0014330672565847635
-107.6876449584961 -17.550273895263672 0.0014292907435446978
-108.27239990234375 -17.553054809570312 0.0014275360153988004
-108.87112426757812 -17.5559024810791 0.0014262008480727673
-109.48392486572266 -17.558818817138672 0.001424827496521175
-110.11095428466797 -17.56180191040039 0.0014225005870684981
-110.75241088867188 -17.564849853515625 0.0014196013798937201
-111.40847778320312 -17.567970275878906 0.0014159393031150103
-112.07939910888672 -17.571157455444336 0.00141143798828125
-112.76542663574219 -17.574419021606445 0.0014060974353924394
-113.46681213378906 -17.5777530670166 0.0014002990210428834
-114.18373107910156 -17.581157684326172 0.001394309918396175
-114.91626739501953 -17.584638595581055 0.0013889693655073643
-115.6645278930664 -17.588193893432617 0.0013842773623764515
-116.42854309082031 -17.591819763183594 0.0013800048036500812
-117.20830535888672 -17.59552001953125 0.001377105712890625
-118.00384521484375 -17.59931182861328 0.001378021202981472
-118.8151626586914 -17.60317611694336 0.0013717269757762551
-119.6422348022461 -17.607120513916016 0.0013690185733139515
-120.48507690429688 -17.611234664916992 0.0013831710675731301
-121.3436279296875 -17.615482330322266 0.0013562011299654841
-122.21788024902344 -17.61980628967285 0.0013492965372279286
-123.10777282714844 -17.624238967895508 0.0013497924664989114
-124.01329040527344 -17.628786087036133 0.0013533782912418246
-124.93441772460938 -17.63344383239746 0.0013574600452557206
-125.8711166381836 -17.638202667236328 0.0013609695015475154
-126.82335662841797 -17.64305877685547 0.0013644408900290728
-127.79077911376953 -17.64801025390625 0.0013696288224309683
-128.77001953125 -17.65302848815918 0.001395645085722208
-129.7535858154297 -17.6580810546875 0.0014643860049545765
-130.73388671875 -17.66312026977539 0.0015690993750467896
-131.7059326171875 -17.668121337890625 0.0016880416078493
-132.66644287109375 -17.673063278198242 0.001804847619496286
-133.61334228515625 -17.67793846130371 0.0019101714715361595
-134.54527282714844 -17.682737350463867 0.0020011139567941427
-135.46141052246094 -17.687458038330078 0.0020760726183652878
-136.3612518310547 -17.692094802856445 0.0021363829728215933
-137.24453735351562 -17.696645736694336 0.0021842955611646175
-138.11123657226562 -17.701114654541016 0.0022209167946130037
-138.96136474609375 -17.70549964904785 0.002247886499390006
-139.79502868652344 -17.70979881286621 0.002267494099214673
-140.61241149902344 -17.71401596069336 0.0022808837238699198
-141.4137420654297 -17.718151092529297 0.0022892379201948643
-142.198974609375 -17.717344284057617 0.0023139952681958675
-142.96774291992188 -17.70598602294922 0.0023892212193459272
-143.7208709716797 -17.690656661987305 0.0024445343296974897
-144.458984375 -17.674699783325195 0.0024383545387536287
-145.1822967529297 -17.656816482543945 0.0024130248930305243
-145.89102172851562 -17.637039184570312 0.0023893737234175205
-146.58544921875 -17.61579704284668 0.0023693465627729893
-147.265869140625 -17.593582153320312 0.0023517608642578125
-147.9325714111328 -17.570812225341797 0.0023247527424246073
-148.58578491210938 -17.54783058166504 0.0023083495907485485
-149.22581481933594 -17.524869918823242 0.0022926712408661842
-149.85292053222656 -17.502084732055664 0.0022776031401008368
-150.46731567382812 -17.479581832885742 0.002263412345200777
-151.06930541992188 -17.457426071166992 0.002250137273222208
-151.65907287597656 -17.43565559387207 0.0022378540597856045
-152.23690795898438 -17.414287567138672 0.0022267531603574753
-152.802978515625 -17.393339157104492 0.0022170257288962603
-153.35769653320312 -17.37276268005371 0.002207260113209486
-153.90138244628906 -17.352712631225586 0.0021971510723233223
-154.43441772460938 -17.332874298095703 0.0021870422642678022
-154.95709228515625 -17.3135929107666 0.0021774673368781805
-155.46951293945312 -17.294471740722656 0.0021693038288503885
-155.97174072265625 -17.27596092224121 0.0021627044770866632
-156.46392822265625 -17.25758934020996 0.002156486501917243
-156.94622802734375 -17.239835739135742 0.0021512603852897882
-157.41876220703125 -17.222187042236328 0.0021458815317600965
-157.8816680908203 -17.205163955688477 0.0021411513444036245
-158.3351287841797 -17.188215255737305 0.0021363829728215933
-158.77926635742188 -17.171899795532227 0.0021318052895367146
-159.21424865722656 -17.15562629699707 0.0021270751021802425
-159.64019775390625 -17.13999366760254 0.002122764475643635
-160.0572509765625 -17.124380111694336 0.002118720905855298
-160.46556091308594 -17.10940933227539 0.0021144102793186903
-160.865234375 -17.09442901611328 0.0021102523896843195
-161.25645446777344 -17.08009910583496 0.002106094267219305
-161.63929748535156 -17.06573486328125 0.0021021270658820868
-162.01390075683594 -17.052026748657227 0.002098159631714225
-162.38035583496094 -17.03845977783203 0.0018793105846270919
-162.73851013183594 -17.02495765686035 0.001962051261216402
-163.08889770507812 -17.011686325073242 0.0020103836432099342
-163.43161010742188 -16.999197006225586 0.0020302580669522285
-163.76654052734375 -16.98990821838379 0.002057151636108756
-164.09353637695312 -16.98756980895996 0.0021114349365234375
-164.412841796875 -16.98957061767578 0.0021591568365693092
-164.7247772216797 -16.995878219604492 0.002186469966545701
-165.02951049804688 -17.001171112060547 0.0021800613030791283
-165.32728576660156 -17.004575729370117 0.002150688087567687
-165.61795043945312 -17.00676918029785 0.0021075820550322533
-165.9017333984375 -17.009075164794922 0.002092513954266906
-166.17886352539062 -17.010854721069336 0.0020789336413145065
-166.4494171142578 -17.01299476623535 0.0020682907197624445
-166.7135772705078 -17.01466941833496 0.0020592499058693647
-166.9713897705078 -17.01673126220703 0.0020514295902103186
-167.22299194335938 -17.01832389831543 0.002044677734375
-167.4708709716797 -17.020137786865234 0.001801032922230661
-167.71522521972656 -17.021970748901367 0.0017026519635692239
-167.95538330078125 -17.023784637451172 0.0016790007939562201
-168.19100952148438 -17.02556800842285 0.0016889952821657062
-168.42198181152344 -17.02736473083496 0.0016938018379732966
-168.64833068847656 -17.02913475036621 0.0017202758463099599
-168.8700408935547 -17.030826568603516 0.0017433929024264216
-169.087158203125 -17.032445907592773 0.0017618178389966488
-169.2998046875 -17.0340633392334 0.0017755507724359632
-169.50802612304688 -17.035602569580078 0.0017855071928352118
-169.71192932128906 -17.037155151367188 0.0017919158563017845
-169.91168212890625 -17.03862953186035 0.0017957687377929688
-170.10748291015625 -17.040124893188477 0.0017966460436582565
-170.2995147705078 -17.04153823852539 0.0017956543015316129
-170.48800659179688 -17.042980194091797 0.001793289091438055
-170.6732635498047 -17.044336318969727 0.0017896270146593451
-170.85546875 -17.045734405517578 0.0017848968273028731
-171.0348663330078 -17.047046661376953 0.0017796707106754184
-171.21163940429688 -17.04840850830078 0.0017739104805514216
-171.38609313964844 -17.049732208251953 0.0017639159923419356
-171.55844116210938 -17.05108070373535 0.0017564772861078382
-171.72886657714844 -17.052322387695312 0.0017501830589026213
-171.8976287841797 -17.053617477416992 0.001744499197229743
-172.06491088867188 -17.054826736450195 0.0017384338425472379
-172.23095703125 -17.056102752685547 0.0017330169212073088
-172.3959503173828 -17.057292938232422 0.0017271041870117188
-172.56011962890625 -17.058555603027344 0.0017213821411132812
-172.7237091064453 -17.059736251831055 0.0017155074747279286
-172.88682556152344 -17.060989379882812 0.0017099761171266437
-173.0497589111328 -17.062166213989258 0.0017038345104083419
-173.2126922607422 -17.063419342041016 0.0016979980282485485
-173.37582397460938 -17.06459617614746 0.0016917038010433316
-173.53929138183594 -17.065853118896484 0.0016857528826221824
-173.7034149169922 -17.06703758239746 0.0016797637799754739
-173.86830139160156 -17.06830406188965 0.001673965365625918
-174.03419494628906 -17.069459915161133 0.0016376113053411245
-174.20123291015625 -17.07062339782715 0.0016003417549654841
-174.3695831298828 -17.07182502746582 0.0015933227259665728
-174.53952026367188 -17.073137283325195 0.0015963363694027066
-174.71124267578125 -17.07442283630371 0.0015993498964235187
-174.88487243652344 -17.075775146484375 0.00160411826800555
-175.0606231689453 -17.077077865600586 0.0016070937272161245
-175.2386474609375 -17.078460693359375 0.0016084288945421576
-175.41917419433594 -17.079797744750977 0.0016082382062450051
-175.60235595703125 -17.08121681213379 0.0016065979143604636
-175.78839111328125 -17.082599639892578 0.0016038893954828382
-175.9774627685547 -17.084060668945312 0.0016006088117137551
-176.16970825195312 -17.085493087768555 0.001596908550709486
-176.36532592773438 -17.086999893188477 0.0015923690516501665
-176.56454467773438 -17.088491439819336 0.0015874099917709827
-176.76744079589844 -17.090045928955078 0.0015830229967832565
-176.9741973876953 -17.09160041809082 0.0015779876848682761
-177.18499755859375 -17.093212127685547 0.0015734481858089566
-177.3999786376953 -17.094831466674805 0.0015686798142269254
-177.6193084716797 -17.09650421142578 0.001563758822157979
-177.8431396484375 -17.098196029663086 0.0015593337593600154
-178.0716094970703 -17.099931716918945 0.001554794260300696
-178.30482482910156 -17.10169792175293 0.0015504455659538507
-178.54290771484375 -17.103485107421875 0.0015453338855877519
-178.78607177734375 -17.10531997680664 0.001540603581815958
-179.0343780517578 -17.107196807861328 0.0015362167032435536
-179.28797912597656 -17.109113693237305 0.0017773056169971824
-179.54464721679688 -17.111053466796875 0.0018656158354133368
-179.7987060546875 -17.112974166870117 0.0019087600521743298
-180.05197143554688 -17.114887237548828 0.0019138717325404286
-180.305419921875 -17.116802215576172 0.0019012832781299949
-180.5608367919922 -17.11873435974121 0.0018758010119199753
-180.81884765625 -17.120683670043945 0.0018487548222765326
-181.0808563232422 -17.122665405273438 0.0018186187371611595
-181.34716796875 -17.124677658081055 0.0017922591650858521
-181.6188507080078 -17.126731872558594 0.0017653274117037654
-181.89602661132812 -17.128828048706055 0.0017433547182008624
-182.17962646484375 -17.13097381591797 0.0017213821411132812
-182.4695587158203 -17.13316535949707 0.0017038726946339011
-182.76669311523438 -17.13541030883789 0.0016865157522261143
-183.0708770751953 -17.137678146362305 0.00166149134747684
-183.3828125 -17.140018463134766 0.0016495132585987449
-183.702392578125 -17.142425537109375 0.0016399765154346824
-184.03036499023438 -17.14488983154297 0.001629638602025807
-184.3665313720703 -17.147403717041016 0.00162162771448493
-184.71156311035156 -17.14999771118164 0.0016118240309879184
-185.06532287597656 -17.152664184570312 0.001604003831744194
-185.42845153808594 -17.15538787841797 0.0015950012020766735
-185.80084228515625 -17.158180236816406 0.0015879821730777621
-186.18307495117188 -17.161054611206055 0.0015791702317073941
-186.5750732421875 -17.16404914855957 0.0015786743024364114
-186.97750854492188 -17.167070388793945 0.001557044917717576
-187.39019775390625 -17.17026138305664 0.0015591811388731003
-187.81382751464844 -17.173564910888672 0.0015438079135492444
-188.24827575683594 -17.17689323425293 0.0015350341564044356
-188.6941680908203 -17.18027687072754 0.0015266799600794911
-189.15145874023438 -17.183727264404297 0.0015201186761260033
-189.62081909179688 -17.187259674072266 0.0015118789160624146
-190.10218811035156 -17.190860748291016 0.0014984130393713713
-190.5962677001953 -17.194551467895508 0.0014974975492805243
-191.10317993164062 -17.198347091674805 0.0014907836448401213
-191.62388610839844 -17.20225715637207 0.001478500314988196
-192.1586151123047 -17.206279754638672 0.0014657210558652878
-192.7073974609375 -17.21040916442871 0.0014550399500876665
-193.26991271972656 -17.21464729309082 0.0014484404819086194
-193.8461151123047 -17.21898651123047 0.0014443588443100452
-194.43585205078125 -17.223426818847656 0.0014419936342164874
-195.03919982910156 -17.22797203063965 0.0014396667247638106
-195.65626525878906 -17.23261833190918 0.0014376831240952015
-196.28721618652344 -17.23737335205078 0.0014351272257044911
-196.93223571777344 -17.242229461669922 0.0014316558372229338
-197.5915069580078 -17.2471923828125 0.0014274215791374445
-198.26528930664062 -17.25226593017578 0.0014225005870684981
-198.953857421875 -17.2574520111084 0.001417083665728569
-199.65744018554688 -17.262746810913086 0.001410903874784708
-200.37632751464844 -17.268157958984375 0.001404457027092576
-201.1106414794922 -17.273683547973633 0.0013978957431390882
-201.8605499267578 -17.279327392578125 0.0013920592609792948
-202.62611389160156 -17.28508949279785 0.0013872146373614669
-203.40736389160156 -17.290966033935547 0.0013829040108248591
-204.204345703125 -17.29696273803711 0.001379470806568861
-205.01705932617188 -17.30307388305664 0.0013767242198809981
-205.8455047607422 -17.30930519104004 0.0013747786870226264
-206.68966674804688 -17.315654754638672 0.0013731383951380849
-207.54953002929688 -17.32211685180664 0.0013721465365961194
-208.42469787597656 -17.328697204589844 0.001373939448967576
-209.3118896484375 -17.335365295410156 0.0013977813068777323
-210.20361328125 -17.34206771850586 0.0014643478207290173
-211.09251403808594 -17.348745346069336 0.0015660857316106558
-211.9738006591797 -17.35536766052246 0.0016810607630759478
-212.8444061279297 -17.361907958984375 0.0017933654598891735
-213.70242309570312 -17.368356704711914 0.0018948364304378629
-214.54652404785156 -17.374698638916016 0.0019817734137177467
-215.3760528564453 -17.380929946899414 0.0020532989874482155
-216.19052124023438 -17.387048721313477 0.002110710134729743
-216.98983764648438 -17.393054962158203 0.0021549987141042948
-217.77392578125 -17.39894676208496 0.002188720740377903
-218.5428466796875 -17.40472412109375 0.00221424107439816
-219.29669189453125 -17.410390853881836 0.002232246333733201
-220.03567504882812 -17.415945053100586 0.0022441481705754995
-220.75999450683594 -17.421390533447266 0.0022514723241329193
-221.4698944091797 -17.426729202270508 0.0022557449992746115
-222.16561889648438 -17.431961059570312 0.002257194370031357
-222.84739685058594 -17.437089920043945 0.0022558593191206455
-223.51548767089844 -17.442115783691406 0.0022534560412168503
-224.17013549804688 -17.447038650512695 0.0022497938480228186
-224.81155395507812 -17.45186424255371 0.002245407085865736
-225.44003295898438 -17.456594467163086 0.0022399520967155695
-226.05581665039062 -17.46122932434082 0.0022344589233398438
-226.6591796875 -17.465770721435547 0.0022285461891442537
-227.2502899169922 -17.470218658447266 0.0022221754770725965
-227.82945251464844 -17.474576950073242 0.0022159956861287355
-228.39683532714844 -17.478851318359375 0.0022096633911132812
-228.95266723632812 -17.4830322265625 0.0022028349339962006
-229.4972381591797 -17.487152099609375 0.0021959685254842043
-230.03091430664062 -17.491119384765625 0.0021882248111069202
-230.55406188964844 -17.495147705078125 0.002179756062105298
-231.06704711914062 -17.498899459838867 0.0021707916166633368
-231.56997680664062 -17.5028018951416 0.002163543598726392
-232.0629119873047 -17.506389617919922 0.0021570585668087006
-232.54603576660156 -17.510149002075195 0.002150688087567687
-233.0193634033203 -17.513580322265625 0.0021459960844367743
-233.48312377929688 -17.5172061920166 0.0021408461034297943
-233.9374237060547 -17.520484924316406 0.0021364211570471525
-234.38235473632812 -17.523977279663086 0.0021321105305105448
-234.81814575195312 -17.52710723876953 0.0021274567116051912
-235.244873046875 -17.530473709106445 0.0021232222206890583
-235.6627655029297 -17.53346061706543 0.0021187972743064165
-236.0718536376953 -17.53670310974121 0.002114906208589673
-236.47232055664062 -17.53955078125 0.0021105955820530653
-236.86427307128906 -17.54267120361328 0.002106361323967576
-237.2478790283203 -17.545385360717773 0.0021022034343332052
-237.6232147216797 -17.54838752746582 0.0020982741843909025
-237.99041748046875 -17.55097198486328 0.00209465017542243
-238.34963989257812 -17.553861618041992 0.0020909500308334827
-238.70103454589844 -17.556318283081055 0.0020873642060905695
-239.0446014404297 -17.559085845947266 0.0020903777331113815
-239.38107299804688 -17.56141471862793 0.001932601910084486
-239.7103729248047 -17.56364631652832 0.0019620133098214865
-240.03057861328125 -17.565820693969727 0.001997451763600111
-240.34405517578125 -17.568315505981445 0.0020151138305664062
-240.6487579345703 -17.570781707763672 0.002038841135799885
-240.94674682617188 -17.570383071899414 0.0020471953321248293
-241.23550415039062 -17.564294815063477 0.002098731929436326
-241.5176544189453 -17.55463218688965 0.0021341703832149506
-241.79132080078125 -17.54612922668457 0.0021480941213667393
-242.05909729003906 -17.54062843322754 0.0021069336216896772
-242.31858825683594 -17.536075592041016 0.002082290593534708
-242.57179260253906 -17.5322265625 0.0020078658126294613
-242.8206024169922 -17.52890968322754 0.001913795480504632
-243.06692504882812 -17.52602195739746 0.0017510985489934683
-243.30992126464844 -17.52332305908203 0.001692924415692687
-243.54876708984375 -17.520706176757812 0.0016864395001903176
-243.783203125 -17.518152236938477 0.0017024230910465121
-244.01300048828125 -17.51564598083496 0.0017245482886210084
-244.23817443847656 -17.513200759887695 0.0017460632370784879
-244.458740234375 -17.510786056518555 0.0017637251876294613
-244.6748046875 -17.508451461791992 0.0017770766280591488
-244.88638305664062 -17.506128311157227 0.0017867278074845672
-245.093505859375 -17.503896713256836 0.0017934798961505294
-245.2963409423828 -17.50166130065918 0.0017980193952098489
-245.494873046875 -17.49952507019043 0.0018003082368522882
-245.68927001953125 -17.49738121032715 0.0018012237269431353
-245.879638671875 -17.495336532592773 0.0018009948544204235
-246.06607055664062 -17.49327850341797 0.0017997741233557463
-246.24862670898438 -17.49131965637207 0.0017981718992814422
-246.42742919921875 -17.489343643188477 0.0017962645506486297
-246.60256958007812 -17.487468719482422 0.001793823204934597
-246.77413940429688 -17.485567092895508 0.001791458111256361
-246.9422149658203 -17.483768463134766 0.0017891692696139216
-247.10687255859375 -17.481945037841797 0.0017869567964226007
-247.2681121826172 -17.480222702026367 0.001784858643077314
-247.4260711669922 -17.47846794128418 0.0017826842376962304
-247.5805206298828 -17.473894119262695 0.0017916107317432761
-247.7312774658203 -17.465166091918945 0.0018155670259147882
-247.87904357910156 -17.458955764770508 0.001816291711293161
-248.02378845214844 -17.455238342285156 0.0017966079758480191
-248.1655731201172 -17.45213508605957 0.0017866515554487705
-248.30450439453125 -17.449132919311523 0.001782112056389451
-248.44056701660156 -17.446285247802734 0.0017781066708266735
-248.5738067626953 -17.44343376159668 0.001774330041371286
-248.70431518554688 -17.440711975097656 0.0017707061488181353
-248.83212280273438 -17.437978744506836 0.0017670821398496628
-248.956298828125 -17.43540382385254 0.0017697142902761698
-249.07688903808594 -17.432802200317383 0.0017724226927384734
-249.19427490234375 -17.430376052856445 0.0017727279337123036
-249.30880737304688 -17.427900314331055 0.0017707443330436945
-249.4208221435547 -17.425586700439453 0.001767120324075222
-249.530517578125 -17.4232120513916 0.0017625426407903433
-249.6381378173828 -17.420991897583008 0.0017568205948919058
-249.7439727783203 -17.418697357177734 0.0017514800420030951
-249.84817504882812 -17.41655158996582 0.00174541468732059
-249.9510040283203 -17.41431999206543 0.0017393875168636441
-250.0526123046875 -17.412229537963867 0.0017332839779555798
-250.1532440185547 -17.41004180908203 0.001727256691083312
-250.2530975341797 -17.407987594604492 0.0017211532685905695
-250.35235595703125 -17.40583038330078 0.0017152404179796576
-250.4512481689453 -17.40379524230957 0.001708984375
-250.54994201660156 -17.401653289794922 0.001703185960650444
-250.64862060546875 -17.399621963500977 0.0016970443539321423
-250.74755859375 -17.39747428894043 0.0016914367442950606
-250.84686279296875 -17.395431518554688 0.0016854476416483521
-250.94674682617188 -17.39326286315918 0.0016797637799754739
-251.0474090576172 -17.391191482543945 0.0016735076205804944
-251.14903259277344 -17.388988494873047 0.0016679000109434128
-251.25181579589844 -17.386871337890625 0.0016622161492705345
-251.35592651367188 -17.384614944458008 0.0016565703554078937
-251.4615936279297 -17.382434844970703 0.0016511535504832864
-251.56895446777344 -17.380109786987305 0.0016455459408462048
-251.67825317382812 -17.377851486206055 0.0016397094586864114
-251.7896270751953 -17.375444412231445 0.0016341018490493298
-251.9033203125 -17.37309455871582 0.001628608675673604
-252.01942443847656 -17.370588302612305 0.0016229628818109632
-252.13818359375 -17.368127822875977 0.0016175078926607966
-252.25978088378906 -17.365507125854492 0.0016119384672492743
-252.3843231201172 -17.36292266845703 0.001606635982170701
-252.51210021972656 -17.360206604003906 0.0013349914224818349
-252.64328002929688 -17.357378005981445 0.0013064193772152066
-252.77798461914062 -17.354455947875977 0.0013308716006577015
-252.9163360595703 -17.351564407348633 0.0013729477068409324
-253.0585479736328 -17.348508834838867 0.0014158630510792136
-253.20480346679688 -17.3454532623291 0.0014523696154356003
-253.35525512695312 -17.34222412109375 0.0014805602841079235
-253.5100555419922 -17.33898162841797 0.0015011596260592341
-253.66937255859375 -17.3355655670166 0.0015150069957599044
-253.8334197998047 -17.332122802734375 0.0015234374441206455
-254.00198364257812 -17.325397491455078 0.0015324020059779286
-254.17498779296875 -17.3138370513916 0.001562843332067132
-254.3529815673828 -17.299808502197266 0.0015872191870585084
-254.53651428222656 -17.288530349731445 0.0015818786341696978
-254.7257537841797 -17.280044555664062 0.0015516661806032062
-254.9207000732422 -17.272085189819336 0.001539268414489925
-255.12147521972656 -17.26405143737793 0.001533088623546064
-255.3277130126953 -17.255884170532227 0.001530456473119557
-255.5364227294922 -17.247596740722656 0.001544532715342939
-255.74456787109375 -17.2393798828125 0.0015740966191515326
-255.95046997070312 -17.231204986572266 0.0016107559204101562
-256.1532287597656 -17.22320556640625 0.0016473388532176614
-256.3523864746094 -17.21529769897461 0.0016799544682726264
-256.5477600097656 -17.207590103149414 0.001707115094177425
-256.7392578125 -17.199979782104492 0.0017286682268604636
-256.92694091796875 -17.19257926940918 0.0017447280697524548
-257.1108093261719 -17.185274124145508 0.0017564392182976007
-257.2909240722656 -17.17817497253418 0.0017647934146225452
-257.46734619140625 -17.171159744262695 0.0017704390920698643
-257.64019775390625 -17.164348602294922 0.0017745208460837603
-257.8095397949219 -17.15761375427246 0.0017768096877261996
-257.9754333496094 -17.151081085205078 0.0017778777983039618
-258.1379089355469 -17.144617080688477 0.0017779158661141992
-258.29705810546875 -17.138347625732422 0.0017778396140784025
-258.4529724121094 -17.132143020629883 0.0017770003760233521
-258.6056823730469 -17.12613296508789 0.0017757033929228783
-258.7552490234375 -17.12017822265625 0.0017744064098224044
-258.9017639160156 -17.11441421508789 0.0017731094267219305
-259.0451965332031 -17.108701705932617 0.0017716216389089823
-259.18572998046875 -17.103172302246094 0.0017701339675113559
-259.3233642578125 -17.09769058227539 0.0017684554914012551
-259.45819091796875 -17.092388153076172 0.0017667770152911544
-259.5901794433594 -17.087127685546875 0.0017652892274782062
-259.7194519042969 -17.082046508789062 0.0017637251876294613
-259.8460998535156 -17.07699966430664 0.0017620848957449198
-259.9690856933594 -17.072179794311523 0.0017659759614616632
-260.08843994140625 -17.06739616394043 0.0017700957832857966
-260.20465087890625 -17.062849044799805 0.0017710112733766437
-260.31805419921875 -17.05830192565918 0.0017696380382403731
-260.42889404296875 -17.053970336914062 0.0017664717743173242
-260.5374755859375 -17.04961585998535 0.0017617797711864114
-260.6440124511719 -17.045454025268555 0.0017564392182976007
-260.74871826171875 -17.041250228881836 0.0017507934244349599
-260.85186767578125 -17.03722381591797 0.001744766253978014
-260.9535827636719 -17.03313636779785 0.001738815219141543
-261.05413818359375 -17.029212951660156 0.0017325591761618853
-261.1534423828125 -17.02325439453125 0.0017345809610560536
-261.2515869140625 -17.014781951904297 0.001748046837747097
-261.3490905761719 -17.005353927612305 0.0017546081217005849
-261.4461364746094 -16.99559783935547 0.001751594478264451
-261.54302978515625 -16.985349655151367 0.0017425536643713713
-261.6398620605469 -16.97484588623047 0.0017316436860710382
-261.73638916015625 -16.9620418548584 0.0017291259719058871
-261.8332214355469 -16.95014190673828 0.0017232513055205345
-261.9310607910156 -16.942127227783203 0.0017012786120176315
-262.0297546386719 -16.935062408447266 0.0016967010451480746
-262.12945556640625 -16.92801284790039 0.0016918944893404841
-262.2303161621094 -16.92104148864746 0.0016839599702507257
-262.33258056640625 -16.91387367248535 0.0016742706065997481
-262.4363708496094 -16.906709671020508 0.001664237934164703
-262.5419006347656 -16.899320602416992 0.0016546249389648438
-262.64935302734375 -16.891904830932617 0.0016461181221529841
-262.7589111328125 -16.884233474731445 0.0016382216708734632
-262.8707275390625 -16.876510620117188 0.0016310500213876367
-262.98504638671875 -16.868511199951172 0.0016244124853983521
-263.10198974609375 -16.860427856445312 0.0016178512014448643
-263.2218017578125 -16.852048873901367 0.0016117095947265625
-263.3446044921875 -16.84355926513672 0.0016059493646025658
-263.4705810546875 -16.83475112915039 0.00160045619122684
-263.5998840332031 -16.8258056640625 0.001595191890373826
-263.7327575683594 -16.816518783569336 0.0015897369012236595
-263.86932373046875 -16.807065963745117 0.0015844726003706455
-264.009765625 -16.79725456237793 0.0015795135404914618
-264.1542663574219 -16.787250518798828 0.0015743254916742444
-264.3029479980469 -16.776866912841797 0.0015689086867496371
-264.4560241699219 -16.766263961791992 0.0015636443858966231
-264.6136779785156 -16.75526237487793 0.0015586471417918801
-264.7760009765625 -16.74401092529297 0.001553764333948493
-264.94317626953125 -16.732349395751953 0.0015489195939153433
-265.1154479980469 -16.72040367126465 0.0015438460977748036
-265.2928771972656 -16.70803451538086 0.0015389632899314165
-265.4757080078125 -16.695350646972656 0.0015338134253397584
-265.6635437011719 -16.678836822509766 0.0015405273297801614
-265.8561706542969 -16.656639099121094 0.0015701674856245518
-266.05419921875 -16.63133430480957 0.001593093853443861
-266.25787353515625 -16.60358428955078 0.0016016005538403988
-266.46734619140625 -16.573381423950195 0.0016001128824427724
-266.68267822265625 -16.540666580200195 0.001593856723047793
-266.9027404785156 -16.501873016357422 0.0016017913585528731
-267.1267395019531 -16.454627990722656 0.0016349410871043801
-267.35760498046875 -16.40830421447754 0.001635703956708312
-267.59637451171875 -16.36882209777832 0.0015714644687250257
-267.84234619140625 -16.330860137939453 0.0015994643326848745
-268.09527587890625 -16.29261016845703 0.0017850494477897882
-268.3504333496094 -16.254241943359375 0.001863937359303236
-268.6042785644531 -16.21614646911621 0.0018952559912577271
-268.8583679199219 -16.17803382873535 0.00189628591760993
-269.11492919921875 -16.139572143554688 0.0018733596662059426
-269.3747863769531 -16.100610733032227 0.0018428420880809426
-269.63970947265625 -16.060895919799805 0.0018066405318677425
-269.91009521484375 -16.02035903930664 0.0017736434238031507
-270.1872863769531 -15.978813171386719 0.0017408370040357113
-270.47137451171875 -15.936224937438965 0.0017130660125985742
-270.76336669921875 -15.89245319366455 0.0016866683727130294
-271.0632019042969 -15.847495079040527 0.0016654586652293801
-271.3717956542969 -15.801237106323242 0.0016449355753138661
-271.6887512207031 -15.75372314453125 0.0016308593330904841
-272.0119934082031 -15.705256462097168 0.0016348266508430243
-272.33697509765625 -15.65653133392334 0.0016662597190588713
-272.6613464355469 -15.607902526855469 0.0017098616808652878
-272.98284912109375 -15.559703826904297 0.0017599104903638363
-273.3006591796875 -15.512057304382324 0.0018060683505609632
-273.6134948730469 -15.465158462524414 0.0018503951141610742
-273.9211730957031 -15.419026374816895 0.001886291429400444
-274.22283935546875 -15.373798370361328 0.0019191360333934426
-274.51873779296875 -15.329440116882324 0.0019434356363490224
-274.80810546875 -15.286052703857422 0.0019663237035274506
-275.0914306640625 -15.243572235107422 0.0019812393002212048
-275.3681335449219 -15.20208740234375 0.0019960785284638405
-275.6387634277344 -15.161514282226562 0.0020040511153638363
-275.9028015136719 -15.12193489074707 0.002013053745031357
-276.1607666015625 -15.083256721496582 0.0020161056891083717
-276.4122619628906 -15.045554161071777 0.002021141117438674
-276.6589660644531 -15.00856876373291 0.0018556213472038507
-276.90313720703125 -14.971963882446289 0.0017122267745435238
-277.14404296875 -14.935850143432617 0.0016651153564453125
-277.3812561035156 -14.900285720825195 0.0016648482996970415
-277.6147155761719 -14.86528205871582 0.0016822051256895065
-277.8445739746094 -14.830828666687012 0.0017037582583725452
-278.07086181640625 -14.796900749206543 0.0017232131212949753
-278.29388427734375 -14.763466835021973 0.001737899729050696
-278.5138244628906 -14.730509757995605 0.0017384338425472379
-278.73101806640625 -14.697946548461914 0.0017535018268972635
-278.945556640625 -14.665782928466797 0.001759490929543972
-279.15777587890625 -14.63398265838623 0.00176067347638309
-279.36785888671875 -14.6024751663208 0.0017584610031917691
-279.5760192871094 -14.5712890625 0.0017541121924296021
-279.7825012207031 -14.540316581726074 0.0017488860758021474
-279.98748779296875 -14.509605407714844 0.001742782536894083
-280.1912536621094 -14.47903823852539 0.001736450125463307
-280.3940124511719 -14.4486665725708 0.0017300414619967341
-280.5959167480469 -14.41837215423584 0.0017231750534847379
-280.7973327636719 -14.388211250305176 0.0017167662736028433
-280.9982604980469 -14.35806655883789 0.0017103194259107113
-281.1990661621094 -14.32798957824707 0.0017039489466696978
-281.3998718261719 -14.297865867614746 0.0016975783510133624
-281.60089111328125 -14.267742156982422 0.001703567453660071
-281.8023681640625 -14.237527847290039 0.0016855238936841488
-282.00445556640625 -14.20724868774414 0.0016755294054746628
-282.2073974609375 -14.176810264587402 0.0016685485607013106
-282.4104919433594 -14.142763137817383 0.0016754531534388661
-282.6134338378906 -14.103031158447266 0.0017077254597097635
-282.8171081542969 -14.060446739196777 0.0017316436860710382
-283.02197265625 -14.015650749206543 0.001739501953125
-283.2282409667969 -13.96884822845459 0.0017359923804178834
-283.4360656738281 -13.919952392578125 0.0017267226940020919
-283.6441955566406 -13.865731239318848 0.0017310333205386996
-283.854248046875 -13.810731887817383 0.0017319488106295466
-284.0680236816406 -13.762121200561523 0.0016809845110401511
-284.2821044921875 -13.715519905090332 0.001666335971094668
-284.4942626953125 -13.66991901397705 0.0016820526216179132
-284.7033996582031 -13.625101089477539 0.0017039489466696978
-284.9089050292969 -13.581151008605957 0.001724624540656805
-285.1105041503906 -13.538002967834473 0.0017419052310287952
-285.30810546875 -13.495762825012207 0.0017555999802425504
-285.5016784667969 -13.45433521270752 0.0017662429017946124
-285.6913146972656 -13.413810729980469 0.0017739486647769809
-285.8770446777344 -13.374064445495605 0.0017792510334402323
-286.0589294433594 -13.335189819335938 0.0017829131102189422
-286.2370910644531 -13.297059059143066 0.0017848204588517547
-286.4115905761719 -13.259766578674316 0.001785926753655076
-286.58251953125 -13.22317886352539 0.001785774133168161
-286.7499694824219 -13.187397956848145 0.0017854308243840933
-286.91400146484375 -13.152287483215332 0.0017847060225903988
-287.0746765136719 -13.117956161499023 0.0017832565354183316
-287.23162841796875 -13.084354400634766 0.0017843246459960938
-287.38494873046875 -13.051607131958008 0.0017848968273028731
-287.5348815917969 -13.019497871398926 0.0017839049687609076
-287.6817626953125 -12.988134384155273 0.001781463623046875
-287.82574462890625 -12.957295417785645 0.0017778396140784025
-287.9670715332031 -12.927111625671387 0.0017734909197315574
-288.10601806640625 -12.897350311279297 0.0017684935592114925
-288.2427673339844 -12.868151664733887 0.0017628096975386143
-288.3775329589844 -12.83928108215332 0.0017568969633430243
-288.5105285644531 -12.810884475708008 0.0017509841127321124
-288.6419677734375 -12.782727241516113 0.0017451095627620816
-288.77203369140625 -12.75495719909668 0.0017388915875926614
-288.90093994140625 -12.727337837219238 0.0017329787369817495
-289.0289306640625 -12.700016021728516 0.001726608257740736
-289.1561584472656 -12.672757148742676 0.00172080984339118
-289.2821044921875 -12.643362998962402 0.0017240142915397882
-289.4066162109375 -12.610599517822266 0.0017431640299037099
-289.53057861328125 -12.576704978942871 0.0017541121924296021
-289.6543273925781 -12.541929244995117 0.0017532347701489925
-289.7781677246094 -12.50654411315918 0.0017451858147978783
-289.9022521972656 -12.470319747924805 0.0017334365984424949
-290.0267333984375 -12.4334077835083 0.0017217254498973489
-290.1527404785156 -12.398823738098145 0.0016978454077616334
-290.2803649902344 -12.366397857666016 0.0016852187691256404
-290.40924072265625 -12.33407974243164 0.0016816329443827271
-290.53955078125 -12.301636695861816 0.0016760635189712048
-290.6713562011719 -12.268754959106445 0.0016679000109434128
-290.804931640625 -12.235543251037598 0.001658592140302062
-290.9403991699219 -12.201769828796387 0.0016494368901476264
-291.07794189453125 -12.16756820678711 0.0016404723282903433
-291.21771240234375 -12.132718086242676 0.001632156316190958
-291.3599548339844 -12.097344398498535 0.001624793978407979
-291.5046081542969 -12.06127643585205 0.0016190337482839823
-291.6507263183594 -12.024933815002441 0.0016207885928452015
-291.79638671875 -11.988632202148438 0.0016336821718141437
-291.94049072265625 -11.952789306640625 0.0016527175903320312
-292.0824279785156 -11.917411804199219 0.0016730880597606301
-292.2219543457031 -11.88271713256836 0.0016918944893404841
-292.3587951660156 -11.848608016967773 0.0017080687684938312
-292.4930114746094 -11.815234184265137 0.0017208862118422985
-292.62451171875 -11.78246021270752 0.0017308425158262253
-292.7533264160156 -11.750418663024902 0.0017380905337631702
-292.8795166015625 -11.718964576721191 0.0017433547182008624
-293.0022277832031 -11.688467979431152 0.0017523192800581455
-293.1213684082031 -11.658740997314453 0.0017595671815797687
-293.2367248535156 -11.627741813659668 0.0017726897494867444
-293.34820556640625 -11.594378471374512 0.0017964935395866632
-293.4568786621094 -11.560770988464355 0.0018100738525390625
-293.56317138671875 -11.527117729187012 0.0018104552291333675
-293.6673278808594 -11.493709564208984 0.0018027113983407617
-293.7695617675781 -11.460305213928223 0.0017911528702825308
-293.86920166015625 -11.425357818603516 0.0017883682157844305
-293.9660339355469 -11.387931823730469 0.0017977141542360187
-294.0612487792969 -11.349818229675293 0.0017999267438426614
-294.1551818847656 -11.311098098754883 0.0017931746551766992
-294.24810791015625 -11.272055625915527 0.0017815780593082309
-294.3401794433594 -11.232410430908203 0.0017684935592114925
-294.4316101074219 -11.192347526550293 0.0017553711077198386
-294.5213928222656 -11.150107383728027 0.0017532347701489925
-294.6092834472656 -11.105273246765137 0.001763305626809597
-294.69866943359375 -11.062085151672363 0.0017491149483248591
-294.79248046875 -11.02534008026123 0.0017153167864307761
-294.88836669921875 -10.990194320678711 0.0017177199479192495
-294.984130859375 -10.955527305603027 0.0017242049798369408
-295.0789489746094 -10.921205520629883 0.0017274093115702271
-295.17242431640625 -10.887468338012695 0.0017280959291383624
-295.26422119140625 -10.854249954223633 0.0017279434250667691
-295.3543701171875 -10.821722030639648 0.0017276763683184981
-295.4427185058594 -10.78976058959961 0.0017277145525440574
-295.529296875 -10.758505821228027 0.0017278670566156507
-295.6141357421875 -10.727814674377441 0.0017282485496252775
-295.6972351074219 -10.697816848754883 0.0017285156063735485
-295.7785949707031 -10.66836929321289 0.0017284011701121926
-295.8583679199219 -10.639592170715332 0.0017286682268604636
-295.9364318847656 -10.611340522766113 0.0017285156063735485
-296.0129089355469 -10.58373737335205 0.0017283629858866334
-296.0877990722656 -10.556635856628418 0.0017279814928770065
-296.1611328125 -10.530159950256348 0.0017276001162827015
-296.2330322265625 -10.50416088104248 0.0017269897507503629
-296.3034362792969 -10.478765487670898 0.0017267226940020919
-296.37060546875 -10.454419136047363 0.0017361450009047985
-296.43463134765625 -10.431352615356445 0.0017448043217882514
-296.4960632324219 -10.409088134765625 0.0017491531325504184
-296.555419921875 -10.38770866394043 0.0017488860758021474
-296.6130065917969 -10.366830825805664 0.0017457961803302169
-296.6692199707031 -10.346588134765625 0.001740951556712389
-296.72430419921875 -10.326638221740723 0.0017348098335787654
-296.7784423828125 -10.307134628295898 0.0017280959291383624
-296.8318786621094 -10.287755012512207 0.0017213821411132812
-296.88494873046875 -10.268661499023438 0.0017142867436632514
-296.93768310546875 -10.249543190002441 0.0017076492076739669
-296.9903869628906 -10.230563163757324 0.0017007446149364114
-297.0431823730469 -10.211421012878418 0.0016945266397669911
-297.0963134765625 -10.192278861999512 0.0016881560441106558
-297.1499328613281 -10.1728515625 0.0016817855648696423
-297.2042236328125 -10.153299331665039 0.0016756438417360187
-297.2592468261719 -10.133355140686035 0.0016698837280273438
-297.31524658203125 -10.113175392150879 0.0016645049909129739
-297.3722839355469 -10.092512130737305 0.0016595839988440275
-297.4305114746094 -10.071524620056152 0.0016551971202716231
-297.4900207519531 -10.04997444152832 0.0016506958054378629
-297.5511169433594 -10.02796459197998 0.0016455459408462048
-297.61395263671875 -10.005208015441895 0.001640052767470479
-297.6785583496094 -9.981919288635254 0.0016358565771952271
-297.74481201171875 -9.957915306091309 0.0016327666817232966
-297.8128967285156 -9.93338394165039 0.001630325336009264
-297.8829650878906 -9.908005714416504 0.0016265487065538764
-297.9552917480469 -9.881930351257324 0.0016223144484683871
-298.0299987792969 -9.854884147644043 0.0016176605131477118
-298.1070556640625 -9.827102661132812 0.001614799490198493
-298.1864318847656 -9.798370361328125 0.0016122435918077826
-298.2685241699219 -9.76877498626709 0.00160808558575809
-298.353515625 -9.737995147705078 0.0016025924123823643
-298.4418640136719 -9.706153869628906 0.001596755930222571
-298.5335388183594 -9.672964096069336 0.001590461703017354
-298.6289367675781 -9.638564109802246 0.0015840530395507812
-298.7280578613281 -9.602684020996094 0.001577682443894446
-298.83123779296875 -9.565463066101074 0.0015715026529505849
-298.93853759765625 -9.526644706726074 0.0015653991140425205
-299.0501708984375 -9.486363410949707 0.0015599059406667948
-299.1662292480469 -9.44437313079834 0.0015543365152552724
-299.2869567871094 -9.400800704956055 0.0015489577781409025
-299.4124450683594 -9.355414390563965 0.0015438842820003629
-299.5428771972656 -9.308327674865723 0.0015385436126962304
-299.67840576171875 -9.259322166442871 0.0015335463685914874
-299.8191833496094 -9.208502769470215 0.0015284728724509478
-299.9653015136719 -9.155661582946777 0.0015233611920848489
-300.1169738769531 -9.100893020629883 0.0015185928205028176
-300.27435302734375 -9.044005393981934 0.0015137100126594305
-300.43756103515625 -8.985071182250977 0.001509017893113196
-300.6067199707031 -8.923918724060059 0.001504020649008453
-300.7820739746094 -8.860590934753418 0.0014990615891292691
-300.9637145996094 -8.794952392578125 0.0014942168490961194
-301.1517639160156 -8.727032661437988 0.0014897537184879184
-301.34625244140625 -8.656747817993164 0.0014857101486995816
-301.54730224609375 -8.5841064453125 0.0014818190829828382
-301.7550048828125 -8.509072303771973 0.001478233258239925
-301.9693298339844 -8.431629180908203 0.0014753722352907062
-302.1904296875 -8.351744651794434 0.0014725493965670466
-302.41839599609375 -8.26938247680664 0.0014696121215820312
-302.6533508300781 -8.184497833251953 0.001537322998046875
-302.8953857421875 -8.097044944763184 0.001732788048684597
-303.1397399902344 -8.008761405944824 0.0018182754283770919
-303.38201904296875 -7.918028831481934 0.0018655776511877775
-303.6227111816406 -7.82200288772583 0.0019077681936323643
-303.8646240234375 -7.721258163452148 0.001924438402056694
-304.1091613769531 -7.616180419921875 0.0019177626818418503
-304.35791015625 -7.5060882568359375 0.0018925094045698643
-304.6114196777344 -7.390956401824951 0.0018625259399414062
-304.87249755859375 -7.274262428283691 0.0018162536434829235
-305.1392517089844 -7.158358097076416 0.0017621993320062757
-305.407958984375 -7.042768955230713 0.001739501953125
-305.67572021484375 -6.928061485290527 0.001758575439453125
-305.94134521484375 -6.814456462860107 0.0017917632358148694
-306.2034606933594 -6.702474117279053 0.001830367953516543
-306.46173095703125 -6.592175006866455 0.0018640899797901511
-306.7151794433594 -6.483952045440674 0.0018963241018354893
-306.9639587402344 -6.377727508544922 0.0019202422117814422
-307.20733642578125 -6.273812770843506 0.0019434738205745816
-307.4457092285156 -6.172043323516846 0.0019588852301239967
-307.678466796875 -6.072682857513428 0.0019746017642319202
-307.9071350097656 -5.9750590324401855 0.001816978445276618
-308.1337585449219 -5.878311634063721 0.0016803741455078125
-308.3572082519531 -5.78291130065918 0.0016411590622738004
-308.5768737792969 -5.689130783081055 0.0016488265246152878
-308.79241943359375 -5.597101211547852 0.0016748809721320868
-309.0037536621094 -5.5068793296813965 0.0017047119326889515
-309.2108459472656 -5.418477535247803 0.0017315292498096824
-309.41363525390625 -5.331888198852539 0.0017531967023387551
-309.6123046875 -5.247086048126221 0.0017699813470244408
-309.8068542480469 -5.164030075073242 0.0017815780593082309
-309.9972839355469 -5.082712173461914 0.001790122943930328
-310.183837890625 -5.00307035446167 0.0017947768792510033
-310.3665466308594 -4.9250640869140625 0.0017975997179746628
-310.545654296875 -4.848593235015869 0.0017978285904973745
-310.7213134765625 -4.77359676361084 0.0017965316073969007
-310.8938293457031 -4.699957847595215 0.001793403527699411
-311.0632629394531 -4.627612113952637 0.0017895507626235485
-311.22998046875 -4.556439399719238 0.0017842102097347379
-311.39410400390625 -4.48637580871582 0.0017789839766919613
-311.5558776855469 -4.41730260848999 0.0017729568062350154
-311.71551513671875 -4.349159240722656 0.0017673110123723745
-311.87322998046875 -4.281827449798584 0.0017607497284188867
-312.0291442871094 -4.2152509689331055 0.0017548369942232966
-312.18359375 -4.149311542510986 0.0017480086535215378
-312.336669921875 -4.083956241607666 0.0017419814830645919
-312.4886474609375 -4.019067764282227 0.0017351149581372738
-312.6396484375 -3.9545962810516357 0.0017292022239416838
-312.78997802734375 -3.890425682067871 0.0017223358154296875
-312.9396667480469 -3.826507568359375 0.0017164611490443349
-313.087646484375 -3.760096311569214 0.0017212295206263661
-313.2333068847656 -3.689936399459839 0.0017461013048887253
-313.3781433105469 -3.6180880069732666 0.001761703402735293
-313.5225830078125 -3.545109272003174 0.001763839740306139
-313.66693115234375 -3.4709813594818115 0.0017561339773237705
-313.81134033203125 -3.395723581314087 0.0017450331943109632
-313.95599365234375 -3.3191781044006348 0.0017324829241260886
-314.09930419921875 -3.2390542030334473 0.0017335128504782915
-314.24371337890625 -3.1588118076324463 0.0017311477568000555
-314.39208984375 -3.0832862854003906 0.0016920471098273993
-314.54254150390625 -3.008535146713257 0.001680679270066321
-314.6931457519531 -2.934123992919922 0.0016846847720444202
-314.842529296875 -2.8604371547698975 0.0016945266397669911
-314.9898376464844 -2.7878074645996094 0.0017066955333575606
-315.13470458984375 -2.716374158859253 0.0017184066819027066
-315.27691650390625 -2.6462695598602295 0.001729240408167243
-315.41644287109375 -2.5774898529052734 0.0017375946044921875
-315.55316162109375 -2.510096311569214 0.0017450331943109632
-315.68719482421875 -2.4440371990203857 0.001750259310938418
-315.81842041015625 -2.3793468475341797 0.0017546463059261441
-315.947021484375 -2.3159573078155518 0.0017573165241628885
-316.07293701171875 -2.253894090652466 0.0017594146775081754
-316.1962890625 -2.193084478378296 0.001760025043040514
-316.3170471191406 -2.1335513591766357 0.0017609023489058018
-316.4353942871094 -2.0752222537994385 0.001760406419634819
-316.5503845214844 -2.0185317993164062 0.0017653655959293246
-316.6622009277344 -1.9634095430374146 0.0017690276727080345
-316.7710876464844 -1.9097247123718262 0.001770667964592576
-316.87744140625 -1.8572821617126465 0.0017691039247438312
-316.9814453125 -1.8060065507888794 0.0017662810860201716
-317.08343505859375 -1.7557368278503418 0.0017617797711864114
-317.1835021972656 -1.7064164876937866 0.0017571640200912952
-317.2818908691406 -1.6578985452651978 0.0017515182262286544
-317.3788146972656 -1.6101351976394653 0.0017461394891142845
-317.47442626953125 -1.5629842281341553 0.0017399215139448643
-317.5689392089844 -1.5164016485214233 0.001734237652271986
-317.6625671386719 -1.4702492952346802 0.0017276763683184981
-317.7554016113281 -1.4244844913482666 0.0017218398861587048
-317.84771728515625 -1.3789706230163574 0.0017157363472506404
-317.93963623046875 -1.3336677551269531 0.0017099761171266437
-318.03033447265625 -1.2866889238357544 0.0017118834657594562
-318.1194152832031 -1.237407922744751 0.001726455637253821
-318.208251953125 -1.1871929168701172 0.001733322162181139
-318.2970886230469 -1.1364015340805054 0.0017313002608716488
-318.3862609863281 -1.0849077701568604 0.001722640939988196
-318.4757995605469 -1.0327365398406982 0.0017119598342105746
-318.5647277832031 -0.9781505465507507 0.0017101287376135588
-318.65252685546875 -0.9205780625343323 0.001721076900139451
-318.7406005859375 -0.8611025214195251 0.001724891597405076
-318.8317565917969 -0.8034096956253052 0.001704902620986104
-318.9269714355469 -0.7491096258163452 0.001677780062891543
-319.0242919921875 -0.6948940753936768 0.0016741943545639515
-319.1236267089844 -0.639863133430481 0.0016690825577825308
-319.22491455078125 -0.5838195085525513 0.0016602706164121628
-319.3287658691406 -0.5263804197311401 0.0016461563063785434
-319.4345703125 -0.4678637683391571 0.0016379165463149548
-319.54052734375 -0.4092410206794739 0.0016414260026067495
-319.6455993652344 -0.3511330187320709 0.0016539001371711493
-319.749267578125 -0.293794721364975 0.0016686629969626665
-319.85113525390625 -0.23744052648544312 0.0016841506585478783
-319.95123291015625 -0.18209810554981232 0.0016973494784906507
-320.04925537109375 -0.1278534084558487 0.0017088699387386441
-320.1454162597656 -0.07466331124305725 0.0017172241350635886
-320.2384033203125 -0.02322082407772541 0.0017315292498096824
-320.3283386230469 0.026514701545238495 0.0017429733416065574
-320.4154968261719 0.07472884654998779 0.001750526367686689
-320.5003662109375 0.1216634139418602 0.0017530822660773993
-320.58306884765625 0.1674211025238037 0.00175304408185184
-320.66400146484375 0.21218717098236084 0.0017500686226412654
-320.7432861328125 0.2560325860977173 0.0017467880388721824
-320.8211975097656 0.29912030696868896 0.0017417906783521175
-320.8978271484375 0.34150931239128113 0.0017370223067700863
-320.97344970703125 0.38335108757019043 0.0017312240088358521
-321.0482177734375 0.4246988594532013 0.0017255019629374146
-321.1223449707031 0.4656989872455597 0.0017193984240293503
-321.1959228515625 0.5063997507095337 0.001713828998617828
-321.2691955566406 0.5469434261322021 0.001707534771412611
-321.34228515625 0.5873742699623108 0.001702117850072682
-321.4154357910156 0.6278321146965027 0.0016962433001026511
-321.4886779785156 0.6683574318885803 0.0016909026307985187
-321.5623474121094 0.7090893983840942 0.0016849517123773694
-321.63641357421875 0.750065803527832 0.0016798018477857113
-321.7101745605469 0.7929053902626038 0.0016804503975436091
-321.78338623046875 0.838093101978302 0.0016923904186114669
-321.857177734375 0.8845216035842896 0.0016968154814094305
-321.93182373046875 0.9319137334823608 0.0016934203449636698
-322.007568359375 0.9804342985153198 0.0016852187691256404
-322.08453369140625 1.030070185661316 0.0016761779552325606
-322.16168212890625 1.0824060440063477 0.0016745376633480191
-322.2386169433594 1.1379282474517822 0.0016848372761160135
-322.316650390625 1.1957405805587769 0.0016886519733816385
-322.3960876464844 1.2555614709854126 0.0016850661486387253
-322.4771728515625 1.3176374435424805 0.0016764068277552724
-322.55999755859375 1.381951928138733 0.001656761160120368
-322.6473083496094 1.445561170578003 0.0016335677355527878
-322.7399597167969 1.5067462921142578 0.0016273497603833675
-322.8360900878906 1.568841814994812 0.0016328048659488559
-322.9352722167969 1.6326003074645996 0.0016317367553710938
-323.03759765625 1.6983312368392944 0.0016229628818109632
-323.1431884765625 1.766105055809021 0.0016112899174913764
-323.2521667480469 1.8360695838928223 0.001598358154296875
-323.3637390136719 1.9076948165893555 0.0015937804710119963
-323.47589111328125 1.979681372642517 0.0016032790299504995
-323.5872497558594 2.0511701107025146 0.0016229628818109632
-323.697265625 2.1217823028564453 0.0016449355753138661
-323.8054504394531 2.1912267208099365 0.0016670989571139216
-323.9109191894531 2.2589094638824463 0.001690940815024078
-324.013427734375 2.3247079849243164 0.001712264958769083
-324.1134033203125 2.38887357711792 0.0017266464419662952
-324.2109375 2.4515068531036377 0.0017361068166792393
-324.3064270019531 2.5128085613250732 0.0017406081315129995
-324.39996337890625 2.572849988937378 0.0017430877778679132
-324.4917907714844 2.6318130493164062 0.0017422866076231003
-324.58203125 2.6897575855255127 0.001740684499964118
-324.6710205078125 2.7468578815460205 0.0017371749272570014
-324.75872802734375 2.803168296813965 0.0017334746662527323
-324.8454895019531 2.8588593006134033 0.0017286682268604636
-324.93133544921875 2.9139819145202637 0.0017240523593500257
-325.01654052734375 2.9687047004699707 0.001718444749712944
-325.10125732421875 3.0230767726898193 0.0017133712535724044
-325.1856384277344 3.0772640705108643 0.0017076873918995261
-325.26983642578125 3.131314992904663 0.0017020797822624445
-325.35406494140625 3.1853930950164795 0.001696357736364007
-325.4384460449219 3.2395451068878174 0.0016909789992496371
-325.5231628417969 3.2939364910125732 0.0016850661486387253
-325.60833740234375 3.348609447479248 0.0016795349074527621
-325.6941833496094 3.403729200363159 0.0016736220568418503
-325.78082275390625 3.4593381881713867 0.001668205251917243
-325.8684387207031 3.5155999660491943 0.0016621398972347379
-325.9571533203125 3.5725555419921875 0.0016567229758948088
-326.0472412109375 3.63036847114563 0.001650581369176507
-326.138671875 3.6890780925750732 0.0016454315045848489
-326.23175048828125 3.748845338821411 0.0016395568381994963
-326.3265686035156 3.8097097873687744 0.001634140033274889
-326.4233093261719 3.871830940246582 0.0016283034346997738
-326.5220947265625 3.9352471828460693 0.0016230392502620816
-326.6231689453125 4.000114917755127 0.0016172027681022882
-326.7265625 4.06647253036499 0.001611900283023715
-326.8324890136719 4.134474754333496 0.0016062544891610742
-326.9410400390625 4.204159259796143 0.0016012572450563312
-327.0524597167969 4.27567720413208 0.0015956878196448088
-327.1667785644531 4.349066257476807 0.0015906523913145065
-327.28424072265625 4.424474716186523 0.0015851592179387808
-327.40496826171875 4.501940727233887 0.001580047537572682
-327.529052734375 4.58160924911499 0.001574668800458312
-327.6566467285156 4.663517951965332 0.0015697479248046875
-327.7879333496094 4.747808933258057 0.001564407255500555
-327.9229736328125 4.8345208168029785 0.0015595626318827271
-328.06201171875 4.92379093170166 0.0015542983310297132
-328.20513916015625 5.015661239624023 0.0015497207641601562
-328.3525390625 5.110263347625732 0.0015443038428202271
-328.50421142578125 5.207645893096924 0.0015397262759506702
-328.66046142578125 5.3079376220703125 0.0015344619750976562
-328.8213195800781 5.411197185516357 0.0015299224760383368
-328.98699951171875 5.517541408538818 0.0015245437389239669
-329.1575012207031 5.626994609832764 0.001520347548648715
-329.33294677734375 5.73964786529541 0.0015157317975535989
-329.5135498046875 5.8555474281311035 0.0015118407318368554
-329.69921875 5.974758625030518 0.0015076446579769254
-329.8901062011719 6.097319602966309 0.0015042495215311646
-330.08636474609375 6.223288536071777 0.0015007781330496073
-330.2879943847656 6.352726936340332 0.0014973831130191684
-330.4947204589844 6.48545503616333 0.0014969253679737449
-330.7041015625 6.619838714599609 0.0015142821939662099
-330.9129333496094 6.7539286613464355 0.0015500258887186646
-331.1195983886719 6.886612415313721 0.0015945052728056908
-331.32318115234375 7.017303466796875 0.0016388320364058018
-331.523193359375 7.145698547363281 0.0016783523606136441
-331.7194519042969 7.271655559539795 0.001711196848191321
-331.9118347167969 7.395118236541748 0.0017371749272570014
-332.10028076171875 7.516077041625977 0.001757125835865736
-332.28485107421875 7.63455057144165 0.00177196494769305
-332.4655456542969 7.750571250915527 0.0017823409289121628
-332.64251708984375 7.864182949066162 0.0017897796351462603
-332.81585693359375 7.97541618347168 0.0017948150634765625
-332.9855041503906 8.084356307983398 0.0017976760864257812
-333.1515808105469 8.190964698791504 0.0017995834350585938
-333.3142395019531 8.295395851135254 0.0017998885596171021
-333.4735107421875 8.397613525390625 0.001799354562535882
-333.6294860839844 8.497767448425293 0.0017981338314712048
-333.7822570800781 8.595809936523438 0.0017965316073969007
-333.9318542480469 8.691888809204102 0.0017946242587640882
-334.0783996582031 8.785944938659668 0.0017926024738699198
-334.2219543457031 8.878133773803711 0.0017903518164530396
-334.3625793457031 8.968382835388184 0.0017881774110719562
-334.5002746582031 9.056841850280762 0.0017858505016192794
-334.63525390625 9.143434524536133 0.0017836379120126367
-334.7674255371094 9.228313446044922 0.0017816924955695868
-334.89691162109375 9.311396598815918 0.0017796325264498591
-335.0237121582031 9.392833709716797 0.0017776107415556908
-335.14794921875 9.472538948059082 0.0017757033929228783
-335.2695617675781 9.550661087036133 0.0017737197922542691
-335.38873291015625 9.627118110656738 0.0017718886956572533
-335.50537109375 9.702055931091309 0.0017699813470244408
-335.61968994140625 9.775392532348633 0.0017682646866887808
-335.7315979003906 9.847273826599121 0.00176658621057868
-335.84124755859375 9.91761589050293 0.001764755230396986
-335.9485778808594 9.986565589904785 0.0017629241337999701
-336.0537414550781 10.054034233093262 0.0017612456576898694
-336.1567077636719 10.120170593261719 0.0017596435500308871
-336.257568359375 10.184885025024414 0.001757888705469668
-336.35638427734375 10.248323440551758 0.0017563628498464823
-336.45306396484375 10.310395240783691 0.0017546843737363815
-336.54779052734375 10.371244430541992 0.00175304408185184
-336.64056396484375 10.43078327178955 0.0017514037899672985
-336.73138427734375 10.489152908325195 0.0017500304384157062
-336.81903076171875 10.548161506652832 0.0017583465669304132
-336.9029235839844 10.608267784118652 0.0017790221609175205
-336.9847106933594 10.667702674865723 0.0017898178193718195
-337.0644836425781 10.726337432861328 0.001790122943930328
-337.1424255371094 10.784017562866211 0.0017844008980318904
-337.22021484375 10.838350296020508 0.0017707061488181353
-337.29736328125 10.890140533447266 0.001764602609910071
-337.373046875 10.940770149230957 0.0017628096975386143
-337.4471740722656 10.990278244018555 0.0017587661277502775
-337.5197448730469 11.038820266723633 0.0017536162631586194
-337.5909423828125 11.0863037109375 0.0017483901465311646
-337.66058349609375 11.132866859436035 0.0017434691544622183
-337.72882080078125 11.178412437438965 0.0017393875168636441
-337.79559326171875 11.223079681396484 0.0017361450009047985
-337.8610534667969 11.266764640808105 0.0017333984142169356
-337.9250793457031 11.309609413146973 0.0017313002608716488
-337.9878845214844 11.35151195526123 0.0017292784759774804
-338.0492858886719 11.392610549926758 0.001727638184092939
-338.10955810546875 11.43280029296875 0.0017265700735151768
-338.16845703125 11.472224235534668 0.0017255401471629739
-338.22625732421875 11.510774612426758 0.0017242431640625
-338.28277587890625 11.548589706420898 0.0017229842487722635
-338.33819580078125 11.585566520690918 0.0017219925066456199
-338.3924255371094 11.621840476989746 0.001721191336400807
-338.4455871582031 11.657307624816895 0.0017203902825713158
-338.49755859375 11.69210433959961 0.0017195128602907062
-338.548583984375 11.726122856140137 0.0017188644269481301
-338.5984802246094 11.759500503540039 0.0017179107526317239
-338.6473388671875 11.792122840881348 0.0017168044578284025
-338.6942443847656 11.82537841796875 0.0017237472347915173
-338.73919677734375 11.859015464782715 0.00173606863245368
-338.78314208984375 11.892205238342285 0.0017407225677743554
-338.826171875 11.924747467041016 0.0017391204601153731
-338.86810302734375 11.95678424835205 0.0017347716493532062
-338.9092102050781 11.988182067871094 0.0017295837169513106
-338.9483642578125 12.020021438598633 0.0017312240088358521
-338.9858093261719 12.052055358886719 0.0017381667857989669
-339.022216796875 12.083699226379395 0.0017391967121511698
-339.05792236328125 12.114763259887695 0.00173606863245368
-339.0926818847656 12.145389556884766 0.0017310333205386996
-339.1266784667969 12.175437927246094 0.001725425710901618
-339.15887451171875 12.20574951171875 0.0017271041870117188
-339.1894836425781 12.236092567443848 0.001732788048684597
-339.21917724609375 12.266075134277344 0.0017334746662527323
-339.2481994628906 12.295538902282715 0.0017426681006327271
-339.2764892578125 12.324610710144043 0.0017359161283820868
-339.3041076660156 12.353140830993652 0.0017289351671934128
-339.3309631347656 12.381284713745117 0.00172252650372684
-339.3562927246094 12.409375190734863 0.001723060617223382
-339.3800964355469 12.437498092651367 0.0017276763683184981
-339.4033203125 12.465133666992188 0.0017273330595344305
-339.42578125 12.492409706115723 0.001723709050565958
-339.44775390625 12.51917552947998 0.0017189024947583675
-339.47088623046875 12.544530868530273 0.001708450261503458
-339.4964294433594 12.566703796386719 0.001720161410048604
-339.52203369140625 12.587700843811035 0.0017355728195980191
-339.54718017578125 12.608168601989746 0.0017394255846738815
-339.5711364746094 12.628982543945312 0.0017320250626653433
-339.5949401855469 12.648879051208496 0.0017226791242137551
-339.6184387207031 12.668147087097168 0.0017181778093799949
-339.6415100097656 12.686946868896484 0.0017140960553660989
-339.6640930175781 12.705427169799805 0.0017097091767936945
-339.6862487792969 12.72346305847168 0.0017057800432667136
-339.7078552246094 12.74119758605957 0.0017024611588567495
-339.7291259765625 12.758498191833496 0.0017002105014398694
-339.7498779296875 12.77550983428955 0.0016982650849968195
-339.770263671875 12.792107582092285 0.0016969299176707864
-339.7901916503906 12.808428764343262 0.0016957854386419058
-339.80975341796875 12.824347496032715 0.001694908132776618
-339.828857421875 12.840044975280762 0.0018574142595753074
-339.8477783203125 12.855402946472168 0.001793937641195953
-339.8662109375 12.870509147644043 0.0017538833199068904
-339.88433837890625 12.885238647460938 0.0017296599689871073
-339.9019775390625 12.899734497070312 0.0017149352934211493
-339.91937255859375 12.91386604309082 0.0017060089157894254
-339.9363098144531 12.927774429321289 0.001700553810223937
-339.9530029296875 12.941329956054688 0.0016970443539321423
-339.96923828125 12.954673767089844 0.001694908132776618
-339.9852294921875 12.967677116394043 0.0016933440929278731
-340.0008239746094 12.98047924041748 0.0016924286028370261
-340.01617431640625 12.992951393127441 0.0016917038010433316
-340.0310974121094 13.00523567199707 0.0016910170670598745
-340.0458068847656 13.017196655273438 0.0016904830699786544
-340.0601501464844 13.02898120880127 0.0016901397611945868
-340.07427978515625 13.04045581817627 0.0016899489564821124
-340.0880432128906 13.051763534545898 0.0016898727044463158
-340.1015930175781 13.062769889831543 0.001689376775175333
-340.11474609375 13.073617935180664 0.0016893385909497738
-340.1277770996094 13.084176063537598 0.0016888427780941129
-340.1404113769531 13.094585418701172 0.0016886139055714011
-340.15289306640625 13.104710578918457 0.0016886519733816385
-340.1650390625 13.11469841003418 0.0016881560441106558
-340.1770324707031 13.124409675598145 0.0016879653558135033
-340.18865966796875 13.133991241455078 0.0016876982990652323
-340.20013427734375 13.14330768585205 0.0016874312423169613
-340.2113342285156 13.152501106262207 0.0016873549902811646
-340.22235107421875 13.161436080932617 0.0016871643019840121
-340.23309326171875 13.170255661010742 0.0016867828089743853
-340.2436218261719 13.178825378417969 0.0016867065569385886
-340.25390625 13.187288284301758 0.0016867828089743853
-340.2640686035156 13.195507049560547 0.0016866301884874701
-340.2738952636719 13.203628540039062 0.0016862486954778433
-340.28363037109375 13.211512565612793 0.00168609619140625
-340.2930908203125 13.219303131103516 0.0016859435709193349
-340.30242919921875 13.226863861083984 0.0016856384463608265
-340.31146240234375 13.23434066772461 0.001685676514171064
-340.3204345703125 13.241592407226562 0.0016853713896125555
-340.3291320800781 13.248764038085938 0.0016852569533511996
-340.3377380371094 13.255720138549805 0.0016850280808284879
-340.3460998535156 13.262601852416992 0.0016850661486387253
-340.3543395996094 13.26927375793457 0.0016849898966029286
-340.3623352050781 13.27587604522705 0.001684646587818861
-340.3702392578125 13.282275199890137 0.0016845702193677425
-340.37786865234375 13.288613319396973 0.0016845321515575051
-340.385498046875 13.294747352600098 0.001684226910583675
-340.39288330078125 13.300827026367188 0.0016840744065120816
-340.400146484375 13.30671215057373 0.0016839599702507257
-340.40716552734375 13.312545776367188 0.0016835021087899804
-340.4141845703125 13.31818962097168 0.0016835784772410989
-340.42095947265625 13.323786735534668 0.001683731097728014
-340.4276428222656 13.329197883605957 0.001683731097728014
-340.43414306640625 13.334569931030273 0.0016835402930155396
-340.4405822753906 13.339760780334473 0.0016834258567541838
-340.44677734375 13.344916343688965 0.0016832732362672687
-340.4529724121094 13.349893569946289 0.0016830825479701161
-340.458984375 13.354841232299805 0.0016830825479701161
-340.4648742675781 13.359612464904785 0.0016829681117087603
-340.4706115722656 13.364358901977539 0.0016826248029246926
-340.476318359375 13.368936538696289 0.0016824721824377775
-340.4817810058594 13.373491287231445 0.0016823577461764216
-340.4873046875 13.37787914276123 0.001682281494140625
-340.4925231933594 13.38224983215332 0.0016824721824377775
-340.4977722167969 13.38646125793457 0.001682281494140625
-340.5028076171875 13.390653610229492 0.0016823195619508624
-340.5078430175781 13.394692420959473 0.0016822433099150658
-340.5126953125 13.398716926574707 0.0016823195619508624
-340.5174865722656 13.402588844299316 0.0016820526216179132
-340.52215576171875 13.406452178955078 0.0016820906894281507
-340.5267639160156 13.410164833068848 0.0016816711286082864
-340.53118896484375 13.413874626159668 0.0016817091964185238
-340.53564453125 13.417433738708496 0.001681747380644083
-340.5399169921875 13.420990943908691 0.0016818237490952015
-340.5442199707031 13.42440414428711 0.001681594760157168
-340.54827880859375 13.42781925201416 0.001681480323895812
-340.55242919921875 13.43109130859375 0.0016814040718600154
-340.5562744140625 13.434368133544922 0.0016812896355986595
-340.56024169921875 13.437505722045898 0.0016812514513731003
-340.56396484375 13.44064998626709 0.0016809845110401511
-340.5677185058594 13.443659782409668 0.0016809845110401511
-340.5714111328125 13.446678161621094 0.0016811370151117444
-340.574951171875 13.44956111907959 0.0016811751993373036
-340.57843017578125 13.452460289001465 0.001681098947301507
-340.5819091796875 13.455225944519043 0.0016810607630759478
-340.5851745605469 13.458005905151367 0.0016809081425890326
-340.58856201171875 13.460658073425293 0.0016807937063276768
-340.5917053222656 13.463327407836914 0.0016806410858407617
-340.5948791503906 13.465868949890137 0.0016805266495794058
-340.59796142578125 13.468429565429688 0.0016803359612822533
-340.6010437011719 13.470866203308105 0.0016802215250208974
-340.60394287109375 13.473325729370117 0.001680297777056694
-340.6069030761719 13.475661277770996 0.0016804503975436091
-340.6097717285156 13.478022575378418 0.0016802597092464566
-340.6125183105469 13.48026180267334 0.0016803359612822533
-340.615234375 13.482527732849121 0.0016802597092464566
-340.61773681640625 13.484344482421875 0.0016823959304019809
-340.61981201171875 13.48611831665039 0.0016837691655382514
-340.62176513671875 13.487588882446289 0.001684493967331946
-340.62347412109375 13.489066123962402 0.0016843413468450308
-340.62506103515625 13.490300178527832 0.001684112474322319
-340.6265869140625 13.491588592529297 0.0016836929135024548
-340.62799072265625 13.492676734924316 0.0016833496047183871
-340.62933349609375 13.493849754333496 0.0016825484344735742
-340.6307373046875 13.494851112365723 0.0016818237490952015
-340.6320495605469 13.495960235595703 0.0016812896355986595
-340.63336181640625 13.496923446655273 0.0016804885817691684
-340.6346130371094 13.498018264770508 0.0016797637799754739
-340.6359558105469 13.49898910522461 0.0016793060349300504
-340.6372985839844 13.500114440917969 0.0016786956693977118
-340.63873291015625 13.501154899597168 0.0016782379243522882
-340.64013671875 13.502446174621582 0.0016766738845035434
-340.6444396972656 13.505837440490723 0.001655044499784708
-340.650390625 13.510726928710938 0.0016421127365902066
-340.6583557128906 13.51736068725586 0.0016323089366778731
-340.66796875 13.525304794311523 0.0016283798031508923
-340.6794738769531 13.53463077545166 0.001625709468498826
-340.69305419921875 13.545663833618164 0.0016175460768863559
-340.7077331542969 13.557745933532715 0.0016180420061573386
-340.7244567871094 13.57135009765625 0.0016144942492246628
-340.74334716796875 13.586719512939453 0.0016096496256068349
-340.76495361328125 13.604390144348145 0.0016023635398596525
-340.78839111328125 13.623613357543945 0.0016021728515625
-340.8135986328125 13.644132614135742 0.0016044997610151768
-340.8419189453125 13.667314529418945 0.0015945815248414874
-340.87371826171875 13.693381309509277 0.0015871810028329492
-340.9084777832031 13.721837997436523 0.001573104877024889
-340.9451599121094 13.751787185668945 0.001574020367115736
-340.9847106933594 13.784113883972168 0.0015713500324636698
-341.0268249511719 13.818812370300293 0.001572418143041432
-341.07232666015625 13.856066703796387 0.0015671920264139771
-341.12139892578125 13.896123886108398 0.0015629195841029286
-341.1749267578125 13.93979263305664 0.0015515517443418503
-341.2319030761719 13.986299514770508 0.0015483093447983265
-341.2933654785156 14.036482810974121 0.0015390777261927724
-341.3584289550781 14.089658737182617 0.001537055941298604
-341.4281921386719 14.146645545959473 0.0015291976742446423
-341.5018615722656 14.206814765930176 0.0015274429460987449
-341.5804138183594 14.270936965942383 0.0015203857328742743
-341.6630859375 14.338440895080566 0.0015185164520516992
-341.7490234375 14.411788940429688 0.0015201568603515625
-341.83697509765625 14.491108894348145 0.0015405273297801614
-341.9287414550781 14.575284004211426 0.0015539932064712048
-342.0260925292969 14.660592079162598 0.001550865126773715
-342.12957763671875 14.74811840057373 0.0015295409830287099
-342.2376403808594 14.838953971862793 0.0015244674868881702
-342.34912109375 14.93256664276123 0.0015304946573451161
-342.4613952636719 15.0267915725708 0.0015535354614257812
-342.5732421875 15.12070369720459 0.0015835952945053577
-342.6837158203125 15.213418006896973 0.001616744906641543
-342.79248046875 15.30479907989502 0.0016458510654047132
-342.8992614746094 15.394457817077637 0.0016722488217055798
-343.00408935546875 15.482513427734375 0.0016922377981245518
-343.10675048828125 15.568731307983398 0.0017092513153329492
-343.2074279785156 15.65331745147705 0.0017210388323292136
-343.30596923828125 15.736080169677734 0.001731071388348937
-343.4026184082031 15.817248344421387 0.001736717182211578
-343.49713134765625 15.896645545959473 0.0017422485398128629
-343.58978271484375 15.97451114654541 0.0017448425060138106
-343.6804504394531 16.05066680908203 0.0017470931634306908
-343.7693176269531 16.125356674194336 0.0017475509084761143
-343.8562927246094 16.19839859008789 0.0017484283307567239
-343.9415283203125 16.270034790039062 0.0017476653447374701
-344.02490234375 16.340087890625 0.0017481994582340121
-344.10577392578125 16.408004760742188 0.0017532347701489925
-344.18359375 16.473302841186523 0.0017620468279346824
-344.2580261230469 16.53829002380371 0.0017707061488181353
-344.32830810546875 16.60300064086914 0.001791725168004632
-344.3966064453125 16.667072296142578 0.0017984389560297132
-344.462890625 16.729747772216797 0.0017983245197683573
-344.52789306640625 16.791824340820312 0.00178722373675555
-344.59130859375 16.852771759033203 0.0017774963052943349
-344.65252685546875 16.914411544799805 0.0017711257096379995
-344.7107238769531 16.976524353027344 0.0017792510334402323
-344.7678527832031 17.039081573486328 0.0017771529965102673
-344.82373046875 17.10125160217285 0.0017718886956572533
-344.87921142578125 17.163848876953125 0.001758155762217939
-344.9339294433594 17.22627830505371 0.001747779780998826
-344.9884338378906 17.289470672607422 0.0017334365984424949
-345.0414733886719 17.35477066040039 0.001726875314489007
-345.0929260253906 17.423046112060547 0.0017315292498096824
-345.1469421386719 17.489622116088867 0.0017197036650031805
-345.2058410644531 17.55116081237793 0.0017104720463976264
-345.2648010253906 17.6108341217041 0.0017294692806899548
-345.32281494140625 17.669527053833008 0.0017395782051607966
-345.3797912597656 17.727027893066406 0.001750259310938418
-345.43572998046875 17.783538818359375 0.0017313766293227673
-345.4905090332031 17.83880043029785 0.0017233275575563312
-345.54425048828125 17.89305305480957 0.0017185973701998591
-345.59674072265625 17.946086883544922 0.0017181396251544356
-345.6483154296875 17.998144149780273 0.0017173385713249445
-345.69866943359375 18.049015045166016 0.0017182158771902323
-345.74810791015625 18.098949432373047 0.0017181014409288764
-345.79638671875 18.147735595703125 0.0017188644269481301
-345.8437805175781 18.195629119873047 0.0017182158771902323
-345.88885498046875 18.24102783203125 0.001729888841509819
-345.9317626953125 18.284345626831055 0.0017378615448251367
-345.9725036621094 18.325328826904297 0.0017458724323660135
-346.0119323730469 18.365079879760742 0.0017448425060138106
-346.0498046875 18.4031925201416 0.001744346576742828
-346.08685302734375 18.440635681152344 0.0017375564202666283
-346.1229553222656 18.476919174194336 0.0017339324112981558
-346.1578063964844 18.513654708862305 0.0017288589151576161
-346.19091796875 18.550430297851562 0.0017341994680464268
-346.22381591796875 18.587522506713867 0.0017309951363131404
-346.2562561035156 18.624229431152344 0.0017268371302634478
-346.2888488769531 18.661415100097656 0.0017158889677375555
-346.3214111328125 18.698516845703125 0.0017079543322324753
-346.3533935546875 18.73693084716797 0.0017016219208016992
-346.3843994140625 18.776165008544922 0.001705932547338307
-346.4156494140625 18.816650390625 0.0017018127255141735
-346.4471740722656 18.857696533203125 0.001697273226454854
-346.479248046875 18.9000244140625 0.0016878509195521474
-346.5116271972656 18.943058013916016 0.0016819000011309981
-346.5437927246094 18.988140106201172 0.001678047119639814
-346.5751953125 19.03491973876953 0.0016843032790347934
-346.6071472167969 19.083694458007812 0.0016830062959343195
-346.6399841308594 19.134687423706055 0.0016748427879065275
-346.6739501953125 19.188493728637695 0.0016656493535265326
-346.7110595703125 19.241674423217773 0.0016521834768354893
-346.7525634765625 19.291566848754883 0.001665038987994194
-346.7943420410156 19.340410232543945 0.001690940815024078
-346.8355407714844 19.3885555267334 0.001706199604086578
-346.87603759765625 19.435834884643555 0.0017129897605627775
-346.9158935546875 19.482275009155273 0.0017145919846370816
-346.954833984375 19.527772903442383 0.0017145919846370816
-346.99310302734375 19.57240104675293 0.0017133330693468451
-347.0304870605469 19.616086959838867 0.0017124938312917948
-347.0672302246094 19.658918380737305 0.0017114639049395919
-347.1031494140625 19.700834274291992 0.001711196848191321
-347.1383972167969 19.741926193237305 0.001710433978587389
-347.1728820800781 19.78213119506836 0.001710433978587389
-347.2066650390625 19.82154655456543 0.0017098236130550504
-347.23968505859375 19.8601131439209 0.0017099761171266437
-347.2720642089844 19.897939682006836 0.0017093276837840676
-347.3030090332031 19.9339656829834 0.0017260360764339566
-347.33221435546875 19.968046188354492 0.0017129897605627775
-347.3599548339844 20.000385284423828 0.0017120742704719305
-347.3865051269531 20.03143882751465 0.0017128753243014216
-347.41217041015625 20.061355590820312 0.001713714562356472
-347.4369812011719 20.090282440185547 0.0017142104916274548
-347.4609680175781 20.118343353271484 0.0017141341231763363
-347.4842834472656 20.145559310913086 0.0017144011799246073
-347.50750732421875 20.172597885131836 0.0017080687684938312
-347.5299987792969 20.19890022277832 0.0017067717853933573
-347.5530090332031 20.225658416748047 0.0016972350422292948
-347.57562255859375 20.2519474029541 0.0016957473708316684
-347.59906005859375 20.2791748046875 0.0016852187691256404
-347.6223449707031 20.306238174438477 0.0016831588000059128
-347.6466369628906 20.33450698852539 0.001672935439273715
-347.67095947265625 20.362844467163086 0.0016712569631636143
-347.6963195800781 20.392719268798828 0.0016618346562609076
-347.72216796875 20.42300796508789 0.0016589355655014515
-347.7497253417969 20.455257415771484 0.0016477203462272882
-347.7779541015625 20.488277435302734 0.0016457366291433573
-347.8076171875 20.522857666015625 0.001640701200813055
-347.8387451171875 20.559328079223633 0.001631088205613196
-347.870849609375 20.597177505493164 0.0016289138002321124
-347.90496826171875 20.6372013092041 0.0016210174653679132
-347.94000244140625 20.678295135498047 0.001621894771233201
-347.97698974609375 20.7215518951416 0.001616897527128458
-348.0154724121094 20.76641082763672 0.0016144561814144254
-348.05523681640625 20.812999725341797 0.0016149901784956455
-348.09674072265625 20.86160659790039 0.0016115569742396474
-348.1398620605469 20.912137985229492 0.0016100691864266992
-348.1851501464844 20.965190887451172 0.0016037749592214823
-348.2322692871094 21.02040672302246 0.0016010283725336194
-348.2818298339844 21.078413009643555 0.001594276400282979
-348.3335876464844 21.139074325561523 0.0015895842807367444
-348.38824462890625 21.202951431274414 0.0015812300844118
-348.4454345703125 21.269786834716797 0.0015766143333166838
-348.5057678222656 21.340089797973633 0.001569023123010993
-348.5688171386719 21.413625717163086 0.0015645218081772327
-348.6351623535156 21.490800857543945 0.0015579985920339823
-348.70440673828125 21.571430206298828 0.0015542983310297132
-348.7771301269531 21.655954360961914 0.0015478896675631404
-348.8531188964844 21.74420928955078 0.0015438842820003629
-348.93267822265625 21.83657455444336 0.0015374374343082309
-349.0156555175781 21.932918548583984 0.0015336227370426059
-349.1025390625 22.033588409423828 0.00152782432269305
-349.19293212890625 22.13848304748535 0.001524009625427425
-349.28741455078125 22.24788475036621 0.0015245437389239669
-349.3857421875 22.361732482910156 0.0015084075275808573
-349.4881896972656 22.48031234741211 0.0014987182803452015
-349.59466552734375 22.603607177734375 0.0014943312853574753
-349.70550537109375 22.731821060180664 0.0014904403360560536
-349.8205871582031 22.864959716796875 0.0014881896786391735
-349.9399108886719 23.002967834472656 0.0014867400750517845
-350.06365966796875 23.14610481262207 0.0014844131655991077
-350.1890869140625 23.29660987854004 0.0014935684157535434
-350.3145751953125 23.455806732177734 0.0015257262857630849
-350.4424133300781 23.6221923828125 0.0015512084355577826
-350.57318115234375 23.79549217224121 0.0015620040940120816
-350.7069396972656 23.97572898864746 0.0015628051478415728
-350.8478698730469 24.159868240356445 0.0015411376953125
-350.9963684082031 24.347673416137695 0.0014980315463617444
-351.1501159667969 24.540536880493164 0.001483917236328125
-351.30657958984375 24.736419677734375 0.0016759108984842896
-351.4627990722656 24.9317626953125 0.001723976107314229
-351.6176452636719 25.12537384033203 0.0016353988321498036
-351.77044677734375 25.31636619567871 0.0016211319016292691
-351.9206848144531 25.50417709350586 0.0016390990931540728
-352.068115234375 25.688507080078125 0.0016685485607013106
-352.212646484375 25.869239807128906 0.001698989886790514
-352.3542175292969 26.046337127685547 0.0017259978922083974
-352.4930725097656 26.21981430053711 0.0017477035289630294
-352.6290283203125 26.38970947265625 0.0017644499894231558
-352.7621154785156 26.55611228942871 0.0017765426309779286
-352.8924560546875 26.71904182434082 0.0017855834448710084
-353.02008056640625 26.87858772277832 0.001791458111256361
-353.1449890136719 27.034757614135742 0.0017957687377929688
-353.267333984375 27.18767738342285 0.0017977141542360187
-353.3871154785156 27.337392807006836 0.0017984389560297132
-353.50445556640625 27.484031677246094 0.0017977905226871371
-353.61932373046875 27.62761878967285 0.0017970657208934426
-353.7317810058594 27.768150329589844 0.0017963409190997481
-353.841796875 27.905662536621094 0.0017955779330804944
-353.947021484375 28.042110443115234 0.0018054199172183871
-354.0462341308594 28.178312301635742 0.0018347167642787099
-354.1419982910156 28.3131103515625 0.0018535613780841231
-354.2349853515625 28.44620132446289 0.0018568038940429688
-354.32562255859375 28.577720642089844 0.0018487930065020919
-354.4139709472656 28.707698822021484 0.0018362426199018955
-354.5003356933594 28.836383819580078 0.001821823068894446
-354.5823669433594 28.96490478515625 0.0018213653238490224
-354.6590270996094 29.09398078918457 0.0018381881527602673
-354.7326965332031 29.222787857055664 0.0018470000941306353
-354.80413818359375 29.351337432861328 0.0018429565243422985
-354.87359619140625 29.479597091674805 0.0018315886845812201
-354.941162109375 29.60780906677246 0.0018167876405641437
-355.004638671875 29.73656463623047 0.0018152236007153988
-355.0628967285156 29.866735458374023 0.001828422537073493
-355.1180114746094 29.997282028198242 0.0018377304077148438
-355.1753845214844 30.1256160736084 0.0018164062639698386
-355.24066162109375 30.24761199951172 0.0017742919735610485
-355.3074951171875 30.366010665893555 0.0017853927565738559
-355.37353515625 30.48184585571289 0.0017970657208934426
-355.43841552734375 30.595394134521484 0.001797752338461578
-355.5020751953125 30.706605911254883 0.0017922973493114114
-355.56439208984375 30.81560707092285 0.0017837142804637551
-355.6254577636719 30.922332763671875 0.0017757033929228783
-355.6852722167969 31.026912689208984 0.0017682266188785434
-355.7438659667969 31.12929916381836 0.001762771513313055
-355.80126953125 31.2296199798584 0.001758155762217939
-355.857421875 31.327821731567383 0.0017546081217005849
-355.9125061035156 31.424049377441406 0.001751594478264451
-355.96636962890625 31.518245697021484 0.0017499541863799095
-356.0191650390625 31.610544204711914 0.001747894217260182
-356.07086181640625 31.70089340209961 0.0017466354183852673
-356.12152099609375 31.78942108154297 0.0017449569422751665
-356.17041015625 31.87479591369629 0.0017521666595712304
-356.2174987792969 31.957082748413086 0.0017586898757144809
-356.2630310058594 32.03665542602539 0.0017622375162318349
-356.30560302734375 32.11472702026367 0.001767654437571764
-356.34490966796875 32.191627502441406 0.0017828750424087048
-356.3826599121094 32.2670783996582 0.0017892074538394809
-356.4192810058594 32.34107971191406 0.0017861175583675504
-356.4549255371094 32.41387176513672 0.0017769241239875555
-356.4897155761719 32.48556137084961 0.0017657089047133923
-356.5223083496094 32.556819915771484 0.0017617415869608521
-356.5523681640625 32.62783432006836 0.001767234760336578
-356.5813293457031 32.698570251464844 0.0017662810860201716
-356.60968017578125 32.76902389526367 0.0017588805640116334
-356.6374816894531 32.839473724365234 0.0017477035289630294
-356.6648864746094 32.90999984741211 0.0017355728195980191
-356.6904296875 32.9810791015625 0.0017315292498096824
-356.7137756347656 33.05296325683594 0.0017335510347038507
-356.73626708984375 33.12586975097656 0.0017306136433035135
-356.7583923339844 33.19977569580078 0.0017240523593500257
-356.7801818847656 33.274864196777344 0.0017150877974927425
-356.8016357421875 33.351158142089844 0.0017060469835996628
-356.8211669921875 33.42878723144531 0.0017062758561223745
-356.8415222167969 33.50773239135742 0.0016995238838717341
-356.8699035644531 33.586910247802734 0.0016712569631636143
-356.9029846191406 33.66705322265625 0.0016816711286082864
-356.9368591308594 33.74772262573242 0.0016956329345703125
-356.9706115722656 33.82795333862305 0.0017045973800122738
-357.0039367675781 33.90730667114258 0.001708717318251729
-357.0367431640625 33.98537826538086 0.0017114257207140326
-357.069091796875 34.062110900878906 0.001712799072265625
-357.1007385253906 34.13734436035156 0.001714630052447319
-357.13177490234375 34.211143493652344 0.0017156600952148438
-357.1622619628906 34.283409118652344 0.0017172241350635886
-357.1920471191406 34.35425567626953 0.001718063373118639
-357.22125244140625 34.42359924316406 0.001719245919957757
-357.2499084472656 34.491573333740234 0.001719627296552062
-357.27789306640625 34.5580940246582 0.0017203902825713158
-357.3053894042969 34.62329864501953 0.0017203140305355191
-357.3321838378906 34.68710708618164 0.0017205047188326716
-357.3585205078125 34.74964904785156 0.001720161410048604
-357.3835754394531 34.809173583984375 0.0017298507736995816
-357.40740966796875 34.86583709716797 0.0017384719103574753
-357.4302673339844 34.92013168334961 0.0017428207211196423
-357.4523010253906 34.97250747680664 0.0017430877778679132
-357.4736633300781 35.0233039855957 0.0017403792589902878
-357.4945373535156 35.07281494140625 0.0017357635078951716
-357.51495361328125 35.12131118774414 0.0017301177140325308
-357.5350341796875 35.169029235839844 0.0017240142915397882
-357.55487060546875 35.2161865234375 0.001717262202873826
-357.5746154785156 35.26300048828125 0.0017107009189203382
-357.5943298339844 35.3096809387207 0.001703720074146986
-357.6140441894531 35.35642623901367 0.001697006169706583
-357.6338195800781 35.403438568115234 0.0016904830699786544
-357.65380859375 35.45090103149414 0.0016838455339893699
-357.6740417480469 35.49900436401367 0.0016773986862972379
-357.69464111328125 35.54791259765625 0.0016713713994249701
-357.7156982421875 35.597816467285156 0.0016653442289680243
-357.7371826171875 35.64882278442383 0.0016598510555922985
-357.75921630859375 35.701087951660156 0.0016541671939194202
-357.78173828125 35.75468826293945 0.0016494750743731856
-357.80499267578125 35.80984115600586 0.0016442107735201716
-357.8288879394531 35.86661911010742 0.0016397094586864114
-357.85345458984375 35.9250373840332 0.0016359328292310238
-357.8787841796875 35.985191345214844 0.0016323471209034324
-357.9049072265625 36.04726791381836 0.0016287612961605191
-357.9318542480469 36.11127471923828 0.0016251754714176059
-357.9595947265625 36.177207946777344 0.001622695941478014
-357.9881591796875 36.24512481689453 0.0016206359723582864
-358.017578125 36.31495666503906 0.00161937705706805
-358.04779052734375 36.386802673339844 0.001618080073967576
-358.0789794921875 36.4609375 0.0016156005440279841
-358.1113586425781 36.537841796875 0.0016101073706522584
-358.1449890136719 36.617671966552734 0.0016042327042669058
-358.1799621582031 36.7007942199707 0.0015970229869708419
-358.21630859375 36.787288665771484 0.001590461703017354
-358.2543029785156 36.8774528503418 0.0015832900535315275
-358.2937927246094 36.97135543823242 0.0015771102625876665
-358.3349914550781 37.06926345825195 0.0015705871628597379
-358.3779296875 37.1712646484375 0.001572036650031805
-358.4226989746094 37.27758026123047 0.0015664291568100452
-358.46929931640625 37.38827133178711 0.0015602874336764216
-358.5178527832031 37.50358963012695 0.0015531539684161544
-358.568359375 37.62358856201172 0.0015466308686882257
-358.6209411621094 37.74851608276367 0.001539955148473382
-358.6755676269531 37.87842559814453 0.0015340422978624701
-358.7324523925781 38.013553619384766 0.0015282058157026768
-358.79156494140625 38.153953552246094 0.001522979699075222
-358.8529968261719 38.29985809326172 0.0015176773304119706
-358.9167175292969 38.45132827758789 0.001512832590378821
-358.9828796386719 38.608585357666016 0.001507720910012722
-359.051513671875 38.77170181274414 0.0015031814109534025
-359.1227722167969 38.94089889526367 0.0014981841668486595
-359.1965637207031 39.116294860839844 0.0014933013590052724
-359.2730407714844 39.29804229736328 0.0014884567353874445
-359.3522033691406 39.48615264892578 0.0014841841766610742
-359.43414306640625 39.680763244628906 0.0014804076636210084
-359.5188293457031 39.88188552856445 0.0014768218388780951
-359.6062927246094 40.08958053588867 0.0014740371843799949
-359.6965026855469 40.30392837524414 0.0014712524134665728
-359.78961181640625 40.5250244140625 0.0014684295747429132
-359.885498046875 40.75299072265625 0.0014654159313067794
-359.98431396484375 40.987937927246094 0.0017076110234484076
-360.0848693847656 41.22682571411133 0.0018032836960628629
-360.1846923828125 41.46406555175781 0.001943511888384819
-360.28424072265625 41.70058059692383 0.001965217525139451
-360.3828125 41.93467712402344 0.0019543839152902365
-360.4802551269531 42.16625213623047 0.0018803024431690574
-360.57769775390625 42.39764404296875 0.0019015884026885033
-360.6744384765625 42.627445220947266 0.0017176055116578937
-360.7706604003906 42.855918884277344 0.0016117476625368
-360.86566162109375 43.08156967163086 0.0015927886124700308
-360.9591064453125 43.30360794067383 0.0016141509404405951
-361.0509033203125 43.521610260009766 0.001648979145102203
-361.14093017578125 43.73540115356445 0.0016853713896125555
-361.22552490234375 43.946083068847656 0.0017317581223323941
-361.3026428222656 44.15420150756836 0.0017982864519581199
-361.3753356933594 44.35901641845703 0.0018487930065020919
-361.44464111328125 44.56035614013672 0.0018755721393972635
-361.5108947753906 44.758323669433594 0.0018835067749023438
-361.5744323730469 44.95302200317383 0.001881294185295701
-361.63214111328125 45.1451301574707 0.0018894957611337304
-361.6822814941406 45.33494567871094 0.0019169234437868
-361.7278137207031 45.522464752197266 0.0019330596551299095
-361.7697448730469 45.70770263671875 0.0019329070346429944
-361.8084411621094 45.890869140625 0.0019215773791074753
-361.8441467285156 46.072044372558594 0.0019058226607739925
-361.8739318847656 46.25120162963867 0.0019043731736019254
-361.896240234375 46.4276123046875 0.0019266509916633368
-361.9199523925781 46.601253509521484 0.0019132995512336493
-361.9537048339844 46.76993179321289 0.001841049175709486
-361.99072265625 46.93451690673828 0.0018268966814503074
-362.02783203125 47.09560775756836 0.0018302917014807463
-362.0644836425781 47.253456115722656 0.0018279647920280695
-362.1004638671875 47.40805435180664 0.0018201445927843451
-362.13568115234375 47.55955505371094 0.0018096159910783172
-362.17022705078125 47.70790481567383 0.0018002318684011698
-362.2041015625 47.8532600402832 0.001791038434021175
-362.23724365234375 47.995574951171875 0.0017843246459960938
-362.2696838378906 48.135009765625 0.0017785262316465378
-362.3014831542969 48.271522521972656 0.0017735289875417948
-362.3326416015625 48.40526580810547 0.0017703628400340676
-362.3631591796875 48.53620529174805 0.0017679595621302724
-362.39300537109375 48.66449737548828 0.001764755230396986
-362.4222717285156 48.79008865356445 0.001763153006322682
-362.450927734375 48.91312789916992 0.0017612456576898694
-362.4789733886719 49.03357696533203 0.0017599868588149548
-362.5064697265625 49.1515998840332 0.0017581176944077015
-362.53338623046875 49.26713180541992 0.0017568969633430243
-362.5597229003906 49.380340576171875 0.0017551040509715676
-362.5855407714844 49.49114990234375 0.0017539215041324496
-362.61090087890625 49.59972381591797 0.0017520522233098745
-362.6356506347656 49.70600891113281 0.0017506408039480448
-362.6598815917969 49.81014633178711 0.0017488478915765882
-362.6833190917969 49.91073989868164 0.001755523611791432
-362.7059326171875 50.00786590576172 0.0017611694056540728
-362.7278137207031 50.101932525634766 0.001764221116900444
-362.74908447265625 50.19342803955078 0.0017633438110351562
-362.76983642578125 50.2825813293457 0.0017605972243472934
-362.79010009765625 50.36976623535156 0.0017558288527652621
-362.80999755859375 50.455135345458984 0.0017505645519122481
-362.8294982910156 50.53902053833008 0.0017443083925172687
-362.84869384765625 50.62154769897461 0.0017381667857989669
-362.86767578125 50.70301055908203 0.0017316436860710382
-362.8864440917969 50.78352737426758 0.0017259216401726007
-362.9049987792969 50.863304138183594 0.001719741732813418
-362.9234313964844 50.9424934387207 0.0017140196869149804
-362.9418029785156 51.02139663696289 0.0017077254597097635
-362.96014404296875 51.10009002685547 0.0017018127255141735
-362.978515625 51.17886734008789 0.0016957473708316684
-362.9968566894531 51.25788497924805 0.0016898727044463158
-363.015380859375 51.33736038208008 0.001683731097728014
-363.0340270996094 51.41736602783203 0.0016783523606136441
-363.05279541015625 51.49817657470703 0.0016725539462640882
-363.07183837890625 51.57986068725586 0.0016673660138621926
-363.0910949707031 51.66271209716797 0.0016617202199995518
-363.11065673828125 51.746795654296875 0.001656608539633453
-363.1305236816406 51.83240509033203 0.0016508483095094562
-363.1490478515625 51.91987991333008 0.0016524887178093195
-363.1654357910156 52.009559631347656 0.0016646194271743298
-363.18402099609375 52.10084915161133 0.0016615675995126367
-363.2047119140625 52.19407653808594 0.0016430664109066129
-363.2261962890625 52.28956985473633 0.0016341018490493298
-363.2483825683594 52.38768768310547 0.0016264342702925205
-363.2712097167969 52.48849868774414 0.001619796734303236
-363.294677734375 52.592308044433594 0.0016123580280691385
-363.31884765625 52.69916915893555 0.0016057586763054132
-363.3437805175781 52.80935287475586 0.0015987777151167393
-363.3694763183594 52.92293930053711 0.0015927886124700308
-363.39599609375 53.04019546508789 0.0015863417647778988
-363.42333984375 53.161170959472656 0.0015808105235919356
-363.45166015625 53.28615951538086 0.0015748976729810238
-363.4808654785156 53.41520309448242 0.001569671556353569
-363.51104736328125 53.548583984375 0.0015642928192391992
-363.5422058105469 53.68634033203125 0.0015593337593600154
-363.5744323730469 53.82875442504883 0.0015539550222456455
-363.60772705078125 53.97587585449219 0.0015491866506636143
-363.64215087890625 54.12795639038086 0.0015438842820003629
-363.6776428222656 54.28506088256836 0.001539153978228569
-363.71441650390625 54.447444915771484 0.0015338897937908769
-363.75238037109375 54.61516571044922 0.0015291976742446423
-363.79156494140625 54.78847122192383 0.0015242384979501367
-363.8287353515625 54.96794891357422 0.0015309905866160989
-363.8619384765625 55.153987884521484 0.001559677068144083
-363.8938903808594 55.34638595581055 0.0015818404499441385
-363.92529296875 55.54522705078125 0.001589927589520812
-363.95611572265625 55.75056076049805 0.0015884781023487449
-363.986328125 55.962528228759766 0.0015825270675122738
-364.0121765136719 56.18102264404297 0.0015906523913145065
-364.03118896484375 56.40602493286133 0.0016233825590461493
-364.05328369140625 56.63759994506836 0.001624374301172793
-364.0841064453125 56.87504577636719 0.0015605926746502519
-364.1183776855469 57.11869812011719 0.0015246199909597635
-364.1539306640625 57.36571502685547 0.0015335845528170466
-364.1896667480469 57.61241912841797 0.0015661621000617743
-364.22509765625 57.85666275024414 0.0016075134044513106
-364.26007080078125 58.09730911254883 0.001648597652092576
-364.29443359375 58.333778381347656 0.0016851043328642845
-364.328125 58.5657844543457 0.0017155837267637253
-364.3612060546875 58.7932014465332 0.0017397688934579492
-364.3935546875 59.01601791381836 0.0017582701984792948
-364.4252624511719 59.23427200317383 0.0017724990611895919
-364.4562683105469 59.447998046875 0.0017826079856604338
-364.4866638183594 59.65728759765625 0.0017897033831104636
-364.5164489746094 59.86222839355469 0.0017943572020158172
-364.5456237792969 60.06288528442383 0.001797485281713307
-364.57415771484375 60.25936508178711 0.001799087505787611
-364.6021423339844 60.45182418823242 0.0017993926303461194
-364.6295166015625 60.64045715332031 0.0017979812109842896
-364.6531677246094 60.82566452026367 0.0018080901354551315
-364.6713562011719 61.00766372680664 0.0018392180791124701
-364.68707275390625 61.186614990234375 0.0018596267327666283
-364.700927734375 61.36277389526367 0.001863784738816321
-364.71343994140625 61.53628158569336 0.0018570327665656805
-364.72454833984375 61.70740509033203 0.001845779363065958
-364.7316589355469 61.8759880065918 0.0018453216180205345
-364.733154296875 62.042083740234375 0.0018632125575095415
-364.73187255859375 62.20621109008789 0.0018723678076639771
-364.7281799316406 62.368743896484375 0.0018679809290915728
-364.7226867675781 62.52981948852539 0.001855773851275444
-364.7151794433594 62.68968200683594 0.0018398284446448088
-364.7033996582031 62.84763717651367 0.0018381881527602673
-364.6858215332031 63.00350570678711 0.0018538665026426315
-364.6648864746094 63.15821075439453 0.0018614958971738815
-364.64111328125 63.31220626831055 0.001856575021520257
-364.6202392578125 63.46719741821289 0.0018193053547292948
-364.6095886230469 63.622493743896484 0.0017601012950763106
-364.6027526855469 63.776161193847656 0.0017667007632553577
-364.5968017578125 63.92749786376953 0.0017811583820730448
-364.5911560058594 64.07617950439453 0.0017869186121970415
-364.5856018066406 64.22205352783203 0.0017857360653579235
-364.5802917480469 64.36506652832031 0.001781196566298604
-364.5749816894531 64.50521850585938 0.001776046701706946
-364.5699157714844 64.64252471923828 0.0017713165143504739
-364.5647888183594 64.77701568603516 0.001767234760336578
-364.5599060058594 64.90875244140625 0.0017642593011260033
-364.55499267578125 65.03778076171875 0.0017616271506994963
-364.55035400390625 65.16415405273438 0.0017594527453184128
-364.5456237792969 65.28791046142578 0.0017578506376594305
-364.5411682128906 65.40914154052734 0.0017562865978106856
-364.53662109375 65.5278549194336 0.0017547988099977374
-364.53228759765625 65.64412689208984 0.0017535018268972635
-364.5279541015625 65.75799560546875 0.0017522430280223489
-364.5238342285156 65.86952209472656 0.0017511749174445868
-364.5196838378906 65.97875213623047 0.0017497253138571978
-364.51568603515625 66.08572387695312 0.0017482757102698088
-364.5117492675781 66.18913269042969 0.0017543792491778731
-364.50994873046875 66.28883361816406 0.0017690276727080345
-364.51080322265625 66.38524627685547 0.0017915725475177169
-364.51263427734375 66.47895812988281 0.0018032073276117444
-364.5147705078125 66.57030487060547 0.00180248252581805
-364.5172424316406 66.65959167480469 0.001794738695025444
-364.5199279785156 66.7470474243164 0.00178356165997684
-364.5245361328125 66.83258056640625 0.0017795562744140625
-364.5314636230469 66.91622161865234 0.001785926753655076
-364.5393981933594 66.99857330322266 0.001785926753655076
-364.5476989746094 67.07989501953125 0.001778297359123826
-364.5565490722656 67.16044616699219 0.00176658621057868
-364.5656433105469 67.24040222167969 0.0017536926316097379
-364.57537841796875 67.31999969482422 0.0017414093017578125
-364.58685302734375 67.39885711669922 0.0017385100945830345
-364.6009826660156 67.47701263427734 0.0017450331943109632
-364.6159973144531 67.55520629882812 0.0017457579961046576
-364.6320495605469 67.63372039794922 0.0017396163893863559
-364.64556884765625 67.71511840820312 0.001706352224573493
-364.6526184082031 67.7994155883789 0.0016912841238081455
-364.6581115722656 67.88416290283203 0.0017053221818059683
-364.6634826660156 67.96835327148438 0.0017160034039989114
-364.668701171875 68.05147552490234 0.0017206573393195868
-364.6738586425781 68.13326263427734 0.0017216872656717896
-364.67889404296875 68.21356964111328 0.0017214202089235187
-364.6838684082031 68.29232788085938 0.0017209624638780951
-364.6886901855469 68.36953735351562 0.001720428466796875
-364.69342041015625 68.44517517089844 0.0017201232258230448
-364.6981201171875 68.519287109375 0.0017201995942741632
-364.7026062011719 68.5900650024414 0.0017299270257353783
-364.706787109375 68.65750122070312 0.0017394637688994408
-364.7109375 68.72222137451172 0.0017444228287786245
-364.7147521972656 68.78471374511719 0.001745262066833675
-364.7186279296875 68.84538269042969 0.001742782536894083
-364.7222595214844 68.90455627441406 0.001738319406285882
-364.72601318359375 68.96250915527344 0.0017329406691715121
-364.7294921875 69.01952362060547 0.0017266464419662952
-364.7330627441406 69.07582092285156 0.0017198561690747738
-364.73651123046875 69.13163757324219 0.0017134094377979636
-364.7401123046875 69.18718719482422 0.0017068099696189165
-364.7435607910156 69.24267578125 0.0017002105014398694
-364.74713134765625 69.2983169555664 0.0016937255859375
-364.7505798339844 69.35430145263672 0.0016872405540198088
-364.7541809082031 69.41081237792969 0.0016811370151117444
-364.7576599121094 69.468017578125 0.0016751860966905951
-364.7614440917969 69.52608489990234 0.0016694259829819202
-364.76507568359375 69.58515167236328 0.0016640472458675504
-364.76885986328125 69.6453628540039 0.0016589355655014515
-364.7726745605469 69.70683288574219 0.0016545867547392845
-364.77667236328125 69.76966857910156 0.0016502761282026768
-364.7807312011719 69.83409881591797 0.001645317068323493
-364.784912109375 69.90048217773438 0.0016395950224250555
-364.7891845703125 69.96875 0.0016352081438526511
-364.7936096191406 70.03886413574219 0.0016321945004165173
-364.7980651855469 70.11083221435547 0.0016298674745485187
-364.80279541015625 70.18492889404297 0.001626510638743639
-364.80755615234375 70.26139831542969 0.0016223525162786245
-364.81256103515625 70.34038543701172 0.0016178512014448643
-364.81756591796875 70.42192840576172 0.0016144179971888661
-364.8229064941406 70.50592803955078 0.0016117858467623591
-364.82830810546875 70.5927734375 0.001607818529009819
-364.83404541015625 70.68274688720703 0.0016027450328692794
-364.8398742675781 70.77615356445312 0.001596908550709486
-364.8460388183594 70.87320709228516 0.0015906905755400658
-364.852294921875 70.97412109375 0.0015840911073610187
-364.85894775390625 71.07907104492188 0.0015777586959302425
-364.86578369140625 71.18827056884766 0.0015715026529505849
-364.8729553222656 71.30186462402344 0.001565856859087944
-364.8803405761719 71.4200439453125 0.0015600585611537099
-364.8856506347656 71.54291534423828 0.0015629195841029286
-364.88763427734375 71.67056274414062 0.0015809631440788507
-364.8885498046875 71.80323791503906 0.0015929794171825051
-364.89208984375 71.9411392211914 0.0015822219429537654
-364.8984680175781 72.08433532714844 0.0015560149913653731
-364.9054870605469 72.23274993896484 0.0015472793020308018
-364.9129333496094 72.3847427368164 0.001552581787109375
-364.9203186035156 72.53756713867188 0.001572685199789703
-364.9277648925781 72.68949127197266 0.0016006468795239925
-364.93511962890625 72.8395767211914 0.0016302107833325863
-364.94232177734375 72.98728942871094 0.001657791086472571
-364.9493713378906 73.13237762451172 0.0016814422560855746
-364.9563903808594 73.27470397949219 0.0017005157424136996
-364.96319580078125 73.41421508789062 0.0017156219109892845
-364.96990966796875 73.55091857910156 0.001726875314489007
-364.9764404296875 73.68486022949219 0.001735420199111104
-364.98291015625 73.81605529785156 0.0017415618058294058
-364.9891357421875 73.94457244873047 0.0017457579961046576
-364.9953308105469 74.07042694091797 0.0017485427670180798
-365.0013732910156 74.19368743896484 0.001750526367686689
-365.00726318359375 74.3144302368164 0.0017512511694803834
-365.01300048828125 74.43267059326172 0.0017515564104542136
-365.01861572265625 74.54730224609375 0.001757774269208312
-365.0240173339844 74.65834045410156 0.0017636107513681054
-365.0293273925781 74.76625061035156 0.0017661666497588158
-365.0343933105469 74.87139129638672 0.0017656325362622738
-365.03948974609375 74.97406768798828 0.0017629241337999701
-365.0443420410156 75.07454681396484 0.0017586135072633624
-365.0492248535156 75.17308044433594 0.0017535018268972635
-365.0538635253906 75.2698974609375 0.0017478179652243853
-365.05859375 75.36520385742188 0.0017419814830645919
-365.0631408691406 75.459228515625 0.0017358397599309683
-365.06768798828125 75.55217742919922 0.001729888841509819
-365.0721435546875 75.64424133300781 0.0017236327985301614
-365.07666015625 75.73563385009766 0.001717376639135182
-365.08111572265625 75.82654571533203 0.0017114257207140326
-365.0856628417969 75.91716766357422 0.0017057036748155951
-365.0901184082031 76.00772094726562 0.0016999435611069202
-365.0946350097656 76.0983657836914 0.0016939544584602118
-365.0990905761719 76.18931579589844 0.0016882704803720117
-365.1036376953125 76.2807388305664 0.0016824721824377775
-365.1080627441406 76.37284088134766 0.001676864572800696
-365.11260986328125 76.4657974243164 0.0016711043426766992
-365.1171875 76.55979919433594 0.0016653442289680243
-365.1219177246094 76.65503692626953 0.0016598128713667393
-365.1265563964844 76.75169372558594 0.0016542816301807761
-365.13140869140625 76.84996032714844 0.0016487884568050504
-365.13623046875 76.95003509521484 0.0016431808471679688
-365.1412658691406 77.05207061767578 0.0016374968690797687
-365.1463317871094 77.15629577636719 0.001631889259442687
-365.1515808105469 77.26285552978516 0.001626243581995368
-365.1568603515625 77.37196350097656 0.0016202162951231003
-365.1623840332031 77.4837646484375 0.0016147231217473745
-365.16796875 77.59847259521484 0.0016094207530841231
-365.1737365722656 77.71624755859375 0.0016041564522311091
-365.1795959472656 77.8372802734375 0.0015989303356036544
-365.1856994628906 77.96172332763672 0.0015934753464534879
-365.19189453125 78.08977508544922 0.001588363666087389
-365.1983947753906 78.22158813476562 0.0015831756172701716
-365.2049865722656 78.35734558105469 0.001577835064381361
-365.21185302734375 78.49720764160156 0.001572570763528347
-365.2188720703125 78.641357421875 0.0015672682784497738
-365.2261657714844 78.78994750976562 0.0015621185302734375
-365.2336120605469 78.94314575195312 0.0015571975382044911
-365.24139404296875 79.10111999511719 0.0015523529145866632
-365.24932861328125 79.2640151977539 0.001547317486256361
-365.2575988769531 79.43201446533203 0.001542053185403347
-365.2660827636719 79.60527801513672 0.0015371703775599599
-365.2748107910156 79.78396606445312 0.001532325753942132
-365.2838134765625 79.96824645996094 0.0015271377051249146
-365.2931213378906 80.15829467773438 0.0015224457019940019
-365.30267333984375 80.354248046875 0.0015176773304119706
-365.31256103515625 80.55623626708984 0.0015127944061532617
-365.3227233886719 80.76435089111328 0.0015084457118064165
-365.33319091796875 80.9787368774414 0.0015043258899822831
-365.3440246582031 81.19944763183594 0.0015006636967882514
-365.3551025390625 81.42660522460938 0.0014971542404964566
-365.36651611328125 81.66027069091797 0.0014938735403120518
-365.37823486328125 81.90056610107422 0.0014904403360560536
-365.3902587890625 82.14764404296875 0.0014871215680614114
-365.4026794433594 82.40159606933594 0.001728820730932057
-365.4153137207031 82.659423828125 0.0018224334344267845
-365.42779541015625 82.91532135009766 0.001869964529760182
-365.4403076171875 83.17167663574219 0.001876411377452314
-365.4498596191406 83.42967224121094 0.0018717956263571978
-365.4537048339844 83.6910171508789 0.0018843078287318349
-365.4538879394531 83.9566421508789 0.001891822787001729
-365.45538330078125 84.22821807861328 0.0018646621610969305
-365.4596862792969 84.50606536865234 0.0018006133614107966
-365.4652404785156 84.791259765625 0.001736869802698493
-365.4713134765625 85.08391571044922 0.0016963958041742444
-365.4776916503906 85.38497161865234 0.0016684341244399548
-365.4844055175781 85.69441986083984 0.0016484832158312201
-365.4913635253906 86.01312255859375 0.00162925710901618
-365.49847412109375 86.34078979492188 0.0016157912323251367
-365.5057373046875 86.67544555664062 0.0016193008050322533
-365.5130920410156 87.01203155517578 0.0016530989669263363
-365.5203857421875 87.34790802001953 0.0016998290084302425
-365.5276184082031 87.68080139160156 0.0017529296455904841
-365.5348205566406 88.00984954833984 0.0018016814719885588
-365.5418701171875 88.33374786376953 0.0018479155842214823
-365.548828125 88.65232849121094 0.0018852996872738004
-365.5556640625 88.96470642089844 0.0019193267216905951
-365.5623474121094 89.2710952758789 0.0019448852399364114
-365.56884765625 89.57080841064453 0.0019678878597915173
-365.5753173828125 89.86428833007812 0.001983489841222763
-365.58154296875 90.15095520019531 0.001998634310439229
-365.587646484375 90.43132781982422 0.0020068360026925802
-365.5935974121094 90.70488739013672 0.00201587681658566
-365.5994567871094 90.97228240966797 0.002019424457103014
-365.6051025390625 91.23295593261719 0.002024497836828232
-365.6106262207031 91.48759460449219 0.0020245742052793503
-365.6160888671875 91.7363052368164 0.0019078063778579235
-365.6214294433594 91.9822769165039 0.0017362976213917136
-365.626708984375 92.22467803955078 0.0016761779552325606
-365.6319580078125 92.46299743652344 0.001670417725108564
-365.63702392578125 92.69707489013672 0.0016873549902811646
-365.6420593261719 92.92696380615234 0.0017101287376135588
-365.6469421386719 93.15277099609375 0.0017311095725744963
-365.6518249511719 93.3747329711914 0.0017476272769272327
-365.65655517578125 93.59307098388672 0.001759223872795701
-365.6612548828125 93.80803680419922 0.001765937777236104
-365.6659240722656 94.0198974609375 0.0017687988001853228
-365.67041015625 94.2288589477539 0.0017692947294563055
-365.6749267578125 94.43517303466797 0.001767234760336578
-365.6794128417969 94.6390380859375 0.0017641448648646474
-365.6838073730469 94.84075927734375 0.0017595291137695312
-365.6881103515625 95.04048919677734 0.0017546463059261441
-365.6924133300781 95.23851013183594 0.0017489242600277066
-365.69671630859375 95.43502044677734 0.0017431258456781507
-365.7010192871094 95.63026428222656 0.0017366789979860187
-365.7052917480469 95.82440948486328 0.0017304992070421576
-365.7095947265625 96.01776123046875 0.0017235946143046021
-365.71380615234375 96.21044921875 0.0017173003870993853
-365.7179260253906 96.40274047851562 0.0017110061598941684
-365.7220153808594 96.59479522705078 0.001704750000499189
-365.72613525390625 96.7868423461914 0.0016982269007712603
-365.730224609375 96.97907257080078 0.0016923141665756702
-365.73443603515625 97.17174530029297 0.0016860580071806908
-365.7387390136719 97.36497497558594 0.0016800689045339823
-365.7430419921875 97.55904388427734 0.0016739272978156805
-365.7473449707031 97.75405883789062 0.0016680908156558871
-365.7516174316406 97.95030212402344 0.0016619110247120261
-365.75592041015625 98.14788818359375 0.0016559981741011143
-365.7602233886719 98.34708404541016 0.0016498183831572533
-365.7645568847656 98.54801177978516 0.0016444014618173242
-365.76904296875 98.75091552734375 0.001638450543396175
-365.7735595703125 98.95592498779297 0.0016328811179846525
-365.7780456542969 99.16326141357422 0.0016272353241220117
-365.7825622558594 99.37306213378906 0.0016218567034229636
-365.7872619628906 99.58555603027344 0.0016163635300472379
-365.79193115234375 99.80085754394531 0.0016110992291942239
-365.7966613769531 100.01919555664062 0.0016056442400440574
-365.7977600097656 100.24048614501953 0.001614379812963307
-365.79803466796875 100.46488952636719 0.0016294097295030951
-365.8006591796875 100.69281768798828 0.0016156767960637808
-365.8039855957031 100.92442321777344 0.0015973281115293503
-365.8074951171875 101.15985107421875 0.0015869903145357966
-365.8111267089844 101.3992691040039 0.0015799712855368853
-365.8148498535156 101.64234161376953 0.0015770340105518699
-365.81854248046875 101.88644409179688 0.0015896987169981003
-365.822265625 102.12897491455078 0.0016164779663085938
-365.8259582519531 102.36859130859375 0.0016485595842823386
-365.82952880859375 102.60467529296875 0.0016794204711914062
-365.8330383300781 102.83702087402344 0.0017058562953025103
-365.8365478515625 103.06563568115234 0.0017267989460378885
-365.8399963378906 103.29063415527344 0.001741867046803236
-365.84332275390625 103.51220703125 0.0017517852829769254
-365.84661865234375 103.73057556152344 0.0017579268896952271
-365.8499450683594 103.94596099853516 0.0017607497284188867
-365.8532409667969 104.15863037109375 0.0017611312214285135
-365.8563232421875 104.36881256103516 0.0017595291137695312
-365.8594970703125 104.57669067382812 0.0017564392182976007
-365.8625793457031 104.78250885009766 0.0017527389572933316
-365.86572265625 104.98648071289062 0.0017479705857113004
-365.8688049316406 105.1888656616211 0.001742782536894083
-365.8719787597656 105.38985443115234 0.0017373275477439165
-365.87506103515625 105.58968353271484 0.0017314148135483265
-365.87811279296875 105.78858947753906 0.0017255782149732113
-365.877685546875 105.98655700683594 0.0017325591761618853
-365.8719482421875 106.18350982666016 0.0017631149385124445
-365.8636779785156 106.3800277709961 0.0017845535185188055
-365.8537292480469 106.57633209228516 0.001790008507668972
-365.8422546386719 106.77268981933594 0.0017840194050222635
-365.833984375 106.96953582763672 0.0017548751784488559
-365.8289794921875 107.16699981689453 0.00171318044885993
-365.8247985839844 107.3652114868164 0.0016973494784906507
-365.8207702636719 107.5643539428711 0.0016882324125617743
-365.8168640136719 107.7646255493164 0.0016793441027402878
-365.8129577636719 107.96578979492188 0.0016728972550481558
-365.8090515136719 108.16605377197266 0.0016773223178461194
-365.80511474609375 108.36395263671875 0.0016903686337172985
-365.80126953125 108.55877685546875 0.0017068862216547132
-365.7975158691406 108.75013732910156 0.0017236708663403988
-365.7938232421875 108.93785858154297 0.0017384338425472379
-365.7901916503906 109.12191772460938 0.0017503737471997738
-365.78668212890625 109.30228424072266 0.0017593764932826161
-365.78314208984375 109.47901153564453 0.0017659759614616632
-365.77978515625 109.65215301513672 0.0017706298967823386
-365.77642822265625 109.82179260253906 0.0017735289875417948
-365.7731628417969 109.98795318603516 0.0017750930273905396
-365.76995849609375 110.15071868896484 0.0017762373900040984
-365.7668762207031 110.3101806640625 0.0017764281947165728
-365.7637023925781 110.46637725830078 0.0017758940812200308
-365.7607727050781 110.6193618774414 0.0017753218999132514
-365.7578125 110.76922607421875 0.0017742919735610485
-365.7549133300781 110.91532897949219 0.0017768859397619963
-365.75213623046875 111.05777740478516 0.0017789459088817239
-365.74945068359375 111.19691467285156 0.0017788695404306054
-365.7466735839844 111.3330078125 0.0017766570672392845
-365.7441711425781 111.46634674072266 0.001773414551280439
-365.7415466308594 111.59715270996094 0.0017689132364466786
-365.7391052246094 111.72567749023438 0.0017636871198192239
-365.7364807128906 111.85211944580078 0.0017580795101821423
-365.7340393066406 111.97669982910156 0.0017522048437967896
-365.73162841796875 112.09961700439453 0.001746444613672793
-365.7293701171875 112.22113037109375 0.0017403030069544911
-365.7269592285156 112.34142303466797 0.0017337799072265625
-365.72467041015625 112.46067810058594 0.001727638184092939
-365.7222595214844 112.57911682128906 0.0017218398861587048
-365.7200012207031 112.69695281982422 0.0017157745314761996
-365.7175598144531 112.81436157226562 0.0017098236130550504
-365.7153015136719 112.93157196044922 0.0017041015671566129
-365.712890625 113.04874420166016 0.0016981506487354636
-365.7106018066406 113.16610717773438 0.0016922377981245518
-365.70819091796875 113.28385162353516 0.0016862106276676059
-365.7059020996094 113.40218353271484 0.0016803359612822533
-365.7035217285156 113.52125549316406 0.0016744612948969007
-365.7012023925781 113.64129638671875 0.0016686629969626665
-365.6988220214844 113.76248168945312 0.001662788330577314
-365.6965026855469 113.8849868774414 0.0016569900326430798
-365.6940612792969 114.009033203125 0.0016513061709702015
-365.6915588378906 114.13479614257812 0.0016456985613331199
-365.68896484375 114.262451171875 0.0016401672037318349
-365.68646240234375 114.39218139648438 0.0016343307215720415
-365.68389892578125 114.52418518066406 0.0016287612961605191
-365.6812744140625 114.65863800048828 0.0016232681227847934
-365.6784973144531 114.79570007324219 0.0016176223289221525
-365.6758117675781 114.93557739257812 0.0016123199602589011
-365.6730041503906 115.07843780517578 0.001606903038918972
-365.67010498046875 115.22444915771484 0.0016015243018046021
-365.6671447753906 115.37381744384766 0.0015962219331413507
-365.6642150878906 115.52667999267578 0.0015909576322883368
-365.6610412597656 115.68321228027344 0.0015856170793995261
-365.657958984375 115.84362030029297 0.001580314594320953
-365.6546936035156 116.00804138183594 0.0015753173502162099
-365.6513977050781 116.1766357421875 0.0015701674856245518
-365.64794921875 116.349609375 0.001564941368997097
-365.64447021484375 116.52710723876953 0.0015597152523696423
-365.6408996582031 116.70927429199219 0.0015546035720035434
-365.63720703125 116.89631652832031 0.0015497207641601562
-365.6334533691406 117.08841705322266 0.0015446471516042948
-365.6295471191406 117.2856674194336 0.0015398025279864669
-365.6255798339844 117.48826599121094 0.0015350341564044356
-365.6214904785156 117.69629669189453 0.001530342036858201
-365.61724853515625 117.90992736816406 0.0015257644699886441
-365.6129455566406 118.12925720214844 0.001521530095487833
-365.6085205078125 118.35440826416016 0.001517715398222208
-365.6039733886719 118.58545684814453 0.001513748080469668
-365.5992736816406 118.82252502441406 0.0015097808791324496
-365.5945129394531 119.06572723388672 0.0015061568701639771
-365.5896301269531 119.31525421142578 0.0015729903243482113
-365.5845642089844 119.57118225097656 0.0017678069416433573
-365.5794982910156 119.82910919189453 0.0018492889357730746
-365.57440185546875 120.08541107177734 0.0018845367012545466
-365.5693359375 120.34160614013672 0.0018876265967264771
-365.5642395019531 120.59978485107422 0.0018690490396693349
-365.5591735839844 120.8608627319336 0.0018431853968650103
-365.55389404296875 121.12647247314453 0.0018112182151526213
-365.5486145019531 121.39707946777344 0.0017816543113440275
-365.54315185546875 121.67391204833984 0.0017514800420030951
-365.53759765625 121.9571762084961 0.0017259978922083974
-365.5318908691406 122.2478256225586 0.0017005919944494963
-365.5260314941406 122.5458984375 0.0016807555221021175
-365.5199890136719 122.85221099853516 0.001661224290728569
-365.5137939453125 123.16664123535156 0.0016455077566206455
-365.5074157714844 123.48997497558594 0.001629524165764451
-365.5008850097656 123.82209014892578 0.0016170883318409324
-365.4941711425781 124.16365814208984 0.001604003831744194
-365.48724365234375 124.51456451416016 0.0015938949072733521
-365.4801940917969 124.87548828125 0.0015827178722247481
-365.4728698730469 125.24626922607422 0.0015736388741061091
-365.46539306640625 125.6275863647461 0.0015632628928869963
-365.4576721191406 126.0193099975586 0.0015553283737972379
-365.44976806640625 126.42208099365234 0.0015460205031558871
-365.44158935546875 126.83580017089844 0.001538352924399078
-365.4332275390625 127.26109313964844 0.001529006869532168
-365.4246826171875 127.6978759765625 0.0015214156592264771
-365.4158630371094 128.1468048095703 0.0015121841570362449
-365.40679931640625 128.60781860351562 0.0015042113373056054
-365.3974914550781 129.08160400390625 0.001494674594141543
-365.3879089355469 129.56813049316406 0.00148601527325809
-365.3780822753906 130.06817626953125 0.0014752577990293503
-365.3679504394531 130.58209228515625 0.0014638137072324753
-365.3575439453125 131.1107177734375 0.0014499664539471269
-365.34686279296875 131.65380859375 0.0014398955972865224
-365.33587646484375 132.21116638183594 0.0014334869338199496
-365.32464599609375 132.78253173828125 0.0014300155453383923
-365.3131103515625 133.3678741455078 0.0014281081967055798
-365.30133056640625 133.9671630859375 0.0014267348451539874
-365.28924560546875 134.58055114746094 0.001425247173756361
-365.27685546875 135.2081298828125 0.0014230345841497183
-365.2642517089844 135.85011291503906 0.0014199066208675504
-365.2513122558594 136.5067138671875 0.0014163588639348745
-365.2381286621094 137.1781768798828 0.0014118957333266735
-365.224609375 137.86463928222656 0.0015552901895716786
-365.2104187011719 138.56626892089844 0.0016897582681849599
-365.1961975097656 139.28347778320312 0.001687126117758453
-365.18182373046875 140.01634216308594 0.0016384124755859375
-365.1673889160156 140.76492309570312 0.0015817260136827826
-365.15264892578125 141.5292510986328 0.0015304946573451161
-365.1377258300781 142.30935668945312 0.0014885711716488004
-365.1225280761719 143.105224609375 0.0014562606811523438
-365.1070556640625 143.91683959960938 0.001431961078196764
-365.09130859375 144.74423217773438 0.0014138793339952826
-365.0753173828125 145.58734130859375 0.0014008331345394254
-365.05902099609375 146.44615173339844 0.0013916015159338713
-365.04241943359375 147.32066345214844 0.0013851546682417393
-365.0255432128906 148.21080017089844 0.001380653353407979
-365.00836181640625 149.11656188964844 0.0013779067667201161
-364.9908447265625 150.03794860839844 0.0013760756701231003
-364.97308349609375 150.97488403320312 0.0013748550554737449
-364.9549865722656 151.92735290527344 0.0013742827577516437
-364.9366455078125 152.89532470703125 0.0013740158174186945
-364.91796875 153.87876892089844 0.001373939448967576
-364.8990173339844 154.8776397705078 0.0013742446899414062
-364.8797607421875 155.89193725585938 0.0013748168712481856
-364.8602294921875 156.92160034179688 0.001375503488816321
-364.84039306640625 157.96658325195312 0.0013760756701231003
-364.82025146484375 159.02688598632812 0.0013785933842882514
-364.7998352050781 160.10215759277344 0.0013824080815538764
-364.7791748046875 161.18905639648438 0.001406822120770812
-364.7584533691406 162.2799530029297 0.0014745329972356558
-364.73779296875 163.3671112060547 0.0015797805972397327
-364.71734619140625 164.44525146484375 0.001700668246485293
-364.6971130371094 165.51095581054688 0.001820259029045701
-364.6770935058594 166.56195068359375 0.0019292067736387253
-364.6574401855469 167.59677124023438 0.002023315289989114
-364.63812255859375 168.6144256591797 0.0021026229951530695
-364.61907958984375 169.61439514160156 0.0021667098626494408
-364.6004333496094 170.59632873535156 0.0022175980266183615
-364.5821533203125 171.56008911132812 0.0022564316168427467
-364.5641784667969 172.50570678710938 0.0022864150814712048
-364.5465087890625 173.43325805664062 0.002307624788954854
-364.52923583984375 174.3429412841797 0.0023227690253406763
-364.5123291015625 175.23492431640625 0.002332611009478569
-364.4957275390625 176.10948181152344 0.002338142367079854
-364.47943115234375 176.96688842773438 0.002340469276532531
-364.4635009765625 177.80735778808594 0.0023403167724609375
-364.4478759765625 178.63121032714844 0.002337837126106024
-364.43255615234375 179.438720703125 0.002334060613065958
-364.41754150390625 180.23020935058594 0.0023291015531867743
-364.4028015136719 181.00592041015625 0.0023230360820889473
-364.3883972167969 181.76614379882812 0.002316703787073493
-364.3742370605469 182.5111846923828 0.0023101423867046833
-364.3603820800781 183.24134826660156 0.0023027800489217043
-364.3468017578125 183.95684814453125 0.0022954177111387253
-364.3334655761719 184.6580352783203 0.002288246061652899
-364.3204650878906 185.3451385498047 0.002280616667121649
-364.30767822265625 186.0183868408203 0.0022728347685188055
-364.2951354980469 186.67808532714844 0.002264747628942132
-364.2828674316406 187.32449340820312 0.0022573089227080345
-364.2708435058594 187.9578399658203 0.002249832032248378
-364.2590637207031 188.57839965820312 0.0022423171903938055
-364.24749755859375 189.18638610839844 0.0022352980449795723
-364.2362060546875 189.7821044921875 0.0022280884440988302
-364.22515869140625 190.36572265625 0.0022209929302334785
-364.21429443359375 190.9375 0.002213439904153347
-364.20367431640625 191.49766540527344 0.0022062682546675205
-364.1932373046875 192.04649353027344 0.0021994018461555243
-364.1830139160156 192.58433532714844 0.0021918488200753927
-364.1730651855469 193.1114959716797 0.0021832275670021772
-364.16314697265625 193.62850952148438 0.0021736908238381147
-364.1536560058594 194.13540649414062 0.0021657561883330345
-364.1441345214844 194.6322021484375 0.002159194787964225
-364.1350402832031 195.11907958984375 0.0021534727420657873
-364.1258850097656 195.59613037109375 0.002148208674043417
-364.1171875 196.06356811523438 0.002143058693036437
-364.10833740234375 196.52145385742188 0.002138328505679965
-364.10003662109375 196.9700164794922 0.002133865375071764
-364.091552734375 197.40928649902344 0.0021295929327607155
-364.08355712890625 197.83949279785156 0.0021252059377729893
-364.07537841796875 198.26071166992188 0.0021208571270108223
-364.0677185058594 198.6731414794922 0.0021164321806281805
-364.0599060058594 199.07688903808594 0.0021123504266142845
-364.0525817871094 199.4720916748047 0.002108345041051507
-364.0450744628906 199.85885620117188 0.0021044539753347635
-364.03802490234375 200.23736572265625 0.0021003722213208675
-364.03082275390625 200.607666015625 0.0020965193398296833
-364.024169921875 200.96994018554688 0.0020927046425640583
-364.0172424316406 201.32427978515625 0.002088699257001281
-364.0108947753906 201.67083740234375 0.002084922743961215
-364.00103759765625 202.00933837890625 0.0020951079204678535
-363.9854736328125 202.33946228027344 0.0021384430583566427
-363.9651794433594 202.66159057617188 0.0021786116994917393
-363.9418029785156 202.97601318359375 0.002200927585363388
-363.914794921875 203.2828826904297 0.0022079467307776213
-363.8894348144531 203.58279418945312 0.0021889496129006147
-363.86651611328125 203.87586975097656 0.002138328505679965
-363.84521484375 204.16221618652344 0.0020928573794662952
-363.82427978515625 204.44178771972656 0.0020635223481804132
-363.8042907714844 204.7147979736328 0.0020472717005759478
-363.7843933105469 204.98123168945312 0.002038879320025444
-363.7654724121094 205.24130249023438 0.0020348739344626665
-363.74652099609375 205.49513244628906 0.0020325088407844305
-363.7281188964844 205.743896484375 0.0018648910336196423
-363.7100830078125 205.9895477294922 0.0017228698125109076
-363.6922912597656 206.23114013671875 0.0016782759921625257
-363.6748352050781 206.46835327148438 0.0016795729752629995
-363.65777587890625 206.70095825195312 0.0016996001359075308
-363.64105224609375 206.9288787841797 0.0017240142915397882
-363.6246337890625 207.1521453857422 0.0017464827978983521
-363.6085510253906 207.37083435058594 0.001764602609910071
-363.5928039550781 207.58502197265625 0.001778297359123826
-363.5773620605469 207.79478454589844 0.0017880249070003629
-363.562255859375 208.0001678466797 0.0017944335704669356
-363.5474853515625 208.20118713378906 0.0017984389560297132
-363.5330505371094 208.39797973632812 0.0018006133614107966
-363.5188903808594 208.59068298339844 0.0018012237269431353
-363.5050354003906 208.77935791015625 0.0018006133614107966
-363.48822021484375 208.96360778808594 0.001812744070775807
-363.4669494628906 209.14320373535156 0.0018457411788403988
-363.44390869140625 209.31878662109375 0.0018683624221011996
-363.4199523925781 209.49058532714844 0.0018745040288195014
-363.395263671875 209.65866088867188 0.001870231586508453
-363.3699951171875 209.8231964111328 0.0018608474638313055
-363.3414611816406 209.98321533203125 0.0018638229230418801
-363.3085021972656 210.13841247558594 0.001884956262074411
-363.279052734375 210.29110717773438 0.0018730544252321124
-363.2566223144531 210.44171142578125 0.0018255995819345117
-363.2361145019531 210.58949279785156 0.0018143843626603484
-363.21630859375 210.73431396484375 0.0018101501045748591
-363.1969909667969 210.87611389160156 0.001803665072657168
-363.1781311035156 211.01507568359375 0.0017958068056032062
-363.15960693359375 211.151123046875 0.0017877960344776511
-363.1415100097656 211.28440856933594 0.0017810057615861297
-363.1237487792969 211.41490173339844 0.0017749404069036245
-363.10638427734375 211.542724609375 0.00177001953125
-363.08935546875 211.6679229736328 0.0017663192702457309
-363.0728454589844 211.78952026367188 0.0017681884346529841
-363.0567626953125 211.9075164794922 0.0017713165143504739
-363.0411682128906 212.0223846435547 0.0017719268798828125
-363.02374267578125 212.13397216796875 0.0017763900104910135
-363.00384521484375 212.24229431152344 0.0017941665137186646
-362.9833068847656 212.3482208251953 0.001803817693144083
-362.962646484375 212.45201110839844 0.00180248252581805
-362.9418029785156 212.55393981933594 0.0017937469528988004
-362.91912841796875 212.65353393554688 0.0017914961790665984
-362.89385986328125 212.75071716308594 0.0017996215028688312
-362.86767578125 212.84640502929688 0.0018004989251494408
-362.8408508300781 212.94097900390625 0.0017926024738699198
-362.8135986328125 213.0345916748047 0.0017799758352339268
-362.7857360839844 213.12750244140625 0.001766204833984375
-362.7558898925781 213.2189178466797 0.0017626190092414618
-362.7225341796875 213.30975341796875 0.0017643355531618
-362.6914367675781 213.40283203125 0.0017434691544622183
-362.6676940917969 213.49774169921875 0.0017211150843650103
-362.6461181640625 213.5920867919922 0.0017352295108139515
-362.625 213.68502807617188 0.001745948800817132
-362.6043395996094 213.77642822265625 0.0017488098237663507
-362.58404541015625 213.86607360839844 0.001746864290907979
-362.564208984375 213.9539337158203 0.0017430877778679132
-362.5447082519531 214.04005432128906 0.001739501953125
-362.5256652832031 214.1244659423828 0.0017359923804178834
-362.5069580078125 214.2071075439453 0.0017335891025140882
-362.4886779785156 214.28814697265625 0.0017461776733398438
-362.47064208984375 214.3675079345703 0.0017241667956113815
-362.45306396484375 214.44525146484375 0.0017171477666124701
-362.4358215332031 214.52137756347656 0.0017160034039989114
-362.4189758300781 214.595947265625 0.0017165755853056908
-362.4006042480469 214.66839599609375 0.0017219925066456199
-362.380859375 214.7386932373047 0.0017379759810864925
-362.3609924316406 214.8074493408203 0.0017469787271693349
-362.3414611816406 214.874755859375 0.001748161274008453
-362.3220520019531 214.94058227539062 0.00174541468732059
-362.3013610839844 215.00428771972656 0.0017491531325504184
-362.27935791015625 215.06588745117188 0.0017591858049854636
-362.2574768066406 215.12608337402344 0.0017615127144381404
-362.23565673828125 215.18492126464844 0.0017576980171725154
-362.2140808105469 215.24246215820312 0.001750946044921875
-362.1926574707031 215.2986297607422 0.0017583846347406507
-362.17022705078125 215.35272216796875 0.0017645263578742743
-362.1466979980469 215.40475463867188 0.001770935021340847
-362.1233215332031 215.45556640625 0.0017691802931949496
-362.1000061035156 215.505126953125 0.0017618178389966488
-362.0770263671875 215.5535125732422 0.0017561721615493298
-362.0541687011719 215.6007537841797 0.0017500304384157062
-362.0305480957031 215.64599609375 0.0017502974951639771
-362.0060729980469 215.6892852783203 0.0017546081217005849
-361.9819030761719 215.73150634765625 0.0017529296455904841
-361.957763671875 215.77268981933594 0.0017467498546466231
-361.9339294433594 215.8128662109375 0.0017396163893863559
-361.91021728515625 215.85205078125 0.001733055105432868
-361.8860778808594 215.88931274414062 0.001734504709020257
-361.861328125 215.9247589111328 0.0017401885706931353
-361.8367919921875 215.95925903320312 0.0017398070776835084
-361.8124084472656 215.99285888671875 0.0017352295108139515
-361.7883605957031 216.02560424804688 0.001729888841509819
-361.7651062011719 216.0565643310547 0.0017291640397161245
-361.74267578125 216.08514404296875 0.0017340468475595117
-361.7203063964844 216.111328125 0.001740684499964118
-361.69842529296875 216.1363067626953 0.001740264822728932
-361.67730712890625 216.15980529785156 0.001739234896376729
-361.6564636230469 216.18255615234375 0.0017321394989266992
-361.6363525390625 216.20419311523438 0.0017279052408412099
-361.6162109375 216.22462463378906 0.001725158654153347
-361.5946350097656 216.24514770507812 0.001717529259622097
-361.5726013183594 216.2684783935547 0.0016951370052993298
-361.55279541015625 216.29551696777344 0.0016822051256895065
-361.5362854003906 216.32522583007812 0.001699752756394446
-361.5213623046875 216.35533142089844 0.0017242049798369408
-361.5067138671875 216.38514709472656 0.001732788048684597
-361.4923400878906 216.4143524169922 0.0017321014311164618
-361.4781494140625 216.44314575195312 0.0017249297816306353
-361.4643249511719 216.47125244140625 0.0017183684976771474
-361.45074462890625 216.4989013671875 0.0017110061598941684
-361.43743896484375 216.52587890625 0.001706619281321764
-361.4244079589844 216.55242919921875 0.0017017745412886143
-361.41162109375 216.57830810546875 0.0016999435611069202
-361.3994445800781 216.60302734375 0.0017021560342982411
-361.38812255859375 216.6256561279297 0.001708717318251729
-361.3773498535156 216.64764404296875 0.0017082213889807463
-361.3669738769531 216.6682891845703 0.0017097854288294911
-361.3570861816406 216.68836975097656 0.0017080687684938312
-361.34759521484375 216.70761108398438 0.0017058944795280695
-361.3387756347656 216.72569274902344 0.0017085266299545765
-361.3299560546875 216.7435302734375 0.0017061614198610187
-361.3215026855469 216.76084899902344 0.001703453017398715
-361.3130798339844 216.7777862548828 0.0017004013061523438
-361.3045959472656 216.79502868652344 0.0016926192911341786
-361.2961730957031 216.81210327148438 0.00169029226526618
-361.28759765625 216.82940673828125 0.001684646587818861
-361.2785949707031 216.84788513183594 0.0016777038108557463
-361.26910400390625 216.86724853515625 0.00167083740234375
-361.25885009765625 216.88790893554688 0.001661338726989925
-361.24847412109375 216.9091796875 0.0016590880695730448
-361.2373046875 216.9318084716797 0.0016528320265933871
-361.2254638671875 216.9558868408203 0.0016480254707857966
-361.21240234375 216.98236083984375 0.0016377639258280396
-361.1988525390625 217.00994873046875 0.0016363906906917691
-361.1839904785156 217.04019165039062 0.0016265868907794356
-361.1683044433594 217.07205200195312 0.0016233061905950308
-361.1518249511719 217.10585021972656 0.0016222380800172687
-361.1339416503906 217.14251708984375 0.0016143417451530695
-361.1153869628906 217.18038940429688 0.0016174697084352374
-361.0953063964844 217.22120666503906 0.0016107939882203937
-361.07421875 217.2639923095703 0.0016102981753647327
-361.0513610839844 217.31033325195312 0.0016009521204978228
-361.02734375 217.35902404785156 0.00159873953089118
-361.00146484375 217.41156005859375 0.0015900802100077271
-360.974365234375 217.46652221679688 0.0015884781023487449
-360.946044921875 217.52435302734375 0.0015880584251135588
-360.9158630371094 217.58580017089844 0.0015821837587282062
-360.8840637207031 217.6505584716797 0.0015791702317073941
-360.8500671386719 217.7195281982422 0.0015706634148955345
-360.81439208984375 217.79214477539062 0.0015663527883589268
-360.77655029296875 217.86892700195312 0.001559944124892354
-360.73687744140625 217.9496612548828 0.0015570068499073386
-360.6947326660156 218.0349884033203 0.0015502929454669356
-360.65045166015625 218.12466430664062 0.0015465545002371073
-360.6036682128906 218.21917724609375 0.0015401840209960938
-360.5545959472656 218.3182830810547 0.0015364073915407062
-360.50286865234375 218.42257690429688 0.0015299605438485742
-360.44873046875 218.53179931640625 0.0015259169740602374
-360.39178466796875 218.6464385986328 0.001519699115306139
-360.3299865722656 218.7649383544922 0.001524696359410882
-360.2619323730469 218.886962890625 0.0015441894065588713
-360.1896667480469 219.013671875 0.001559410011395812
-360.1131896972656 219.14556884765625 0.0015618514735251665
-360.0326843261719 219.28265380859375 0.001558494521304965
-359.9480285644531 219.42474365234375 0.001553497277200222
-359.85693359375 219.56993103027344 0.0015600203769281507
-359.7575988769531 219.7172088623047 0.0015855788951739669
-359.6518249511719 219.86839294433594 0.0016042327042669058
-359.544921875 220.02792358398438 0.0015871429350227118
-359.4405822753906 220.1980438232422 0.0015273665776476264
-359.3341369628906 220.375732421875 0.0015092849498614669
-359.2242431640625 220.56024169921875 0.0015029525384306908
-359.1108093261719 220.75100708007812 0.0014985656598582864
-358.9953308105469 220.9452362060547 0.0015104674967005849
-358.8797912597656 221.13958740234375 0.001541900564916432
-358.7652893066406 221.3321990966797 0.0015830611810088158
-358.6524658203125 221.5220489501953 0.0016254805959761143
-358.54150390625 221.70872497558594 0.001663970877416432
-358.4326477050781 221.891845703125 0.0016962813679128885
-358.3259582519531 222.07138061523438 0.001722259446978569
-358.221435546875 222.2472381591797 0.0017425536643713713
-358.11907958984375 222.41949462890625 0.0017579650739207864
-358.0188293457031 222.58811950683594 0.0017691421089693904
-357.920654296875 222.75328063964844 0.0017766952514648438
-357.82452392578125 222.9149932861328 0.0017818069318309426
-357.73040771484375 223.07342529296875 0.0017847060225903988
-357.63818359375 223.22857666015625 0.001786308246664703
-357.5478820800781 223.38055419921875 0.0017865371191874146
-357.4593811035156 223.52940368652344 0.001786193810403347
-357.3727111816406 223.6752471923828 0.0017852783203125
-357.2856140136719 223.81600952148438 0.0017982100835070014
-357.1969299316406 223.95098876953125 0.0018300246447324753
-357.1086120605469 224.0819854736328 0.001850776607170701
-357.0212097167969 224.20965576171875 0.0018553542904555798
-356.93450927734375 224.3343048095703 0.001848945626989007
-356.8488464355469 224.45623779296875 0.001837501535192132
-356.76202392578125 224.5738067626953 0.0018364714924246073
-356.67333984375 224.68634033203125 0.0018516922136768699
-356.5841369628906 224.79571533203125 0.0018579864408820868
-356.4948425292969 224.90264892578125 0.001852760324254632
-356.4090576171875 225.0105743408203 0.00181999197229743
-356.32904052734375 225.1209716796875 0.001780281076207757
-356.2508544921875 225.23117065429688 0.0017737960442900658
-356.1736755371094 225.34078979492188 0.00176830287091434
-356.09686279296875 225.44976806640625 0.0017583846347406507
-356.0202331542969 225.55877685546875 0.0017424010438844562
-355.9437561035156 225.6674346923828 0.001729888841509819
-355.8681945800781 225.77496337890625 0.0017247009091079235
-355.793701171875 225.8808135986328 0.0017250442178919911
-355.7205810546875 225.9848175048828 0.0017276763683184981
-355.6487731933594 226.08685302734375 0.0017316817538812757
-355.57843017578125 226.1868896484375 0.0017353820148855448
-355.5094909667969 226.284912109375 0.0017386245308443904
-355.44195556640625 226.38096618652344 0.0017411040607839823
-355.3757629394531 226.47499084472656 0.0017430877778679132
-355.3109436035156 226.5671844482422 0.0017441177042201161
-355.24810791015625 226.65638732910156 0.0017517470987513661
-355.18743896484375 226.74267578125 0.0017587661277502775
-355.1285400390625 226.82635498046875 0.001761970459483564
-355.07122802734375 226.90786743164062 0.0017620468279346824
-355.0152282714844 226.98736572265625 0.0017597960541024804
-354.9591979980469 227.06393432617188 0.0017633438110351562
-354.9022216796875 227.13723754882812 0.0017772674327716231
-354.8457336425781 227.20880126953125 0.0017833709716796875
-354.7896423339844 227.27890014648438 0.0017798995831981301
-354.734130859375 227.34793090820312 0.001770782400853932
-354.6789855957031 227.4158935546875 0.001759223872795701
-354.6230773925781 227.48187255859375 0.0017557524843141437
-354.5657653808594 227.54541015625 0.0017622375162318349
-354.50811767578125 227.6080780029297 0.0017630005022510886
-354.4500427246094 227.67005920410156 0.0017560957930982113
-354.39154052734375 227.7317352294922 0.001745529123581946
-354.33251953125 227.79310607910156 0.0017335891025140882
-354.27203369140625 227.85304260253906 0.0017308425158262253
-354.2115173339844 227.91380310058594 0.0017223358154296875
-354.1551513671875 227.9793243408203 0.0017016601050272584
-354.099609375 228.04673767089844 0.0017061614198610187
-354.043701171875 228.11524963378906 0.001706085167825222
-353.98565673828125 228.1835174560547 0.0016930770361796021
-353.9268798828125 228.2528839111328 0.0016737746773287654
-353.867919921875 228.3242950439453 0.0016661834670230746
-353.8080749511719 228.3973388671875 0.0016599654918536544
-353.7469177246094 228.471923828125 0.0016521834768354893
-353.6844177246094 228.54833984375 0.0016435622237622738
-353.6202697753906 228.62652587890625 0.001634788466617465
-353.5545959472656 228.706787109375 0.0016264724545180798
-353.4870910644531 228.7891387939453 0.0016185378190129995
-353.4178161621094 228.87384033203125 0.0016113662859424949
-353.3464050292969 228.9609375 0.0016044997610151768
-353.27301025390625 229.0506134033203 0.0015984344063326716
-353.1972961425781 229.14292907714844 0.0015924072358757257
-353.1193542480469 229.23817443847656 0.0015868376940488815
-353.0389099121094 229.33631896972656 0.0015812300844118
-352.9541320800781 229.43585205078125 0.0015837097307667136
-352.8640441894531 229.53585815429688 0.001602935721166432
-352.77008056640625 229.63815307617188 0.0016163253458216786
-352.67236328125 229.74310302734375 0.0016184997512027621
-352.5708923339844 229.8509521484375 0.0016134261386469007
-352.4654235839844 229.96170043945312 0.0016052245628088713
-352.3543395996094 230.07321166992188 0.0016085815150290728
-352.23626708984375 230.18421936035156 0.0016302871517837048
-352.11273193359375 230.29673767089844 0.0016453933203592896
-351.9835205078125 230.41116333007812 0.0016487884568050504
-351.8487548828125 230.5276641845703 0.0016446685185655951
-351.70806884765625 230.64614868164062 0.0016374968690797687
-351.55999755859375 230.76364135742188 0.0016455077566206455
-351.40350341796875 230.87823486328125 0.00167503347620368
-351.24267578125 230.99827575683594 0.0016694259829819202
-351.08441162109375 231.13124084472656 0.0015939711593091488
-350.92706298828125 231.2698516845703 0.0015826034359633923
-350.7706604003906 231.4090576171875 0.0016149519942700863
-350.6161193847656 231.54714965820312 0.0016524887178093195
-350.4638977050781 231.68321228027344 0.0016848372761160135
-350.314453125 231.81695556640625 0.001710433978587389
-350.1677551269531 231.94810485839844 0.0017299652099609375
-350.0240173339844 232.07669067382812 0.001744766253978014
-349.8832092285156 232.2026824951172 0.0017557524843141437
-349.7452392578125 232.326171875 0.0017637633718550205
-349.61004638671875 232.4470672607422 0.0017696762224659324
-349.4776611328125 232.56553649902344 0.0017734909197315574
-349.3478698730469 232.68153381347656 0.0017761229537427425
-349.2208557128906 232.7952423095703 0.0017777251778170466
-349.0963134765625 232.90660095214844 0.001778297359123826
-348.9743957519531 233.0157012939453 0.0017782211070880294
-348.8548889160156 233.12252807617188 0.0017780684866011143
-348.7378845214844 233.2272186279297 0.0017771910643205047
-348.62322998046875 233.32974243164062 0.0017763900104910135
-348.5115051269531 233.42977905273438 0.001778411795385182
-348.40240478515625 233.52731323242188 0.0017800520872697234
-348.2942810058594 233.62057495117188 0.0017897796351462603
-348.1861572265625 233.70870971679688 0.0018150329124182463
-348.0794982910156 233.79388427734375 0.0018300628289580345
-347.97412109375 233.87669372558594 0.0018310927553102374
-347.8701477050781 233.9575653076172 0.0018229293636977673
-347.76629638671875 234.0345001220703 0.001821823068894446
-347.662109375 234.1068878173828 0.0018337249057367444
-347.5582275390625 234.17665100097656 0.0018374251667410135
-347.4548645019531 234.24456787109375 0.0018304061377421021
-347.3518981933594 234.31076049804688 0.0018169020768254995
-347.2491760253906 234.37548828125 0.0018014907836914062
-347.14593505859375 234.43670654296875 0.001797637902200222
-347.0417785644531 234.49380493164062 0.0018082809401676059
-346.93621826171875 234.54891967773438 0.0018075179541483521
-346.8316650390625 234.60708618164062 0.0017793654697015882
-346.73260498046875 234.6723175048828 0.0017464827978983521
-346.6363525390625 234.73873901367188 0.0017603683518245816
-346.5418701171875 234.80433654785156 0.001771850511431694
-346.44921875 234.8688201904297 0.0017737960442900658
-346.3583068847656 234.9320526123047 0.0017696762224659324
-346.269287109375 234.9940643310547 0.001763572683557868
-346.1819763183594 235.0547637939453 0.001757392892614007
-346.0964660644531 235.11427307128906 0.0017520522233098745
-346.01263427734375 235.17257690429688 0.001752128591760993
-345.93060302734375 235.22970581054688 0.0017379379132762551
-345.8501892089844 235.2855987548828 0.001732635428197682
-345.7715148925781 235.3404083251953 0.0017313002608716488
-345.69439697265625 235.39401245117188 0.0017314148135483265
-345.62017822265625 235.4457244873047 0.0017403030069544911
-345.5488586425781 235.49526977539062 0.0017491912003606558
-345.480224609375 235.5431365966797 0.0017550276825204492
-345.41375732421875 235.58937072753906 0.0017566680908203125
-345.3492126464844 235.63436889648438 0.0017552566714584827
-345.2862548828125 235.67808532714844 0.0017520522233098745
-345.2247619628906 235.72091674804688 0.0017472457839176059
-345.1644592285156 235.76280212402344 0.0017415237380191684
-345.1052551269531 235.8041229248047 0.0017354583833366632
-345.0467834472656 235.84469604492188 0.0017287444788962603
-344.9889831542969 235.88497924804688 0.0017220305744558573
-344.93157958984375 235.9248504638672 0.0017155074747279286
-344.87451171875 235.9646453857422 0.0017089461907744408
-344.81671142578125 236.00296020507812 0.0017078398959711194
-344.7580261230469 236.03982543945312 0.0017152786022052169
-344.69879150390625 236.07626342773438 0.001717529259622097
-344.6389465332031 236.11288452148438 0.0017127608880400658
-344.57830810546875 236.14962768554688 0.0017040633829310536
-344.5169372558594 236.18673706054688 0.0016945266397669911
-344.4538879394531 236.22274780273438 0.001691360492259264
-344.38897705078125 236.25753784179688 0.0016971587901934981
-344.32244873046875 236.29220581054688 0.0016980362124741077
-344.2557373046875 236.3300323486328 0.0016814422560855746
-344.1894836425781 236.37176513671875 0.0016667174641042948
-344.1222229003906 236.4152069091797 0.001666221534833312
-344.053466796875 236.45962524414062 0.0016632842598482966
-343.983154296875 236.5052490234375 0.0016565322875976562
-343.9108581542969 236.55197143554688 0.0016476059099659324
-343.8366394042969 236.60009765625 0.0016377257416024804
-343.7601623535156 236.64955139160156 0.0016281127464026213
-343.6812744140625 236.70069885253906 0.0016193389892578125
-343.5998229980469 236.75338745117188 0.001610832172445953
-343.51568603515625 236.80796813964844 0.0016033934662118554
-343.4285583496094 236.86427307128906 0.0015964508056640625
-343.3385009765625 236.9226837158203 0.001590042025782168
-343.24517822265625 236.98306274414062 0.0015840530395507812
-343.1485595703125 237.04568481445312 0.0015782165573909879
-343.0484313964844 237.11045837402344 0.0015726089477539062
-342.94476318359375 237.1776885986328 0.001567153842188418
-342.8373107910156 237.24728393554688 0.0015617370372638106
-342.7247314453125 237.31719970703125 0.0015644454397261143
-342.6062927246094 237.38623046875 0.0015844344161450863
-342.48297119140625 237.45654296875 0.0015982817858457565
-342.35467529296875 237.5284881591797 0.0016011047409847379
-342.221435546875 237.60235595703125 0.0015964888734743
-342.0829162597656 237.67800903320312 0.0015885925386101007
-341.9382019042969 237.75282287597656 0.0015921401791274548
-341.7864074707031 237.8251495361328 0.0016151046147570014
-341.6282043457031 237.8972930908203 0.001631507882848382
-341.4634704589844 237.9696807861328 0.0016356658888980746
-341.2922668457031 238.04237365722656 0.0016327284974977374
-341.1141662597656 238.11517333984375 0.0016263960860669613
-340.9288330078125 238.18466186523438 0.0016353988321498036
-340.7355651855469 238.24853515625 0.0016669463366270065
-340.5346374511719 238.30918884277344 0.001691741868853569
-340.3258972167969 238.3670196533203 0.0017031478928402066
-340.11083984375 238.42886352539062 0.001680679270066321
-339.89617919921875 238.50331115722656 0.0016061782371252775
-339.68353271484375 238.582763671875 0.001605186378583312
-339.4734802246094 238.6628875732422 0.001647415105253458
-339.2666320800781 238.74220275878906 0.0016882324125617743
-339.0633239746094 238.82028198242188 0.0017193603562191129
-338.86395263671875 238.89686584472656 0.0017410278087481856
-338.6684265136719 238.97203063964844 0.0017566680908203125
-338.4770202636719 239.04562377929688 0.0017675780691206455
-338.2895202636719 239.11770629882812 0.0017753218999132514
-338.1059265136719 239.18826293945312 0.0017809676937758923
-337.9261169433594 239.25741577148438 0.0017818069318309426
-337.7500305175781 239.32505798339844 0.001785774133168161
-337.5776062011719 239.39138793945312 0.0017877578502520919
-337.4086608886719 239.45628356933594 0.0017885970883071423
-337.2431945800781 239.51991271972656 0.0017885207198560238
-337.08111572265625 239.58218383789062 0.0017876814818009734
-336.92236328125 239.6432342529297 0.001786460867151618
-336.7668762207031 239.70298767089844 0.0017851638840511441
-336.61456298828125 239.7615966796875 0.001783409039489925
-336.46533203125 239.8188934326172 0.0017816924955695868
-336.3192138671875 239.87513732910156 0.0017800902714952826
-336.1765441894531 239.92991638183594 0.0017812728183344007
-336.0373840332031 239.9834442138672 0.001782379113137722
-335.90130615234375 240.0356903076172 0.0017815780593082309
-335.7681579589844 240.08692932128906 0.0017794036539271474
-335.63763427734375 240.1370849609375 0.0017755889566615224
-335.5095520019531 240.18634033203125 0.0017710876418277621
-335.3836669921875 240.23468017578125 0.0017660140292719007
-335.2598876953125 240.2823028564453 0.0017602919833734632
-335.1378173828125 240.3291778564453 0.0017546843737363815
-335.017333984375 240.37551879882812 0.0017487716395407915
-334.8983154296875 240.42120361328125 0.0017426681006327271
-334.7804870605469 240.466552734375 0.001736450125463307
-334.6636657714844 240.5113983154297 0.0017301177140325308
-334.5477600097656 240.55601501464844 0.0017237854190170765
-334.4324035644531 240.60028076171875 0.0017180251888930798
-334.31756591796875 240.6444854736328 0.0017118072137236595
-334.2029724121094 240.68849182128906 0.0017055129865184426
-334.0885009765625 240.7325897216797 0.0016994094476103783
-333.97381591796875 240.77659606933594 0.0016935729654505849
-333.85894775390625 240.82083129882812 0.0016879653558135033
-333.7434997558594 240.8651580810547 0.0016820906894281507
-333.62744140625 240.90980529785156 0.0016763305757194757
-333.5105895996094 240.95469665527344 0.0016704940935596824
-333.39263916015625 241.0000457763672 0.001664657611399889
-333.2735595703125 241.0458221435547 0.0016590880695730448
-333.153076171875 241.0921630859375 0.0016533660236746073
-333.0310974121094 241.13902282714844 0.0016477584140375257
-332.9073791503906 241.1865997314453 0.0016419219318777323
-332.78179931640625 241.2348175048828 0.0016363143222406507
-332.65338134765625 241.2814178466797 0.0016402053879573941
-332.5217590332031 241.3251190185547 0.0016606902936473489
-332.3872985839844 241.3682403564453 0.0016740417340770364
-332.2499084472656 241.41122436523438 0.0016754531534388661
-332.1095275878906 241.454345703125 0.0016691969940438867
-331.9671325683594 241.50120544433594 0.0016460036858916283
-331.8224182128906 241.5517578125 0.0016207504086196423
-331.6746826171875 241.60389709472656 0.0016125869005918503
-331.5238342285156 241.65744018554688 0.0016078567132353783
-331.3712463378906 241.71153259277344 0.0016115569742396474
-331.2191467285156 241.7655487060547 0.0016263960860669613
-331.06854248046875 241.81898498535156 0.001647415105253458
-330.9201354980469 241.87167358398438 0.0016694259829819202
-330.7742614746094 241.9233856201172 0.0016898345202207565
-330.6311340332031 241.9741973876953 0.001707534771412611
-330.4906921386719 242.02395629882812 0.001721611013635993
-330.3531494140625 242.0727996826172 0.0017326736124232411
-330.2183532714844 242.12062072753906 0.001740951556712389
-330.0862731933594 242.1675262451172 0.001746711670421064
-329.9569091796875 242.21339416503906 0.0017507171723991632
-329.83026123046875 242.25839233398438 0.001753578195348382
-329.70611572265625 242.30239868164062 0.0017553329234942794
-329.58465576171875 242.34556579589844 0.0017563247820362449
-329.4656066894531 242.38778686523438 0.0017565154703333974
-329.3490905761719 242.42916870117188 0.0017563628498464823
-329.23486328125 242.46966552734375 0.0017558288527652621
-329.1224670410156 242.5069122314453 0.0017650603549554944
-329.0126953125 242.53993225097656 0.0017938994569703937
-328.9061584472656 242.57110595703125 0.001812629634514451
-328.80242919921875 242.60072326660156 0.001816978445276618
-328.7012939453125 242.6292266845703 0.0018119048327207565
-328.6022644042969 242.6565399169922 0.0018022536532953382
-328.5050964355469 242.68112182617188 0.0018001938005909324
-328.4095764160156 242.70216369628906 0.0018089675577357411
-328.3154296875 242.72171020507812 0.0018108367221429944
-328.2225341796875 242.74009704589844 0.0018032455118373036
-328.1307678222656 242.75762939453125 0.0017909621819853783
-328.03997802734375 242.77249145507812 0.001786193810403347
-327.9501037597656 242.7843475341797 0.0017919158563017845
-327.8606872558594 242.79458618164062 0.0017906951252371073
-327.77166748046875 242.80389404296875 0.001782226492650807
-327.6827697753906 242.81216430664062 0.0017698287265375257
-327.59423828125 242.81802368164062 0.0017663192702457309
-327.50604248046875 242.820556640625 0.0017724226927384734
-327.4169921875 242.8250732421875 0.0017547225579619408
-327.3266296386719 242.8382568359375 0.0017124557634815574
-327.23541259765625 242.85604858398438 0.0017201995942741632
-327.1441955566406 242.87432861328125 0.0017317961901426315
-327.05377197265625 242.8926239013672 0.0017358779441565275
-326.9646301269531 242.91064453125 0.0017350387061014771
-326.876953125 242.92840576171875 0.001732635428197682
-326.7908935546875 242.94580078125 0.001729888841509819
-326.7065124511719 242.962890625 0.0017277526203542948
-326.6238098144531 242.9795684814453 0.001726341200992465
-326.54278564453125 242.9960174560547 0.001725158654153347
-326.4634094238281 243.01202392578125 0.0017247771611437201
-326.3856506347656 243.02780151367188 0.0017246627248823643
-326.3094787597656 243.04315185546875 0.0017241287278011441
-326.2367248535156 243.0579376220703 0.0017341232160106301
-326.1674499511719 243.07186889648438 0.0017444228287786245
-326.10113525390625 243.0853729248047 0.0017500686226412654
-326.0369567871094 243.09828186035156 0.0017498779343441129
-325.97454833984375 243.11097717285156 0.0017462921096011996
-325.9136657714844 243.12319946289062 0.0017411040607839823
-325.85400390625 243.1353302001953 0.0017349242698401213
-325.7952575683594 243.14712524414062 0.0017286682268604636
-325.7372131347656 243.15896606445312 0.0017219543224200606
-325.6796875 243.17051696777344 0.0017150877974927425
-325.6224670410156 243.18214416503906 0.0017082595732063055
-325.56536865234375 243.193603515625 0.001701736357063055
-325.5082092285156 243.20521545410156 0.0016953658778220415
-325.45074462890625 243.21676635742188 0.0016891860868781805
-325.392822265625 243.22853088378906 0.0016833496047183871
-325.3343200683594 243.2403106689453 0.0016776275588199496
-325.2751159667969 243.25233459472656 0.001672019949182868
-325.2149353027344 243.2644500732422 0.0016668700845912099
-325.15374755859375 243.27688598632812 0.0016619110247120261
-325.0914306640625 243.28941345214844 0.0016574477776885033
-325.0276794433594 243.30235290527344 0.00165214529260993
-324.9623107910156 243.31553649902344 0.0016465758671984076
-324.895263671875 243.32911682128906 0.0016419601161032915
-324.82659912109375 243.34295654296875 0.0016384124755859375
-324.7562561035156 243.3572235107422 0.0016353988321498036
-324.6839294433594 243.37179565429688 0.0016316985711455345
-324.60943603515625 243.38690185546875 0.0016294860979542136
-324.5325622558594 243.40237426757812 0.0016263198340311646
-324.45330810546875 243.41845703125 0.0016223907005041838
-324.3717346191406 243.4348907470703 0.00161937705706805
-324.2876281738281 243.4519500732422 0.0016152954194694757
-324.2006530761719 243.469482421875 0.001610183622688055
-324.1105651855469 243.48776245117188 0.0016037749592214823
-324.0170593261719 243.50662231445312 0.0015973662957549095
-323.91998291015625 243.52630615234375 0.0015901564620435238
-323.819091796875 243.54666137695312 0.0015811538323760033
-323.7142639160156 243.56790161132812 0.0015745925484225154
-323.6053161621094 243.58987426757812 0.001568870502524078
-323.4920349121094 243.6128387451172 0.0015636443858966231
-323.3742370605469 243.63661193847656 0.0015585327055305243
-323.2518615722656 243.66140747070312 0.0015534590929746628
-323.1246032714844 243.68702697753906 0.0015484237810596824
-322.992431640625 243.71383666992188 0.0015433883527293801
-322.8551025390625 243.74156188964844 0.0015384673606604338
-322.7125244140625 243.7704315185547 0.0015336227370426059
-322.564453125 243.80030822753906 0.0015287399291992188
-322.4108581542969 243.83140563964844 0.0015236663166433573
-322.25146484375 243.86358642578125 0.0015189743135124445
-322.086181640625 243.8970489501953 0.0015140533214434981
-321.914794921875 243.93165588378906 0.0015091323293745518
-321.73724365234375 243.96759033203125 0.001504440326243639
-321.55328369140625 244.00477600097656 0.0014995575184002519
-321.3627624511719 244.04331970214844 0.0014944839058443904
-321.16558837890625 244.08316040039062 0.0014902496477589011
-320.9617004394531 244.1243896484375 0.0014859390212222934
-320.75103759765625 244.1669921875 0.0014823913807049394
-320.5339660644531 244.2108917236328 0.0014823913807049394
-320.3135070800781 244.25546264648438 0.001500358572229743
-320.09320068359375 244.30001831054688 0.0015365981962531805
-319.87506103515625 244.3441162109375 0.0015815353253856301
-319.6601257324219 244.38758850097656 0.0016260527772828937
-319.44921875 244.43035888671875 0.0020736311562359333
-319.24237060546875 244.4720916748047 0.001801032922230661
-319.0397033691406 244.5131378173828 0.0016992950113490224
-318.84112548828125 244.55337524414062 0.0016786193009465933
-318.6465148925781 244.59274291992188 0.001687545794993639
-318.45538330078125 244.62802124023438 0.0017185973701998591
-318.2673645019531 244.65744018554688 0.0017716980073601007
-318.08251953125 244.68397521972656 0.0018122863257303834
-317.9006652832031 244.7084503173828 0.001832084613852203
-317.7215881347656 244.7312774658203 0.0018371200421825051
-317.5451354980469 244.75244140625 0.0018330764723941684
-317.3712463378906 244.7692108154297 0.0018396377563476562
-317.1998291015625 244.7800750732422 0.0018631743732839823
-317.0304870605469 244.7877655029297 0.0018764495616778731
-316.86285400390625 244.79296875 0.001874847337603569
-316.6968688964844 244.79608154296875 0.0018642424838617444
-316.5328369140625 244.79429626464844 0.0018638609908521175
-316.3717041015625 244.7864532470703 0.0018842315766960382
-316.2134094238281 244.77499389648438 0.0018979643937200308
-316.0570983886719 244.76649475097656 0.0018747710855677724
-315.9034423828125 244.7683563232422 0.001813163748010993
-315.75286865234375 244.77378845214844 0.0018120574532076716
-315.6053161621094 244.77975463867188 0.0018186187371611595
-315.460693359375 244.785888671875 0.0018173217540606856
-315.3190002441406 244.79185485839844 0.0018096159910783172
-315.18023681640625 244.7977752685547 0.0017992019420489669
-315.0443115234375 244.80349731445312 0.0017895507626235485
-314.9111633300781 244.80918884277344 0.0017808913253247738
-314.78076171875 244.814697265625 0.0017742537893354893
-314.6530456542969 244.8201446533203 0.0017684554914012551
-314.5279846191406 244.82540893554688 0.0017642974853515625
-314.4054870605469 244.83065795898438 0.0017608260968700051
-314.2855224609375 244.83572387695312 0.0017583465669304132
-314.16802978515625 244.8407440185547 0.0017560957930982113
-314.052978515625 244.8455810546875 0.0017543792491778731
-313.9402770996094 244.85040283203125 0.001752395648509264
-313.82989501953125 244.8550567626953 0.001750946044921875
-313.7218017578125 244.85968017578125 0.0017491912003606558
-313.61590576171875 244.8641357421875 0.0017481994582340121
-313.51220703125 244.8685760498047 0.0017468261066824198
-313.41064453125 244.87283325195312 0.0017455673078075051
-313.3111877441406 244.87709045410156 0.0017441177042201161
-313.2137756347656 244.8811798095703 0.0017429733416065574
-313.1183776855469 244.88526916503906 0.001741599990054965
-313.02490234375 244.88919067382812 0.0017403030069544911
-312.93341064453125 244.8931121826172 0.0017390442080795765
-312.84381103515625 244.8968963623047 0.0017379379132762551
-312.75604248046875 244.900634765625 0.001736450125463307
-312.6700439453125 244.9042510986328 0.001735267578624189
-312.58587646484375 244.90786743164062 0.0017340087797492743
-312.50341796875 244.91134643554688 0.001732788048684597
-312.4226989746094 244.914794921875 0.0017316436860710382
-312.3435974121094 244.91812133789062 0.0017304611392319202
-312.26611328125 244.9214324951172 0.0017293929122388363
-312.1902770996094 244.92462158203125 0.0017284011701121926
-312.115966796875 244.9278106689453 0.0017274474957957864
-312.043212890625 244.93084716796875 0.0017265318892896175
-311.971923828125 244.9339141845703 0.0017255782149732113
-311.902099609375 244.93682861328125 0.0017245482886210084
-311.833740234375 244.9397735595703 0.0017234801780432463
-311.76678466796875 244.94256591796875 0.0017224120674654841
-311.70123291015625 244.9453887939453 0.0017215346451848745
-311.6369934082031 244.9480743408203 0.0017206954071298242
-311.5741271972656 244.95077514648438 0.0017198181012645364
-311.51251220703125 244.953369140625 0.0017189406789839268
-311.4521789550781 244.95594787597656 0.0017181396251544356
-311.39306640625 244.95843505859375 0.0017173003870993853
-311.3351745605469 244.96090698242188 0.0017164611490443349
-311.27850341796875 244.9633026123047 0.0017153930384665728
-311.2229919433594 244.96568298339844 0.0017147826729342341
-311.16864013671875 244.96795654296875 0.0017142104916274548
-311.1153564453125 244.97024536132812 0.0017133330693468451
-311.06317138671875 244.97244262695312 0.0017126846360042691
-311.0120544433594 244.97462463378906 0.001711997902020812
-310.9620056152344 244.9767303466797 0.001711196848191321
-310.9129943847656 244.97882080078125 0.0017106628511101007
-310.86492919921875 244.9808349609375 0.001709899865090847
-310.81787109375 244.9828643798828 0.0017092513153329492
-310.7717590332031 244.9847869873047 0.001708717318251729
-310.7266540527344 244.98675537109375 0.0017081069527193904
-310.6824645996094 244.9885711669922 0.0017074203351512551
-310.63916015625 244.99046325683594 0.0017068481538444757
-310.5967712402344 244.99221801757812 0.0017061233520507812
-310.55523681640625 244.9940185546875 0.0017054748022928834
-310.5145568847656 244.99574279785156 0.0017050933092832565
-310.4747314453125 244.9974365234375 0.001704482943750918
-310.4356994628906 244.99905395507812 0.0017037582583725452
-310.3974609375 245.000732421875 0.0017033385811373591
-310.36004638671875 245.00225830078125 0.001702804584056139
-310.3233642578125 245.0038604736328 0.0017032241448760033
-310.2874450683594 245.00537109375 0.0017011641757562757
-310.2522888183594 245.00686645507812 0.0016998290084302425
-310.21783447265625 245.00830078125 0.001699371263384819
-310.18408203125 245.00979614257812 0.001698989886790514
-310.1510314941406 245.01112365722656 0.0016989135183393955
-310.11865234375 245.0125274658203 0.0016985320253297687
-310.0869445800781 245.01385498046875 0.001698303152807057
-310.055908203125 245.0152130126953 0.0016980362124741077
-310.0254821777344 245.0164337158203 0.0016978835919871926
-309.99566650390625 245.0177459716797 0.0016975020989775658
-309.96649169921875 245.01898193359375 0.0016971587901934981
-309.93792724609375 245.02020263671875 0.001696739112958312
-309.9099426269531 245.02134704589844 0.0016964721726253629
-309.88250732421875 245.02255249023438 0.0016958998749032617
-309.85565185546875 245.023681640625 0.001695556566119194
-309.8293762207031 245.0248260498047 0.0016952896257862449
-309.8035888671875 245.02584838867188 0.0016950225690379739
-309.77838134765625 245.02696228027344 0.0016945266397669911
-309.753662109375 245.0279998779297 0.0016941833309829235
-309.72943115234375 245.02908325195312 0.0016940307104960084
-309.7057189941406 245.03001403808594 0.0016936492174863815
-309.6824645996094 245.03103637695312 0.0016932678408920765
-309.65972900390625 245.03196716308594 0.0016930007841438055
-309.637451171875 245.03298950195312 0.0016926192911341786
-309.61566162109375 245.0338592529297 0.0016921996138989925
-309.5942687988281 245.03477478027344 0.0016922377981245518
-309.5733642578125 245.03561401367188 0.0016919326735660434
-309.5528564453125 245.0365447998047 0.001691741868853569
-309.53277587890625 245.03738403320312 0.0016912459395825863
-309.5130920410156 245.0382537841797 0.001691093435510993
-309.49383544921875 245.03900146484375 0.0016905975062400103
-309.4749755859375 245.03982543945312 0.0016905212542042136
-309.45648193359375 245.04055786132812 0.0016901015769690275
-309.4383850097656 245.0413818359375 0.001689910888671875
-309.420654296875 245.04212951660156 0.001689643831923604
-309.4032897949219 245.04290771484375 0.001689491211436689
-309.38629150390625 245.04354858398438 0.001689224154688418
-309.36962890625 245.0442657470703 0.001689109718427062
-309.3533020019531 245.044921875 0.0016885757213458419
-309.33734130859375 245.04563903808594 0.0016882324125617743
-309.3216857910156 245.04627990722656 0.001687927171587944
-309.30633544921875 245.04701232910156 0.0016876220470294356
-309.2913513183594 245.04763793945312 0.001687545794993639
-309.2766418457031 245.0482635498047 0.0016873549902811646
-309.2622375488281 245.04879760742188 0.0016872023697942495
-309.2481384277344 245.04942321777344 0.0016869354294613004
-309.23431396484375 245.0499725341797 0.0016868972452357411
-309.2207946777344 245.05059814453125 0.0016866683727130294
-309.20751953125 245.0511474609375 0.0016863631317391992
-309.1945495605469 245.05177307128906 0.0016862868797034025
-309.1818542480469 245.0522918701172 0.0016864013159647584
-309.16937255859375 245.05282592773438 0.0016862868797034025
-309.1571960449219 245.0532684326172 0.0016861724434420466
-309.145263671875 245.05380249023438 0.001685676514171064
-309.1335754394531 245.0542449951172 0.0016857146983966231
-309.12213134765625 245.05477905273438 0.0016855238936841488
-309.11090087890625 245.0552215576172 0.0016853713896125555
-309.0998840332031 245.05575561523438 0.0016851805849000812
-309.0891418457031 245.0561981201172 0.0016853332053869963
-309.0785827636719 245.05673217773438 0.0016848754603415728
-309.0682678222656 245.05712890625 0.001684646587818861
-309.0581359863281 245.05755615234375 0.0016845321515575051
-309.0482482910156 245.0579071044922 0.001684646587818861
-309.03851318359375 245.05833435058594 0.001684493967331946
-309.0290222167969 245.05868530273438 0.0016844557831063867
-309.01971435546875 245.05911254882812 0.001684226910583675
-309.0105895996094 245.05946350097656 0.0016838455339893699
-309.00164794921875 245.0598907470703 0.0016838455339893699
-308.9928894042969 245.06024169921875 0.001683731097728014
-308.9843444824219 245.06068420410156 0.0016835021087899804
