-313.7999572753906 240.09999084472656 0.05658908560872078
-313.7999572753906 240.09999084472656 0.037209320813417435
-313.7999572753906 240.09999084472656 0.024632567539811134
-313.7999572753906 240.09999084472656 0.016485098749399185
-313.7999572753906 240.09999084472656 0.011215819977223873
-313.7999572753906 240.09999084472656 0.00781330093741417
-313.7999572753906 240.09999084472656 0.0056195068173110485
-313.7999572753906 240.09999084472656 0.004206962417811155
-313.7999572753906 240.09999084472656 0.0032987212762236595
-313.7999572753906 240.09999084472656 0.0027155685238540173
-313.7999572753906 240.09999084472656 0.0023414993193000555
-313.7999572753906 240.09999084472656 0.0021018600091338158
-313.7999572753906 240.09999084472656 0.0021018600091338158
-313.7999572753906 240.09999084472656 0.0021018600091338158
-313.7999572753906 240.09999084472656 0.0021018600091338158
-313.7999572753906 240.09999084472656 0.0021018600091338158
-313.7999572753906 240.09999084472656 0.0021018600091338158
-313.7999572753906 240.09999084472656 0.0021018600091338158
-313.7999572753906 240.09999084472656 0.0021018600091338158
-313.7999572753906 240.09999084472656 0.0021018600091338158
-313.7999572753906 240.09999084472656 0.0021018600091338158
-313.7999572753906 240.09999084472656 0.0021018600091338158
-313.7999572753906 240.09999084472656 0.0021018600091338158
-313.7999572753906 240.09999084472656 0.0021018600091338158
-313.7999572753906 240.09999084472656 0.0021018600091338158
-313.7999572753906 240.09999084472656 0.0021018600091338158
-313.7999572753906 240.09999084472656 0.0021018600091338158
-313.7999572753906 240.09999084472656 0.0021018600091338158
-313.7999572753906 240.09999084472656 0.0021018600091338158
-313.7999572753906 240.09999084472656 0.0021018600091338158
-313.7999572753906 240.09999084472656 0.0021018600091338158
-313.7999572753906 240.09999084472656 0.0021018600091338158
-313.7999572753906 240.09999084472656 0.0021018600091338158
-313.7999572753906 240.09999084472656 0.0021018600091338158
-313.7999572753906 240.09999084472656 0.0021018600091338158
-313.7999572753906 240.09999084472656 0.0021018600091338158
-313.7999572753906 240.09999084472656 0.0021018600091338158
-313.7999572753906 240.09999084472656 0.0021018600091338158
-313.7999572753906 240.09999084472656 0.0021018600091338158
-313.7999572753906 240.09999084472656 0.0021018600091338158
-313.7999572753906 240.09999084472656 0.0021018600091338158
-313.7999572753906 240.09999084472656 0.0021018600091338158
-313.7999572753906 240.09999084472656 0.0021018600091338158
-313.7999572753906 240.09999084472656 0.0021018600091338158
-313.7999572753906 240.09999084472656 0.0021018600091338158
-313.7999572753906 240.09999084472656 0.0021018600091338158
-313.7999572753906 240.09999084472656 0.0021018600091338158
-313.7999572753906 240.09999084472656 0.0021018600091338158
-313.7999572753906 240.09999084472656 0.0021018600091338158
-313.7999572753906 240.09999084472656 0.0021018600091338158
-313.7999572753906 240.09999084472656 0.0021018600091338158
-313.7999572753906 240.09999084472656 0.0021018600091338158
-313.7999572753906 240.09999084472656 0.0021018600091338158
-313.7999572753906 240.09999084472656 0.0021018600091338158
-313.7999572753906 240.09999084472656 0.0021018600091338158
-313.7999572753906 240.09999084472656 0.0021018600091338158
-313.7999572753906 240.09999084472656 0.0021018600091338158
-313.7999572753906 240.09999084472656 0.0021018600091338158
-313.7999572753906 240.09999084472656 0.0021018600091338158
-313.7999572753906 240.09999084472656 0.0021018600091338158
-313.7999572753906 240.09999084472656 0.0021018600091338158
-313.7999572753906 240.09999084472656 0.0021018600091338158
-313.7999572753906 240.09999084472656 0.0021018600091338158
-313.7999572753906 240.09999084472656 0.001789588830433786
-313.7999572753906 240.09999084472656 0.0016782759921625257
-313.7999572753906 240.09999084472656 0.0016343307215720415
-313.7999572753906 240.09999084472656 0.0016230392502620816
-313.7999572753906 240.09999084472656 0.0016262053977698088
-313.7999572753906 240.09999084472656 0.00163463584613055
-313.7999572753906 240.09999084472656 0.0016440581530332565
-313.7999572753906 240.09999084472656 0.0016524887178093195
-313.7999572753906 240.09999084472656 0.0016554641770198941
-313.7936096191406 240.10011291503906 0.0016120529035106301
-313.7480773925781 240.10086059570312 0.001416015555150807
-313.66864013671875 240.10232543945312 0.0012469482608139515
-313.5611572265625 240.1041717529297 0.0011389541905373335
-313.4322509765625 240.1065216064453 0.0010975265176966786
-313.28485107421875 240.1093292236328 0.0010938262566924095
-313.12066650390625 240.11248779296875 0.0011077498784288764
-312.94049072265625 240.1161346435547 0.0011283874046057463
-312.7451171875 240.12014770507812 0.0011515426449477673
-312.5353088378906 240.12460327148438 0.0011745452648028731
-312.3114318847656 240.1294708251953 0.001195449847728014
-312.0737609863281 240.13352966308594 0.0012107467046007514
-311.8224792480469 240.13739013671875 0.001355247455649078
-311.55810546875 240.1415252685547 0.0015312957111746073
-311.2893981933594 240.14572143554688 0.0016331863589584827
-311.0169982910156 240.14999389648438 0.0016794204711914062
-310.7375183105469 240.15440368652344 0.001681594760157168
-310.44921875 240.15896606445312 0.001661758404225111
-310.1499938964844 240.16371154785156 0.0016291808569803834
-309.8390808105469 240.16868591308594 0.0015953445108607411
-309.5145568847656 240.17384338378906 0.0015560149913653731
-309.1759338378906 240.17929077148438 0.0015242004301398993
-308.82427978515625 240.1850128173828 0.0015038299607113004
-308.45947265625 240.19091796875 0.0014887236757203937
-308.08050537109375 240.19699096679688 0.0014722442720085382
-307.6880187988281 240.20339965820312 0.001462211599573493
-307.28204345703125 240.20999145507812 0.0014573287917301059
-306.8659362792969 240.21676635742188 0.0014737319434061646
-306.44427490234375 240.22239685058594 0.0015217209002003074
-306.0224914550781 240.22694396972656 0.0016018295427784324
-305.603515625 240.23095703125 0.001684646587818861
-305.18927001953125 240.23451232910156 0.0017611312214285135
-304.78033447265625 240.2376708984375 0.0018231964204460382
-304.3771667480469 240.2405242919922 0.0018719100626185536
-303.978515625 240.2430877685547 0.0019014357822015882
-303.5832214355469 240.24542236328125 0.0019142532255500555
-303.1883239746094 240.2476348876953 0.0019040679326280951
-302.7908020019531 240.24972534179688 0.001874847337603569
-302.3874206542969 240.25169372558594 0.0018298339564353228
-301.9761962890625 240.25364685058594 0.0017792510334402323
-301.55511474609375 240.25559997558594 0.00172618858050555
-301.123291015625 240.25750732421875 0.0016775893745943904
-300.6795349121094 240.25942993164062 0.0016324615571647882
-300.2235412597656 240.26133728027344 0.0015948103973641992
-299.7546081542969 240.26292419433594 0.0015623854706063867
-299.2727355957031 240.26417541503906 0.0015393828507512808
-298.7774963378906 240.26527404785156 0.0015187072567641735
-298.2687683105469 240.26622009277344 0.0015014266828075051
-297.7460632324219 240.2670440673828 0.0014838028000667691
-297.2095642089844 240.26776123046875 0.0014710997929796576
-296.6595764160156 240.2684326171875 0.0014635848347097635
-296.0966491699219 240.26905822753906 0.0014609908685088158
-295.5211486816406 240.2695770263672 0.0014614867977797985
-294.93341064453125 240.2700653076172 0.001464576693251729
-294.33367919921875 240.27032470703125 0.001469421316869557
-293.7220764160156 240.2703857421875 0.001475601107813418
-293.09881591796875 240.270263671875 0.001481285085901618
-292.46405029296875 240.2700653076172 0.0014859770890325308
-291.8177795410156 240.26974487304688 0.0014899062225595117
-291.16015625 240.2693328857422 0.0014929580502212048
-290.49127197265625 240.26885986328125 0.001496009761467576
-289.81121826171875 240.2683868408203 0.0014986038440838456
-289.1199645996094 240.26776123046875 0.0015011978102847934
-288.4176330566406 240.2670440673828 0.0015108870575204492
-287.70428466796875 240.26622009277344 0.0015092849498614669
-286.97998046875 240.2653045654297 0.0015096664428710938
-286.2447814941406 240.26437377929688 0.0015110778622329235
-285.4987487792969 240.26332092285156 0.001512451097369194
-284.7419128417969 240.2622528076172 0.0015137862646952271
-283.9743957519531 240.26112365722656 0.0015153884887695312
-283.1961975097656 240.25991821289062 0.0015171050326898694
-282.4077453613281 240.25848388671875 0.0012260054936632514
-281.61041259765625 240.25784301757812 0.00042098999256268144
-280.80609130859375 240.25762939453125 0.0003380966081749648
-279.9979553222656 240.257080078125 0.0005194854456931353
-279.1888732910156 240.2562713623047 0.0007817077566869557
-278.3811340332031 240.2552490234375 0.001042175223119557
-277.5762023925781 240.25404357910156 0.001267509418539703
-276.774658203125 240.2526092529297 0.0014482116093859076
-275.9764404296875 240.2510223388672 0.0015839766710996628
-275.1810302734375 240.24929809570312 0.0016809081425890326
-274.3875427246094 240.24749755859375 0.0017459106165915728
-273.5951232910156 240.2456817626953 0.0017851638840511441
-272.8028564453125 240.2438201904297 0.0018063354073092341
-272.0101013183594 240.24191284179688 0.001816177275031805
-271.216552734375 240.23995971679688 0.0018190382979810238
-270.42193603515625 240.23802185058594 0.0018190382979810238
-269.6263122558594 240.23606872558594 0.0018184661166742444
-268.8298645019531 240.2341766357422 0.0018182754283770919
-268.03289794921875 240.23236083984375 0.001819076482206583
-267.23565673828125 240.2306365966797 0.0018216704484075308
-266.4383850097656 240.2289581298828 0.0018164062639698386
-265.64129638671875 240.22727966308594 0.0018237304175272584
-264.844482421875 240.22567749023438 0.0018301772652193904
-264.0479736328125 240.22412109375 0.001835632254369557
-263.25177001953125 240.2225341796875 0.0018383025890216231
-262.455810546875 240.22100830078125 0.0018417357932776213
-261.6600036621094 240.21954345703125 0.001843261648900807
-260.8642578125 240.21807861328125 0.0018435668898746371
-260.0684814453125 240.21661376953125 0.001843261648900807
-259.2726745605469 240.2152099609375 0.0018425750313326716
-258.4767761230469 240.2138214111328 0.001842231722548604
-257.6807861328125 240.2124481201172 0.0018415831727907062
-256.8846740722656 240.21109008789062 0.0018410109914839268
-256.0885314941406 240.209716796875 0.0018406294984743
-255.29234313964844 240.20835876464844 0.0018405532464385033
-254.4961395263672 240.2069854736328 0.0018403243739157915
-253.699951171875 240.2056121826172 0.0018406676826998591
-252.9037628173828 240.20425415039062 0.0018408583709970117
-252.10757446289062 240.202880859375 0.0018411254277452826
-251.3114776611328 240.20152282714844 0.0018414687365293503
-250.515380859375 240.2001495361328 0.001841697609052062
-249.7192840576172 240.1987762451172 0.0018413924844935536
-248.92320251464844 240.19741821289062 0.0018415831727907062
-248.12710571289062 240.196044921875 0.0018416213570162654
-247.3310089111328 240.19468688964844 0.0018414306687191129
-246.534912109375 240.1933135986328 0.0018414687365293503
-245.7388153076172 240.1919403076172 0.0018414306687191129
-244.94273376464844 240.19058227539062 0.0018412780482321978
-244.14663696289062 240.189208984375 0.0018412780482321978
-243.3505401611328 240.18785095214844 0.0018409728072583675
-242.554443359375 240.1864776611328 0.0018407439347356558
-241.7583465576172 240.1851043701172 0.0018410872435197234
-240.96226501464844 240.18374633789062 0.001841049175709486
-240.16616821289062 240.182373046875 0.0018409728072583675
-239.3700714111328 240.18101501464844 0.0018412780482321978
-238.573974609375 240.1796417236328 0.0018412398640066385
-237.7778778076172 240.17822265625 0.0018410109914839268
-236.98179626464844 240.17678833007812 0.0018413924844935536
-236.18569946289062 240.1753387451172 0.0018409728072583675
-235.3896026611328 240.1738739013672 0.0018410109914839268
-234.593505859375 240.1724090576172 0.001841049175709486
-233.7974090576172 240.1709442138672 0.0018405914306640625
-233.00132751464844 240.1694793701172 0.0018407439347356558
-232.20523071289062 240.1680450439453 0.0018408583709970117
-231.4091339111328 240.1665802001953 0.0018404388101771474
-230.613037109375 240.1651153564453 0.0018407439347356558
-229.81695556640625 240.1636505126953 0.0018408583709970117
-229.02085876464844 240.1621856689453 0.0018406676826998591
-228.22476196289062 240.1607208251953 0.0018409728072583675
-227.4286651611328 240.1592559814453 0.001841049175709486
-226.632568359375 240.1577911376953 0.0018408203031867743
-225.83648681640625 240.1563262939453 0.0018409347394481301
-225.04039001464844 240.1548614501953 0.0018408583709970117
-224.24429321289062 240.1533966064453 0.0018410109914839268
-223.4481964111328 240.1519317626953 0.0018410872435197234
-222.652099609375 240.1504669189453 0.0018411636119708419
-221.85601806640625 240.1490020751953 0.0018410872435197234
-221.05992126464844 240.1475372314453 0.001841049175709486
-220.26382446289062 240.1460723876953 0.0018411636119708419
-219.4677276611328 240.1446075439453 0.001840782118961215
-218.671630859375 240.14320373535156 0.0018256759503856301
-217.87554931640625 240.14173889160156 0.001828155480325222
-217.07945251464844 240.14027404785156 0.0018306731944903731
-216.28335571289062 240.1388397216797 0.0018330382881686091
-215.4872589111328 240.1373748779297 0.0018351363250985742
-214.691162109375 240.1359100341797 0.0018364334246143699
-213.89508056640625 240.1344451904297 0.0018376159714534879
-213.09898376464844 240.1329803466797 0.0018384932773187757
-212.30288696289062 240.1315155029297 0.0018391418270766735
-211.5067901611328 240.13011169433594 0.001839866628870368
-210.710693359375 240.12872314453125 0.0018404769944027066
-209.91461181640625 240.1273651123047 0.0018407439347356558
-209.11851501464844 240.12599182128906 0.001841049175709486
-208.32241821289062 240.12461853027344 0.0018409347394481301
-207.5263214111328 240.12326049804688 0.001841049175709486
-206.730224609375 240.12188720703125 0.001841316232457757
-205.93414306640625 240.1205291748047 0.0018411254277452826
-205.13804626464844 240.11915588378906 0.0018412398640066385
-204.34194946289062 240.1177215576172 0.0018411636119708419
-203.5458526611328 240.1162872314453 0.001840896555222571
-202.749755859375 240.1148223876953 0.0018408583709970117
-201.95367431640625 240.1133575439453 0.001840782118961215
-201.15757751464844 240.11190795898438 0.0018403625581413507
-200.36148071289062 240.11044311523438 0.001840782118961215
-199.5653839111328 240.10903930664062 0.001840896555222571
-198.769287109375 240.10760498046875 0.0018409728072583675
-197.97320556640625 240.10614013671875 0.0018410872435197234
-197.17710876464844 240.10467529296875 0.0018409347394481301
-196.38101196289062 240.10324096679688 0.001840782118961215
-195.5849151611328 240.10177612304688 0.0018408583709970117
-194.788818359375 240.10031127929688 0.0018410109914839268
-193.99273681640625 240.09890747070312 0.001841049175709486
-193.19664001464844 240.09751892089844 0.0018415451049804688
-192.40054321289062 240.0961456298828 0.0018417357932776213
-191.6044464111328 240.0947723388672 0.0018415451049804688
-190.808349609375 240.09341430664062 0.0018415451049804688
-190.01226806640625 240.092041015625 0.0018415451049804688
-189.21617126464844 240.09068298339844 0.0018415451049804688
-188.42007446289062 240.0893096923828 0.0018415451049804688
-187.6239776611328 240.0879364013672 0.0018413543002679944
-186.827880859375 240.08657836914062 0.0018412398640066385
-186.03179931640625 240.085205078125 0.001841316232457757
-185.23570251464844 240.08384704589844 0.001841316232457757
-184.43960571289062 240.0824737548828 0.0018411254277452826
-183.6435089111328 240.0811004638672 0.001841316232457757
-182.847412109375 240.07974243164062 0.0018412780482321978
-182.05133056640625 240.07830810546875 0.0018409728072583675
-181.25523376464844 240.07687377929688 0.0018412780482321978
-180.45913696289062 240.07540893554688 0.001840896555222571
-179.6630401611328 240.07394409179688 0.0018409347394481301
-178.866943359375 240.07249450683594 0.0018409728072583675
-178.07086181640625 240.07102966308594 0.001840896555222571
-177.27476501464844 240.06956481933594 0.001840896555222571
-176.47866821289062 240.06809997558594 0.0018409347394481301
-175.6825714111328 240.06663513183594 0.0018407439347356558
-174.886474609375 240.0651092529297 0.001840782118961215
-174.09039306640625 240.06358337402344 0.0018412780482321978
-173.29429626464844 240.06210327148438 0.0018412780482321978
-172.49819946289062 240.060546875 0.0018413924844935536
-171.7021026611328 240.05908203125 0.0018411254277452826
-170.906005859375 240.0576629638672 0.0018413924844935536
-170.10992431640625 240.05628967285156 0.0018418502295389771
-169.31382751464844 240.05491638183594 0.0018416595412418246
-168.51773071289062 240.0535430908203 0.0018416213570162654
-167.7216339111328 240.0521240234375 0.0018413924844935536
-166.925537109375 240.0506134033203 0.0018411254277452826
-166.12945556640625 240.04913330078125 0.0018412017961964011
-165.33335876464844 240.04766845703125 0.0018410872435197234
-164.53726196289062 240.04620361328125 0.0018413924844935536
-163.74118041992188 240.04464721679688 0.001841316232457757
-162.94508361816406 240.04307556152344 0.0018415069207549095
-162.14898681640625 240.04153442382812 0.0018413543002679944
-161.35289001464844 240.03993225097656 0.0018412780482321978
-160.5568084716797 240.03829956054688 0.001841697609052062
-159.76071166992188 240.03663635253906 0.0018416595412418246
-158.96461486816406 240.0349578857422 0.0018414687365293503
-158.16851806640625 240.03317260742188 0.0018421172862872481
-157.37242126464844 240.0312957763672 0.0018425368471071124
-156.5763397216797 240.0293426513672 0.0018426132155582309
-155.78024291992188 240.0272979736328 0.0018433380173519254
-154.98414611816406 240.02511596679688 0.0018436431419104338
-154.18804931640625 240.0228271484375 0.0018439482664689422
-153.39195251464844 240.0205078125 0.0018439482664689422
-152.59585571289062 240.01817321777344 0.0018431853968650103
-151.7997589111328 240.01576232910156 0.001843147212639451
-151.003662109375 240.01327514648438 0.0018429565243422985
-150.20758056640625 240.01075744628906 0.0018427657196298242
-149.41148376464844 240.0082244873047 0.0018425368471071124
-148.61538696289062 240.00564575195312 0.0018426132155582309
-147.8192901611328 240.00302124023438 0.0018424224108457565
-147.023193359375 240.00038146972656 0.001841964665800333
-146.22711181640625 239.99777221679688 0.0018417739775031805
-145.43101501464844 239.99505615234375 0.0018415451049804688
-144.63491821289062 239.9922637939453 0.0018421935383230448
-143.8388214111328 239.98944091796875 0.001842498779296875
-143.042724609375 239.9866180419922 0.0018415831727907062
-142.24664306640625 239.98377990722656 0.0018415831727907062
-141.45054626464844 239.98095703125 0.0018416595412418246
-140.65444946289062 239.97813415527344 0.0018414687365293503
-139.8583526611328 239.97531127929688 0.0018416213570162654
-139.062255859375 239.97247314453125 0.0018414306687191129
-138.26617431640625 239.9696502685547 0.0018410109914839268
-137.47007751464844 239.966796875 0.0018412398640066385
-136.67398071289062 239.96395874023438 0.0018412780482321978
-135.8778839111328 239.96112060546875 0.0018411636119708419
-135.081787109375 239.95835876464844 0.0018412398640066385
-134.28570556640625 239.95559692382812 0.0018416213570162654
-133.48960876464844 239.95286560058594 0.0018414687365293503
-132.69351196289062 239.9500732421875 0.0018412780482321978
-131.8974151611328 239.947265625 0.001840896555222571
-131.101318359375 239.94451904296875 0.0018409728072583675
-130.30523681640625 239.94178771972656 0.0018410872435197234
-129.50914001464844 239.9390411376953 0.0018414687365293503
-128.71304321289062 239.93630981445312 0.0018415069207549095
-127.91695404052734 239.93353271484375 0.0018412780482321978
-127.12085723876953 239.9307098388672 0.0018408203031867743
-126.32476043701172 239.92800903320312 0.001840782118961215
-125.52867126464844 239.92526245117188 0.0018405532464385033
-124.73257446289062 239.9225311279297 0.0018408203031867743
-123.93648529052734 239.9197998046875 0.0018410109914839268
-123.14038848876953 239.9170379638672 0.0018414687365293503
-122.34429168701172 239.91427612304688 0.0018410109914839268
-121.54820251464844 239.9114532470703 0.0018409347394481301
-120.75210571289062 239.90872192382812 0.0018409347394481301
-119.95601654052734 239.90599060058594 0.0018407058669254184
-119.15991973876953 239.90325927734375 0.0018407439347356558
-118.36382293701172 239.90054321289062 0.0018411254277452826
-117.56773376464844 239.897705078125 0.0018409728072583675
-116.77163696289062 239.89488220214844 0.001841316232457757
-115.97554779052734 239.8921356201172 0.0018412780482321978
-115.17945098876953 239.88937377929688 0.0018410109914839268
-114.38335418701172 239.8865509033203 0.001841049175709486
-113.58726501464844 239.8838348388672 0.0018411636119708419
-112.79116821289062 239.88108825683594 0.0018413924844935536
-111.99507904052734 239.87835693359375 0.0018414687365293503
-111.19898223876953 239.87562561035156 0.0018415451049804688
-110.40288543701172 239.8728790283203 0.001841316232457757
-109.60679626464844 239.87014770507812 0.0018414306687191129
-108.81069946289062 239.86741638183594 0.0018414687365293503
-108.01461029052734 239.86468505859375 0.0018415451049804688
-107.21851348876953 239.86190795898438 0.0018412780482321978
-106.42241668701172 239.8591766357422 0.0018411636119708419
-105.62632751464844 239.8564453125 0.0018409728072583675
-104.83023071289062 239.85369873046875 0.0018409728072583675
-104.03414154052734 239.85096740722656 0.0018411636119708419
-103.23804473876953 239.84823608398438 0.001840782118961215
-102.44194793701172 239.84552001953125 0.0018410109914839268
-101.64585876464844 239.84266662597656 0.0018411636119708419
-100.84976196289062 239.83985900878906 0.0018413543002679944
-100.05367279052734 239.83702087402344 0.0018412780482321978
-99.25757598876953 239.834228515625 0.0018409728072583675
-98.46147918701172 239.83151245117188 0.0018412780482321978
-97.66539001464844 239.82876586914062 0.001841812045313418
-96.86929321289062 239.8260040283203 0.001841812045313418
-96.07320404052734 239.82327270507812 0.0018413924844935536
-95.27710723876953 239.820556640625 0.0018416595412418246
-94.48101043701172 239.8179168701172 0.0018413924844935536
-93.68492126464844 239.81521606445312 0.0018413543002679944
-92.88882446289062 239.81246948242188 0.0018413543002679944
-92.09273529052734 239.8097381591797 0.0018410109914839268
-91.29663848876953 239.80702209472656 0.0018409728072583675
-90.50054168701172 239.80429077148438 0.001841049175709486
-89.70445251464844 239.8015594482422 0.0018408583709970117
-88.90835571289062 239.7987518310547 0.0018409728072583675
-88.11226654052734 239.79592895507812 0.0018414687365293503
-87.31616973876953 239.79310607910156 0.0018411254277452826
-86.52007293701172 239.790283203125 0.0018412017961964011
-85.72398376464844 239.78746032714844 0.0018411636119708419
-84.92788696289062 239.7846221923828 0.0018408203031867743
-84.13179779052734 239.78182983398438 0.001841049175709486
-83.33570098876953 239.77908325195312 0.0018413924844935536
-82.53960418701172 239.77633666992188 0.0018410872435197234
-81.74351501464844 239.7736053466797 0.0018411254277452826
-80.94742584228516 239.7708740234375 0.0018411636119708419
-80.15132904052734 239.7681427001953 0.001840782118961215
-79.35523986816406 239.76541137695312 0.0018409347394481301
-78.55914306640625 239.76266479492188 0.0018411636119708419
-77.76311492919922 239.75987243652344 0.0018412780482321978
-76.96762084960938 239.75704956054688 0.0018452071817591786
-76.1740951538086 239.7543182373047 0.0018571472028270364
-75.384521484375 239.75155639648438 0.0018793868366628885
-74.6009521484375 239.7488250732422 0.0019110488938167691
-73.82569885253906 239.74610900878906 0.0019519042689353228
-73.0625 239.74339294433594 0.0020079421810805798
-72.31474304199219 239.74075317382812 0.0020742416381835938
-71.58418273925781 239.73822021484375 0.0021391676273196936
-70.87152862548828 239.7357635498047 0.002194976666942239
-70.17715454101562 239.7333221435547 0.0022402952890843153
-69.501220703125 239.73097229003906 0.0022763442248106003
-68.84369659423828 239.7286834716797 0.0023033523466438055
-68.20446014404297 239.72645568847656 0.0023227690253406763
-67.58332061767578 239.72422790527344 0.002336044330149889
-66.98005676269531 239.72206115722656 0.0023441314697265625
-66.3943862915039 239.7200164794922 0.0023482893593609333
-65.82601165771484 239.718017578125 0.0023510742466896772
-65.27464294433594 239.71609497070312 0.002349319402128458
-64.73998260498047 239.71421813964844 0.0023458481300622225
-64.22171020507812 239.7123565673828 0.0023410033900290728
-63.71940612792969 239.71055603027344 0.002334441989660263
-63.23237228393555 239.7089080810547 0.002324714558199048
-62.7597770690918 239.70712280273438 0.0023116301745176315
-62.30124282836914 239.7056121826172 0.0022987364791333675
-61.85671615600586 239.70391845703125 0.0022883224301040173
-61.42593002319336 239.7025146484375 0.0022783661261200905
-61.00803756713867 239.70089721679688 0.002265090821310878
-60.600852966308594 239.69960021972656 0.002240791218355298
-60.20232391357422 239.6980743408203 0.002208556979894638
-59.810462951660156 239.69688415527344 0.0021696090698242188
-59.42245101928711 239.69534301757812 0.0021205139346420765
-59.03493118286133 239.69415283203125 0.0020599365234375
-58.64455795288086 239.69261169433594 0.001990089425817132
-58.24881362915039 239.69140625 0.0019184874836355448
-57.846717834472656 239.68988037109375 0.0018556213472038507
-57.43899154663086 239.68861389160156 0.0018110655946657062
-57.02760696411133 239.68702697753906 0.0017892837058752775
-56.61494445800781 239.68582153320312 0.0017892455216497183
-56.20315170288086 239.68429565429688 0.0018048095516860485
-55.793739318847656 239.68307495117188 0.0018287276616320014
-55.38747024536133 239.6815643310547 0.0018535995623096824
-54.98440170288086 239.6803436279297 0.0018733214819803834
-54.583831787109375 239.67892456054688 0.0016561507945880294
-54.18484878540039 239.6774139404297 0.0015277862548828125
-53.78654479980469 239.6756134033203 0.0015299224760383368
-53.38788604736328 239.6741943359375 0.0015742110554128885
-52.987972259521484 239.67257690429688 0.0016238021198660135
-52.58631896972656 239.6712646484375 0.0016664504073560238
-52.18287658691406 239.669677734375 0.001700668246485293
-51.77798843383789 239.66842651367188 0.0017293166602030396
-51.37223815917969 239.66664123535156 0.0016771698137745261
-50.966331481933594 239.66522216796875 0.0017215728294104338
-50.56078338623047 239.66368103027344 0.0017553711077198386
-50.1559944152832 239.6625518798828 0.0017874526092782617
-49.75213623046875 239.66110229492188 0.0018109893426299095
-49.34917449951172 239.6599578857422 0.00182762136682868
-48.946956634521484 239.658447265625 0.001838264404796064
-48.54552459716797 239.65725708007812 0.001845893799327314
-48.14528274536133 239.65577697753906 0.0018536376301199198
-47.746829986572266 239.65460205078125 0.0018638991750776768
-47.35087966918945 239.6531219482422 0.0018760680686682463
-46.95801544189453 239.6520233154297 0.0018900680588558316
-46.56867599487305 239.65057373046875 0.001903533935546875
-46.18305206298828 239.64942932128906 0.0019151687156409025
-45.80110549926758 239.64796447753906 0.0019241332774981856
-45.42262649536133 239.64686584472656 0.0019298553233966231
-45.047279357910156 239.64540100097656 0.0019319533603265882
-44.67469787597656 239.64431762695312 0.0019309234339743853
-44.304527282714844 239.6428680419922 0.0019275664817541838
-43.93649673461914 239.6417694091797 0.0019227981101721525
-43.57046890258789 239.6404266357422 0.0019186401041224599
-43.20642852783203 239.63943481445312 0.0019136810442432761
-42.84446716308594 239.63807678222656 0.0019110869616270065
-42.4847297668457 239.63706970214844 0.001910476596094668
-42.12742233276367 239.63568115234375 0.0019107054686173797
-41.77267837524414 239.6346435546875 0.0019124603131785989
-41.42063522338867 239.63327026367188 0.0019150160951539874
-41.07133102416992 239.63229370117188 0.0019173811888322234
-40.72475814819336 239.6309356689453 0.0019191360333934426
-40.380828857421875 239.62991333007812 0.0019197844667360187
-40.0394401550293 239.62857055664062 0.0019194030901417136
-39.70045471191406 239.62759399414062 0.0019183348631486297
-39.3637580871582 239.62628173828125 0.0019168471917510033
-39.02927017211914 239.62530517578125 0.0019209289457648993
-38.696922302246094 239.6239776611328 0.0019209670135751367
-38.366661071777344 239.62313842773438 0.001894454937428236
-38.03855895996094 239.62185668945312 0.001887855469249189
-37.7126579284668 239.6209716796875 0.001888008089736104
-37.38902282714844 239.6197052001953 0.0018917465349659324
-37.067684173583984 239.61878967285156 0.0018960189772769809
-36.74867630004883 239.61753845214844 0.0018998717423528433
-36.432003021240234 239.61659240722656 0.001902732765302062
-36.11762237548828 239.61534118652344 0.0019047927344217896
-35.805503845214844 239.61447143554688 0.001906547462567687
-35.49558639526367 239.6132049560547 0.0019074630690738559
-35.18781280517578 239.61233520507812 0.0019075393211096525
-34.88214111328125 239.61106872558594 0.0019069671398028731
-34.57852554321289 239.6101837158203 0.0019058226607739925
-34.27695083618164 239.60897827148438 0.001905479351989925
-33.97740936279297 239.608154296875 0.0019056701567023993
-33.67990493774414 239.60694885253906 0.001905364915728569
-33.38444900512695 239.60610961914062 0.0019050597911700606
-33.0910530090332 239.60491943359375 0.0019050597911700606
-32.79972839355469 239.6040496826172 0.001904716482385993
-32.51047134399414 239.60289001464844 0.0019044112414121628
-32.2232666015625 239.6020965576172 0.0019046401139348745
-31.938100814819336 239.6009521484375 0.001904563861899078
-31.654937744140625 239.6001739501953 0.0019039534963667393
-31.373748779296875 239.59898376464844 0.0019035720033571124
-31.09450912475586 239.5981903076172 0.0019026183290407062
-30.817184448242188 239.59703063964844 0.0019020079635083675
-30.5417537689209 239.5962677001953 0.0019014357822015882
-30.268217086791992 239.59507751464844 0.0019010162213817239
-29.99655532836914 239.5943145751953 0.0019005584763363004
-29.72677230834961 239.59315490722656 0.001900215051136911
-29.4588565826416 239.59243774414062 0.0018997954903170466
-29.192819595336914 239.59133911132812 0.00189971923828125
-28.92864990234375 239.5906219482422 0.0018993377452716231
-28.666337966918945 239.58950805664062 0.0018990706885233521
-28.40587043762207 239.58880615234375 0.0018986511277034879
-28.147228240966797 239.5876922607422 0.0018984222551807761
-27.890390396118164 239.5869903564453 0.0018979643937200308
-27.63533592224121 239.58587646484375 0.0018974303966388106
-27.382049560546875 239.58514404296875 0.0018970489036291838
-27.13051414489746 239.58407592773438 0.0018968582153320312
-26.879079818725586 239.5833740234375 0.0018315886845812201
-26.623607635498047 239.58233642578125 0.0018393706995993853
-26.371028900146484 239.58172607421875 0.0018639754271134734
-26.120792388916016 239.58059692382812 0.0018437193939462304
-25.87162208557129 239.57969665527344 0.001644897391088307
-25.624652862548828 239.57879638671875 0.0015819930704310536
-25.382165908813477 239.577880859375 0.0015919493744149804
-25.147058486938477 239.57701110839844 0.0016419983003288507
-24.92203140258789 239.576171875 0.0017109679756686091
-24.709083557128906 239.57537841796875 0.0017840194050222635
-24.50846290588379 239.57411193847656 0.001848945626989007
-24.320016860961914 239.57272338867188 0.0019008254166692495
-24.143407821655273 239.57142639160156 0.0019369887886568904
-23.978166580200195 239.5701141357422 0.001960220281034708
-23.82418441772461 239.56898498535156 0.0019751356448978186
-23.681339263916016 239.5678253173828 0.0019846344366669655
-23.549495697021484 239.5668487548828 0.001989936688914895
-23.4284610748291 239.5658416748047 0.0019923399668186903
-23.318429946899414 239.56494140625 0.0019966887775808573
-23.24781608581543 239.56398010253906 0.0021705245599150658
-23.23638916015625 239.5637969970703 0.002410621615126729
-23.236364364624023 239.5637969970703 0.0023894882760941982
-23.236225128173828 239.5637969970703 0.0022661208640784025
-23.23607635498047 239.5637969970703 0.002135582035407424
-23.23595428466797 239.5637969970703 0.0020246123895049095
-23.235858917236328 239.5637969970703 0.0019371032249182463
-23.235790252685547 239.5637969970703 0.0018705367110669613
-23.23573112487793 239.5637969970703 0.0018208312103524804
-23.23573112487793 239.5637969970703 0.0018208312103524804
-23.235675811767578 239.5637969970703 0.0017737578600645065
-23.23565101623535 239.5637969970703 0.0017534637590870261
-23.23563003540039 239.5637969970703 0.0017354964511469007
-23.23560905456543 239.5637969970703 0.0017212677048519254
-23.235597610473633 239.5637969970703 0.0017099761171266437
-23.23558807373047 239.5637969970703 0.0017016982892528176
-23.235580444335938 239.5637969970703 0.0016955184983089566
-23.235572814941406 239.5637969970703 0.001690940815024078
-23.235572814941406 239.5637969970703 0.001689224154688418
-23.23556900024414 239.5637969970703 0.0016872023697942495
-23.235565185546875 239.5637969970703 0.0016851425170898438
-23.235563278198242 239.5637969970703 0.0016833876725286245
-23.235563278198242 239.5637969970703 0.0016820526216179132
-23.23556137084961 239.5637969970703 0.0016810607630759478
-23.23556137084961 239.5637969970703 0.0016810607630759478
-23.23556137084961 239.5637969970703 0.0016797637799754739
-23.235559463500977 239.5637969970703 0.001679496723227203
-23.235559463500977 239.5637969970703 0.001679496723227203
-23.235559463500977 239.5637969970703 0.001679496723227203
-23.235559463500977 239.5637969970703 0.001679496723227203
-23.235559463500977 239.5637969970703 0.0016783141763880849
-23.235559463500977 239.5637969970703 0.0016783141763880849
-23.235559463500977 239.5637969970703 0.0016783141763880849
-23.235559463500977 239.5637969970703 0.0016783141763880849
-23.235559463500977 239.5637969970703 0.0016783141763880849
-23.235559463500977 239.5637969970703 0.0016783141763880849
-23.235559463500977 239.5637969970703 0.0016783141763880849
-23.235559463500977 239.5637969970703 0.0016783141763880849
-23.235559463500977 239.5637969970703 0.0016783141763880849
-23.235559463500977 239.5637969970703 0.0016783141763880849
-23.235559463500977 239.5637969970703 0.0016783141763880849
-23.235559463500977 239.5637969970703 0.0016783141763880849
-23.235559463500977 239.5637969970703 0.0016783141763880849
-23.235559463500977 239.5637969970703 0.0016783141763880849
-23.235559463500977 239.5637969970703 0.0016783141763880849
-23.235559463500977 239.5637969970703 0.0016783141763880849
-23.235559463500977 239.5637969970703 0.0016783141763880849
-23.235559463500977 239.5637969970703 0.0016783141763880849
-23.235559463500977 239.5637969970703 0.0016783141763880849
-23.235559463500977 239.5637969970703 0.0016783141763880849
-23.235559463500977 239.5637969970703 0.0016783141763880849
-23.235559463500977 239.5637969970703 0.0016783141763880849
-23.235559463500977 239.5637969970703 0.0016783141763880849
-23.235559463500977 239.5637969970703 0.0016783141763880849
-23.235559463500977 239.5637969970703 0.0016783141763880849
-23.235559463500977 239.5637969970703 0.0016783141763880849
-23.235559463500977 239.5637969970703 0.0016783141763880849
-23.235559463500977 239.5637969970703 0.0016783141763880849
-23.235559463500977 239.5637969970703 0.0016783141763880849
-23.235559463500977 239.5637969970703 0.0016783141763880849
-23.235559463500977 239.5637969970703 0.0016783141763880849
-23.235559463500977 239.5637969970703 0.0016783141763880849
-23.235559463500977 239.5637969970703 0.0016783141763880849
-23.235559463500977 239.5637969970703 0.0016783141763880849
-23.235559463500977 239.5637969970703 0.0016783141763880849
-23.235559463500977 239.5637969970703 0.0016783141763880849
-23.235559463500977 239.5637969970703 0.0016783141763880849
-23.235559463500977 239.5637969970703 0.0016783141763880849
-23.235559463500977 239.5637969970703 0.0016783141763880849
-23.235559463500977 239.5637969970703 0.0016783141763880849
-23.235559463500977 239.5637969970703 0.0016783141763880849
-23.235559463500977 239.5637969970703 0.0016783141763880849
-23.235559463500977 239.5637969970703 0.0016783141763880849
-23.235559463500977 239.5637969970703 0.0016783141763880849
-23.235559463500977 239.5637969970703 0.0016783141763880849
-23.235559463500977 239.5637969970703 0.0016783141763880849
-23.235559463500977 239.5637969970703 0.0016783141763880849
-23.235559463500977 239.5637969970703 0.0016783141763880849
-23.235559463500977 239.5637969970703 0.0016783141763880849
-23.235559463500977 239.5637969970703 0.0016783141763880849
-23.235559463500977 239.5637969970703 0.0016783141763880849
-23.235559463500977 239.5637969970703 0.0016783141763880849
-23.235559463500977 239.5637969970703 0.0016783141763880849
-23.235559463500977 239.5637969970703 0.0016783141763880849
-23.235559463500977 239.5637969970703 0.0016783141763880849
-23.235559463500977 239.5637969970703 0.0016783141763880849
-23.235559463500977 239.5637969970703 0.0016783141763880849
-23.235559463500977 239.5637969970703 0.0016783141763880849
-23.235559463500977 239.5637969970703 0.0016783141763880849
-23.235559463500977 239.5637969970703 0.0016783141763880849
-23.235559463500977 239.5637969970703 0.0016783141763880849
-23.235559463500977 239.5637969970703 0.0016783141763880849
-23.235559463500977 239.5637969970703 0.0016783141763880849
-23.235559463500977 239.5637969970703 0.0016783141763880849
-23.235559463500977 239.5637969970703 0.0016783141763880849
-23.235559463500977 239.5637969970703 0.0016783141763880849
-23.235559463500977 239.5637969970703 0.0016783141763880849
-23.235559463500977 239.5637969970703 0.0016783141763880849
-23.235559463500977 239.5637969970703 0.0016783141763880849
-23.235559463500977 239.5637969970703 0.0016783141763880849
-23.235559463500977 239.5637969970703 0.0016783141763880849
-23.235559463500977 239.5637969970703 0.0016783141763880849
-23.235559463500977 239.5637969970703 0.0016783141763880849
-23.235559463500977 239.5637969970703 0.0016783141763880849
-23.235559463500977 239.5637969970703 0.0016783141763880849
-23.235559463500977 239.5637969970703 0.0016783141763880849
-23.235559463500977 239.5637969970703 0.0016783141763880849
-23.235559463500977 239.5637969970703 0.0016783141763880849
-23.235559463500977 239.5637969970703 0.0016783141763880849
-23.235559463500977 239.5637969970703 0.0016783141763880849
-23.235559463500977 239.5637969970703 0.0016783141763880849
-23.235559463500977 239.5637969970703 0.0016783141763880849
-23.235559463500977 239.5637969970703 0.0016783141763880849
-23.235559463500977 239.5637969970703 0.0016783141763880849
-23.235559463500977 239.5637969970703 0.0016783141763880849
-23.235559463500977 239.5637969970703 0.0016783141763880849
-23.235559463500977 239.5637969970703 0.0016783141763880849
-23.235559463500977 239.5637969970703 0.0016783141763880849
-23.235559463500977 239.5637969970703 0.0016783141763880849
-23.235559463500977 239.5637969970703 0.0016783141763880849
-23.235559463500977 239.5637969970703 0.0016783141763880849
-23.235559463500977 239.5637969970703 0.0016783141763880849
-23.235559463500977 239.5637969970703 0.0016783141763880849
-23.235559463500977 239.5637969970703 0.0016783141763880849
-23.235559463500977 239.5637969970703 0.0016783141763880849
-23.235559463500977 239.5637969970703 0.0016783141763880849
-23.235559463500977 239.5637969970703 0.0016783141763880849
-23.235559463500977 239.5637969970703 0.0016783141763880849
-23.235559463500977 239.5637969970703 0.0016783141763880849
-23.235559463500977 239.5637969970703 0.0016783141763880849
-23.235559463500977 239.5637969970703 0.0016783141763880849
-23.235559463500977 239.5637969970703 0.0016783141763880849
-23.235559463500977 239.5637969970703 0.0016783141763880849
-23.235559463500977 239.5637969970703 0.0016783141763880849
-23.235559463500977 239.5637969970703 0.0016783141763880849
-23.235559463500977 239.5637969970703 0.0016783141763880849
-23.235559463500977 239.5637969970703 0.0016783141763880849
-23.235559463500977 239.5637969970703 0.0016783141763880849
-23.235559463500977 239.5637969970703 0.0016783141763880849
-23.235559463500977 239.5637969970703 0.0016783141763880849
-23.235559463500977 239.5637969970703 0.0016783141763880849
-23.235559463500977 239.5637969970703 0.0016783141763880849
-23.235559463500977 239.5637969970703 0.0016783141763880849
-23.235559463500977 239.5637969970703 0.0016783141763880849
-23.235559463500977 239.5637969970703 0.0016783141763880849
-23.235559463500977 239.5637969970703 0.0016783141763880849
-23.235559463500977 239.5637969970703 0.0016783141763880849
-23.235559463500977 239.5637969970703 0.0016783141763880849
-23.235559463500977 239.5637969970703 0.0016783141763880849
-23.235559463500977 239.5637969970703 0.0016783141763880849
-23.235559463500977 239.5637969970703 0.0016783141763880849
-23.235559463500977 239.5637969970703 0.0016783141763880849
-23.235559463500977 239.5637969970703 0.0016783141763880849
-23.235559463500977 239.5637969970703 0.0016783141763880849
-23.235559463500977 239.5637969970703 0.0016783141763880849
-23.235559463500977 239.5637969970703 0.0016783141763880849
-23.235559463500977 239.5637969970703 0.0016783141763880849
-23.235559463500977 239.5637969970703 0.0016783141763880849
-23.235559463500977 239.5637969970703 0.0016783141763880849
-23.235559463500977 239.5637969970703 0.0016783141763880849
-23.235559463500977 239.5637969970703 0.0016783141763880849
-23.235559463500977 239.5637969970703 0.0016783141763880849
-23.235559463500977 239.5637969970703 0.0016783141763880849
-23.235559463500977 239.5637969970703 0.0016783141763880849
-23.235559463500977 239.5637969970703 0.0016783141763880849
-23.235559463500977 239.5637969970703 0.0016783141763880849
-23.235559463500977 239.5637969970703 0.0016783141763880849
-23.235559463500977 239.5637969970703 0.0016783141763880849
-23.235559463500977 239.5637969970703 0.0016783141763880849
-23.235559463500977 239.5637969970703 0.0016783141763880849
-23.235559463500977 239.5637969970703 0.0016783141763880849
-23.235559463500977 239.5637969970703 0.0016783141763880849
-23.235559463500977 239.5637969970703 0.0016783141763880849
-23.235559463500977 239.5637969970703 0.0016783141763880849
-23.235559463500977 239.5637969970703 0.0016783141763880849
-23.235559463500977 239.5637969970703 0.0016783141763880849
-23.235559463500977 239.5637969970703 0.0016783141763880849
-23.235559463500977 239.5637969970703 0.0016783141763880849
-23.235559463500977 239.5637969970703 0.0016783141763880849
-23.235559463500977 239.5637969970703 0.0016783141763880849
-23.235559463500977 239.5637969970703 0.0016783141763880849
-23.235559463500977 239.5637969970703 0.0016783141763880849
-23.235559463500977 239.5637969970703 0.0016783141763880849
-23.235559463500977 239.5637969970703 0.0016783141763880849
-23.235559463500977 239.5637969970703 0.0016783141763880849
-23.235559463500977 239.5637969970703 0.0016783141763880849
-23.235559463500977 239.5637969970703 0.0016783141763880849
-23.235559463500977 239.5637969970703 0.0016783141763880849
-23.235559463500977 239.5637969970703 0.0016783141763880849
-23.235559463500977 239.5637969970703 0.0016783141763880849
-23.235559463500977 239.5637969970703 0.0016783141763880849
-23.235559463500977 239.5637969970703 0.0016783141763880849
-23.235559463500977 239.5637969970703 0.0016783141763880849
-23.235559463500977 239.5637969970703 0.0016783141763880849
-23.235559463500977 239.5637969970703 0.0016783141763880849
-23.235559463500977 239.5637969970703 0.0016783141763880849
-23.235559463500977 239.5637969970703 0.0016783141763880849
-23.235559463500977 239.5637969970703 0.0016783141763880849
-23.235559463500977 239.5637969970703 0.0016783141763880849
-23.235559463500977 239.5637969970703 0.0016783141763880849
-23.235559463500977 239.5637969970703 0.0016783141763880849
-23.235559463500977 239.5637969970703 0.0016783141763880849
-23.235559463500977 239.5637969970703 0.0016783141763880849
-23.235559463500977 239.5637969970703 0.0016783141763880849
-23.235559463500977 239.5637969970703 0.0016783141763880849
-23.235559463500977 239.5637969970703 0.0016783141763880849
-23.235559463500977 239.5637969970703 0.0016783141763880849
-23.235559463500977 239.5637969970703 0.0016783141763880849
-23.235559463500977 239.5637969970703 0.0016783141763880849
-23.235559463500977 239.5637969970703 0.0016783141763880849
-23.235559463500977 239.5637969970703 0.0016783141763880849
-23.235559463500977 239.5637969970703 0.0016783141763880849
-23.235559463500977 239.5637969970703 0.0016783141763880849
-23.235559463500977 239.5637969970703 0.0016783141763880849
-23.235559463500977 239.5637969970703 0.0016783141763880849
-23.235559463500977 239.5637969970703 0.0016783141763880849
-23.235559463500977 239.5637969970703 0.0016783141763880849
-23.235559463500977 239.5637969970703 0.0016783141763880849
-23.235559463500977 239.5637969970703 0.0016783141763880849
-23.235559463500977 239.5637969970703 0.0016783141763880849
-23.235559463500977 239.5637969970703 0.0016783141763880849
-23.235559463500977 239.5637969970703 0.0016783141763880849
-23.235559463500977 239.5637969970703 0.0016783141763880849
-23.235559463500977 239.5637969970703 0.0016783141763880849
-23.235559463500977 239.5637969970703 0.0016783141763880849
-23.235559463500977 239.5637969970703 0.0016783141763880849
-23.235559463500977 239.5637969970703 0.0016783141763880849
-23.235559463500977 239.5637969970703 0.0016783141763880849
-23.235559463500977 239.5637969970703 0.0016783141763880849
-23.235559463500977 239.5637969970703 0.0016783141763880849
-23.235559463500977 239.5637969970703 0.0016783141763880849
-23.235559463500977 239.5637969970703 0.0016783141763880849
-23.235559463500977 239.5637969970703 0.0016783141763880849
-23.235559463500977 239.5637969970703 0.0016783141763880849
-23.235559463500977 239.5637969970703 0.0016783141763880849
-23.235559463500977 239.5637969970703 0.0016783141763880849
-23.235559463500977 239.5637969970703 0.0016783141763880849
-23.235559463500977 239.5637969970703 0.0016783141763880849
-23.235559463500977 239.5637969970703 0.0016783141763880849
-23.235559463500977 239.5637969970703 0.0016783141763880849
-23.235559463500977 239.5637969970703 0.0016783141763880849
-23.235559463500977 239.5637969970703 0.0016783141763880849
-23.235559463500977 239.5637969970703 0.0016783141763880849
-23.235559463500977 239.5637969970703 0.0016783141763880849
-23.235559463500977 239.5637969970703 0.0016783141763880849
-23.235559463500977 239.5637969970703 0.0016783141763880849
-23.235559463500977 239.5637969970703 0.0016783141763880849
-23.235559463500977 239.5637969970703 0.0016783141763880849
-23.235559463500977 239.5637969970703 0.0016783141763880849
-23.235559463500977 239.5637969970703 0.0016783141763880849
-23.235559463500977 239.5637969970703 0.0016783141763880849
-23.235559463500977 239.5637969970703 0.0016783141763880849
-23.235559463500977 239.5637969970703 0.0016783141763880849
-23.235559463500977 239.5637969970703 0.0016783141763880849
-23.235559463500977 239.5637969970703 0.0016783141763880849
-23.235559463500977 239.5637969970703 0.0016783141763880849
-23.235559463500977 239.5637969970703 0.0016783141763880849
-23.235559463500977 239.5637969970703 0.0016783141763880849
-23.235559463500977 239.5637969970703 0.0016783141763880849
-23.235559463500977 239.5637969970703 0.0016783141763880849
-23.235559463500977 239.5637969970703 0.0016783141763880849
-23.235559463500977 239.5637969970703 0.0016783141763880849
-23.235559463500977 239.5637969970703 0.0016783141763880849
-23.235559463500977 239.5637969970703 0.0016783141763880849
-23.235559463500977 239.5637969970703 0.0016783141763880849
-23.235559463500977 239.5637969970703 0.0016783141763880849
-23.235559463500977 239.5637969970703 0.0016783141763880849
-23.235559463500977 239.5637969970703 0.0016783141763880849
-23.235559463500977 239.5637969970703 0.0016783141763880849
-23.235559463500977 239.5637969970703 0.0016783141763880849
-23.235559463500977 239.5637969970703 0.0016783141763880849
-23.235559463500977 239.5637969970703 0.0016783141763880849
-23.235559463500977 239.5637969970703 0.0016783141763880849
-23.235559463500977 239.5637969970703 0.0016783141763880849
-23.235559463500977 239.5637969970703 0.0016783141763880849
-23.235559463500977 239.5637969970703 0.0016783141763880849
-23.235559463500977 239.5637969970703 0.0016783141763880849
-23.235559463500977 239.5637969970703 0.0016783141763880849
-23.235559463500977 239.5637969970703 0.0016783141763880849
-23.235559463500977 239.5637969970703 0.0016783141763880849
-23.235559463500977 239.5637969970703 0.0016783141763880849
-23.235559463500977 239.5637969970703 0.0016783141763880849
-23.235559463500977 239.5637969970703 0.0016783141763880849
-23.235559463500977 239.5637969970703 0.0016783141763880849
-23.235559463500977 239.5637969970703 0.0016783141763880849
-23.235559463500977 239.5637969970703 0.0016783141763880849
-23.235559463500977 239.5637969970703 0.0016783141763880849
-23.235559463500977 239.5637969970703 0.0016783141763880849
-23.235559463500977 239.5637969970703 0.0016783141763880849
-23.235559463500977 239.5637969970703 0.0016783141763880849
-23.235559463500977 239.5637969970703 0.0016783141763880849
-23.235559463500977 239.5637969970703 0.0016783141763880849
-23.235559463500977 239.5637969970703 0.0016783141763880849
-23.235559463500977 239.5637969970703 0.0016783141763880849
-23.235559463500977 239.5637969970703 0.0016783141763880849
-23.235559463500977 239.5637969970703 0.0016783141763880849
-23.235559463500977 239.5637969970703 0.0016783141763880849
-23.235559463500977 239.5637969970703 0.0016783141763880849
-23.235559463500977 239.5637969970703 0.0016783141763880849
-23.235559463500977 239.5637969970703 0.0016783141763880849
-23.235559463500977 239.5637969970703 0.0016783141763880849
-23.235559463500977 239.5637969970703 0.0016783141763880849
-23.235559463500977 239.5637969970703 0.0016783141763880849
-23.235559463500977 239.5637969970703 0.0016783141763880849
-23.235559463500977 239.5637969970703 0.0016783141763880849
-23.235559463500977 239.5637969970703 0.0016783141763880849
-23.235559463500977 239.5637969970703 0.0016783141763880849
-23.235559463500977 239.5637969970703 0.0016783141763880849
-23.235559463500977 239.5637969970703 0.0016783141763880849
-23.235559463500977 239.5637969970703 0.0016783141763880849
-23.235559463500977 239.5637969970703 0.0016783141763880849
-23.235559463500977 239.5637969970703 0.0016783141763880849
-23.235559463500977 239.5637969970703 0.0016783141763880849
-23.235559463500977 239.5637969970703 0.0016783141763880849
-23.235559463500977 239.5637969970703 0.0016783141763880849
-23.235559463500977 239.5637969970703 0.0016783141763880849
-23.235559463500977 239.5637969970703 0.0016783141763880849
-23.235559463500977 239.5637969970703 0.0016783141763880849
-23.235559463500977 239.5637969970703 0.0016783141763880849
-23.235559463500977 239.5637969970703 0.0016783141763880849
-23.235559463500977 239.5637969970703 0.0016783141763880849
-23.235559463500977 239.5637969970703 0.0016783141763880849
-23.235559463500977 239.5637969970703 0.0016783141763880849
-23.235559463500977 239.5637969970703 0.0016783141763880849
-23.235559463500977 239.5637969970703 0.0016783141763880849
-23.235559463500977 239.5637969970703 0.0016783141763880849
-23.235559463500977 239.5637969970703 0.0016783141763880849
-23.235559463500977 239.5637969970703 0.0016783141763880849
-23.235559463500977 239.5637969970703 0.0016783141763880849
-23.235559463500977 239.5637969970703 0.0016783141763880849
-23.235559463500977 239.5637969970703 0.0016783141763880849
-23.235559463500977 239.5637969970703 0.0016783141763880849
-23.235559463500977 239.5637969970703 0.0016783141763880849
-23.235559463500977 239.5637969970703 0.0016783141763880849
-23.235559463500977 239.5637969970703 0.0016783141763880849
-23.235559463500977 239.5637969970703 0.0016783141763880849
-23.235559463500977 239.5637969970703 0.0016783141763880849
-23.235559463500977 239.5637969970703 0.0016783141763880849
-23.235559463500977 239.5637969970703 0.0016783141763880849
-23.235559463500977 239.5637969970703 0.0016783141763880849
-23.235559463500977 239.5637969970703 0.0016783141763880849
-23.235559463500977 239.5637969970703 0.0016783141763880849
-23.235559463500977 239.5637969970703 0.0016783141763880849
-23.235559463500977 239.5637969970703 0.0016783141763880849
-23.235559463500977 239.5637969970703 0.0016783141763880849
-23.235559463500977 239.5637969970703 0.0016783141763880849
-23.235559463500977 239.5637969970703 0.0016783141763880849
-23.235559463500977 239.5637969970703 0.0016783141763880849
-23.235559463500977 239.5637969970703 0.0016783141763880849
-23.235559463500977 239.5637969970703 0.0016783141763880849
-23.235559463500977 239.5637969970703 0.0016783141763880849
-23.235559463500977 239.5637969970703 0.0016783141763880849
-23.235559463500977 239.5637969970703 0.0016783141763880849
-23.235559463500977 239.5637969970703 0.0016783141763880849
-23.235559463500977 239.5637969970703 0.0016783141763880849
-23.235559463500977 239.5637969970703 0.0016783141763880849
-23.235559463500977 239.5637969970703 0.0016783141763880849
-23.235559463500977 239.5637969970703 0.0016783141763880849
-23.235559463500977 239.5637969970703 0.0016783141763880849
-23.235559463500977 239.5637969970703 0.0016783141763880849
-23.235559463500977 239.5637969970703 0.0016783141763880849
-23.235559463500977 239.5637969970703 0.0016783141763880849
-23.235559463500977 239.5637969970703 0.0016783141763880849
-23.235559463500977 239.5637969970703 0.0016783141763880849
-23.235559463500977 239.5637969970703 0.0016783141763880849
-23.235559463500977 239.5637969970703 0.0016783141763880849
-23.235559463500977 239.5637969970703 0.0016783141763880849
-23.235559463500977 239.5637969970703 0.0016783141763880849
-23.235559463500977 239.5637969970703 0.0016783141763880849
-23.235559463500977 239.5637969970703 0.0016783141763880849
-23.235559463500977 239.5637969970703 0.0016783141763880849
-23.235559463500977 239.5637969970703 0.0016783141763880849
-23.235559463500977 239.5637969970703 0.0016783141763880849
-23.235559463500977 239.5637969970703 0.0016783141763880849
-23.235559463500977 239.5637969970703 0.0016783141763880849
-23.235559463500977 239.5637969970703 0.0016783141763880849
-23.235559463500977 239.5637969970703 0.0016783141763880849
-23.235559463500977 239.5637969970703 0.0016783141763880849
-23.235559463500977 239.5637969970703 0.0016783141763880849
-23.235559463500977 239.5637969970703 0.0016783141763880849
-23.235559463500977 239.5637969970703 0.0016783141763880849
-23.235559463500977 239.5637969970703 0.0016783141763880849
-23.235559463500977 239.5637969970703 0.0016783141763880849
-23.235559463500977 239.5637969970703 0.0016783141763880849
-23.235559463500977 239.5637969970703 0.0016783141763880849
-23.235559463500977 239.5637969970703 0.0016783141763880849
-23.235559463500977 239.5637969970703 0.0016783141763880849
-23.235559463500977 239.5637969970703 0.0016783141763880849
-23.235559463500977 239.5637969970703 0.0016783141763880849
-23.235559463500977 239.5637969970703 0.0016783141763880849
-23.235559463500977 239.5637969970703 0.0016783141763880849
-23.235559463500977 239.5637969970703 0.0016783141763880849
-23.235559463500977 239.5637969970703 0.0016783141763880849
-23.235559463500977 239.5637969970703 0.0016783141763880849
-23.235559463500977 239.5637969970703 0.0016783141763880849
-23.235559463500977 239.5637969970703 0.0016783141763880849
-23.235559463500977 239.5637969970703 0.0016783141763880849
-23.235559463500977 239.5637969970703 0.0016783141763880849
-23.235559463500977 239.5637969970703 0.0016783141763880849
-23.235559463500977 239.5637969970703 0.0016783141763880849
-23.235559463500977 239.5637969970703 0.0016783141763880849
-23.235559463500977 239.5637969970703 0.0016783141763880849
-23.235559463500977 239.5637969970703 0.0016783141763880849
-23.235559463500977 239.5637969970703 0.0016783141763880849
-23.235559463500977 239.5637969970703 0.0016783141763880849
-23.235559463500977 239.5637969970703 0.0016783141763880849
-23.235559463500977 239.5637969970703 0.0016783141763880849
-23.235559463500977 239.5637969970703 0.0016783141763880849
-23.235559463500977 239.5637969970703 0.0016783141763880849
-23.235559463500977 239.5637969970703 0.0016783141763880849
-23.235559463500977 239.5637969970703 0.0016783141763880849
-23.235559463500977 239.5637969970703 0.0016783141763880849
-23.235559463500977 239.5637969970703 0.0016783141763880849
-23.235559463500977 239.5637969970703 0.0016783141763880849
-23.235559463500977 239.5637969970703 0.0016783141763880849
-23.235559463500977 239.5637969970703 0.0016783141763880849
-23.235559463500977 239.5637969970703 0.0016783141763880849
-23.235559463500977 239.5637969970703 0.0016783141763880849
-23.235559463500977 239.5637969970703 0.0016783141763880849
-23.235559463500977 239.5637969970703 0.0016783141763880849
-23.235559463500977 239.5637969970703 0.0016783141763880849
-23.235559463500977 239.5637969970703 0.0016783141763880849
-23.235559463500977 239.5637969970703 0.0016783141763880849
-23.235559463500977 239.5637969970703 0.0016783141763880849
-23.235559463500977 239.5637969970703 0.0016783141763880849
-23.235559463500977 239.5637969970703 0.0016783141763880849
-23.235559463500977 239.5637969970703 0.0016783141763880849
-23.235559463500977 239.5637969970703 0.0016783141763880849
-23.235559463500977 239.5637969970703 0.0016783141763880849
-23.235559463500977 239.5637969970703 0.0016783141763880849
-23.235559463500977 239.5637969970703 0.0016783141763880849
-23.235559463500977 239.5637969970703 0.0016783141763880849
-23.235559463500977 239.5637969970703 0.0016783141763880849
-23.235559463500977 239.5637969970703 0.0016783141763880849
-23.235559463500977 239.5637969970703 0.0016783141763880849
-23.235559463500977 239.5637969970703 0.0016783141763880849
-23.235559463500977 239.5637969970703 0.0016783141763880849
-23.235559463500977 239.5637969970703 0.0016783141763880849
-23.235559463500977 239.5637969970703 0.0016783141763880849
-23.235559463500977 239.5637969970703 0.0016783141763880849
-23.235559463500977 239.5637969970703 0.0016783141763880849
-23.235559463500977 239.5637969970703 0.0016783141763880849
-23.235559463500977 239.5637969970703 0.0016783141763880849
-23.235559463500977 239.5637969970703 0.0016783141763880849
-23.235559463500977 239.5637969970703 0.0016783141763880849
-23.235559463500977 239.5637969970703 0.0016783141763880849
-23.235559463500977 239.5637969970703 0.0016783141763880849
-23.235559463500977 239.5637969970703 0.0016783141763880849
-23.235559463500977 239.5637969970703 0.0016783141763880849
-23.235559463500977 239.5637969970703 0.0016783141763880849
-23.235559463500977 239.5637969970703 0.0016783141763880849
-23.235559463500977 239.5637969970703 0.0016783141763880849
-23.235559463500977 239.5637969970703 0.0016783141763880849
-23.235559463500977 239.5637969970703 0.0016783141763880849
-23.235559463500977 239.5637969970703 0.0016783141763880849
-23.235559463500977 239.5637969970703 0.0016783141763880849
-23.235559463500977 239.5637969970703 0.0016783141763880849
-23.235559463500977 239.5637969970703 0.0016783141763880849
-23.235559463500977 239.5637969970703 0.0016783141763880849
-23.235559463500977 239.5637969970703 0.0016783141763880849
-23.235559463500977 239.5637969970703 0.0016783141763880849
-23.235559463500977 239.5637969970703 0.0016783141763880849
-23.235559463500977 239.5637969970703 0.0016783141763880849
-23.235559463500977 239.5637969970703 0.0016783141763880849
-23.235559463500977 239.5637969970703 0.0016783141763880849
-23.235559463500977 239.5637969970703 0.0016783141763880849
-23.235559463500977 239.5637969970703 0.0016783141763880849
-23.235559463500977 239.5637969970703 0.0016783141763880849
-23.235559463500977 239.5637969970703 0.0016783141763880849
-23.235559463500977 239.5637969970703 0.0016783141763880849
-23.235559463500977 239.5637969970703 0.0016783141763880849
-23.235559463500977 239.5637969970703 0.0016783141763880849
-23.235559463500977 239.5637969970703 0.0016783141763880849
-23.235559463500977 239.5637969970703 0.0016783141763880849
-23.235559463500977 239.5637969970703 0.0016783141763880849
-23.235559463500977 239.5637969970703 0.0016783141763880849
-23.235559463500977 239.5637969970703 0.0016783141763880849
-23.235559463500977 239.5637969970703 0.0016783141763880849
-23.235559463500977 239.5637969970703 0.0016783141763880849
-23.235559463500977 239.5637969970703 0.0016783141763880849
-23.235559463500977 239.5637969970703 0.0016783141763880849
-23.235559463500977 239.5637969970703 0.0016783141763880849
-23.235559463500977 239.5637969970703 0.0016783141763880849
-23.235559463500977 239.5637969970703 0.0016783141763880849
-23.235559463500977 239.5637969970703 0.0016783141763880849
-23.235559463500977 239.5637969970703 0.0016783141763880849
-23.235559463500977 239.5637969970703 0.0016783141763880849
-23.235559463500977 239.5637969970703 0.0016783141763880849
-23.235559463500977 239.5637969970703 0.0016783141763880849
-23.235559463500977 239.5637969970703 0.0016783141763880849
-23.235559463500977 239.5637969970703 0.0016783141763880849
-23.235559463500977 239.5637969970703 0.0016783141763880849
-23.235559463500977 239.5637969970703 0.0016783141763880849
-23.235559463500977 239.5637969970703 0.0016783141763880849
-23.235559463500977 239.5637969970703 0.0016783141763880849
-23.235559463500977 239.5637969970703 0.0016783141763880849
-23.235559463500977 239.5637969970703 0.0016783141763880849
-23.235559463500977 239.5637969970703 0.0016783141763880849
-23.235559463500977 239.5637969970703 0.0016783141763880849
-23.235559463500977 239.5637969970703 0.0016783141763880849
-23.235559463500977 239.5637969970703 0.0016783141763880849
-23.235559463500977 239.5637969970703 0.0016783141763880849
-23.235559463500977 239.5637969970703 0.0016783141763880849
-23.235559463500977 239.5637969970703 0.0016783141763880849
-23.235559463500977 239.5637969970703 0.0016783141763880849
-23.235559463500977 239.5637969970703 0.0016783141763880849
-23.235559463500977 239.5637969970703 0.0016783141763880849
-23.235559463500977 239.5637969970703 0.0016783141763880849
-23.235559463500977 239.5637969970703 0.0016783141763880849
-23.235559463500977 239.5637969970703 0.0016783141763880849
-23.235559463500977 239.5637969970703 0.0016783141763880849
-23.235559463500977 239.5637969970703 0.0016783141763880849
-23.235559463500977 239.5637969970703 0.0016783141763880849
-23.235559463500977 239.5637969970703 0.0016783141763880849
-23.235559463500977 239.5637969970703 0.0016783141763880849
-23.235559463500977 239.5637969970703 0.0016783141763880849
-23.235559463500977 239.5637969970703 0.0016783141763880849
-23.235559463500977 239.5637969970703 0.0016783141763880849
-23.235559463500977 239.5637969970703 0.0016783141763880849
-23.235559463500977 239.5637969970703 0.0016783141763880849
-23.235559463500977 239.5637969970703 0.0016783141763880849
-23.235559463500977 239.5637969970703 0.0016783141763880849
-23.235559463500977 239.5637969970703 0.0016783141763880849
-23.235559463500977 239.5637969970703 0.0016783141763880849
-23.235559463500977 239.5637969970703 0.0016783141763880849
-23.235559463500977 239.5637969970703 0.0016783141763880849
-23.235559463500977 239.5637969970703 0.0016783141763880849
-23.235559463500977 239.5637969970703 0.0016783141763880849
-23.235559463500977 239.5637969970703 0.0016783141763880849
-23.235559463500977 239.5637969970703 0.0016783141763880849
-23.235559463500977 239.5637969970703 0.0016783141763880849
-23.235559463500977 239.5637969970703 0.0016783141763880849
-23.235559463500977 239.5637969970703 0.0016783141763880849
-23.235559463500977 239.5637969970703 0.0016783141763880849
-23.235559463500977 239.5637969970703 0.0016783141763880849
-23.235559463500977 239.5637969970703 0.0016783141763880849
-23.235559463500977 239.5637969970703 0.0016783141763880849
-23.235559463500977 239.5637969970703 0.0016783141763880849
-23.235559463500977 239.5637969970703 0.0016783141763880849
-23.235559463500977 239.5637969970703 0.0016783141763880849
-23.235559463500977 239.5637969970703 0.0016783141763880849
-23.235559463500977 239.5637969970703 0.0016783141763880849
-23.235559463500977 239.5637969970703 0.0016783141763880849
-23.235559463500977 239.5637969970703 0.0016783141763880849
-23.235559463500977 239.5637969970703 0.0016783141763880849
-23.235559463500977 239.5637969970703 0.0016783141763880849
-23.235559463500977 239.5637969970703 0.0016783141763880849
-23.235559463500977 239.5637969970703 0.0016783141763880849
-23.235559463500977 239.5637969970703 0.0016783141763880849
-23.235559463500977 239.5637969970703 0.0016783141763880849
-23.235559463500977 239.5637969970703 0.0016783141763880849
-23.235559463500977 239.5637969970703 0.0016783141763880849
-23.235559463500977 239.5637969970703 0.0016783141763880849
-23.235559463500977 239.5637969970703 0.0016783141763880849
-23.235559463500977 239.5637969970703 0.0016783141763880849
-23.235559463500977 239.5637969970703 0.0016783141763880849
-23.235559463500977 239.5637969970703 0.0016783141763880849
-23.235559463500977 239.5637969970703 0.0016783141763880849
-23.235559463500977 239.5637969970703 0.0016783141763880849
-23.235559463500977 239.5637969970703 0.0016783141763880849
-23.235559463500977 239.5637969970703 0.0016783141763880849
-23.235559463500977 239.5637969970703 0.0016783141763880849
-23.235559463500977 239.5637969970703 0.0016783141763880849
-23.235559463500977 239.5637969970703 0.0016783141763880849
-23.235559463500977 239.5637969970703 0.0016783141763880849
-23.235559463500977 239.5637969970703 0.0016783141763880849
-23.235559463500977 239.5637969970703 0.0016783141763880849
-23.235559463500977 239.5637969970703 0.0016783141763880849
-23.235559463500977 239.5637969970703 0.0016783141763880849
-23.235559463500977 239.5637969970703 0.0016783141763880849
-23.235559463500977 239.5637969970703 0.0016783141763880849
-23.235559463500977 239.5637969970703 0.0016783141763880849
-23.235559463500977 239.5637969970703 0.0016783141763880849
-23.235559463500977 239.5637969970703 0.0016783141763880849
-23.235559463500977 239.5637969970703 0.0016783141763880849
-23.235559463500977 239.5637969970703 0.0016783141763880849
-23.235559463500977 239.5637969970703 0.0016783141763880849
-23.235559463500977 239.5637969970703 0.0016783141763880849
-23.235559463500977 239.5637969970703 0.0016783141763880849
-23.235559463500977 239.5637969970703 0.0016783141763880849
-23.235559463500977 239.5637969970703 0.0016783141763880849
-23.235559463500977 239.5637969970703 0.0016783141763880849
-23.235559463500977 239.5637969970703 0.0016783141763880849
-23.235559463500977 239.5637969970703 0.0016783141763880849
-23.235559463500977 239.5637969970703 0.0016783141763880849
-23.235559463500977 239.5637969970703 0.0016783141763880849
-23.235559463500977 239.5637969970703 0.0016783141763880849
-23.235559463500977 239.5637969970703 0.0016783141763880849
-23.235559463500977 239.5637969970703 0.0016783141763880849
-23.235559463500977 239.5637969970703 0.0016783141763880849
-23.235559463500977 239.5637969970703 0.0016783141763880849
-23.235559463500977 239.5637969970703 0.0016783141763880849
-23.235559463500977 239.5637969970703 0.0016783141763880849
-23.235559463500977 239.5637969970703 0.0016783141763880849
-23.235559463500977 239.5637969970703 0.0016783141763880849
-23.235559463500977 239.5637969970703 0.0016783141763880849
-23.235559463500977 239.5637969970703 0.0016783141763880849
-23.235559463500977 239.5637969970703 0.0016783141763880849
-23.235559463500977 239.5637969970703 0.0016783141763880849
-23.235559463500977 239.5637969970703 0.0016783141763880849
-23.235559463500977 239.5637969970703 0.0016783141763880849
-23.235559463500977 239.5637969970703 0.0016783141763880849
-23.235559463500977 239.5637969970703 0.0016783141763880849
-23.235559463500977 239.5637969970703 0.0016783141763880849
-23.235559463500977 239.5637969970703 0.0016783141763880849
-23.235559463500977 239.5637969970703 0.0016783141763880849
-23.235559463500977 239.5637969970703 0.0016783141763880849
-23.235559463500977 239.5637969970703 0.0016783141763880849
-23.235559463500977 239.5637969970703 0.0016783141763880849
-23.235559463500977 239.5637969970703 0.0016783141763880849
-23.235559463500977 239.5637969970703 0.0016783141763880849
-23.235559463500977 239.5637969970703 0.0016783141763880849
-23.235559463500977 239.5637969970703 0.0016783141763880849
-23.235559463500977 239.5637969970703 0.0016783141763880849
-23.235559463500977 239.5637969970703 0.0016783141763880849
-23.235559463500977 239.5637969970703 0.0016783141763880849
-23.235559463500977 239.5637969970703 0.0016783141763880849
-23.235559463500977 239.5637969970703 0.0016783141763880849
-23.235559463500977 239.5637969970703 0.0016783141763880849
-23.235559463500977 239.5637969970703 0.0016783141763880849
-23.235559463500977 239.5637969970703 0.0016783141763880849
-23.235559463500977 239.5637969970703 0.0016783141763880849
-23.235559463500977 239.5637969970703 0.0016783141763880849
-23.235559463500977 239.5637969970703 0.0016783141763880849
-23.235559463500977 239.5637969970703 0.0016783141763880849
-23.235559463500977 239.5637969970703 0.0016783141763880849
-23.235559463500977 239.5637969970703 0.0016783141763880849
-23.235559463500977 239.5637969970703 0.0016783141763880849
-23.235559463500977 239.5637969970703 0.0016783141763880849
-23.235559463500977 239.5637969970703 0.0016783141763880849
-23.235559463500977 239.5637969970703 0.0016783141763880849
-23.235559463500977 239.5637969970703 0.0016783141763880849
-23.235559463500977 239.5637969970703 0.0016783141763880849
-23.235559463500977 239.5637969970703 0.0016783141763880849
-23.235559463500977 239.5637969970703 0.0016783141763880849
-23.235559463500977 239.5637969970703 0.0016783141763880849
-23.235559463500977 239.5637969970703 0.0016783141763880849
-23.235559463500977 239.5637969970703 0.0016783141763880849
-23.235559463500977 239.5637969970703 0.0016783141763880849
-23.235559463500977 239.5637969970703 0.0016783141763880849
-23.235559463500977 239.5637969970703 0.0016783141763880849
-23.235559463500977 239.5637969970703 0.0016783141763880849
-23.235559463500977 239.5637969970703 0.0016783141763880849
-23.235559463500977 239.5637969970703 0.0016783141763880849
-23.23272705078125 239.5637969970703 0.001660423236899078
-23.224788665771484 239.56378173828125 0.0016324996249750257
-23.20655059814453 239.5636444091797 0.0015777206281200051
-23.17599868774414 239.56344604492188 0.00151653285138309
-23.13279151916504 239.56309509277344 0.0014650344382971525
-23.07663917541504 239.56265258789062 0.0014244461199268699
-23.006839752197266 239.56198120117188 0.0013875197619199753
-22.922121047973633 239.56124877929688 0.0013508605770766735
-22.82231903076172 239.5604705810547 0.0013203048147261143
-22.70723533630371 239.55967712402344 0.0012957381550222635
-22.576732635498047 239.55868530273438 0.0012756729265674949
-22.43104362487793 239.5575408935547 0.0012618255568668246
-22.27033805847168 239.55624389648438 0.0012527083745226264
-22.09465217590332 239.55482482910156 0.0012462997110560536
-21.904212951660156 239.55323791503906 0.0012434768723323941
-21.699472427368164 239.551513671875 0.0012437057448551059
-21.481204986572266 239.54969787597656 0.0012496566632762551
-21.253612518310547 239.5477752685547 0.0012799453688785434
-21.02461814880371 239.54583740234375 0.0013515090104192495
-20.800443649291992 239.5439453125 0.0014509201282635331
-20.582565307617188 239.54066467285156 0.0015498732682317495
-20.366695404052734 239.53675842285156 0.0016111372970044613
-20.14848518371582 239.53274536132812 0.0016276168171316385
-19.923873901367188 239.52853393554688 0.0016078567132353783
-19.689899444580078 239.52401733398438 0.0015673828311264515
-19.44490623474121 239.51922607421875 0.0015201186761260033
-19.187942504882812 239.51409912109375 0.0016849517123773694
-18.921140670776367 239.5087127685547 0.0017629623180255294
-18.65218734741211 239.503173828125 0.0017999267438426614
-18.378704071044922 239.4974365234375 0.0017951583722606301
-18.097515106201172 239.4915008544922 0.001761207589879632
-17.807010650634766 239.48524475097656 0.0017168807098641992
-17.5052433013916 239.4786834716797 0.0016682815039530396
-17.191570281982422 239.4717559814453 0.001623611431568861
-16.86419105529785 239.4645233154297 0.001577682443894446
-16.522512435913086 239.45684814453125 0.0015385817969217896
-16.16753387451172 239.4488067626953 0.0015133667038753629
-15.799057006835938 239.44039916992188 0.0014937209198251367
-15.41650390625 239.42965698242188 0.0014827727572992444
-15.0208740234375 239.41685485839844 0.0014893722254782915
-14.612588882446289 239.40280151367188 0.0014966583112254739
-14.195296287536621 239.38780212402344 0.0015205383533611894
-13.773713111877441 239.3721466064453 0.0015683365054428577
-13.352919578552246 239.3560028076172 0.0016374588012695312
-12.935373306274414 239.33963012695312 0.0017092894995585084
-12.522785186767578 239.32310485839844 0.0017774581210687757
-12.115588188171387 239.30653381347656 0.0018338012741878629
-11.714082717895508 239.2899932861328 0.0018784331623464823
-11.316868782043457 239.27340698242188 0.0019040679326280951
-10.922612190246582 239.25680541992188 0.001913108746521175
-10.528905868530273 239.2401123046875 0.0019039916805922985
-10.134223937988281 239.22134399414062 0.0018913650419563055
-9.736729621887207 239.2005615234375 0.001879463205114007
-9.33593463897705 239.1785888671875 0.0018628310644999146
-8.93171501159668 239.15565490722656 0.001843681326135993
-8.52527904510498 239.13194274902344 0.0018323516706004739
-8.11757755279541 239.1075897216797 0.0018285369733348489
-7.710162162780762 239.08282470703125 0.0018347930163145065
-7.303705215454102 239.05770874023438 0.00184459681622684
-6.89909029006958 239.03240966796875 0.0018575286958366632
-6.496158123016357 239.00692749023438 0.0018672561272978783
-6.095004081726074 238.9813690185547 0.001874847337603569
-5.6948065757751465 238.95567321777344 0.0018758773803710938
-5.295340538024902 238.9287109375 0.0018779754173010588
-4.895639419555664 238.9005584716797 0.0018792724004015326
-4.495452404022217 238.87173461914062 0.001876296941190958
-4.094171524047852 238.84228515625 0.0018669510027393699
-3.6920602321624756 238.8123779296875 0.0018588256789371371
-3.288989543914795 238.78204345703125 0.0018506621709093451
-2.8855862617492676 238.7514190673828 0.0018471145303919911
-2.4819107055664062 238.7205047607422 0.0018451689975336194
-2.0786004066467285 238.68942260742188 0.0018472671508789062
-1.6755765676498413 238.65821838378906 0.001848945626989007
-1.2732539176940918 238.62689208984375 0.0018523788312450051
-0.8712998628616333 238.59552001953125 0.0018534469418227673
-0.4699050486087799 238.56405639648438 0.0018546294886618853
-0.06853275001049042 238.53321838378906 0.001851158100180328
0.33269232511520386 238.50286865234375 0.0018514251569285989
0.7342332005500793 238.4727020263672 0.0018502426100894809
1.135887861251831 238.44273376464844 0.0018497848650440574
1.53800368309021 238.41287231445312 0.0018465423490852118
1.9402419328689575 238.3831329345703 0.0018455886747688055
2.34283447265625 238.3534698486328 0.0018433380173519254
2.7453649044036865 238.3238983154297 0.0018438720144331455
3.1480398178100586 238.2943878173828 0.001843414269387722
3.5504658222198486 238.26495361328125 0.0018443679437041283
3.9529058933258057 238.23558044433594 0.0018445205641910434
4.355034828186035 238.20623779296875 0.0018463134765625
4.757258415222168 238.1785430908203 0.0018519973382353783
5.159312725067139 238.15228271484375 0.0018659591441974044
5.561549663543701 238.12673950195312 0.001871414133347571
5.963712692260742 238.10174560546875 0.0018726730486378074
6.366146087646484 238.0772247314453 0.0018691634759306908
6.768550872802734 238.05308532714844 0.0018663406372070312
7.171226501464844 238.02926635742188 0.0018614958971738815
7.57383394241333 238.0057373046875 0.0018585586221888661
7.976644515991211 237.98243713378906 0.001854591304436326
8.37930965423584 237.95933532714844 0.001853675814345479
8.782108306884766 237.9363555908203 0.001851158100180328
9.184709548950195 237.91357421875 0.0018508147913962603
9.587457656860352 237.89279174804688 0.0018559646559879184
9.990056991577148 237.87376403808594 0.0018716811900958419
10.392840385437012 237.85562133789062 0.0018784331623464823
10.795520782470703 237.8382110595703 0.0018803024431690574
11.198423385620117 237.82142639160156 0.0018764495616778731
11.60124397277832 237.8051300048828 0.0018729019211605191
12.00428295135498 237.78924560546875 0.001867217943072319
12.407217979431152 237.7737579345703 0.001863784738816321
12.810335159301758 237.758544921875 0.0018593596760183573
13.213309288024902 237.74359130859375 0.001857223454862833
13.616430282592773 237.7288055419922 0.0018539046868681908
14.019380569458008 237.7141876220703 0.0018529128283262253
14.422465324401855 237.69972229003906 0.0018503951141610742
14.82539176940918 237.6868438720703 0.0018555069109424949
15.228473663330078 237.6753692626953 0.0018653487786650658
15.631425857543945 237.66465759277344 0.0018721007509157062
16.03466033935547 237.6545867919922 0.0018712615128606558
16.43910789489746 237.64495849609375 0.0018614958971738815
16.847890853881836 237.6357421875 0.0018329620361328125
17.263277053833008 237.62673950195312 0.0017932128394022584
17.687633514404297 237.61785888671875 0.0017457961803302169
18.122079849243164 237.6090545654297 0.0016993331955745816
18.568029403686523 237.60028076171875 0.001653976389206946
19.02586555480957 237.59153747558594 0.0016148375580087304
19.49643898010254 237.58412170410156 0.001584014855325222
19.979780197143555 237.577880859375 0.0015668105334043503
20.476469039916992 237.5723419189453 0.0015488433418795466
20.986589431762695 237.5673370361328 0.0016267395112663507
21.51115608215332 237.56280517578125 0.0015423964941874146
22.04945945739746 237.5586700439453 0.001499824458733201
22.601104736328125 237.55491638183594 0.0014799881028011441
23.165546417236328 237.5518035888672 0.0014741896884515882
23.742483139038086 237.54928588867188 0.0014756774762645364
24.331588745117188 237.54714965820312 0.001479415805079043
24.932662963867188 237.5453338623047 0.001483383122831583
25.54551887512207 237.54380798339844 0.0014868545113131404
26.170021057128906 237.54251098632812 0.001489944406785071
26.806058883666992 237.54139709472656 0.0014928817981854081
27.453527450561523 237.5404510498047 0.0014956664526835084
28.112342834472656 237.53965759277344 0.0014976119855418801
28.78243064880371 237.53907775878906 0.0015006636967882514
29.463720321655273 237.53860473632812 0.0015032576629891992
30.156147003173828 237.5382537841797 0.0015051650116220117
30.85964584350586 237.5379180908203 0.0015071105444803834
31.57415199279785 237.53762817382812 0.0015084457118064165
32.29960632324219 237.5374298095703 0.0015098953153938055
33.035953521728516 237.5372772216797 0.0015112304827198386
33.78313064575195 237.53720092773438 0.0015132903354242444
34.54108428955078 237.5371856689453 0.001515197684057057
35.309757232666016 237.5371551513672 0.00151653285138309
36.08908462524414 237.53726196289062 0.00151824951171875
36.8787841796875 237.53741455078125 0.0015221022767946124
37.677406311035156 237.53768920898438 0.0015340042300522327
38.482444763183594 237.53797912597656 0.0015601729974150658
39.29092025756836 237.5382537841797 0.001599540701135993
40.100013732910156 237.53854370117188 0.0016498183831572533
40.907527923583984 237.53884887695312 0.0017050552414730191
41.71213912963867 237.5391387939453 0.0017574309604242444
42.51329040527344 237.53952026367188 0.0018027877667918801
43.311126708984375 237.5398712158203 0.0018368911696597934
44.10622787475586 237.54019165039062 0.0018585586221888661
44.89949035644531 237.54049682617188 0.0018691634759306908
45.691810607910156 237.54080200195312 0.0018706130795180798
46.48403549194336 237.5410919189453 0.0018657302716746926
47.27679443359375 237.5413818359375 0.0018570327665656805
48.07046890258789 237.5416717529297 0.0018472671508789062
48.86519241333008 237.5419921875 0.0018383025890216231
49.66091537475586 237.54229736328125 0.0018318557413294911
50.45743942260742 237.54257202148438 0.0018279266078025103
51.25448226928711 237.54290771484375 0.0018267821287736297
52.05176544189453 237.54324340820312 0.0018284987891092896
52.849037170410156 237.5435333251953 0.0018312453757971525
53.646121978759766 237.54383850097656 0.0018347930163145065
54.442909240722656 237.5442352294922 0.0018381881527602673
55.2393798828125 237.54461669921875 0.001841316232457757
56.035545349121094 237.54501342773438 0.0018434524536132812
56.83148956298828 237.54541015625 0.0018447875045239925
57.62729263305664 237.54579162597656 0.001846694853156805
58.42303466796875 237.5461883544922 0.0018447494367137551
59.21879577636719 237.54656982421875 0.0018436049576848745
60.014617919921875 237.5469512939453 0.0018424605950713158
60.8105354309082 237.5472412109375 0.0018414306687191129
61.60654830932617 237.5475311279297 0.0018407058669254184
62.40264129638672 237.54774475097656 0.001840782118961215
63.19880294799805 237.54795837402344 0.001840515062212944
63.99500274658203 237.5481719970703 0.0018404769944027066
64.79122161865234 237.5484161376953 0.0018402861896902323
65.5874252319336 237.5486602783203 0.0018402099376544356
66.38361358642578 237.54884338378906 0.0018407439347356558
67.17977142333984 237.54904174804688 0.0018409347394481301
67.97589874267578 237.5492401123047 0.0018411636119708419
68.77200317382812 237.54942321777344 0.0018414306687191129
69.56808471679688 237.54962158203125 0.0018414306687191129
70.36415100097656 237.54981994628906 0.0018415069207549095
71.16022491455078 237.55001831054688 0.0018415069207549095
71.95629119873047 237.5502166748047 0.0018414687365293503
72.75237274169922 237.55039978027344 0.0018413543002679944
73.5484619140625 237.55059814453125 0.0018413543002679944
74.34455871582031 237.55079650878906 0.0018411254277452826
75.14066314697266 237.55099487304688 0.0018410872435197234
75.93678283691406 237.5511932373047 0.0018411254277452826
76.73289489746094 237.55137634277344 0.0018409728072583675
77.52901458740234 237.55157470703125 0.0018410872435197234
78.32513427734375 237.55177307128906 0.0018411254277452826
79.12125396728516 237.55197143554688 0.0018410109914839268
79.91737365722656 237.5521697998047 0.0018410872435197234
80.71346282958984 237.55235290527344 0.0018412780482321978
81.50955963134766 237.55255126953125 0.0018413543002679944
82.30564880371094 237.55274963378906 0.0018413543002679944
83.10174560546875 237.55294799804688 0.0018411636119708419
83.89784240722656 237.5531463623047 0.0018411254277452826
84.69393157958984 237.55332946777344 0.0018412017961964011
85.49002838134766 237.55352783203125 0.001841316232457757
86.28611755371094 237.55372619628906 0.0018412017961964011
87.08221435546875 237.55392456054688 0.0018412398640066385
87.87831115722656 237.5541229248047 0.0018413543002679944
88.67440032958984 237.55430603027344 0.0018412780482321978
89.47049713134766 237.55450439453125 0.0018413924844935536
90.26658630371094 237.55470275878906 0.0018413924844935536
91.06268310546875 237.55490112304688 0.001841316232457757
91.85877990722656 237.5550994873047 0.0018412398640066385
92.65486907958984 237.55538940429688 0.0018412017961964011
93.45096588134766 237.55575561523438 0.0018417357932776213
94.24705505371094 237.55612182617188 0.0018421172862872481
95.04315185546875 237.5565185546875 0.0018417739775031805
95.83924865722656 237.55694580078125 0.001841697609052062
96.63533782958984 237.5574188232422 0.0018421172862872481
97.43143463134766 237.5579071044922 0.0018418502295389771
98.22752380371094 237.5583953857422 0.001841812045313418
99.02362060546875 237.55880737304688 0.0018413924844935536
99.81971740722656 237.55918884277344 0.0018411254277452826
100.61580657958984 237.55958557128906 0.0018410872435197234
101.41190338134766 237.55999755859375 0.001841049175709486
102.20799255371094 237.5603790283203 0.0018409728072583675
103.00408935546875 237.56077575683594 0.0018410872435197234
103.80043029785156 237.56117248535156 0.0018393706995993853
104.59892272949219 237.56146240234375 0.0018257522024214268
105.40211486816406 237.56175231933594 0.001799087505787611
106.21172332763672 237.56204223632812 0.0017655562842264771
107.02892303466797 237.5623321533203 0.0017303465865552425
107.85453033447266 237.56263732910156 0.0016972350422292948
108.68907165527344 237.56285095214844 0.001667671138420701
109.53292083740234 237.5630645751953 0.0016424560453742743
110.38630676269531 237.56326293945312 0.0016214370261877775
111.2494125366211 237.56344604492188 0.0016040420159697533
112.12229919433594 237.56365966796875 0.001590194646269083
113.00503540039062 237.5638427734375 0.0015788269229233265
113.89764404296875 237.5640411376953 0.0015702819218859076
114.80013275146484 237.56423950195312 0.00156402587890625
115.71247863769531 237.56442260742188 0.0015594863798469305
116.63465881347656 237.5646209716797 0.0015560531755909324
117.56663513183594 237.5648193359375 0.0015536498976871371
118.50839233398438 237.5650177001953 0.0015520858578383923
119.45986938476562 237.565185546875 0.0015513228718191385
120.42103576660156 237.5653839111328 0.0015510177472606301
121.3918228149414 237.56558227539062 0.0015510939992964268
122.37220764160156 237.56578063964844 0.001551399240270257
123.36214447021484 237.56602478027344 0.0015522765461355448
124.36155700683594 237.5663299560547 0.0015528106596320868
125.37042999267578 237.56661987304688 0.0015539169544354081
126.3886947631836 237.56689453125 0.001554527203552425
127.41631317138672 237.5671844482422 0.001556129427626729
128.45323181152344 237.56747436523438 0.001557159353978932
129.49940490722656 237.56781005859375 0.0015586471417918801
130.55477905273438 237.5681915283203 0.0015603256179019809
131.6193084716797 237.56858825683594 0.001561660785228014
132.6929473876953 237.56898498535156 0.0015628051478415728
133.77566528320312 237.5693817138672 0.0015642547514289618
134.8673858642578 237.5698699951172 0.0015656279865652323
135.9680633544922 237.57034301757812 0.0015670775901526213
137.07766723632812 237.57083129882812 0.00156822195276618
138.19613647460938 237.57131958007812 0.0015695190522819757
139.3234405517578 237.57180786132812 0.0015707015991210938
140.4595184326172 237.57229614257812 0.0015719985822215676
141.60433959960938 237.5727996826172 0.0015729140723124146
142.75784301757812 237.5732879638672 0.0015740966191515326
143.91998291015625 237.5738067626953 0.0015751647297292948
145.09072875976562 237.5742950439453 0.001576652517542243
146.27001953125 237.5747833251953 0.0015776442596688867
147.45782470703125 237.57522583007812 0.0015793609200045466
148.6540985107422 237.57562255859375 0.001580314594320953
149.85870361328125 237.5760040283203 0.0015821837587282062
151.0709686279297 237.57640075683594 0.0015880584251135588
152.28915405273438 237.57679748535156 0.0016040420159697533
153.5106964111328 237.5772247314453 0.0016332626109942794
154.73277282714844 237.57766723632812 0.0016894149594008923
155.95298767089844 237.5782012939453 0.0017283248016610742
157.16976928710938 237.57870483398438 0.001772232004441321
158.3824462890625 237.57923889160156 0.0018148040398955345
159.59117126464844 237.5797576904297 0.0018482208251953125
160.7967529296875 237.58026123046875 0.0018694305326789618
162.0004425048828 237.58078002929688 0.001877479488030076
163.20362854003906 237.58126831054688 0.001873779227025807
164.40750122070312 237.58175659179688 0.0018618392059579492
165.61293029785156 237.58224487304688 0.0018462371081113815
166.82034301757812 237.58273315429688 0.0018304443219676614
168.0297393798828 237.58319091796875 0.0018185043008998036
169.24078369140625 237.58360290527344 0.0018113708356395364
170.4528045654297 237.58399963378906 0.0018100738525390625
171.66517639160156 237.58441162109375 0.0018132400000467896
172.87728881835938 237.5847930908203 0.0018204116495326161
174.0886688232422 237.58517456054688 0.0018289947183802724
175.2991180419922 237.58555603027344 0.0018377304077148438
176.50857543945312 237.58595275878906 0.001844711252488196
177.7172393798828 237.5863494873047 0.0018492889357730746
178.9253692626953 237.5867156982422 0.0018506621709093451
180.13327026367188 237.58712768554688 0.001848945626989007
181.3412628173828 237.58761596679688 0.0018464659806340933
182.54959106445312 237.58799743652344 0.0018422699067741632
183.7583770751953 237.58839416503906 0.0018379210960119963
184.96763610839844 237.58880615234375 0.0018330764723941684
186.17727661132812 237.58921813964844 0.0018311691237613559
187.38720703125 237.589599609375 0.001830520574003458
188.59725952148438 237.58999633789062 0.0018310546875
189.8072967529297 237.5903778076172 0.0018326187273487449
191.01719665527344 237.59075927734375 0.0018349074525758624
192.2268829345703 237.5911407470703 0.0018371962942183018
193.43634033203125 237.59153747558594 0.0018391418270766735
194.6455841064453 237.59190368652344 0.0018400573171675205
195.8546905517578 237.5923309326172 0.001840782118961215
197.06369018554688 237.59280395507812 0.001841049175709486
198.27268981933594 237.5932159423828 0.0018405532464385033
199.4817657470703 237.59361267089844 0.0018392180791124701
200.69097900390625 237.59402465820312 0.001838264404796064
201.9002685546875 237.5944061279297 0.0018372725462540984
203.1096649169922 237.59481811523438 0.0018368529854342341
204.3191375732422 237.5952911376953 0.0018362426199018955
205.52862548828125 237.5957794189453 0.0018367767333984375
206.73814392089844 237.5962371826172 0.0018370056059211493
207.94761657714844 237.5967254638672 0.0018375396030023694
209.15708923339844 237.59718322753906 0.001837882911786437
210.366455078125 237.59767150878906 0.0018382262205705047
211.57582092285156 237.59815979003906 0.0018385314615443349
212.78509521484375 237.59864807128906 0.0018385696457698941
213.99436950683594 237.59913635253906 0.0018386458978056908
215.20364379882812 237.59954833984375 0.0018383788410574198
216.4129180908203 237.59996032714844 0.0018383407732471824
217.62220764160156 237.600341796875 0.0018381117843091488
218.83157348632812 237.6007537841797 0.0018381881527602673
220.04095458984375 237.6011505126953 0.0018379210960119963
221.2503204345703 237.6015167236328 0.0018378066597506404
222.45970153808594 237.60191345214844 0.0018377304077148438
223.66908264160156 237.602294921875 0.0018378066597506404
224.87844848632812 237.60267639160156 0.0018377684755250812
226.08782958984375 237.60305786132812 0.0018380355322733521
227.2971954345703 237.60345458984375 0.001837997348047793
228.50657653808594 237.60386657714844 0.0018382262205705047
229.71595764160156 237.604248046875 0.0018381117843091488
230.92532348632812 237.60464477539062 0.0018375777872279286
232.13470458984375 237.6050567626953 0.0018377684755250812
233.3440704345703 237.6054229736328 0.001837997348047793
234.55345153808594 237.60581970214844 0.0018379592802375555
235.76283264160156 237.606201171875 0.0018381117843091488
236.97219848632812 237.60658264160156 0.001838264404796064
238.18157958984375 237.60696411132812 0.0018381881527602673
239.3909454345703 237.60736083984375 0.0018060683505609632
240.60032653808594 237.60763549804688 0.0018178557511419058
241.80970764160156 237.60800170898438 0.0018237686017528176
243.01907348632812 237.60842895507812 0.0018277739873155951
244.22845458984375 237.60891723632812 0.0018310165032744408
245.4378204345703 237.60940551757812 0.0018333053449168801
246.64720153808594 237.61000061035156 0.0018349838210269809
247.85658264160156 237.61058044433594 0.0018361281836405396
249.06594848632812 237.6111602783203 0.0018370436737313867
250.27532958984375 237.6117706298828 0.001837234478443861
251.4846954345703 237.6123504638672 0.0018373107304796576
252.69407653808594 237.61294555664062 0.0018375396030023694
253.90345764160156 237.613525390625 0.0018376540392637253
255.11282348632812 237.61407470703125 0.0018373489147052169
256.32220458984375 237.61456298828125 0.0018373489147052169
257.5315856933594 237.6150665283203 0.0018371581099927425
258.7409362792969 237.6155548095703 0.0018376922234892845
259.9503173828125 237.61599731445312 0.0018381881527602673
261.1596984863281 237.61639404296875 0.0018386458978056908
262.36907958984375 237.61679077148438 0.0018386077135801315
263.5784606933594 237.6171112060547 0.0018386458978056908
264.7878112792969 237.61740112304688 0.0018386077135801315
265.9971923828125 237.61769104003906 0.0018388747703284025
267.2065734863281 237.61798095703125 0.0018386458978056908
268.41595458984375 237.61827087402344 0.0018387221498414874
269.6253356933594 237.6184844970703 0.0018385696457698941
270.8346862792969 237.61868286132812 0.0018384552095085382
272.0440673828125 237.61888122558594 0.0018383788410574198
273.2534484863281 237.61907958984375 0.001838149968534708
274.46282958984375 237.61927795410156 0.0018381117843091488
275.6722106933594 237.6194610595703 0.0018376540392637253
276.8815612792969 237.6197052001953 0.0018377684755250812
278.0909423828125 237.6199951171875 0.0018379210960119963
279.3003234863281 237.62026977539062 0.0018382262205705047
280.50970458984375 237.62054443359375 0.001838149968534708
281.7190856933594 237.62083435058594 0.0018384552095085382
282.9284362792969 237.62118530273438 0.0018380355322733521
284.1378173828125 237.62155151367188 0.0018385314615443349
285.3471984863281 237.6219482421875 0.0018385696457698941
286.55657958984375 237.62234497070312 0.0018387221498414874
287.7659606933594 237.6227264404297 0.00183868408203125
288.9753112792969 237.62315368652344 0.0018388365861028433
290.1846923828125 237.62362670898438 0.0018384932773187757
291.3940734863281 237.62411499023438 0.0018383788410574198
292.60345458984375 237.62460327148438 0.0018383407732471824
293.8128356933594 237.62509155273438 0.0018383788410574198
295.0221862792969 237.62557983398438 0.0018383025890216231
296.2315673828125 237.62606811523438 0.0018384552095085382
297.4409484863281 237.62655639648438 0.0018383025890216231
298.65032958984375 237.62704467773438 0.0018380355322733521
299.8597106933594 237.62754821777344 0.0017750930273905396
301.0690612792969 237.628173828125 0.0017935943324118853
302.2784423828125 237.6287841796875 0.0018048095516860485
303.4878234863281 237.6293182373047 0.0018136214930564165
304.69720458984375 237.6298065185547 0.0018204498337581754
305.9065856933594 237.63023376464844 0.0018253326416015625
307.1159362792969 237.630615234375 0.001829185406677425
308.3253173828125 237.63101196289062 0.0018316268688067794
309.5346984863281 237.6313934326172 0.0018337630899623036
310.74407958984375 237.6317901611328 0.0018348312005400658
311.9534606933594 237.63218688964844 0.001835899311117828
313.1628112792969 237.632568359375 0.0018365096766501665
314.3721923828125 237.63296508789062 0.00183696742169559
315.5815734863281 237.6333465576172 0.0018373870989307761
316.79095458984375 237.63365173339844 0.0018376159714534879
318.0003356933594 237.63394165039062 0.0018375396030023694
319.2096862792969 237.6342315673828 0.0018376922234892845
320.4190673828125 237.634521484375 0.0018377684755250812
321.6284484863281 237.6348419189453 0.0018379210960119963
322.83782958984375 237.6351318359375 0.001837882911786437
324.0472106933594 237.6354217529297 0.0018380355322733521
325.2565612792969 237.63571166992188 0.0018379210960119963
326.4659423828125 237.63601684570312 0.0018379592802375555
327.67529296875 237.63626098632812 0.001784095773473382
328.8846740722656 237.63658142089844 0.001800918485969305
330.0940246582031 237.63702392578125 0.0017780684866011143
331.30340576171875 237.6377716064453 0.0017203140305355191
332.51275634765625 237.63856506347656 0.0017185973701998591
333.7221374511719 237.6394500732422 0.0017355346353724599
334.9315185546875 237.64031982421875 0.0017566299065947533
336.1408996582031 237.64125061035156 0.0017763519426807761
337.3503112792969 237.6421661376953 0.0017925262218341231
338.5596923828125 237.64309692382812 0.0018050766084343195
339.76904296875 237.64407348632812 0.0018054961692541838
340.9784240722656 237.6449737548828 0.0018102263566106558
342.18780517578125 237.64581298828125 0.0018166351364925504
343.3971862792969 237.64657592773438 0.0018224334344267845
344.6065673828125 237.6472625732422 0.0018275069305673242
345.81591796875 237.6478729248047 0.0018310546875
347.0252990722656 237.64840698242188 0.0018337249057367444
348.23468017578125 237.6488800048828 0.0018355941865593195
349.4440612792969 237.6492919921875 0.001837081857956946
350.6534423828125 237.64964294433594 0.0017931365873664618
351.86279296875 237.6497802734375 0.0018016432877629995
353.0721740722656 237.6499786376953 0.0018082809401676059
354.28155517578125 237.65017700195312 0.0018149566603824496
355.4909362792969 237.65042114257812 0.0018208693945780396
356.7003173828125 237.6506805419922 0.0018255615141242743
357.90966796875 237.6509552001953 0.0018290329026058316
359.1190490722656 237.6512451171875 0.001831550500355661
360.32843017578125 237.6515350341797 0.001833267160691321
361.5378112792969 237.65182495117188 0.0018349074525758624
362.7471923828125 237.65213012695312 0.0018359755631536245
363.95654296875 237.6524200439453 0.0018366622971370816
365.1659240722656 237.6527099609375 0.0018370436737313867
366.37530517578125 237.6529998779297 0.001837234478443861
367.5846862792969 237.65328979492188 0.0018376159714534879
368.7940673828125 237.65359497070312 0.0018376540392637253
370.00341796875 237.6538848876953 0.0018379210960119963
371.2127990722656 237.6541748046875 0.0018375777872279286
372.42218017578125 237.6544647216797 0.0018379210960119963
373.6315612792969 237.65475463867188 0.0018378066597506404
374.8409423828125 237.65505981445312 0.001837997348047793
376.05029296875 237.6553497314453 0.0018372725462540984
377.2596740722656 237.6556396484375 0.0018374633509665728
378.46905517578125 237.65594482421875 0.001837501535192132
379.6784362792969 237.65625 0.0018375396030023694
380.8878173828125 237.6565399169922 0.001837501535192132
382.09716796875 237.65682983398438 0.0018375396030023694
383.3065490722656 237.65711975097656 0.0018376922234892845
384.51593017578125 237.6573944091797 0.0018376922234892845
385.7253112792969 237.65768432617188 0.0018378448439761996
386.9346923828125 237.65798950195312 0.001838149968534708
388.14404296875 237.6582794189453 0.001838264404796064
389.3534240722656 237.6585693359375 0.0018383025890216231
390.56280517578125 237.6588592529297 0.0018381881527602673
391.7721862792969 237.6591339111328 0.001838264404796064
392.9815673828125 237.659423828125 0.0018079756991937757
394.1908874511719 237.65994262695312 0.0017779922345653176
395.4002685546875 237.6604461669922 0.0017761611379683018
396.6096496582031 237.66099548339844 0.0017842864617705345
397.8190612792969 237.6615753173828 0.0017950439359992743
399.0284423828125 237.6621856689453 0.0018051910446956754
400.23779296875 237.66278076171875 0.0018137741135433316
401.4471740722656 237.66339111328125 0.0018204879015684128
402.65655517578125 237.66400146484375 0.0018254470778629184
403.8659362792969 237.6645965576172 0.0018291091546416283
405.0753173828125 237.66517639160156 0.0018319319933652878
406.28466796875 237.66566467285156 0.0018337249057367444
407.4940490722656 237.66616821289062 0.0018352889455854893
408.70343017578125 237.66665649414062 0.0018360899994149804
409.9128112792969 237.66714477539062 0.0018368529854342341
411.1221923828125 237.66757202148438 0.0018373489147052169
412.33154296875 237.66798400878906 0.001837882911786437
413.5409240722656 237.6683807373047 0.0018380355322733521
414.75030517578125 237.66876220703125 0.0018383025890216231
415.9596862792969 237.66905212402344 0.0018385696457698941
417.1690673828125 237.66937255859375 0.0018384552095085382
418.37841796875 237.66966247558594 0.0018386077135801315
419.5877990722656 237.66995239257812 0.0018381881527602673
420.79718017578125 237.6702423095703 0.0018381881527602673
422.0065612792969 237.67054748535156 0.001838417025282979
423.2159423828125 237.6707763671875 0.0018222808139398694
424.42529296875 237.6709747314453 0.0018294906476512551
425.6346740722656 237.67124938964844 0.0018325423588976264
426.84405517578125 237.67153930664062 0.0018339537782594562
428.0534362792969 237.67190551757812 0.0018350982572883368
429.2628173828125 237.67230224609375 0.0018360899994149804
430.47216796875 237.6726837158203 0.0018370436737313867
431.6815490722656 237.6731719970703 0.0018374633509665728
432.89093017578125 237.6736602783203 0.001837882911786437
434.1003112792969 237.6741485595703 0.0018378448439761996
435.3096923828125 237.67462158203125 0.001834182650782168
436.51904296875 237.67510986328125 0.0018357466906309128
437.7284240722656 237.6756134033203 0.0018367767333984375
438.93780517578125 237.6760711669922 0.0018317794892936945
440.1471862792969 237.67648315429688 0.0018350218888372183
441.3565673828125 237.67691040039062 0.0018363952403888106
442.56591796875 237.6772918701172 0.0018371962942183018
443.7752990722656 237.6776885986328 0.0018375396030023694
444.98468017578125 237.6780242919922 0.0018377684755250812
446.1940612792969 237.67831420898438 0.0018379592802375555
447.4034423828125 237.67860412597656 0.0018380355322733521
448.61279296875 237.67892456054688 0.0018381117843091488
449.8221740722656 237.67921447753906 0.0018379210960119963
451.03155517578125 237.67950439453125 0.001837997348047793
452.2409362792969 237.67977905273438 0.0018381117843091488
453.4503173828125 237.68006896972656 0.001838149968534708
454.65966796875 237.68035888671875 0.001837997348047793
455.8690490722656 237.6806640625 0.001838149968534708
457.07843017578125 237.6809539794922 0.001838264404796064
458.2878112792969 237.68124389648438 0.0018383025890216231
459.4971923828125 237.681640625 0.0018381117843091488
460.70654296875 237.68202209472656 0.0018381881527602673
461.9159240722656 237.6824188232422 0.0018378066597506404
463.12530517578125 237.68280029296875 0.001838149968534708
464.3346862792969 237.68319702148438 0.001837997348047793
465.5440368652344 237.68359375 0.0018381117843091488
466.75341796875 237.68397521972656 0.0018378448439761996
467.9627990722656 237.6843719482422 0.0018380737164989114
469.17218017578125 237.68475341796875 0.0018381117843091488
470.3815612792969 237.68515014648438 0.001838264404796064
471.5909118652344 237.685546875 0.001838149968534708
472.80029296875 237.68592834472656 0.001838264404796064
474.0096740722656 237.6863250732422 0.001838149968534708
475.21905517578125 237.68670654296875 0.0018381117843091488
476.4284362792969 237.68710327148438 0.0018381881527602673
477.6377868652344 237.6875 0.001837997348047793
478.84716796875 237.68788146972656 0.0018380355322733521
480.0565490722656 237.6882781982422 0.0018379210960119963
481.26593017578125 237.68865966796875 0.0018379592802375555
482.4753112792969 237.68905639648438 0.0018381117843091488
483.6846618652344 237.689453125 0.001838149968534708
484.89404296875 237.68983459472656 0.0018379592802375555
486.1034240722656 237.69021606445312 0.001838264404796064
487.31280517578125 237.69061279296875 0.0018378448439761996
488.5221862792969 237.6910858154297 0.001838264404796064
489.7315368652344 237.6915740966797 0.0018382262205705047
490.94091796875 237.69204711914062 0.0018387221498414874
492.1502990722656 237.69253540039062 0.0018386077135801315
493.35968017578125 237.69309997558594 0.0018388365861028433
494.5690612792969 237.69366455078125 0.0018386458978056908
495.7784118652344 237.6942596435547 0.0018387221498414874
496.98779296875 237.69485473632812 0.0018382262205705047
498.1971740722656 237.69544982910156 0.0018379210960119963
499.40655517578125 237.696044921875 0.001837997348047793
500.6159362792969 237.69664001464844 0.0018377684755250812
501.8252868652344 237.6972198486328 0.0018377304077148438
503.03466796875 237.69776916503906 0.0018378448439761996
504.2440490722656 237.69825744628906 0.0018375777872279286
505.45343017578125 237.69874572753906 0.0018376540392637253
506.6628112792969 237.69923400878906 0.0018378448439761996
507.8721618652344 237.69972229003906 0.0018378448439761996
509.08154296875 237.70021057128906 0.0018379210960119963
510.2909240722656 237.70069885253906 0.0018377304077148438
511.50030517578125 237.70118713378906 0.0018377684755250812
512.7096557617188 237.70167541503906 0.0018377684755250812
513.9190673828125 237.70216369628906 0.0018379210960119963
515.12841796875 237.70265197753906 0.0018378448439761996
516.3378295898438 237.70314025878906 0.0018379592802375555
517.5471801757812 237.70362854003906 0.0018377304077148438
518.7565307617188 237.70411682128906 0.0018379210960119963
519.9659423828125 237.70460510253906 0.0018376922234892845
521.17529296875 237.7050018310547 0.001838149968534708
522.3847045898438 237.7053985595703 0.0018383788410574198
523.5940551757812 237.70579528808594 0.0018383407732471824
524.8034057617188 237.70620727539062 0.0018383407732471824
526.0128173828125 237.7065887451172 0.0018385696457698941
527.22216796875 237.7069854736328 0.001838264404796064
528.4315795898438 237.7073211669922 0.001838264404796064
529.6409301757812 237.70761108398438 0.0018383025890216231
530.8502807617188 237.70790100097656 0.0018382262205705047
532.0596923828125 237.70819091796875 0.0018382262205705047
533.26904296875 237.70849609375 0.0018383025890216231
534.4784545898438 237.7087860107422 0.0018381117843091488
535.6878051757812 237.70907592773438 0.0018382262205705047
536.8971557617188 237.70936584472656 0.0018381881527602673
538.1065673828125 237.70970153808594 0.0018380355322733521
539.31591796875 237.7100067138672 0.0018381881527602673
540.5253295898438 237.71031188964844 0.0018380355322733521
541.7346801757812 237.710693359375 0.0018381117843091488
542.9440307617188 237.71109008789062 0.001838149968534708
544.1527709960938 237.7114715576172 0.0018430709606036544
545.3562622070312 237.7118682861328 0.0018763351254165173
546.5476684570312 237.71226501464844 0.0019458007300272584
547.7223510742188 237.712646484375 0.0020328520331531763
548.8775024414062 237.71304321289062 0.0021225737873464823
550.0112915039062 237.7134246826172 0.0022058868780732155
551.1224365234375 237.7138214111328 0.0022787093184888363
552.2100830078125 237.71421813964844 0.0023403167724609375
553.2738647460938 237.71450805664062 0.0023903273977339268
554.3133544921875 237.7147979736328 0.0024301146622747183
555.3285522460938 237.71511840820312 0.0024283980019390583
556.319580078125 237.71554565429688 0.0024102020543068647
557.2865600585938 237.71600341796875 0.00242271414026618
558.229736328125 237.71646118164062 0.00244312291033566
559.1494140625 237.7168426513672 0.0024626159574836493
560.0458374023438 237.7173309326172 0.0024773406330496073
560.9193725585938 237.7178192138672 0.002486648503690958
561.7703857421875 237.71827697753906 0.0024917221162468195
562.599609375 237.71868896484375 0.0024894713424146175
563.4100952148438 237.71910095214844 0.0024695969186723232
564.2047119140625 237.71946716308594 0.002433204557746649
564.9871215820312 237.71981811523438 0.0023807906545698643
565.761962890625 237.72023010253906 0.0023086166474968195
566.5343017578125 237.72056579589844 0.0022191237658262253
567.3081665039062 237.72085571289062 0.0021211241837590933
568.0863647460938 237.7211151123047 0.0020248412620276213
568.8706665039062 237.72132873535156 0.0019391250098124146
569.6612548828125 237.72154235839844 0.0018696212209761143
570.4574584960938 237.7217254638672 0.0018204879015684128
571.2578735351562 237.72195434570312 0.001792488037608564
572.0607299804688 237.72206115722656 0.0017834472237154841
572.8643188476562 237.72216796875 0.0017890166491270065
573.6674194335938 237.72225952148438 0.0018035888206213713
574.4688720703125 237.72235107421875 0.0018222808139398694
575.2684936523438 237.7224578857422 0.0018402099376544356
576.0661010742188 237.7226104736328 0.0018542861798778176
576.862060546875 237.72280883789062 0.0018640899797901511
577.6567993164062 237.7229766845703 0.0018681335495784879
578.4508056640625 237.72317504882812 0.0018672561272978783
579.2445678710938 237.72341918945312 0.0018632125575095415
580.0386352539062 237.7237091064453 0.001857223454862833
580.833251953125 237.723876953125 0.0018499755533412099
581.62841796875 237.72409057617188 0.001843528705649078
582.4241943359375 237.7242889404297 0.00183868408203125
583.2203979492188 237.7244873046875 0.0018355560023337603
584.0170288085938 237.7246856689453 0.0018342970870435238
584.8137817382812 237.72488403320312 0.001834449707530439
585.610595703125 237.72506713867188 0.0018354033818468451
586.4072875976562 237.7252655029297 0.0018373870989307761
587.203857421875 237.7254638671875 0.0018392562633380294
588.000244140625 237.7256622314453 0.0018409347394481301
588.79638671875 237.72586059570312 0.0018424605950713158
589.5924682617188 237.72604370117188 0.0018432235810905695
590.3883666992188 237.7262420654297 0.0018434905214235187
591.1842651367188 237.7264404296875 0.001843528705649078
591.9801635742188 237.72669982910156 0.0018430327763780951
592.7760620117188 237.72698974609375 0.0018428039038553834
593.5719604492188 237.72726440429688 0.0018421554705128074
594.367919921875 237.72561645507812 0.0018479155842214823
595.1639404296875 237.72189331054688 0.0018640899797901511
595.9600219726562 237.71653747558594 0.0018767546862363815
596.75537109375 237.70970153808594 0.0018892668886110187
597.5452880859375 237.7015838623047 0.0019255446968600154
598.3240356445312 237.69235229492188 0.0019890593830496073
599.088134765625 237.68231201171875 0.00206165318377316
599.8358764648438 237.67161560058594 0.002130966167896986
600.5658569335938 237.6566162109375 0.0022071837447583675
601.27734375 237.63624572753906 0.0022983169183135033
601.9703979492188 237.61212158203125 0.0023699949961155653
602.6446533203125 237.58482360839844 0.0024171448312699795
603.3003540039062 237.55479431152344 0.002444648649543524
603.9376220703125 237.5226287841797 0.0024573898408561945
604.556640625 237.48876953125 0.0024604415521025658
605.1572265625 237.44981384277344 0.0024739073123782873
605.7395629882812 237.40541076660156 0.0025061797350645065
606.3047485351562 237.3577423095703 0.002518615685403347
606.8548583984375 237.3076171875 0.0025022125337272882
607.392578125 237.2555389404297 0.0024613188579678535
607.92041015625 237.20188903808594 0.002403526334092021
608.4412841796875 237.14720153808594 0.0023327255621552467
608.9588012695312 237.09132385253906 0.0022508238907903433
609.4752197265625 237.03086853027344 0.0021776962094008923
609.9934692382812 236.96424865722656 0.002126846229657531
610.515869140625 236.89356994628906 0.0020698546431958675
611.0430908203125 236.81895446777344 0.0020095824729651213
611.5746459960938 236.74134826660156 0.001957549946382642
612.1092529296875 236.6609344482422 0.0019207763252779841
612.6451416015625 236.57872009277344 0.0019005965441465378
613.1806030273438 236.49493408203125 0.0018938827561214566
613.7146606445312 236.4103240966797 0.001895637484267354
614.2465209960938 236.3248748779297 0.0019015121506527066
614.7752685546875 236.2353057861328 0.0019217299995943904
615.30078125 236.13986206054688 0.0019664764404296875
615.82421875 236.041015625 0.0019948577973991632
616.3465576171875 235.9388427734375 0.0020005034748464823
616.8685302734375 235.83413696289062 0.0019903182983398438
617.3905639648438 235.72677612304688 0.0019711684435606003
617.9132080078125 235.6174774169922 0.0019489669939503074
618.4364013671875 235.5061492919922 0.0019277953542768955
618.960205078125 235.3935089111328 0.0019094084855169058
619.4830932617188 235.2755584716797 0.0019108200212940574
620.004638671875 235.15171813964844 0.0019432449480518699
620.5252075195312 235.02374267578125 0.0019671248737722635
621.044921875 234.89276123046875 0.0019755936227738857
621.5636596679688 234.7588653564453 0.0019726180471479893
622.0816040039062 234.6228790283203 0.0019633101765066385
622.5987548828125 234.48486328125 0.0019509124103933573
623.1153564453125 234.345458984375 0.001937599154189229
623.6314697265625 234.2045440673828 0.0019242477137595415
624.14599609375 234.0590057373047 0.0019261168781667948
624.658447265625 233.90736389160156 0.0019565962720662355
625.169921875 233.7520294189453 0.0019765091128647327
625.6806640625 233.59326171875 0.0019797896966338158
626.19091796875 233.4319305419922 0.0019721221178770065
626.7005615234375 233.26806640625 0.0019592666067183018
627.2098999023438 233.10243225097656 0.0019444274948909879
627.71875 232.9350128173828 0.0019303130684420466
628.2272338867188 232.7665252685547 0.001917610177770257
628.733642578125 232.59304809570312 0.0019214629428461194
629.2377319335938 232.41403198242188 0.0019538116175681353
629.7404174804688 232.23109436035156 0.0019756315741688013
630.2420043945312 232.04522705078125 0.001980438129976392
630.74267578125 231.85653686523438 0.00197399128228426
631.24267578125 231.66575622558594 0.001961364643648267
631.7420654296875 231.47293090820312 0.001946411095559597
632.240966796875 231.27870178222656 0.0019316863035783172
632.7394409179688 231.08303833007812 0.0019180297385901213
633.235595703125 230.88267517089844 0.0019218444358557463
633.728759765625 230.6756591796875 0.0019598007202148438
634.2200927734375 230.46456909179688 0.001986923161894083
634.7099609375 230.24969482421875 0.001995353726670146
635.1987915039062 230.031982421875 0.0019897078163921833
635.6865844726562 229.8114776611328 0.001976623432710767
636.173583984375 229.58901977539062 0.0019609068986028433
636.6598510742188 229.36460876464844 0.0019450377440080047
637.1455078125 229.13894653320312 0.0019298935076221824
637.6284790039062 228.90826416015625 0.0019322586013004184
638.1082153320312 228.6717071533203 0.001966400071978569
638.585693359375 228.43084716796875 0.001990623539313674
639.0615844726562 228.1866912841797 0.0019974899478256702
639.5359497070312 227.93927001953125 0.0019920729100704193
640.0066528320312 227.6855010986328 0.001997833140194416
640.4724731445312 227.42364501953125 0.0020349121186882257
640.9353637695312 227.15621948242188 0.0020591735374182463
641.3955688476562 226.88368225097656 0.0020634077955037355
641.8507080078125 226.6033172607422 0.0020721054170280695
642.2999877929688 226.31393432617188 0.0021057510748505592
642.7452392578125 226.01815795898438 0.0021229172125458717
643.1870727539062 225.71652221679688 0.0021190261468291283
643.6260986328125 225.41015625 0.0021012877114117146
644.0591430664062 225.09585571289062 0.0020964432042092085
644.4854125976562 224.7732696533203 0.0021229551639407873
644.9069213867188 224.44422912597656 0.0021366500295698643
645.3245849609375 224.11000061035156 0.0021303556859493256
645.7352294921875 223.7676544189453 0.002130699111148715
646.138427734375 223.4171600341797 0.002155036898329854
646.5361328125 223.06015014648438 0.0021637724712491035
646.9295043945312 222.69789123535156 0.0021522140596061945
647.3189697265625 222.3307342529297 0.002128334017470479
647.7014770507812 221.956787109375 0.0021175765432417393
648.0758666992188 221.57521057128906 0.0021390914916992188
648.44482421875 221.1881561279297 0.0021482466254383326
648.808837890625 220.79612731933594 0.002139205811545253
649.1649780273438 220.3974151611328 0.0021363829728215933
649.5123291015625 219.991455078125 0.0021588134113699198
649.8536987304688 219.58013916015625 0.002165641635656357
650.189697265625 219.16392517089844 0.0021534727420657873
650.5173950195312 218.74148559570312 0.00214775069616735
650.8357543945312 218.3123016357422 0.0021664428059011698
651.1478881835938 217.87823486328125 0.0021701049990952015
651.4544677734375 217.43966674804688 0.002155418274924159
651.7564086914062 216.99758911132812 0.002129211323335767
652.0498657226562 216.55018615722656 0.0021176529116928577
652.334228515625 216.0974884033203 0.0021370695903897285
652.6119995117188 215.64056396484375 0.0021449278574436903
652.8843383789062 215.18017578125 0.0021340560633689165
653.1474609375 214.7147979736328 0.0021309279836714268
653.4009399414062 214.24452209472656 0.0021526336204260588
653.6473388671875 213.7701873779297 0.0021593475248664618
653.8880004882812 213.29254150390625 0.00214633927680552
654.1233520507812 212.81179809570312 0.0021220396738499403
654.3499755859375 212.32723999023438 0.00211132038384676
654.5665283203125 211.83843994140625 0.0021322250831872225
654.776123046875 211.34649658203125 0.0021414565853774548
654.9795532226562 210.85166931152344 0.0021328353323042393
655.1734008789062 210.35345458984375 0.0021305466070771217
655.3565673828125 209.8515167236328 0.002153282053768635
655.5323486328125 209.3467559814453 0.0021605300717055798
655.7014770507812 208.83929443359375 0.0021490096114575863
655.860595703125 208.3289031982422 0.0021436691749840975
656.0089111328125 207.81546020507812 0.0021628187969326973
656.1495361328125 207.29966735839844 0.002166862366721034
656.283447265625 206.78163146972656 0.0021527481731027365
656.411865234375 206.2618865966797 0.0021269607823342085
656.5306396484375 205.74017333984375 0.0021155548747628927
656.6389770507812 205.21661376953125 0.0021354674827307463
656.7396240234375 204.6914825439453 0.002143974183127284
656.833984375 204.1654052734375 0.00213623046875
656.917236328125 203.63931274414062 0.0021433639340102673
656.9877319335938 203.11474609375 0.0021910094656050205
657.0486450195312 202.59274291992188 0.0022277450188994408
657.1019897460938 202.07456970214844 0.0022417448926717043
657.1487426757812 201.5609588623047 0.0022385024931281805
657.1900634765625 201.0526123046875 0.0022239303216338158
657.2266845703125 200.5496063232422 0.0022029494866728783
657.2598266601562 200.05198669433594 0.0021777725778520107
657.2896728515625 199.5593719482422 0.0021507262717932463
657.3153076171875 199.07142639160156 0.002131309360265732
657.3370971679688 198.58763122558594 0.0021212769206613302
657.356689453125 198.10772705078125 0.002104644663631916
657.3739624023438 197.63136291503906 0.0020833206363022327
657.389892578125 197.1584930419922 0.0020603560842573643
657.4043579101562 196.68905639648438 0.0020396423060446978
657.41796875 196.22323608398438 0.0020217513665556908
657.4304809570312 195.7611083984375 0.0020081328693777323
657.4425659179688 195.30284118652344 0.001997794955968857
657.4537963867188 194.84860229492188 0.0019902801141142845
657.4649047851562 194.3985137939453 0.0019850158132612705
657.4746704101562 193.95252990722656 0.001983375521376729
657.4838256835938 193.5106964111328 0.0019853210542351007
657.4921875 193.07289123535156 0.001985206501558423
657.5003662109375 192.63902282714844 0.0019824218470603228
657.5079345703125 192.2089385986328 0.0019439315656200051
657.515380859375 191.7825469970703 0.001936683664098382
657.5223999023438 191.35980224609375 0.0019364928593859076
657.5293579101562 190.9405975341797 0.0019385910127311945
657.5360107421875 190.52487182617188 0.0019410705426707864
657.5426635742188 190.1126708984375 0.0019430541433393955
657.548828125 189.70396423339844 0.0019445419311523438
657.5552978515625 189.2987518310547 0.0019454574212431908
657.5609741210938 188.8970489501953 0.0019472121493890882
657.5667724609375 188.4988555908203 0.0019495391752570868
657.572265625 188.1042022705078 0.0019508361583575606
657.57763671875 187.71298217773438 0.0019508361583575606
657.5826416015625 187.3252716064453 0.001950340229086578
657.587890625 186.94097900390625 0.0019491576822474599
657.5924682617188 186.55999755859375 0.0019481658237054944
657.597412109375 186.1823272705078 0.0019467925885692239
657.6019287109375 185.80792236328125 0.0019459533505141735
657.6068725585938 185.43675231933594 0.0019439696334302425
657.6113891601562 185.0687713623047 0.0019424057099968195
657.6161499023438 184.7039337158203 0.0019412994151934981
657.6206665039062 184.34228515625 0.0019403839251026511
657.625244140625 183.98374938964844 0.001939697191119194
657.6294555664062 183.62831115722656 0.0019393156981095672
657.6337280273438 183.27598571777344 0.0019388198852539062
657.6375122070312 182.92672729492188 0.0019380568992346525
657.6416015625 182.5805206298828 0.0019371414091438055
657.6453857421875 182.23736572265625 0.0019362258026376367
657.6495361328125 181.89720153808594 0.0019351196242496371
657.6531982421875 181.55999755859375 0.0019343184540048242
657.6573486328125 181.22572326660156 0.0019332122756168246
657.6610717773438 180.8943634033203 0.0019324111053720117
657.6651611328125 180.56585693359375 0.0019314574310556054
657.6686401367188 180.24020385742188 0.0019305801251903176
657.6724243164062 179.9174041748047 0.0019296264508739114
657.6756591796875 179.59738159179688 0.0019288252806290984
657.679443359375 179.28013610839844 0.0019280624110251665
657.6827392578125 178.96563720703125 0.0019272231729701161
657.6864624023438 178.65390014648438 0.0019266509916633368
657.6897583007812 178.34487915039062 0.0019260406261309981
657.6934814453125 178.03854370117188 0.0019253158243373036
657.69677734375 177.73487854003906 0.00192455283831805
657.7005615234375 177.4338836669922 0.0019238280365243554
657.7039184570312 177.13548278808594 0.0019232177874073386
657.7073364257812 176.83970642089844 0.0019223021809011698
657.71044921875 176.54649353027344 0.0019218444358557463
657.7138061523438 176.25582885742188 0.0019212340703234076
657.7166748046875 175.9676971435547 0.0019206618890166283
657.7200927734375 175.6820526123047 0.0019198989029973745
657.7229614257812 175.39892578125 0.0019191360333934426
657.726318359375 175.11825561523438 0.0019184112315997481
657.7293090820312 174.8400421142578 0.0019176864298060536
657.7325439453125 174.5642547607422 0.0019171523163095117
657.7355346679688 174.2911834716797 0.0019191360333934426
657.7388305664062 174.0226593017578 0.0019316482357680798
657.7416381835938 173.7707977294922 0.0019689558539539576
657.74365234375 173.58120727539062 0.0020906829740852118
657.7449340820312 173.45892333984375 0.0023611069191247225
657.7455444335938 173.4032745361328 0.0026387404650449753
657.7455444335938 173.3984375 0.0027740478981286287
657.7455444335938 173.3982391357422 0.002641296247020364
657.7455444335938 173.39796447753906 0.002446403494104743
657.7455444335938 173.39773559570312 0.002267455914989114
657.7455444335938 173.3975372314453 0.002122421283274889
657.7455444335938 173.3973846435547 0.0020105743315070868
657.7455444335938 173.3972625732422 0.0019259642576798797
657.7455444335938 173.39718627929688 0.0018627166282385588
657.7455444335938 173.3971405029297 0.0018292998429387808
657.7455444335938 173.39710998535156 0.001803932129405439
657.7455444335938 173.39706420898438 0.0017762755742296576
657.7455444335938 173.39703369140625 0.0017523574642837048
657.7455444335938 173.39700317382812 0.0017335891025140882
657.7455444335938 173.39698791503906 0.0017195128602907062
657.7455444335938 173.39697265625 0.0017089080065488815
657.7455444335938 173.39697265625 0.0017009734874591231
657.7455444335938 173.39697265625 0.0016950988210737705
657.7455444335938 173.39694213867188 0.0016931152204051614
657.7455444335938 173.39694213867188 0.0016900253249332309
657.7455444335938 173.39694213867188 0.0016872023697942495
657.7455444335938 173.39694213867188 0.001684913644567132
657.7455444335938 173.39694213867188 0.0016831207321956754
657.7455444335938 173.39694213867188 0.0016817855648696423
657.7455444335938 173.39694213867188 0.0016817855648696423
657.7455444335938 173.39694213867188 0.0016800308367237449
657.7455444335938 173.39694213867188 0.0016800308367237449
657.7455444335938 173.3969268798828 0.0016793441027402878
657.7455444335938 173.3969268798828 0.0016793441027402878
657.7455444335938 173.3969268798828 0.0016793441027402878
657.7455444335938 173.3969268798828 0.0016793441027402878
657.7455444335938 173.3969268798828 0.0016793441027402878
657.7455444335938 173.3969268798828 0.0016782379243522882
657.7455444335938 173.3969268798828 0.0016782379243522882
657.7455444335938 173.3969268798828 0.0016782379243522882
657.7455444335938 173.3969268798828 0.0016782379243522882
657.7455444335938 173.3969268798828 0.0016782379243522882
657.7455444335938 173.3969268798828 0.0016782379243522882
657.7455444335938 173.3969268798828 0.0016782379243522882
657.7455444335938 173.3969268798828 0.0016782379243522882
657.7455444335938 173.3969268798828 0.0016782379243522882
657.7455444335938 173.3969268798828 0.0016782379243522882
657.7455444335938 173.3969268798828 0.0016782379243522882
657.7455444335938 173.3969268798828 0.0016782379243522882
657.7455444335938 173.3969268798828 0.0016782379243522882
657.7455444335938 173.3969268798828 0.0016782379243522882
657.7455444335938 173.3969268798828 0.0016782379243522882
657.7455444335938 173.3969268798828 0.0016782379243522882
657.7455444335938 173.3969268798828 0.0016782379243522882
657.7455444335938 173.3969268798828 0.0016782379243522882
657.7455444335938 173.3969268798828 0.0016782379243522882
657.7455444335938 173.3969268798828 0.0016782379243522882
657.7455444335938 173.3969268798828 0.0016782379243522882
657.7455444335938 173.3969268798828 0.0016782379243522882
657.7455444335938 173.3969268798828 0.0016782379243522882
657.7455444335938 173.3969268798828 0.0016782379243522882
657.7455444335938 173.3969268798828 0.0016782379243522882
657.7455444335938 173.3969268798828 0.0016782379243522882
657.7455444335938 173.3969268798828 0.0016782379243522882
657.7455444335938 173.3969268798828 0.0016782379243522882
657.7455444335938 173.3969268798828 0.0016782379243522882
657.7455444335938 173.3969268798828 0.0016782379243522882
657.7455444335938 173.3969268798828 0.0016782379243522882
657.7455444335938 173.3969268798828 0.0016782379243522882
657.7455444335938 173.3969268798828 0.0016782379243522882
657.7455444335938 173.3969268798828 0.0016782379243522882
657.7455444335938 173.3969268798828 0.0016782379243522882
657.7455444335938 173.3969268798828 0.0016782379243522882
657.7455444335938 173.3969268798828 0.0016782379243522882
657.7455444335938 173.3969268798828 0.0016782379243522882
657.7455444335938 173.3969268798828 0.0016782379243522882
657.7455444335938 173.3969268798828 0.0016782379243522882
657.7455444335938 173.3969268798828 0.0016782379243522882
657.7455444335938 173.3969268798828 0.0016782379243522882
657.7455444335938 173.3969268798828 0.0016782379243522882
657.7455444335938 173.3969268798828 0.0016782379243522882
657.7455444335938 173.3969268798828 0.0016782379243522882
657.7455444335938 173.3969268798828 0.0016782379243522882
657.7455444335938 173.3969268798828 0.0016782379243522882
657.7455444335938 173.3969268798828 0.0016782379243522882
657.7455444335938 173.3969268798828 0.0016782379243522882
657.7455444335938 173.3969268798828 0.0016782379243522882
657.7455444335938 173.3969268798828 0.0016782379243522882
657.7455444335938 173.3969268798828 0.0016782379243522882
657.7455444335938 173.3969268798828 0.0016782379243522882
657.7455444335938 173.3969268798828 0.0016782379243522882
657.7455444335938 173.3969268798828 0.0016782379243522882
657.7455444335938 173.3969268798828 0.0016782379243522882
657.7455444335938 173.3969268798828 0.0016782379243522882
657.7455444335938 173.3969268798828 0.0016782379243522882
657.7455444335938 173.3969268798828 0.0016782379243522882
657.7455444335938 173.3969268798828 0.0016782379243522882
657.7455444335938 173.3969268798828 0.0016782379243522882
657.7455444335938 173.3969268798828 0.0016782379243522882
657.7455444335938 173.3969268798828 0.0016782379243522882
657.7455444335938 173.3969268798828 0.0016782379243522882
657.7455444335938 173.3969268798828 0.0016782379243522882
657.7455444335938 173.3969268798828 0.0016782379243522882
657.7455444335938 173.3969268798828 0.0016782379243522882
657.7455444335938 173.3969268798828 0.0016782379243522882
657.7455444335938 173.3969268798828 0.0016782379243522882
657.7455444335938 173.3969268798828 0.0016782379243522882
657.7455444335938 173.3969268798828 0.0016782379243522882
657.7455444335938 173.3969268798828 0.0016782379243522882
657.7455444335938 173.3969268798828 0.0016782379243522882
657.7455444335938 173.3969268798828 0.0016782379243522882
657.7455444335938 173.3969268798828 0.0016782379243522882
657.7455444335938 173.3969268798828 0.0016782379243522882
657.7455444335938 173.3969268798828 0.0016782379243522882
657.7455444335938 173.3969268798828 0.0016782379243522882
657.7455444335938 173.3969268798828 0.0016782379243522882
657.7455444335938 173.3969268798828 0.0016782379243522882
657.7455444335938 173.3969268798828 0.0016782379243522882
657.7455444335938 173.3969268798828 0.0016782379243522882
657.7455444335938 173.3969268798828 0.0016782379243522882
657.7455444335938 173.3969268798828 0.0016782379243522882
657.7455444335938 173.3969268798828 0.0016782379243522882
657.7455444335938 173.3969268798828 0.0016782379243522882
657.7455444335938 173.3969268798828 0.0016782379243522882
657.7455444335938 173.3969268798828 0.0016782379243522882
657.7455444335938 173.3969268798828 0.0016782379243522882
657.7455444335938 173.3969268798828 0.0016782379243522882
657.7455444335938 173.3969268798828 0.0016782379243522882
657.7455444335938 173.3969268798828 0.0016782379243522882
657.7455444335938 173.3969268798828 0.0016782379243522882
657.7455444335938 173.3969268798828 0.0016782379243522882
657.7455444335938 173.3969268798828 0.0016782379243522882
657.7455444335938 173.3969268798828 0.0016782379243522882
657.7455444335938 173.3969268798828 0.0016782379243522882
657.7455444335938 173.3969268798828 0.0016782379243522882
657.7455444335938 173.3969268798828 0.0016782379243522882
657.7455444335938 173.3969268798828 0.0016782379243522882
657.7455444335938 173.3969268798828 0.0016782379243522882
657.7455444335938 173.3969268798828 0.0016782379243522882
657.7455444335938 173.3969268798828 0.0016782379243522882
657.7455444335938 173.3969268798828 0.0016782379243522882
657.7455444335938 173.3969268798828 0.0016782379243522882
657.7455444335938 173.3969268798828 0.0016782379243522882
657.7455444335938 173.3969268798828 0.0016782379243522882
657.7455444335938 173.3969268798828 0.0016782379243522882
657.7455444335938 173.3969268798828 0.0016782379243522882
657.7455444335938 173.3969268798828 0.0016782379243522882
657.7455444335938 173.3969268798828 0.0016782379243522882
657.7455444335938 173.3969268798828 0.0016782379243522882
657.7455444335938 173.3969268798828 0.0016782379243522882
657.7455444335938 173.3969268798828 0.0016782379243522882
657.7455444335938 173.3969268798828 0.0016782379243522882
657.7455444335938 173.3969268798828 0.0016782379243522882
657.7455444335938 173.3969268798828 0.0016782379243522882
657.7455444335938 173.3969268798828 0.0016782379243522882
657.7455444335938 173.3969268798828 0.0016782379243522882
657.7455444335938 173.3969268798828 0.0016782379243522882
657.7455444335938 173.3969268798828 0.0016782379243522882
657.7455444335938 173.3969268798828 0.0016782379243522882
657.7455444335938 173.3969268798828 0.0016782379243522882
657.7455444335938 173.3969268798828 0.0016782379243522882
657.7455444335938 173.3969268798828 0.0016782379243522882
657.7455444335938 173.3969268798828 0.0016782379243522882
657.7455444335938 173.3969268798828 0.0016782379243522882
657.7455444335938 173.3969268798828 0.0016782379243522882
657.7455444335938 173.3969268798828 0.0016782379243522882
657.7455444335938 173.3969268798828 0.0016782379243522882
657.7455444335938 173.3969268798828 0.0016782379243522882
657.7455444335938 173.3969268798828 0.0016782379243522882
657.7455444335938 173.3969268798828 0.0016782379243522882
657.7455444335938 173.3969268798828 0.0016782379243522882
657.7455444335938 173.3969268798828 0.0016782379243522882
657.7455444335938 173.3969268798828 0.0016782379243522882
657.7455444335938 173.3969268798828 0.0016782379243522882
657.7455444335938 173.3969268798828 0.0016782379243522882
657.7455444335938 173.3969268798828 0.0016782379243522882
657.7455444335938 173.3969268798828 0.0016782379243522882
657.7455444335938 173.3969268798828 0.0016782379243522882
657.7455444335938 173.3969268798828 0.0016782379243522882
657.7455444335938 173.3969268798828 0.0016782379243522882
657.7455444335938 173.3969268798828 0.0016782379243522882
657.7455444335938 173.3969268798828 0.0016782379243522882
657.7455444335938 173.3969268798828 0.0016782379243522882
657.7455444335938 173.3969268798828 0.0016782379243522882
657.7455444335938 173.3969268798828 0.0016782379243522882
657.7455444335938 173.3969268798828 0.0016782379243522882
657.7455444335938 173.3969268798828 0.0016782379243522882
657.7455444335938 173.3969268798828 0.0016782379243522882
657.7455444335938 173.3969268798828 0.0016782379243522882
657.7455444335938 173.3969268798828 0.0016782379243522882
657.7455444335938 173.3969268798828 0.0016782379243522882
657.7455444335938 173.3969268798828 0.0016782379243522882
657.7455444335938 173.3969268798828 0.0016782379243522882
657.7455444335938 173.3969268798828 0.0016782379243522882
657.7455444335938 173.3969268798828 0.0016782379243522882
657.7455444335938 173.3969268798828 0.0016782379243522882
657.7455444335938 173.3969268798828 0.0016782379243522882
657.7455444335938 173.3969268798828 0.0016782379243522882
657.7455444335938 173.3969268798828 0.0016782379243522882
657.7455444335938 173.3969268798828 0.0016782379243522882
657.7455444335938 173.3969268798828 0.0016782379243522882
657.7455444335938 173.3969268798828 0.0016782379243522882
657.7455444335938 173.3969268798828 0.0016782379243522882
657.7455444335938 173.3969268798828 0.0016782379243522882
657.7455444335938 173.3969268798828 0.0016782379243522882
657.7455444335938 173.3969268798828 0.0016782379243522882
657.7455444335938 173.3969268798828 0.0016782379243522882
657.7455444335938 173.3969268798828 0.0016782379243522882
657.7455444335938 173.3969268798828 0.0016782379243522882
657.7455444335938 173.3969268798828 0.0016782379243522882
657.7455444335938 173.3969268798828 0.0016782379243522882
657.7455444335938 173.3969268798828 0.0016782379243522882
657.7455444335938 173.3969268798828 0.0016782379243522882
657.7455444335938 173.3969268798828 0.0016782379243522882
657.7455444335938 173.3969268798828 0.0016782379243522882
657.7455444335938 173.3969268798828 0.0016782379243522882
657.7455444335938 173.3969268798828 0.0016782379243522882
657.7455444335938 173.3969268798828 0.0016782379243522882
657.7455444335938 173.3969268798828 0.0016782379243522882
657.7455444335938 173.3969268798828 0.0016782379243522882
657.7455444335938 173.3969268798828 0.0016782379243522882
657.7455444335938 173.3969268798828 0.0016782379243522882
657.7455444335938 173.3969268798828 0.0016782379243522882
657.7455444335938 173.3969268798828 0.0016782379243522882
657.7455444335938 173.3969268798828 0.0016782379243522882
657.7455444335938 173.3969268798828 0.0016782379243522882
657.7455444335938 173.3969268798828 0.0016782379243522882
657.7455444335938 173.3969268798828 0.0016782379243522882
657.7455444335938 173.3969268798828 0.0016782379243522882
657.7455444335938 173.3969268798828 0.0016782379243522882
657.7455444335938 173.3969268798828 0.0016782379243522882
657.7455444335938 173.3969268798828 0.0016782379243522882
657.7455444335938 173.3969268798828 0.0016782379243522882
657.7455444335938 173.3969268798828 0.0016782379243522882
657.7455444335938 173.3969268798828 0.0016782379243522882
657.7455444335938 173.3969268798828 0.0016782379243522882
657.7455444335938 173.3969268798828 0.0016782379243522882
657.7455444335938 173.3969268798828 0.0016782379243522882
657.7455444335938 173.3969268798828 0.0016782379243522882
657.7455444335938 173.3969268798828 0.0016782379243522882
657.7455444335938 173.3969268798828 0.0016782379243522882
657.7455444335938 173.3969268798828 0.0016782379243522882
657.7455444335938 173.3969268798828 0.0016782379243522882
657.7455444335938 173.3969268798828 0.0016782379243522882
657.7455444335938 173.3969268798828 0.0016782379243522882
657.7455444335938 173.3969268798828 0.0016782379243522882
657.7455444335938 173.3969268798828 0.0016782379243522882
657.7455444335938 173.3969268798828 0.0016782379243522882
657.7455444335938 173.3969268798828 0.0016782379243522882
657.7455444335938 173.3969268798828 0.0016782379243522882
657.7455444335938 173.3969268798828 0.0016782379243522882
657.7455444335938 173.3969268798828 0.0016782379243522882
657.7455444335938 173.3969268798828 0.0016782379243522882
657.7455444335938 173.3969268798828 0.0016782379243522882
657.7455444335938 173.3969268798828 0.0016782379243522882
657.7455444335938 173.3969268798828 0.0016782379243522882
657.7455444335938 173.3969268798828 0.0016782379243522882
657.7455444335938 173.3969268798828 0.0016782379243522882
657.7455444335938 173.3969268798828 0.0016782379243522882
657.7455444335938 173.3969268798828 0.0016782379243522882
657.7455444335938 173.3969268798828 0.0016782379243522882
657.7455444335938 173.3969268798828 0.0016782379243522882
657.7455444335938 173.3969268798828 0.0016782379243522882
657.7455444335938 173.3969268798828 0.0016782379243522882
657.7455444335938 173.3969268798828 0.0016782379243522882
657.7455444335938 173.3969268798828 0.0016782379243522882
657.7455444335938 173.3969268798828 0.0016782379243522882
657.7455444335938 173.3969268798828 0.0016782379243522882
657.7455444335938 173.3969268798828 0.0016782379243522882
657.7455444335938 173.3969268798828 0.0016782379243522882
657.7455444335938 173.3969268798828 0.0016782379243522882
657.7455444335938 173.3969268798828 0.0016782379243522882
657.7455444335938 173.3969268798828 0.0016782379243522882
657.7455444335938 173.3969268798828 0.0016782379243522882
657.7455444335938 173.3969268798828 0.0016782379243522882
657.7455444335938 173.3969268798828 0.0016782379243522882
657.7455444335938 173.3969268798828 0.0016782379243522882
657.7455444335938 173.3969268798828 0.0016782379243522882
657.7455444335938 173.3969268798828 0.0016782379243522882
657.7455444335938 173.3969268798828 0.0016782379243522882
657.7455444335938 173.3969268798828 0.0016782379243522882
657.7455444335938 173.3969268798828 0.0016782379243522882
657.7455444335938 173.3969268798828 0.0016782379243522882
657.7455444335938 173.3969268798828 0.0016782379243522882
657.7455444335938 173.3969268798828 0.0016782379243522882
657.7455444335938 173.3969268798828 0.0016782379243522882
657.7455444335938 173.3969268798828 0.0016782379243522882
657.7455444335938 173.3969268798828 0.0016782379243522882
657.7455444335938 173.3969268798828 0.0016782379243522882
657.7455444335938 173.3969268798828 0.0016782379243522882
657.7455444335938 173.3969268798828 0.0016782379243522882
657.7455444335938 173.3969268798828 0.0016782379243522882
657.7455444335938 173.3969268798828 0.0016782379243522882
657.7455444335938 173.3969268798828 0.0016782379243522882
657.7455444335938 173.3969268798828 0.0016782379243522882
657.7455444335938 173.3969268798828 0.0016782379243522882
657.7455444335938 173.3969268798828 0.0016782379243522882
657.7455444335938 173.3969268798828 0.0016782379243522882
657.7455444335938 173.3969268798828 0.0016782379243522882
657.7455444335938 173.3969268798828 0.0016782379243522882
657.7455444335938 173.3969268798828 0.0016782379243522882
657.7455444335938 173.3969268798828 0.0016782379243522882
657.7455444335938 173.3969268798828 0.0016782379243522882
657.7455444335938 173.3969268798828 0.0016782379243522882
657.7455444335938 173.3969268798828 0.0016782379243522882
657.7455444335938 173.3969268798828 0.0016782379243522882
657.7455444335938 173.3969268798828 0.0016782379243522882
657.7455444335938 173.3969268798828 0.0016782379243522882
657.7455444335938 173.3969268798828 0.0016782379243522882
657.7455444335938 173.3969268798828 0.0016782379243522882
657.7455444335938 173.3969268798828 0.0016782379243522882
657.7455444335938 173.3969268798828 0.0016782379243522882
657.7455444335938 173.3969268798828 0.0016782379243522882
657.7455444335938 173.3969268798828 0.0016782379243522882
657.7455444335938 173.3969268798828 0.0016782379243522882
657.7455444335938 173.3969268798828 0.0016782379243522882
657.7455444335938 173.3969268798828 0.0016782379243522882
657.7455444335938 173.3969268798828 0.0016782379243522882
657.7455444335938 173.3969268798828 0.0016782379243522882
657.7455444335938 173.3969268798828 0.0016782379243522882
657.7455444335938 173.3969268798828 0.0016782379243522882
657.7455444335938 173.3969268798828 0.0016782379243522882
657.7455444335938 173.3969268798828 0.0016782379243522882
657.7455444335938 173.3969268798828 0.0016782379243522882
657.7455444335938 173.3969268798828 0.0016782379243522882
657.7455444335938 173.3969268798828 0.0016782379243522882
657.7455444335938 173.3969268798828 0.0016782379243522882
657.7455444335938 173.39407348632812 0.0016603850526735187
657.7455444335938 173.3856964111328 0.0016291426727548242
657.74560546875 173.36778259277344 0.0015795135404914618
657.7461547851562 173.33740234375 0.0015188598772510886
657.7463989257812 173.2952880859375 0.0014709091046825051
657.7469482421875 173.23959350585938 0.0014253997942432761
657.7477416992188 173.16978454589844 0.0013858412858098745
657.7484130859375 173.08534240722656 0.0013512038858607411
657.7495727539062 172.98558044433594 0.0013190460158511996
657.7506713867188 172.87063598632812 0.0012948989169672132
657.7522583007812 172.740234375 0.0012745284475386143
657.7537841796875 172.59458923339844 0.0012605666415765882
657.7556762695312 172.43389892578125 0.0012511062668636441
657.7576293945312 172.2582550048828 0.0012448501074686646
657.759765625 172.06784057617188 0.001241607591509819
657.7621459960938 171.8631591796875 0.0012421035207808018
657.7645263671875 171.6444854736328 0.0012452697847038507
657.7672729492188 171.4120635986328 0.001249351422302425
657.7699584960938 171.1664276123047 0.0012564086355268955
657.772705078125 170.90975952148438 0.0015229034470394254
657.7755126953125 170.65834045410156 0.0016586685087531805
657.7779541015625 170.43804931640625 0.0016868209931999445
657.7802734375 170.21774291992188 0.001660041743889451
657.7828979492188 169.9909210205078 0.0016122055239975452
657.7855834960938 169.75579833984375 0.0015642165672034025
657.7884521484375 169.51377868652344 0.001535606337711215
657.7911376953125 169.26983642578125 0.0015450286446139216
657.7938842773438 169.02967834472656 0.0015904235187917948
657.7964477539062 168.79551696777344 0.0016469955444335938
657.798828125 168.56689453125 0.0016944503877311945
657.8011474609375 168.3428497314453 0.0017266845097765326
657.8035278320312 168.12265014648438 0.001745948800817132
657.805908203125 167.90451049804688 0.0017483519623056054
657.8082885742188 167.68466186523438 0.0017265318892896175
657.8106079101562 167.45870971679688 0.0016808700747787952
657.8131103515625 167.2235565185547 0.0016213607741519809
657.8158569335938 166.9774932861328 0.0015601348131895065
657.818603515625 166.7195281982422 0.0017436217749491334
657.8212890625 166.45350646972656 0.001801299978978932
657.8242797851562 166.18577575683594 0.0018245314713567495
657.827392578125 165.91253662109375 0.0018059158464893699
657.8305053710938 165.6316375732422 0.0017665481427684426
657.8336791992188 165.34068298339844 0.0017158889677375555
657.8369140625 165.03871154785156 0.0016664123395457864
657.8404541015625 164.72413635253906 0.001618080073967576
657.843994140625 164.39620971679688 0.0015742492396384478
657.8477172851562 164.0531768798828 0.0015331649919971824
657.8516235351562 163.69749450683594 0.0015103148762136698
657.8555297851562 163.3278350830078 0.0014894866617396474
657.8597412109375 162.94447326660156 0.0014743423089385033
657.8640747070312 162.54734802246094 0.0014632033417001367
657.8685302734375 162.13702392578125 0.0014582060975953937
657.8731689453125 161.71319580078125 0.0014530181651934981
657.8778686523438 161.2761993408203 0.0014513015048578382
657.882568359375 160.8256072998047 0.0014480591053143144
657.8876342773438 160.3617706298828 0.0014464950654655695
657.8927001953125 159.88424682617188 0.0014439391670748591
657.8981323242188 159.3933563232422 0.0014427948044613004
657.903564453125 158.8885955810547 0.0014393996680155396
657.9090576171875 158.36997985839844 0.0014362335205078125
657.9149169921875 157.83750915527344 0.0014350127894431353
657.9207763671875 157.29391479492188 0.0014505386352539062
657.9266357421875 156.74374389648438 0.0014927672455087304
657.9324951171875 156.19229125976562 0.0015610122354701161
657.9383544921875 155.64288330078125 0.0016397094586864114
657.9442138671875 155.09779357910156 0.0017171096988022327
657.9500732421875 154.55764770507812 0.0017830276628956199
657.9559326171875 154.0224151611328 0.0018337249057367444
657.9617919921875 153.4908905029297 0.001865119906142354
657.9676513671875 152.96180725097656 0.001879844581708312
657.9735107421875 152.43333435058594 0.0018783187260851264
657.9793701171875 151.904296875 0.0018674087477847934
657.9852294921875 151.37342834472656 0.0018503570463508368
657.9910888671875 150.84048461914062 0.0018339919624850154
657.9969482421875 150.30526733398438 0.00181999197229743
658.0028076171875 149.76844787597656 0.001812896691262722
658.0086669921875 149.23052978515625 0.0018108749063685536
658.0145263671875 148.6923828125 0.0018157577142119408
658.0203857421875 148.15443420410156 0.001823005615733564
658.0263061523438 147.61732482910156 0.0018328094156458974
658.0321655273438 147.0810089111328 0.0018411636119708419
658.0380249023438 146.54568481445312 0.0018483352614566684
658.0438842773438 146.0109405517578 0.0018516540294513106
658.0497436523438 145.4767608642578 0.0018533325055614114
658.0556030273438 144.942626953125 0.0018514632247388363
658.0614624023438 144.4084930419922 0.0018495178082957864
658.0670776367188 143.87396240234375 0.0018455886747688055
658.0728759765625 143.33917236328125 0.0018429183401167393
658.0787353515625 142.80389404296875 0.0018399810651317239
658.0845947265625 142.26840209960938 0.0018389892065897584
658.0904541015625 141.73263549804688 0.0018378066597506404
658.0963134765625 141.1968994140625 0.0018385314615443349
658.1021728515625 140.66110229492188 0.0018390273908153176
658.1080322265625 140.1255340576172 0.0018409728072583675
658.1138916015625 139.5900115966797 0.0018419264815747738
658.1197509765625 139.0547332763672 0.0018437575781717896
658.1256103515625 138.51950073242188 0.0018438338302075863
658.1314697265625 137.98443603515625 0.0018446350004523993
658.1373291015625 137.44932556152344 0.0018437193939462304
658.1431884765625 136.91427612304688 0.0018440628191456199
658.1490478515625 136.37908935546875 0.00184288015589118
658.1549072265625 135.84393310546875 0.0018427276518195868
658.1607666015625 135.30860900878906 0.0018415831727907062
658.1666259765625 134.77333068847656 0.0018420409178361297
658.1724853515625 134.23793029785156 0.0018413924844935536
658.1783447265625 133.70260620117188 0.0018420409178361297
658.1842041015625 133.1671905517578 0.0018414687365293503
658.1900634765625 132.63189697265625 0.0018423461588099599
658.1959228515625 132.09654235839844 0.0018420409178361297
658.2017822265625 131.56129455566406 0.0018428420880809426
658.2076416015625 131.02598571777344 0.0018423843430355191
658.2135009765625 130.49078369140625 0.0018432235810905695
658.2193603515625 129.95547485351562 0.0018425750313326716
658.2252197265625 129.42027282714844 0.001842994592152536
658.2310791015625 128.8849639892578 0.0018423461588099599
658.2369384765625 128.34974670410156 0.0018428039038553834
658.2427978515625 127.81442260742188 0.0018421554705128074
658.2486572265625 127.2791748046875 0.0018423079745844007
658.2545166015625 126.74381256103516 0.0018416213570162654
658.2603759765625 126.20857238769531 0.001842498779296875
658.2662353515625 125.67321014404297 0.0018420028500258923
658.2720947265625 125.1379623413086 0.0018425368471071124
658.2779541015625 124.60260772705078 0.0018421554705128074
658.2838134765625 124.0673599243164 0.0018426512833684683
658.2896728515625 123.53202819824219 0.0018421935383230448
658.2955322265625 122.99678802490234 0.0018429183401167393
658.3013916015625 122.46147155761719 0.0018418884137645364
658.3072509765625 121.92623138427734 0.0018427657196298242
658.3131103515625 121.39091491699219 0.0018423461588099599
658.3189697265625 120.85567474365234 0.00184288015589118
658.3245239257812 120.32032775878906 0.0018425750313326716
658.3299560546875 119.78508758544922 0.001843414269387722
658.33544921875 119.2497329711914 0.0018427657196298242
658.3410034179688 118.71449279785156 0.0018431091448292136
658.3465576171875 118.17914581298828 0.001840896555222571
658.3523559570312 117.64391326904297 0.001846046419814229
658.3582153320312 117.10860443115234 0.001846694853156805
658.3640747070312 116.57335662841797 0.0018474578391760588
658.3695678710938 116.03801727294922 0.001846046419814229
658.3753662109375 115.50276947021484 0.0018509292276576161
658.3812255859375 114.96744537353516 0.0018519210861995816
658.3868408203125 114.43220520019531 0.0018514632247388363
658.392333984375 113.89686584472656 0.0018492507515475154
658.3978271484375 113.36161804199219 0.0018477248959243298
658.4032592773438 112.82626342773438 0.0018456649268046021
658.4087524414062 112.29102325439453 0.0018453598022460938
658.4144287109375 111.75566864013672 0.0018439864506945014
658.4202880859375 111.22042846679688 0.0018436049576848745
658.4261474609375 110.68508911132812 0.0018427276518195868
658.4320068359375 110.14984130859375 0.0018431853968650103
658.4378662109375 109.614501953125 0.001842498779296875
658.4437255859375 109.07925415039062 0.0018427657196298242
658.4495849609375 108.5439224243164 0.0018421935383230448
658.4554443359375 108.00868225097656 0.00184288015589118
658.4613037109375 107.47333526611328 0.0018423843430355191
658.4671630859375 106.93809509277344 0.0018425368471071124
658.4730224609375 106.40274810791016 0.001841964665800333
658.478759765625 105.86750793457031 0.0018424224108457565
658.4844360351562 105.33216857910156 0.0018421172862872481
658.4902954101562 104.79692077636719 0.0018425750313326716
658.4961547851562 104.26158142089844 0.0018421554705128074
658.501953125 103.72633361816406 0.001843147212639451
658.5078125 103.19099426269531 0.0018423843430355191
658.513671875 102.65574645996094 0.0018428420880809426
658.51953125 102.12040710449219 0.0018418884137645364
658.525390625 101.58527374267578 0.0018433760851621628
658.53125 101.0506820678711 0.0018470382783561945
658.5371704101562 100.51800537109375 0.001858253381215036
658.542724609375 99.98833465576172 0.0018745040288195014
658.5482177734375 99.46321105957031 0.0018976210849359632
658.5536499023438 98.943359375 0.001921424875035882
658.5591430664062 98.42960357666016 0.0019452667329460382
658.5645751953125 97.92189025878906 0.001963729737326503
658.570068359375 97.4202880859375 0.0019782637245953083
658.5753784179688 96.92411041259766 0.0019852828700095415
658.5804443359375 96.43306732177734 0.001988487085327506
658.5855102539062 95.94634246826172 0.00198535923846066
658.5906372070312 95.46373748779297 0.0019808958750218153
658.595703125 94.98464965820312 0.001973381033167243
658.6007690429688 94.5091552734375 0.0019679642282426357
658.6057739257812 94.03697204589844 0.0019618605729192495
658.61083984375 93.5684585571289 0.0019590759184211493
658.6159057617188 93.10348510742188 0.0019560621585696936
658.6209716796875 92.64253997802734 0.0019568251445889473
658.6260986328125 92.18549346923828 0.0019572449382394552
658.631103515625 91.7327651977539 0.0019599914085119963
658.6357421875 91.28407287597656 0.0019609068986028433
658.6404418945312 90.8396987915039 0.0019630813039839268
658.6451416015625 90.39930725097656 0.0019626999273896217
658.6498413085938 89.96304321289062 0.0019634247291833162
658.654541015625 89.53048706054688 0.001950340229086578
658.6591796875 89.10183715820312 0.0019497298635542393
658.6638793945312 88.67666625976562 0.0019480895716696978
658.6685791015625 88.25523376464844 0.0019485855009406805
658.6732788085938 87.837158203125 0.0019473647698760033
658.677978515625 87.4227294921875 0.0019482040079310536
658.6823120117188 87.01165771484375 0.0019401168683543801
658.6866455078125 86.60427856445312 0.0019548796117305756
658.69091796875 86.20027160644531 0.0019585418049246073
658.6951904296875 85.79995727539062 0.001960105961188674
658.6995239257812 85.40299987792969 0.0019576263148337603
658.7037963867188 85.00969696044922 0.0019566344562917948
658.7081298828125 84.61969757080078 0.0019530868157744408
658.71240234375 84.23329162597656 0.0019517516484484076
658.7166748046875 83.85010528564453 0.0019482421921566129
658.7210083007812 83.47042846679688 0.001947593642398715
658.7252197265625 83.09385681152344 0.0019448470557108521
658.7291259765625 82.72071838378906 0.0019444655627012253
658.7330322265625 82.35062408447266 0.0019419478485360742
658.7369384765625 81.98388671875 0.0019416427239775658
658.7408447265625 81.62013244628906 0.0019393538823351264
658.7447509765625 81.25970458984375 0.0019398498116061091
658.7486572265625 80.90222930908203 0.0019379424629732966
658.7525634765625 80.54804229736328 0.0019381713354960084
658.7564697265625 80.1967544555664 0.0019362258026376367
658.7603759765625 79.8487319946289 0.0019365692278370261
658.7642822265625 79.50355529785156 0.001934814383275807
658.7681274414062 79.16159057617188 0.0019227981101721525
658.7716064453125 78.82239532470703 0.001918258611112833
658.775146484375 78.48635864257812 0.0019197844667360187
658.7786865234375 78.15306091308594 0.0019203567644581199
658.7821655273438 77.82286071777344 0.0019232940394431353
658.7857055664062 77.4953384399414 0.001923637348227203
658.7891845703125 77.17084503173828 0.0019257735693827271
658.792724609375 76.8489761352539 0.001925239572301507
658.7962646484375 76.53008270263672 0.0019265365554019809
658.7997436523438 76.21376037597656 0.0019253540085628629
658.8032836914062 75.90038299560547 0.0019263839349150658
658.8067626953125 75.58953857421875 0.0019248961471021175
658.8099975585938 75.28160095214844 0.0019253158243373036
658.8131103515625 74.97615051269531 0.0019242095295339823
658.81591796875 74.67357635498047 0.0019262313144281507
658.8187255859375 74.37342834472656 0.0019249343313276768
658.821533203125 74.07610321044922 0.001925735385157168
658.8243408203125 73.78116607666016 0.001923789968714118
658.8271484375 73.48900604248047 0.0019241714617237449
658.8296508789062 73.19916534423828 0.0019216537475585938
658.83203125 72.91207122802734 0.001921806251630187
658.8344116210938 72.62725830078125 0.0019195937784388661
658.8367919921875 72.34513092041016 0.0019199370872229338
658.839111328125 72.06525421142578 0.0019176864298060536
658.841552734375 71.78801727294922 0.001918258611112833
658.8438720703125 71.51299285888672 0.0019163894467055798
658.8462524414062 71.2405776977539 0.0019168471917510033
658.8485717773438 70.97032165527344 0.0019149016588926315
658.8509521484375 70.70264434814453 0.0019155502086505294
658.853271484375 70.43746948242188 0.0019166183192282915
658.8546142578125 70.17713928222656 0.0019352721283212304
658.855712890625 69.9336929321289 0.0019264601869508624
658.8566284179688 69.75289154052734 0.0020858764182776213
658.8571166992188 69.63927459716797 0.0023701477330178022
658.857177734375 69.5921630859375 0.0026507186703383923
658.8572387695312 69.59049224853516 0.0027577208820730448
658.8572387695312 69.5903091430664 0.002610549796372652
658.857177734375 69.59007263183594 0.0024079130962491035
658.8572387695312 69.58985900878906 0.002236976521089673
658.8572387695312 69.5896987915039 0.0020993042271584272
658.8572387695312 69.5895767211914 0.0019931411370635033
658.8572387695312 69.58946990966797 0.0019129562424495816
658.8572387695312 69.58938598632812 0.0018528747605159879
658.8572387695312 69.58935546875 0.0018256759503856301
658.8572387695312 69.58931732177734 0.0017987822648137808
658.8572387695312 69.58927917480469 0.0017713545821607113
658.8572387695312 69.58924865722656 0.0017484663985669613
658.8572387695312 69.58922576904297 0.0017306518275290728
658.8572387695312 69.5892105102539 0.0017171477666124701
658.8572387695312 69.58919525146484 0.0017069244058802724
658.8572387695312 69.58918762207031 0.0016994094476103783
658.8572387695312 69.58918762207031 0.0016994094476103783
658.8572387695312 69.58917999267578 0.0016923141665756702
658.8572387695312 69.58917236328125 0.0016893385909497738
658.8572387695312 69.58916473388672 0.0016865539364516735
658.8572387695312 69.58916473388672 0.0016844177152961493
658.8572387695312 69.58916473388672 0.0016827392391860485
658.8572387695312 69.58916473388672 0.0016815185081213713
658.8572387695312 69.58916473388672 0.0016815185081213713
658.8572387695312 69.58915710449219 0.001679916400462389
658.8572387695312 69.58915710449219 0.001679916400462389
658.8572387695312 69.58915710449219 0.001679916400462389
658.8572387695312 69.58915710449219 0.001679916400462389
658.8572387695312 69.58915710449219 0.0016786193009465933
658.8572387695312 69.58915710449219 0.0016786193009465933
658.8572387695312 69.58915710449219 0.0016786193009465933
658.8572387695312 69.58915710449219 0.0016786193009465933
658.8572387695312 69.58915710449219 0.0016786193009465933
658.8572387695312 69.58915710449219 0.0016786193009465933
658.8572387695312 69.58915710449219 0.0016786193009465933
658.8572387695312 69.58915710449219 0.0016786193009465933
658.8572387695312 69.58915710449219 0.0016786193009465933
658.8572387695312 69.58915710449219 0.0016786193009465933
658.8572387695312 69.58915710449219 0.0016786193009465933
658.8572387695312 69.58915710449219 0.0016786193009465933
658.8572387695312 69.58915710449219 0.0016786193009465933
658.8572387695312 69.58915710449219 0.0016786193009465933
658.8572387695312 69.58915710449219 0.0016786193009465933
658.8572387695312 69.58915710449219 0.0016786193009465933
658.8572387695312 69.58915710449219 0.0016786193009465933
658.8572387695312 69.58915710449219 0.0016786193009465933
658.8572387695312 69.58915710449219 0.0016786193009465933
658.8572387695312 69.58915710449219 0.0016786193009465933
658.8572387695312 69.58915710449219 0.0016786193009465933
658.8572387695312 69.58915710449219 0.0016786193009465933
658.8572387695312 69.58915710449219 0.0016786193009465933
658.8572387695312 69.58915710449219 0.0016786193009465933
658.8572387695312 69.58915710449219 0.0016786193009465933
658.8572387695312 69.58915710449219 0.0016786193009465933
658.8572387695312 69.58915710449219 0.0016786193009465933
658.8572387695312 69.58915710449219 0.0016786193009465933
658.8572387695312 69.58915710449219 0.0016786193009465933
658.8572387695312 69.58915710449219 0.0016786193009465933
658.8572387695312 69.58915710449219 0.0016786193009465933
658.8572387695312 69.58915710449219 0.0016786193009465933
658.8572387695312 69.58915710449219 0.0016786193009465933
658.8572387695312 69.58915710449219 0.0016786193009465933
658.8572387695312 69.58915710449219 0.0016786193009465933
658.8572387695312 69.58915710449219 0.0016786193009465933
658.8572387695312 69.58915710449219 0.0016786193009465933
658.8572387695312 69.58915710449219 0.0016786193009465933
658.8572387695312 69.58915710449219 0.0016786193009465933
658.8572387695312 69.58915710449219 0.0016786193009465933
658.8572387695312 69.58915710449219 0.0016786193009465933
658.8572387695312 69.58915710449219 0.0016786193009465933
658.8572387695312 69.58915710449219 0.0016786193009465933
658.8572387695312 69.58915710449219 0.0016786193009465933
658.8572387695312 69.58915710449219 0.0016786193009465933
658.8572387695312 69.58915710449219 0.0016786193009465933
658.8572387695312 69.58915710449219 0.0016786193009465933
658.8572387695312 69.58915710449219 0.0016786193009465933
658.8572387695312 69.58915710449219 0.0016786193009465933
658.8572387695312 69.58915710449219 0.0016786193009465933
658.8572387695312 69.58915710449219 0.0016786193009465933
658.8572387695312 69.58915710449219 0.0016786193009465933
658.8572387695312 69.58915710449219 0.0016786193009465933
658.8572387695312 69.58915710449219 0.0016786193009465933
658.8572387695312 69.58915710449219 0.0016786193009465933
658.8572387695312 69.58915710449219 0.0016786193009465933
658.8572387695312 69.58915710449219 0.0016786193009465933
658.8572387695312 69.58915710449219 0.0016786193009465933
658.8572387695312 69.58915710449219 0.0016786193009465933
658.8572387695312 69.58915710449219 0.0016786193009465933
658.8572387695312 69.58915710449219 0.0016786193009465933
658.8572387695312 69.58915710449219 0.0016786193009465933
658.8572387695312 69.58915710449219 0.0016786193009465933
658.8572387695312 69.58915710449219 0.0016786193009465933
658.8572387695312 69.58915710449219 0.0016786193009465933
658.8572387695312 69.58915710449219 0.0016786193009465933
658.8572387695312 69.58915710449219 0.0016786193009465933
658.8572387695312 69.58915710449219 0.0016786193009465933
658.8572387695312 69.58915710449219 0.0016786193009465933
658.8572387695312 69.58915710449219 0.0016786193009465933
658.8572387695312 69.58915710449219 0.0016786193009465933
658.8572387695312 69.58915710449219 0.0016786193009465933
658.8572387695312 69.58915710449219 0.0016786193009465933
658.8572387695312 69.58915710449219 0.0016786193009465933
658.8572387695312 69.58915710449219 0.0016786193009465933
658.8572387695312 69.58915710449219 0.0016786193009465933
658.8572387695312 69.58915710449219 0.0016786193009465933
658.8572387695312 69.58915710449219 0.0016786193009465933
658.8572387695312 69.58915710449219 0.0016786193009465933
658.8572387695312 69.58915710449219 0.0016786193009465933
658.8572387695312 69.58915710449219 0.0016786193009465933
658.8572387695312 69.58915710449219 0.0016786193009465933
658.8572387695312 69.58915710449219 0.0016786193009465933
658.8572387695312 69.58915710449219 0.0016786193009465933
658.8572387695312 69.58915710449219 0.0016786193009465933
658.8572387695312 69.58915710449219 0.0016786193009465933
658.8572387695312 69.58915710449219 0.0016786193009465933
658.8572387695312 69.58915710449219 0.0016786193009465933
658.8572387695312 69.58915710449219 0.0016786193009465933
658.8572387695312 69.58915710449219 0.0016786193009465933
658.8572387695312 69.58915710449219 0.0016786193009465933
658.8572387695312 69.58915710449219 0.0016786193009465933
658.8572387695312 69.58915710449219 0.0016786193009465933
658.8572387695312 69.58915710449219 0.0016786193009465933
658.8572387695312 69.58915710449219 0.0016786193009465933
658.8572387695312 69.58915710449219 0.0016786193009465933
658.8572387695312 69.58915710449219 0.0016786193009465933
658.8572387695312 69.58915710449219 0.0016786193009465933
658.8572387695312 69.58915710449219 0.0016786193009465933
658.8572387695312 69.58915710449219 0.0016786193009465933
658.8572387695312 69.58915710449219 0.0016786193009465933
658.8572387695312 69.58915710449219 0.0016786193009465933
658.8572387695312 69.58915710449219 0.0016786193009465933
658.8572387695312 69.58915710449219 0.0016786193009465933
658.8572387695312 69.58915710449219 0.0016786193009465933
658.8572387695312 69.58915710449219 0.0016786193009465933
658.8572387695312 69.58915710449219 0.0016786193009465933
658.8572387695312 69.58915710449219 0.0016786193009465933
658.8572387695312 69.58915710449219 0.0016786193009465933
658.8572387695312 69.58915710449219 0.0016786193009465933
658.8572387695312 69.58915710449219 0.0016786193009465933
658.8572387695312 69.58915710449219 0.0016786193009465933
658.8572387695312 69.58915710449219 0.0016786193009465933
658.8572387695312 69.58915710449219 0.0016786193009465933
658.8572387695312 69.58915710449219 0.0016786193009465933
658.8572387695312 69.58915710449219 0.0016786193009465933
658.8572387695312 69.58915710449219 0.0016786193009465933
658.8572387695312 69.58915710449219 0.0016786193009465933
658.8572387695312 69.58915710449219 0.0016786193009465933
658.8572387695312 69.58915710449219 0.0016786193009465933
658.8572387695312 69.58915710449219 0.0016786193009465933
658.8572387695312 69.58915710449219 0.0016786193009465933
658.8572387695312 69.58915710449219 0.0016786193009465933
658.8572387695312 69.58915710449219 0.0016786193009465933
658.8572387695312 69.58915710449219 0.0016786193009465933
658.8572387695312 69.58915710449219 0.0016786193009465933
658.8572387695312 69.58915710449219 0.0016786193009465933
658.8572387695312 69.58915710449219 0.0016786193009465933
658.8572387695312 69.58915710449219 0.0016786193009465933
658.8572387695312 69.58915710449219 0.0016786193009465933
658.8572387695312 69.58915710449219 0.0016786193009465933
658.8572387695312 69.58915710449219 0.0016786193009465933
658.8572387695312 69.58915710449219 0.0016786193009465933
658.8572387695312 69.58915710449219 0.0016786193009465933
658.8572387695312 69.58915710449219 0.0016786193009465933
658.8572387695312 69.58915710449219 0.0016786193009465933
658.8572387695312 69.58915710449219 0.0016786193009465933
658.8572387695312 69.58915710449219 0.0016786193009465933
658.8572387695312 69.58915710449219 0.0016786193009465933
658.8572387695312 69.58915710449219 0.0016786193009465933
658.8572387695312 69.58915710449219 0.0016786193009465933
658.8572387695312 69.58915710449219 0.0016786193009465933
658.8572387695312 69.58915710449219 0.0016786193009465933
658.8572387695312 69.58915710449219 0.0016786193009465933
658.8572387695312 69.58915710449219 0.0016786193009465933
658.8572387695312 69.58915710449219 0.0016786193009465933
658.8572387695312 69.58915710449219 0.0016786193009465933
658.8572387695312 69.58915710449219 0.0016786193009465933
658.8572387695312 69.58915710449219 0.0016786193009465933
658.8572387695312 69.58915710449219 0.0016786193009465933
658.8572387695312 69.58915710449219 0.0016786193009465933
658.8572387695312 69.58915710449219 0.0016786193009465933
658.8572387695312 69.58915710449219 0.0016786193009465933
658.8572387695312 69.58915710449219 0.0016786193009465933
658.8572387695312 69.58915710449219 0.0016786193009465933
658.8572387695312 69.58915710449219 0.0016786193009465933
658.8572387695312 69.58915710449219 0.0016786193009465933
658.8572387695312 69.58915710449219 0.0016786193009465933
658.8572387695312 69.58915710449219 0.0016786193009465933
658.8572387695312 69.58915710449219 0.0016786193009465933
658.8572387695312 69.58915710449219 0.0016786193009465933
658.8572387695312 69.58915710449219 0.0016786193009465933
658.8572387695312 69.58915710449219 0.0016786193009465933
658.8572387695312 69.58915710449219 0.0016786193009465933
658.8572387695312 69.58915710449219 0.0016786193009465933
658.8572387695312 69.58915710449219 0.0016786193009465933
658.8572387695312 69.58915710449219 0.0016786193009465933
658.8572387695312 69.58915710449219 0.0016786193009465933
658.8572387695312 69.58915710449219 0.0016786193009465933
658.8572387695312 69.58915710449219 0.0016786193009465933
658.8572387695312 69.58915710449219 0.0016786193009465933
658.8572387695312 69.58915710449219 0.0016786193009465933
658.8572387695312 69.58915710449219 0.0016786193009465933
658.8572387695312 69.58915710449219 0.0016786193009465933
658.8572387695312 69.58915710449219 0.0016786193009465933
658.8572387695312 69.58915710449219 0.0016786193009465933
658.8572387695312 69.58915710449219 0.0016786193009465933
658.8572387695312 69.58915710449219 0.0016786193009465933
658.8572387695312 69.58915710449219 0.0016786193009465933
658.8572387695312 69.58915710449219 0.0016786193009465933
658.8572387695312 69.58915710449219 0.0016786193009465933
658.8572387695312 69.58915710449219 0.0016786193009465933
658.8572387695312 69.58915710449219 0.0016786193009465933
658.8572387695312 69.58915710449219 0.0016786193009465933
658.8572387695312 69.58915710449219 0.0016786193009465933
658.8572387695312 69.58915710449219 0.0016786193009465933
658.8572387695312 69.58915710449219 0.0016786193009465933
658.8572387695312 69.58915710449219 0.0016786193009465933
658.8572387695312 69.58915710449219 0.0016786193009465933
658.8572387695312 69.58915710449219 0.0016786193009465933
658.8572387695312 69.58915710449219 0.0016786193009465933
658.8572387695312 69.58915710449219 0.0016786193009465933
658.8572387695312 69.58915710449219 0.0016786193009465933
658.8572387695312 69.58915710449219 0.0016786193009465933
658.8572387695312 69.58915710449219 0.0016786193009465933
658.8572387695312 69.58915710449219 0.0016786193009465933
658.8572387695312 69.58915710449219 0.0016786193009465933
658.8572387695312 69.58915710449219 0.0016786193009465933
658.8572387695312 69.58915710449219 0.0016786193009465933
658.8572387695312 69.58915710449219 0.0016786193009465933
658.8572387695312 69.58915710449219 0.0016786193009465933
658.8572387695312 69.58915710449219 0.0016786193009465933
658.8572387695312 69.58915710449219 0.0016786193009465933
658.8572387695312 69.58915710449219 0.0016786193009465933
658.8572387695312 69.58915710449219 0.0016786193009465933
658.8572387695312 69.58915710449219 0.0016786193009465933
658.8572387695312 69.58915710449219 0.0016786193009465933
658.8572387695312 69.58915710449219 0.0016786193009465933
658.8572387695312 69.58915710449219 0.0016786193009465933
658.8572387695312 69.58915710449219 0.0016786193009465933
658.8572387695312 69.58915710449219 0.0016786193009465933
658.8572387695312 69.58915710449219 0.0016786193009465933
658.8572387695312 69.58915710449219 0.0016786193009465933
658.8572387695312 69.58915710449219 0.0016786193009465933
658.8572387695312 69.58915710449219 0.0016786193009465933
658.8572387695312 69.58915710449219 0.0016786193009465933
658.8572387695312 69.58915710449219 0.0016786193009465933
658.8572387695312 69.58915710449219 0.0016786193009465933
658.8572387695312 69.58915710449219 0.0016786193009465933
658.8572387695312 69.58915710449219 0.0016786193009465933
658.8572387695312 69.58915710449219 0.0016786193009465933
658.8572387695312 69.58915710449219 0.0016786193009465933
658.8572387695312 69.58915710449219 0.0016786193009465933
658.8572387695312 69.58915710449219 0.0016786193009465933
658.8572387695312 69.58915710449219 0.0016786193009465933
658.8572387695312 69.58915710449219 0.0016786193009465933
658.8572387695312 69.58915710449219 0.0016786193009465933
658.8572387695312 69.58915710449219 0.0016786193009465933
658.8572387695312 69.58915710449219 0.0016786193009465933
658.8572387695312 69.58915710449219 0.0016786193009465933
658.8572387695312 69.58915710449219 0.0016786193009465933
658.8572387695312 69.58915710449219 0.0016786193009465933
658.8572387695312 69.58915710449219 0.0016786193009465933
658.8572387695312 69.58915710449219 0.0016786193009465933
658.8572387695312 69.58915710449219 0.0016786193009465933
658.8572387695312 69.58915710449219 0.0016786193009465933
658.8572387695312 69.58915710449219 0.0016786193009465933
658.8572387695312 69.58915710449219 0.0016786193009465933
658.8572387695312 69.58915710449219 0.0016786193009465933
658.8572387695312 69.58915710449219 0.0016786193009465933
658.8572387695312 69.58915710449219 0.0016786193009465933
658.8572387695312 69.58915710449219 0.0016786193009465933
658.8572387695312 69.58915710449219 0.0016786193009465933
658.8572387695312 69.58915710449219 0.0016786193009465933
658.8572387695312 69.58915710449219 0.0016786193009465933
658.8572387695312 69.58915710449219 0.0016786193009465933
658.8572387695312 69.58915710449219 0.0016786193009465933
658.8572387695312 69.58915710449219 0.0016786193009465933
658.8572387695312 69.58915710449219 0.0016786193009465933
658.8572387695312 69.58915710449219 0.0016786193009465933
658.8572387695312 69.58915710449219 0.0016786193009465933
658.8572387695312 69.58915710449219 0.0016786193009465933
658.8572387695312 69.58915710449219 0.0016786193009465933
658.8572387695312 69.58915710449219 0.0016786193009465933
658.8572387695312 69.58915710449219 0.0016786193009465933
658.8572387695312 69.58915710449219 0.0016786193009465933
658.8572387695312 69.58915710449219 0.0016786193009465933
658.8572387695312 69.58915710449219 0.0016786193009465933
658.8572387695312 69.58915710449219 0.0016786193009465933
658.8572387695312 69.58915710449219 0.0016786193009465933
658.8572387695312 69.58915710449219 0.0016786193009465933
658.8572387695312 69.58915710449219 0.0016786193009465933
658.8572387695312 69.58915710449219 0.0016786193009465933
658.8572387695312 69.58915710449219 0.0016786193009465933
658.8572387695312 69.58915710449219 0.0016786193009465933
658.8572387695312 69.58915710449219 0.0016786193009465933
658.8572387695312 69.58915710449219 0.0016786193009465933
658.8572387695312 69.58915710449219 0.0016786193009465933
658.8572387695312 69.58915710449219 0.0016786193009465933
658.8572387695312 69.58915710449219 0.0016786193009465933
658.8572387695312 69.58915710449219 0.0016786193009465933
658.8572387695312 69.58915710449219 0.0016786193009465933
658.8572387695312 69.58915710449219 0.0016786193009465933
658.8572387695312 69.58915710449219 0.0016786193009465933
658.8572387695312 69.58915710449219 0.0016786193009465933
658.8572387695312 69.58915710449219 0.0016786193009465933
658.8572387695312 69.58915710449219 0.0016786193009465933
658.8572387695312 69.58915710449219 0.0016786193009465933
658.8572387695312 69.58915710449219 0.0016786193009465933
658.8572387695312 69.58915710449219 0.0016786193009465933
658.8572387695312 69.58915710449219 0.0016786193009465933
658.8572387695312 69.58915710449219 0.0016786193009465933
658.8572387695312 69.58915710449219 0.0016786193009465933
658.8572387695312 69.58915710449219 0.0016786193009465933
658.8572387695312 69.58915710449219 0.0016786193009465933
658.8572387695312 69.58915710449219 0.0016786193009465933
658.8572387695312 69.58915710449219 0.0016786193009465933
658.8572387695312 69.58915710449219 0.0016786193009465933
658.8572387695312 69.58915710449219 0.0016786193009465933
658.8572387695312 69.58915710449219 0.0016786193009465933
658.8572387695312 69.58915710449219 0.0016786193009465933
658.8572387695312 69.58915710449219 0.0016786193009465933
658.8572387695312 69.58915710449219 0.0016786193009465933
658.8572387695312 69.58915710449219 0.0016786193009465933
658.8572387695312 69.58915710449219 0.0016786193009465933
658.8572387695312 69.58915710449219 0.0016786193009465933
658.8572387695312 69.58915710449219 0.0016786193009465933
658.8572387695312 69.58915710449219 0.0016786193009465933
658.8572387695312 69.58915710449219 0.0016786193009465933
658.8572387695312 69.58915710449219 0.0016786193009465933
658.8572387695312 69.58915710449219 0.0016786193009465933
658.8572387695312 69.58915710449219 0.0016786193009465933
658.8572387695312 69.58915710449219 0.0016786193009465933
658.8572387695312 69.58915710449219 0.0016786193009465933
658.8572387695312 69.58915710449219 0.0016786193009465933
658.8572387695312 69.58915710449219 0.0016786193009465933
658.8572387695312 69.58915710449219 0.0016786193009465933
658.8572387695312 69.58915710449219 0.0016786193009465933
658.8572387695312 69.58915710449219 0.0016786193009465933
658.8572387695312 69.58915710449219 0.0016786193009465933
658.8572387695312 69.58915710449219 0.0016786193009465933
658.8572387695312 69.58915710449219 0.0016786193009465933
658.8572387695312 69.58915710449219 0.0016786193009465933
658.8572387695312 69.58915710449219 0.0016786193009465933
658.8572387695312 69.58915710449219 0.0016786193009465933
658.8572387695312 69.58915710449219 0.0016786193009465933
658.8572387695312 69.58915710449219 0.0016786193009465933
658.8572387695312 69.58915710449219 0.0016786193009465933
658.8572387695312 69.58915710449219 0.0016786193009465933
658.8572387695312 69.58915710449219 0.0016786193009465933
658.8572387695312 69.58915710449219 0.0016786193009465933
658.8572387695312 69.58915710449219 0.0016786193009465933
658.8572387695312 69.58915710449219 0.0016786193009465933
658.8572387695312 69.58915710449219 0.0016786193009465933
658.8572387695312 69.58633422851562 0.0016603850526735187
658.8572387695312 69.57721710205078 0.0016236876836046576
658.857177734375 69.558349609375 0.0015764236450195312
658.8571166992188 69.5285415649414 0.0015244674868881702
658.8568115234375 69.48599243164062 0.0014714050339534879
658.8563842773438 69.43045043945312 0.0014274215791374445
658.8560791015625 69.36095428466797 0.0013889693655073643
658.8557739257812 69.27754974365234 0.0013566970592364669
658.8551635742188 69.17884826660156 0.0013257217360660434
658.8544311523438 69.06535339355469 0.0013024138752371073
658.8538208007812 68.93701171875 0.0012841415591537952
658.8530883789062 68.7934341430664 0.0012690352741628885
658.8522338867188 68.6341552734375 0.0012545394711196423
658.8512573242188 68.45934295654297 0.0012438201811164618
658.8501586914062 68.26947784423828 0.0012390136253088713
658.84912109375 68.06513977050781 0.0012389373732730746
658.8477172851562 67.84672546386719 0.0012421798892319202
658.8463134765625 67.61451721191406 0.0012469482608139515
658.8448486328125 67.3691177368164 0.0012553787091746926
658.8433227539062 67.1146011352539 0.0015350723406299949
658.8419189453125 66.86991882324219 0.0016981506487354636
658.8406982421875 66.685546875 0.0018966293428093195
658.8397216796875 66.53968811035156 0.002037429716438055
658.8385620117188 66.3840103149414 0.0019577788189053535
658.8374633789062 66.216796875 0.0018276977352797985
658.8363647460938 66.03633880615234 0.001700172433629632
658.8349609375 65.8421859741211 0.0015942382160574198
658.83349609375 65.63439178466797 0.0015122604090720415
658.8319091796875 65.41332244873047 0.001452865544706583
658.8278198242188 65.1800765991211 0.0014222335303202271
658.8218383789062 64.93441009521484 0.0014087294694036245
658.8153076171875 64.6759033203125 0.0016367339994758368
658.8081665039062 64.40888214111328 0.0017243194160982966
658.8009033203125 64.13966369628906 0.0017666243948042393
658.7932739257812 63.8646125793457 0.0017619323916733265
658.7852172851562 63.58136749267578 0.0017314148135483265
658.7764892578125 63.28402328491211 0.0016604994889348745
658.7670288085938 62.97261047363281 0.001610832172445953
658.7569580078125 62.651004791259766 0.0015852736542001367
658.7462158203125 62.31806564331055 0.0015645598759874701
658.7349853515625 61.971839904785156 0.0015380477998405695
658.7230834960938 61.611698150634766 0.0015142059419304132
658.710693359375 61.23873519897461 0.0014985274756327271
658.6976318359375 60.8527946472168 0.001487464876845479
658.6810913085938 60.4534797668457 0.0014849853469058871
658.6610107421875 60.04125213623047 0.0015031051589176059
658.6385498046875 59.61562728881836 0.0015134047716856003
658.6142578125 59.17691421508789 0.001513252267614007
658.588134765625 58.72468566894531 0.0015066527994349599
658.5602416992188 58.259246826171875 0.0014997100224718451
658.5306396484375 57.780208587646484 0.0014904785202816129
658.49951171875 57.287811279296875 0.0014821623917669058
658.4668579101562 56.78160858154297 0.0014733504503965378
658.4328002929688 56.26154327392578 0.0014649200020357966
658.3973999023438 55.72780990600586 0.001460227882489562
658.3572998046875 55.18395233154297 0.0014862441457808018
658.312744140625 54.634769439697266 0.0015624999068677425
658.2655029296875 54.08526611328125 0.0016533660236746073
658.2164916992188 53.53852081298828 0.0017384338425472379
658.166015625 52.996551513671875 0.001812629634514451
658.114501953125 52.45973205566406 0.0018695067847147584
658.0621948242188 51.92787551879883 0.0019088363042101264
658.00927734375 51.39958953857422 0.0019268798641860485
657.9557495117188 50.873558044433594 0.0019277571700513363
657.898681640625 50.34840774536133 0.0019272231729701161
657.8372802734375 49.82299041748047 0.0019376754062250257
657.7731323242188 49.29587936401367 0.0019336700206622481
657.7066040039062 48.76681137084961 0.0019197844667360187
657.6380615234375 48.235652923583984 0.0019016646547243
657.56787109375 47.70311737060547 0.0018873214721679688
657.4962158203125 47.16970443725586 0.0018770599272102118
657.4235229492188 46.636322021484375 0.0018734741024672985
657.3499755859375 46.10335922241211 0.0018726730486378074
657.2731323242188 45.57194137573242 0.0018862151773646474
657.1923217773438 45.04206085205078 0.0019159697694703937
657.1091918945312 44.51354217529297 0.0019361877348273993
657.0241088867188 43.98587417602539 0.001941261230967939
656.9375 43.458919525146484 0.0019378662109375
656.8493041992188 42.93212890625 0.001927184988744557
656.7598876953125 42.40545654296875 0.0019151687156409025
656.6693725585938 41.878501892089844 0.0019011687254533172
656.5780029296875 41.35137939453125 0.0018895339453592896
656.4828491210938 40.8245849609375 0.001890106126666069
656.3839721679688 40.29841613769531 0.0019109725253656507
656.2825927734375 39.77243423461914 0.0019231414189562201
656.1791381835938 39.24685287475586 0.001926422119140625
656.0740356445312 38.72135925292969 0.00192089076153934
655.9671020507812 38.19459533691406 0.0019030760740861297
655.8582153320312 37.663414001464844 0.0018664550734683871
655.7465209960938 37.12550354003906 0.0018191527342423797
655.63232421875 36.578636169433594 0.0017657470889389515
655.5118408203125 36.02235412597656 0.0017247009091079235
655.3848266601562 35.45586395263672 0.0017077636439353228
655.2526245117188 34.878662109375 0.0016904830699786544
655.115478515625 34.29061508178711 0.0016682433197274804
654.9736938476562 33.69175338745117 0.001645050011575222
654.8275756835938 33.082096099853516 0.0016229248140007257
654.6773071289062 32.461666107177734 0.0016028976533561945
654.523193359375 31.83047866821289 0.0015831756172701716
654.3610229492188 31.190082550048828 0.0015842055436223745
654.1890258789062 30.541027069091797 0.001622695941478014
654.00927734375 29.882530212402344 0.001653709332458675
653.822265625 29.2144718170166 0.0016665267758071423
653.6286010742188 28.53679084777832 0.0016662597190588713
653.4287109375 27.849445343017578 0.0016576384659856558
653.2230224609375 27.15237045288086 0.00164451589807868
653.011962890625 26.445497512817383 0.0016299438429996371
652.7962036132812 25.72882843017578 0.0016160964732989669
652.5761108398438 25.0028076171875 0.001605453435331583
652.3525390625 24.26901626586914 0.00160636892542243
652.1265258789062 23.530014038085938 0.0016241073608398438
651.8994140625 22.789012908935547 0.001659126253798604
651.6683959960938 22.050878524780273 0.0017257308354601264
651.4338989257812 21.320573806762695 0.00183868408203125
651.197998046875 20.600236892700195 0.0019492339342832565
650.9614868164062 19.891029357910156 0.002039413433521986
650.7247314453125 19.1927490234375 0.0021018218249082565
650.4873046875 18.50373649597168 0.0021335601340979338
650.244384765625 17.823640823364258 0.002156867878511548
649.992431640625 17.151700973510742 0.0022016523871570826
649.7328491210938 16.48453712463379 0.0022223663982003927
649.4658203125 15.819812774658203 0.0022100829519331455
649.191650390625 15.15588665008545 0.0021752547472715378
648.91064453125 14.491800308227539 0.002129783621057868
648.6235961914062 13.827202796936035 0.002083167899399996
648.327392578125 13.164490699768066 0.0020601653959602118
648.02099609375 12.505043983459473 0.002078094519674778
647.7066040039062 11.848388671875 0.0020965957082808018
647.3811645507812 11.197371482849121 0.0021236420143395662
647.0443115234375 10.553079605102539 0.0021715546026825905
646.6978149414062 9.914482116699219 0.002203788608312607
646.339111328125 9.283998489379883 0.0022334670647978783
645.9677734375 8.661922454833984 0.002273292513564229
645.5857543945312 8.046624183654785 0.002291450509801507
645.19384765625 7.437351703643799 0.002286300528794527
644.789794921875 6.83643913269043 0.0022840118035674095
644.3734741210938 6.244090557098389 0.0022998047061264515
643.9468383789062 5.658590793609619 0.0023014831822365522
643.5078125 5.082289218902588 0.0023036575876176357
643.0568237304688 4.515332221984863 0.002319412073120475
642.5955810546875 3.95603084564209 0.0023195266257971525
642.122314453125 3.406761646270752 0.0023186493199318647
641.63720703125 2.867246389389038 0.002328147878870368
641.141845703125 2.3354907035827637 0.0023206709884107113
640.6372680664062 1.8106634616851807 0.0022964859381318092
640.1218872070312 1.2955291271209717 0.002280616667121649
639.5962524414062 0.7904053926467896 0.0022872542031109333
639.0619506835938 0.29357150197029114 0.0022867582738399506
638.5177001953125 -0.1923559457063675 0.002285537775605917
637.9623413085938 -0.6684354543685913 0.0022887801751494408
637.395263671875 -1.1381672620773315 0.0022640228271484375
636.8138427734375 -1.5998194217681885 0.0022332000080496073
636.2173461914062 -2.0539402961730957 0.0022133635357022285
635.606689453125 -2.5024449825286865 0.0021844482980668545
634.9813232421875 -2.9419679641723633 0.0021653748117387295
634.3409423828125 -3.3726534843444824 0.002162666292861104
633.6859130859375 -3.7967336177825928 0.0021454619709402323
633.01513671875 -4.21120023727417 0.0021315382327884436
632.3297119140625 -4.615291595458984 0.0021423720754683018
631.630859375 -5.006148815155029 0.0021686172112822533
630.9199829101562 -5.379040241241455 0.002231712220236659
630.1995849609375 -5.734584331512451 0.0023064040578901768
629.471923828125 -6.074347496032715 0.002355728065595031
628.7378540039062 -6.395336151123047 0.0023958587553352118
627.9986572265625 -6.698160648345947 0.0024356460198760033
627.2554321289062 -6.985554218292236 0.0024478149134665728
626.5087890625 -7.25941276550293 0.0024326324928551912
625.759033203125 -7.521644115447998 0.0023970031179487705
625.0064697265625 -7.774107933044434 0.0023521422408521175
624.2503662109375 -8.014129638671875 0.0023105621803551912
623.490478515625 -8.24109935760498 0.0023016356863081455
622.7269287109375 -8.457562446594238 0.0022886276710778475
621.9595336914062 -8.660152435302734 0.002282981760799885
621.188232421875 -8.847917556762695 0.0022998047061264515
620.4131469726562 -9.02287483215332 0.0023060606326907873
619.6346435546875 -9.18030071258545 0.0023212814703583717
618.8531494140625 -9.316998481750488 0.0023729323875159025
618.0684204101562 -9.435808181762695 0.0024107741191983223
617.2807006835938 -9.53818130493164 0.0024211884010583162
616.4904174804688 -9.625515937805176 0.0024082183372229338
615.6979370117188 -9.699246406555176 0.0023800276685506105
614.9039916992188 -9.758605003356934 0.0023523711133748293
614.1089477539062 -9.805318832397461 0.002330512972548604
613.3131713867188 -9.841907501220703 0.002298660110682249
612.5169677734375 -9.870097160339355 0.002257461426779628
611.7205200195312 -9.891423225402832 0.002211189130321145
610.924072265625 -9.907221794128418 0.0021640395279973745
610.1277465820312 -9.918627738952637 0.002118606586009264
609.3314208984375 -9.927132606506348 0.002074355958029628
608.5353393554688 -9.93356704711914 0.00203113560564816
607.7392578125 -9.938488960266113 0.001992835896089673
606.943359375 -9.942374229431152 0.001959647983312607
606.1474609375 -9.94558048248291 0.0019322586013004184
605.3515625 -9.9483642578125 0.0019098281627520919
604.5553588867188 -9.951254844665527 0.0018878936534747481
603.7569580078125 -9.954384803771973 0.0018567275255918503
602.953857421875 -9.957724571228027 0.0018169402610510588
602.1443481445312 -9.961310386657715 0.0017731856787577271
601.3272094726562 -9.965164184570312 0.0017321014311164618
600.5015869140625 -9.969280242919922 0.001695175189524889
599.6671142578125 -9.973758697509766 0.0016625976422801614
598.8232421875 -9.97854995727539 0.0016349791549146175
597.9699096679688 -9.983600616455078 0.001612930209375918
597.1068115234375 -9.988898277282715 0.0015958404401317239
596.2339477539062 -9.994439125061035 0.0015843581641092896
595.3512573242188 -10.000199317932129 0.0015757369110360742
594.4586181640625 -10.006122589111328 0.0015696334885433316
593.55615234375 -10.012234687805176 0.0015641783829778433
592.6438598632812 -10.01853084564209 0.0015603256179019809
591.7217407226562 -10.024985313415527 0.0015580367762595415
590.7897338867188 -10.03158950805664 0.0015559387393295765
589.847900390625 -10.03831672668457 0.0015544509515166283
588.896484375 -10.045182228088379 0.0015530395321547985
587.9353637695312 -10.052163124084473 0.0015527342911809683
586.9646606445312 -10.059246063232422 0.0015527342911809683
585.9843139648438 -10.066462516784668 0.0015515136765316129
584.994384765625 -10.073774337768555 0.0015527724754065275
583.9950561523438 -10.081180572509766 0.0015541838947683573
582.9861450195312 -10.088680267333984 0.0015550995012745261
581.9678955078125 -10.09622859954834 0.0015533828409388661
580.9403686523438 -10.103837966918945 0.0015478514833375812
579.9034423828125 -10.111574172973633 0.0015480422880500555
578.8573608398438 -10.119400024414062 0.0015504073817282915
577.802001953125 -10.127301216125488 0.0015529632801190019
576.7374267578125 -10.13526725769043 0.001555709750391543
575.663818359375 -10.14328384399414 0.0015580367762595415
574.5811157226562 -10.151362419128418 0.0015604781219735742
573.4894409179688 -10.159501075744629 0.0015626907115802169
572.3887939453125 -10.167688369750977 0.0015646362444385886
571.2792358398438 -10.175925254821777 0.0015663527883589268
570.1607666015625 -10.184211730957031 0.0015679550124332309
569.033447265625 -10.19255256652832 0.0015692138113081455
567.8972778320312 -10.200971603393555 0.0015707396669313312
566.7526245117188 -10.209455490112305 0.0015723418910056353
565.5990600585938 -10.217997550964355 0.001573867746628821
564.4369506835938 -10.226606369018555 0.001574783236719668
563.2662963867188 -10.235283851623535 0.0015761565882712603
562.0870361328125 -10.244028091430664 0.001577835064381361
560.8992309570312 -10.252839088439941 0.0015785598661750555
559.7030639648438 -10.261714935302734 0.0015800857217982411
558.4984741210938 -10.270561218261719 0.0015819930704310536
557.2861938476562 -10.279342651367188 0.0015888214111328125
556.0680541992188 -10.288039207458496 0.0016056442400440574
554.846435546875 -10.296597480773926 0.0016361618181690574
553.6243896484375 -10.304877281188965 0.0016791915986686945
552.4041748046875 -10.312813758850098 0.001730690011754632
551.1874389648438 -10.320382118225098 0.001782226492650807
549.9747924804688 -10.327549934387207 0.0018283461686223745
548.76611328125 -10.33425521850586 0.0018630599370226264
547.560546875 -10.34047794342041 0.0018849944462999701
546.3568115234375 -10.346221923828125 0.0018931579543277621
545.1536865234375 -10.351489067077637 0.0018894957611337304
543.9497680664062 -10.356294631958008 0.001877860981039703
542.7442626953125 -10.360658645629883 0.0018619155744090676
541.536865234375 -10.364611625671387 0.0018463897285982966
540.3274536132812 -10.368172645568848 0.0018333434127271175
539.116455078125 -10.371387481689453 0.0018253326416015625
537.9044189453125 -10.374288558959961 0.001822738558985293
536.6920776367188 -10.37689208984375 0.0018252182053402066
535.4799194335938 -10.379226684570312 0.0018312835600227118
534.2685546875 -10.38135814666748 0.001839332515373826
533.0580444335938 -10.383316040039062 0.0018470382783561945
531.8485717773438 -10.385123252868652 0.0018527983920648694
530.639892578125 -10.386808395385742 0.0018563460325822234
529.4317626953125 -10.388442993164062 0.0018566512735560536
528.223876953125 -10.39004135131836 0.0018544006161391735
527.015869140625 -10.391616821289062 0.0018502044258639216
525.8075561523438 -10.393232345581055 0.0018449019407853484
524.5988159179688 -10.394909858703613 0.0018394851358607411
523.3895874023438 -10.39665412902832 0.0018350218888372183
522.179931640625 -10.398481369018555 0.0018318939255550504
520.9700317382812 -10.400411605834961 0.0018314742483198643
519.7599487304688 -10.402441024780273 0.0018324279226362705
518.5499267578125 -10.404549598693848 0.0018342590192332864
517.340087890625 -10.406768798828125 0.001836814801208675
516.13037109375 -10.409096717834473 0.0018396377563476562
514.9208984375 -10.4114990234375 0.0018415451049804688
513.7117309570312 -10.41396427154541 0.0018426894675940275
512.5026245117188 -10.416534423828125 0.0018435668898746371
511.2936096191406 -10.419167518615723 0.0018433760851621628
510.0846252441406 -10.421846389770508 0.0018427657196298242
508.87554931640625 -10.424603462219238 0.0018416595412418246
507.6663513183594 -10.427407264709473 0.0018404388101771474
506.4570617675781 -10.43024730682373 0.0018394088838249445
505.2476806640625 -10.433123588562012 0.0018386458978056908
504.0381774902344 -10.436031341552734 0.0018383407732471824
502.82861328125 -10.43896198272705 0.0018381117843091488
501.6190490722656 -10.441913604736328 0.0018381881527602673
500.40948486328125 -10.444851875305176 0.0018381117843091488
499.2001037597656 -10.447769165039062 0.001837997348047793
497.99072265625 -10.45068359375 0.001838149968534708
496.7813415527344 -10.453592300415039 0.0018384932773187757
495.5719909667969 -10.456460952758789 0.0018381881527602673
494.3626708984375 -10.459307670593262 0.001838417025282979
493.1534729003906 -10.462140083312988 0.0018384552095085382
491.944091796875 -10.46495246887207 0.0018382262205705047
490.7347106933594 -10.467744827270508 0.0018380737164989114
489.52532958984375 -10.47049617767334 0.001837882911786437
488.31597900390625 -10.473227500915527 0.0018377304077148438
487.1065979003906 -10.475945472717285 0.0018378066597506404
485.897216796875 -10.478619575500488 0.0018377304077148438
484.6878356933594 -10.481268882751465 0.0018381881527602673
483.47845458984375 -10.483903884887695 0.0018383025890216231
482.26910400390625 -10.486516952514648 0.0018383407732471824
481.0597229003906 -10.489110946655273 0.0018385696457698941
479.850341796875 -10.491691589355469 0.0018386458978056908
478.6409606933594 -10.494258880615234 0.0018384552095085382
477.43157958984375 -10.496841430664062 0.0018383407732471824
476.22222900390625 -10.499424934387207 0.0018380355322733521
475.0128479003906 -10.502005577087402 0.001837882911786437
473.803466796875 -10.50459098815918 0.0018377684755250812
472.5940856933594 -10.507182121276855 0.0018376922234892845
471.38470458984375 -10.50977897644043 0.0018378066597506404
470.17535400390625 -10.512380599975586 0.0018377304077148438
468.9659729003906 -10.514958381652832 0.0018376540392637253
467.756591796875 -10.517534255981445 0.0018376540392637253
466.5472106933594 -10.520108222961426 0.0018378448439761996
465.33782958984375 -10.522676467895508 0.0018378448439761996
464.12847900390625 -10.525236129760742 0.0018379210960119963
462.9190979003906 -10.527790069580078 0.0018378066597506404
461.709716796875 -10.530336380004883 0.001837882911786437
460.5003356933594 -10.532879829406738 0.0018379592802375555
459.29095458984375 -10.535418510437012 0.001837882911786437
458.08160400390625 -10.537951469421387 0.0018380355322733521
456.8722229003906 -10.540484428405762 0.001837882911786437
455.662841796875 -10.543014526367188 0.0018379592802375555
454.4534606933594 -10.545402526855469 0.0018383025890216231
453.24407958984375 -10.54759407043457 0.0018394851358607411
452.03472900390625 -10.549583435058594 0.0018409728072583675
450.8253479003906 -10.551328659057617 0.0018423461588099599
449.615966796875 -10.552708625793457 0.0018437575781717896
448.4065856933594 -10.553668975830078 0.0018458175472915173
447.19720458984375 -10.554190635681152 0.0018476485274732113
445.98785400390625 -10.554238319396973 0.0018491363152861595
444.7784729003906 -10.5537691116333 0.0018505859188735485
443.569091796875 -10.552775382995605 0.0018517302814871073
442.3597106933594 -10.551267623901367 0.0018529891967773438
441.15032958984375 -10.54924201965332 0.001853675814345479
439.94097900390625 -10.546730995178223 0.0018537139985710382
438.7315979003906 -10.543764114379883 0.0018534850096330047
437.522216796875 -10.540367126464844 0.0018534850096330047
436.3128356933594 -10.536553382873535 0.0018521499587222934
435.10345458984375 -10.532404899597168 0.0018497466808184981
433.89410400390625 -10.527958869934082 0.0018484877655282617
432.6847229003906 -10.523259162902832 0.0018479155842214823
431.475341796875 -10.518351554870605 0.0018468474736437201
430.2659606933594 -10.513293266296387 0.0018460082355886698
429.05657958984375 -10.508139610290527 0.001844711252488196
427.84722900390625 -10.502992630004883 0.001837081857956946
426.6378479003906 -10.497773170471191 0.0018363188719376922
425.428466796875 -10.492218971252441 0.0018096923595294356
424.2190856933594 -10.486725807189941 0.0017941283294931054
423.00970458984375 -10.481376647949219 0.0017958831740543246
421.80035400390625 -10.47617244720459 0.0018021392170339823
420.5909729003906 -10.471060752868652 0.001809081993997097
419.381591796875 -10.46605110168457 0.0018152999691665173
418.1722106933594 -10.46113109588623 0.0018201445927843451
416.96282958984375 -10.456276893615723 0.0018244170350953937
415.75347900390625 -10.451468467712402 0.0018281936645507812
414.5440979003906 -10.446694374084473 0.0018310927553102374
413.334716796875 -10.441950798034668 0.0018331909086555243
412.1253356933594 -10.437227249145508 0.0018347549485042691
410.91595458984375 -10.432520866394043 0.0018359755631536245
409.70660400390625 -10.427862167358398 0.0018367385491728783
408.4972229003906 -10.423222541809082 0.0018374633509665728
407.287841796875 -10.418596267700195 0.0018378066597506404
406.0784606933594 -10.41401195526123 0.001838264404796064
404.86907958984375 -10.409480094909668 0.0018383025890216231
403.65972900390625 -10.404973983764648 0.0018384552095085382
402.4503479003906 -10.400490760803223 0.00183868408203125
401.240966796875 -10.396061897277832 0.0018388747703284025
400.0315856933594 -10.391837120056152 0.0018172835698351264
398.82220458984375 -10.387581825256348 0.001818008371628821
397.61285400390625 -10.383279800415039 0.0018212127033621073
396.4034729003906 -10.378973007202148 0.0018249511485919356
395.194091796875 -10.37464714050293 0.001828002859838307
393.9847106933594 -10.370301246643066 0.0018307494465261698
392.77532958984375 -10.365966796875 0.0018364334246143699
391.56597900390625 -10.361637115478516 0.0018342590192332864
390.3565979003906 -10.357283592224121 0.0018344878917559981
389.147216796875 -10.352907180786133 0.0018349074525758624
387.9378356933594 -10.348514556884766 0.001835632254369557
386.72845458984375 -10.344103813171387 0.0018366622971370816
385.51910400390625 -10.339706420898438 0.0018365859286859632
384.3103332519531 -10.335309028625488 0.0018415451049804688
383.1069030761719 -10.330949783325195 0.001875381451100111
381.91552734375 -10.326644897460938 0.001945075928233564
380.7408142089844 -10.322538375854492 0.0020333861466497183
379.5856628417969 -10.318534851074219 0.0021155166905373335
378.4518737792969 -10.31462287902832 0.0022034836001694202
377.3406982421875 -10.310847282409668 0.002275619423016906
376.2530517578125 -10.307149887084961 0.002337226876989007
375.1893005371094 -10.303555488586426 0.00238800048828125
374.1498107910156 -10.30006217956543 0.0024284361861646175
373.134521484375 -10.29665756225586 0.0024594878777861595
372.1434326171875 -10.293335914611816 0.002482452429831028
371.1764221191406 -10.290098190307617 0.0024985503405332565
370.2331848144531 -10.286941528320312 0.0025088500697165728
369.3134765625 -10.283863067626953 0.0025151062291115522
368.4169921875 -10.280831336975098 0.002517127897590399
367.5434265136719 -10.277847290039062 0.0025162124074995518
366.6924133300781 -10.274907112121582 0.0025134277530014515
365.8635559082031 -10.272031784057617 0.0025085830129683018
365.0565185546875 -10.269158363342285 0.002502288669347763
364.27093505859375 -10.266287803649902 0.002495460445061326
363.50634765625 -10.263481140136719 0.0024872208014130592
362.7625427246094 -10.260734558105469 0.0024782943073660135
362.03900146484375 -10.257990837097168 0.002469024620950222
361.33538818359375 -10.255297660827637 0.0024594496935606003
360.6513977050781 -10.252673149108887 0.0024494933895766735
359.9866027832031 -10.250106811523438 0.002439308213070035
359.3406677246094 -10.247599601745605 0.002429046668112278
358.7132873535156 -10.245156288146973 0.002418861258774996
358.10406494140625 -10.242776870727539 0.0024086760822683573
357.51263427734375 -10.24046516418457 0.0023985670413821936
356.9385070800781 -10.2382173538208 0.0023864745162427425
356.3803405761719 -10.236031532287598 0.0023686981294304132
355.8354187011719 -10.234659194946289 0.002341117709875107
355.3011779785156 -10.234006881713867 0.002306442242115736
354.7751159667969 -10.233742713928223 0.0022602463141083717
354.2537536621094 -10.233784675598145 0.0021998214069753885
353.73394775390625 -10.234085083007812 0.002130432054400444
353.21234130859375 -10.234617233276367 0.0020528030581772327
352.6868591308594 -10.235342979431152 0.0019772720988839865
352.1561584472656 -10.236233711242676 0.0019084929954260588
351.62054443359375 -10.237250328063965 0.0018568801460787654
351.0809631347656 -10.240116119384766 0.0018297577043995261
350.5393981933594 -10.24466609954834 0.0018309402512386441
349.9973449707031 -10.250247955322266 0.0018412780482321978
349.4563293457031 -10.256678581237793 0.0018566512735560536
348.9169006347656 -10.263830184936523 0.001871414133347571
348.3797912597656 -10.271575927734375 0.0018846129532903433
347.844482421875 -10.279807090759277 0.0018918990390375257
347.31085205078125 -10.288436889648438 0.0018948744982481003
346.778076171875 -10.297399520874023 0.0018916319822892547
346.24578857421875 -10.308210372924805 0.00189037318341434
345.7130432128906 -10.320762634277344 0.0018925475887954235
345.17974853515625 -10.334407806396484 0.0018906020559370518
344.6455078125 -10.348983764648438 0.0018824386643245816
344.11053466796875 -10.36434268951416 0.0018743895925581455
343.57476806640625 -10.380366325378418 0.001866035396233201
343.0386962890625 -10.396925926208496 0.0018609237158671021
342.5024108886719 -10.41391658782959 0.0018574142595753074
341.96636962890625 -10.431243896484375 0.0018570327665656805
341.4305419921875 -10.44884967803955 0.0018562315963208675
340.89520263671875 -10.467891693115234 0.0018614196451380849
340.3602294921875 -10.488272666931152 0.0018712234450504184
339.8256530761719 -10.509477615356445 0.001877746544778347
339.29119873046875 -10.531387329101562 0.0018779372330754995
338.7569580078125 -10.553884506225586 0.001876029884442687
338.2225646972656 -10.576888084411621 0.0018711090087890625
337.6881103515625 -10.600311279296875 0.0018669890705496073
337.1534423828125 -10.62408447265625 0.0018616103334352374
336.61871337890625 -10.648133277893066 0.0018579100724309683
336.083740234375 -10.673053741455078 0.0018562315963208675
335.5489501953125 -10.698723793029785 0.0018595122965052724
335.01397705078125 -10.724885940551758 0.0018600844778120518
334.47918701171875 -10.751443862915039 0.0018606566591188312
333.9443664550781 -10.778337478637695 0.0018585968064144254
333.40972900390625 -10.80549430847168 0.0018579864408820868
332.875 -10.832870483398438 0.0018555449787527323
332.3404541015625 -10.860421180725098 0.001853675814345479
331.8059387207031 -10.888126373291016 0.0018509292276576161
331.2715148925781 -10.915945053100586 0.0018497466808184981
330.73699951171875 -10.943869590759277 0.0018483352614566684
330.20257568359375 -10.971811294555664 0.001847343402914703
329.66802978515625 -10.999773979187012 0.0018450927454978228
329.1334228515625 -11.02775764465332 0.0018447875045239925
328.5986633300781 -11.055827140808105 0.0018435668898746371
328.0640563964844 -11.083902359008789 0.0018435668898746371
327.5294494628906 -11.112042427062988 0.0018431091448292136
326.9949035644531 -11.140185356140137 0.0018438720144331455
326.4602966308594 -11.168370246887207 0.0018432998331263661
325.92572021484375 -11.19597053527832 0.0018437575781717896
325.3910217285156 -11.223000526428223 0.0018461226718500257
324.8564147949219 -11.24968433380127 0.001849708496592939
324.3216857910156 -11.276087760925293 0.0018512343522161245
323.787109375 -11.302229881286621 0.0018517302814871073
323.25238037109375 -11.328178405761719 0.0018482208251953125
322.7175598144531 -11.353968620300293 0.0018456649268046021
322.1806640625 -11.37969970703125 0.001832084613852203
321.6390380859375 -11.405521392822266 0.0018044280586764216
321.0898742675781 -11.430249214172363 0.0017675018170848489
320.53143310546875 -11.45405101776123 0.0017277526203542948
319.9620361328125 -11.477461814880371 0.001691856305114925
319.3812255859375 -11.500627517700195 0.0016565322875976562
318.7886962890625 -11.523640632629395 0.0016235350631177425
318.1845397949219 -11.54658317565918 0.0015966033097356558
317.5687561035156 -11.569515228271484 0.0015750122256577015
316.94146728515625 -11.592507362365723 0.0015581130282953382
316.3027648925781 -11.615622520446777 0.0015452575171366334
315.6539306640625 -11.646233558654785 0.0015475463587790728
314.9983825683594 -11.695579528808594 0.0016493224538862705
314.33709716796875 -11.76686954498291 0.0018109511584043503
313.6687927246094 -11.859274864196777 0.0019533538725227118
312.9929504394531 -11.971949577331543 0.0020471191965043545
312.30950927734375 -12.104058265686035 0.0020935439970344305
311.61859130859375 -12.254716873168945 0.0021052169613540173
310.9188537597656 -12.415773391723633 0.002093086251989007
310.2088623046875 -12.575579643249512 0.001990470802411437
309.4881286621094 -12.727619171142578 0.001811714144423604
308.75567626953125 -12.870564460754395 0.0016383742913603783
308.0106506347656 -13.003288269042969 0.001617431640625
307.2529602050781 -13.124975204467773 0.001668052631430328
306.4831237792969 -13.230058670043945 0.0017518233507871628
305.70147705078125 -13.31743049621582 0.0018570327665656805
304.90911865234375 -13.389265060424805 0.0019406508654356003
304.10845947265625 -13.446585655212402 0.002000427106395364
303.3025207519531 -13.490623474121094 0.0020454786717891693
302.4944763183594 -13.522879600524902 0.0020820617210119963
301.6868896484375 -13.544994354248047 0.0021105955820530653
300.8814697265625 -13.558751106262207 0.0021304702386260033
300.07916259765625 -13.566018104553223 0.0021378707606345415
299.28009033203125 -13.568400382995605 0.002130432054400444
298.48388671875 -13.567152976989746 0.0021107865031808615
297.6899108886719 -13.563299179077148 0.0020820617210119963
296.8971862792969 -13.557539939880371 0.0020461655221879482
296.1048889160156 -13.55104923248291 0.0020061873365193605
295.3122863769531 -13.544326782226562 0.001963119488209486
294.5188903808594 -13.537489891052246 0.0019239424727857113
293.7245788574219 -13.530698776245117 0.001891555730253458
292.9292297363281 -13.524040222167969 0.0018667601980268955
292.133056640625 -13.517561912536621 0.0018492125673219562
291.3362731933594 -13.51156997680664 0.0018371962942183018
290.53912353515625 -13.506068229675293 0.0018288420978933573
289.74188232421875 -13.500946044921875 0.0018246840918436646
288.9447937011719 -13.496170043945312 0.0018245696555823088
288.1479187011719 -13.491682052612305 0.0018263243837282062
287.351318359375 -13.487420082092285 0.0018303298857063055
286.5550537109375 -13.48341178894043 0.0018333053449168801
285.7590026855469 -13.479628562927246 0.0018391036428511143
284.9631652832031 -13.476058006286621 0.001842994592152536
284.1673889160156 -13.472606658935547 0.0018449019407853484
283.37164306640625 -13.469301223754883 0.0018454742385074496
282.5758361816406 -13.466084480285645 0.0018454742385074496
281.77996826171875 -13.462971687316895 0.0018447494367137551
280.9839782714844 -13.459970474243164 0.0018439482664689422
280.18792724609375 -13.457058906555176 0.0018434905214235187
279.3918151855469 -13.454193115234375 0.0018428039038553834
278.5956115722656 -13.45135498046875 0.0018424605950713158
277.7994384765625 -13.44849681854248 0.001841697609052062
277.00323486328125 -13.445618629455566 0.0018394851358607411
276.20703125 -13.442768096923828 0.0018400191329419613
275.4108581542969 -13.439920425415039 0.0018407439347356558
274.61474609375 -13.437068939208984 0.0018412017961964011
273.8186340332031 -13.434212684631348 0.0018411636119708419
273.0225524902344 -13.431357383728027 0.0018413924844935536
272.2264709472656 -13.42849349975586 0.0018414687365293503
271.43035888671875 -13.425630569458008 0.001841316232457757
270.63427734375 -13.422768592834473 0.0018413543002679944
269.8381652832031 -13.419905662536621 0.001841316232457757
269.0420837402344 -13.41704273223877 0.0018411636119708419
268.2460021972656 -13.414177894592285 0.0018410872435197234
267.44989013671875 -13.411309242248535 0.0018410109914839268
266.65380859375 -13.408440589904785 0.0018410109914839268
265.8576965332031 -13.405571937561035 0.0018411636119708419
265.0616149902344 -13.402703285217285 0.0018410872435197234
264.2655334472656 -13.399834632873535 0.0018409728072583675
263.46942138671875 -13.396965980529785 0.0018410109914839268
262.67333984375 -13.394097328186035 0.0018409728072583675
261.8772277832031 -13.391228675842285 0.0018407058669254184
261.0811462402344 -13.388360023498535 0.0018410109914839268
260.2850646972656 -13.385491371154785 0.0018411636119708419
259.48895263671875 -13.382622718811035 0.0018412398640066385
258.69287109375 -13.379754066467285 0.0018413924844935536
257.8967590332031 -13.376885414123535 0.001841316232457757
257.1006774902344 -13.374016761779785 0.0018412017961964011
256.3045959472656 -13.371148109436035 0.0018412780482321978
255.50848388671875 -13.368279457092285 0.0018412017961964011
254.71240234375 -13.365410804748535 0.0018412017961964011
253.9163055419922 -13.362542152404785 0.0018412398640066385
253.12020874023438 -13.359673500061035 0.0018412017961964011
252.32411193847656 -13.356804847717285 0.0018410872435197234
251.52801513671875 -13.353936195373535 0.0018411636119708419
250.73193359375 -13.351067543029785 0.0018411636119708419
249.9358367919922 -13.348198890686035 0.0018411254277452826
249.13973999023438 -13.345330238342285 0.0018411636119708419
248.34364318847656 -13.342461585998535 0.0018412017961964011
247.54754638671875 -13.339592933654785 0.001841049175709486
246.75146484375 -13.336724281311035 0.0018411636119708419
245.9553680419922 -13.333855628967285 0.0018409347394481301
245.15927124023438 -13.330986976623535 0.0018410109914839268
244.36317443847656 -13.328118324279785 0.0018411636119708419
243.56707763671875 -13.325249671936035 0.0018411254277452826
242.77099609375 -13.322381019592285 0.0018412780482321978
241.9748992919922 -13.319512367248535 0.0018412780482321978
241.17880249023438 -13.316643714904785 0.001841316232457757
240.38270568847656 -13.313775062561035 0.0018412017961964011
239.58660888671875 -13.310906410217285 0.0018411636119708419
238.79052734375 -13.308037757873535 0.0018411636119708419
237.9944305419922 -13.305169105529785 0.0018412017961964011
237.19833374023438 -13.302300453186035 0.001841316232457757
236.40223693847656 -13.299431800842285 0.0018411636119708419
235.60614013671875 -13.296563148498535 0.0018411636119708419
234.81005859375 -13.293694496154785 0.0018412780482321978
234.0139617919922 -13.290825843811035 0.0018411254277452826
233.21786499023438 -13.287957191467285 0.001841049175709486
232.42176818847656 -13.285088539123535 0.0018411254277452826
231.62567138671875 -13.282219886779785 0.001841049175709486
230.82958984375 -13.279351234436035 0.0018411254277452826
230.0334930419922 -13.276482582092285 0.0018412398640066385
229.23739624023438 -13.273613929748535 0.001841049175709486
228.44129943847656 -13.270745277404785 0.0018412017961964011
227.64520263671875 -13.267876625061035 0.0018412398640066385
226.84912109375 -13.265007972717285 0.0018409347394481301
226.0530242919922 -13.262139320373535 0.0018412017961964011
225.25692749023438 -13.259270668029785 0.0018408583709970117
224.46083068847656 -13.256402015686035 0.0018409728072583675
223.66473388671875 -13.253533363342285 0.0018411636119708419
222.86865234375 -13.250612258911133 0.0018410109914839268
222.0725555419922 -13.247631072998047 0.0018413924844935536
221.27645874023438 -13.244646072387695 0.0018417739775031805
220.48036193847656 -13.241655349731445 0.0018413543002679944
219.68426513671875 -13.238648414611816 0.0018414306687191129
218.88818359375 -13.23563003540039 0.0018414306687191129
218.0920867919922 -13.232601165771484 0.0018414306687191129
217.29598999023438 -13.22948932647705 0.0018414306687191129
216.49989318847656 -13.226363182067871 0.0018418884137645364
215.70379638671875 -13.22323989868164 0.001841812045313418
214.90771484375 -13.220151901245117 0.0018412017961964011
214.1116180419922 -13.217063903808594 0.001841049175709486
213.31552124023438 -13.214016914367676 0.0018410109914839268
212.51942443847656 -13.210979461669922 0.0018412017961964011
211.72341918945312 -13.207942962646484 0.0018420028500258923
210.9281005859375 -13.20491886138916 0.0018461990403011441
210.1349334716797 -13.201910972595215 0.0018594360444694757
209.34597778320312 -13.198927879333496 0.0018828964093700051
208.56369018554688 -13.19597339630127 0.0019187163561582565
207.7924041748047 -13.19306468963623 0.0019744490273296833
207.03587341308594 -13.190214157104492 0.0020434188190847635
206.29617309570312 -13.18742847442627 0.002112541114911437
205.5741729736328 -13.184711456298828 0.0021731567103415728
204.870361328125 -13.182068824768066 0.0022235107608139515
204.1850128173828 -13.179495811462402 0.002263565082103014
203.51812744140625 -13.17699146270752 0.0022940444760024548
202.86962890625 -13.174609184265137 0.0023165892343968153
202.23934936523438 -13.172297477722168 0.0023327635135501623
201.62705993652344 -13.170050621032715 0.0023427200503647327
201.0325164794922 -13.167872428894043 0.0023482132237404585
200.45535278320312 -13.16580581665039 0.0023500823881477118
199.8946075439453 -13.16379451751709 0.00234470353461802
199.34759521484375 -13.161827087402344 0.002323684748262167
198.8119354248047 -13.159870147705078 0.002288246061652899
198.28515625 -13.157907485961914 0.0022452163975685835
197.76373291015625 -13.156059265136719 0.0021895598620176315
197.24380493164062 -13.154106140136719 0.0021200941409915686
196.72244262695312 -13.15231990814209 0.002045707544311881
196.1975860595703 -13.150260925292969 0.0019734192173928022
195.66793823242188 -13.14804744720459 0.0018516540294513106
195.13340759277344 -13.145784378051758 0.001804084749892354
194.59487915039062 -13.143795013427734 0.0017786026000976562
194.05392456054688 -13.141668319702148 0.0017721557524055243
193.5121612548828 -13.139779090881348 0.0017797851469367743
192.9709930419922 -13.137683868408203 0.0017973327776417136
192.43142700195312 -13.135823249816895 0.0018190002301707864
191.89454650878906 -13.13372802734375 0.0018449019407853484
191.3615264892578 -13.131889343261719 0.0018711090087890625
190.8333282470703 -13.129861831665039 0.0018979643937200308
190.31065368652344 -13.128092765808105 0.001923789968714118
189.79388427734375 -13.126164436340332 0.0019465637160465121
189.28298950195312 -13.124496459960938 0.0019642638508230448
188.7777862548828 -13.122600555419922 0.001976394560188055
188.27783203125 -13.120973587036133 0.001982536166906357
187.7826385498047 -13.11911392211914 0.0019839478190988302
187.29177856445312 -13.117524147033691 0.0019808958750218153
186.8048553466797 -13.115684509277344 0.0019750595092773438
186.32164001464844 -13.114283561706543 0.0019023132044821978
185.842041015625 -13.112585067749023 0.0018825149163603783
185.3660430908203 -13.11101245880127 0.0018907546764239669
184.8937530517578 -13.109171867370605 0.0019052124116569757
184.42529296875 -13.107625007629395 0.0019060134654864669
183.9608154296875 -13.105865478515625 0.0019063185900449753
183.5004425048828 -13.104381561279297 0.0019155502086505294
183.04425048828125 -13.102603912353516 0.0019265365554019809
182.5922393798828 -13.101128578186035 0.0019363021710887551
182.14439392089844 -13.099370956420898 0.0019437407609075308
181.70062255859375 -13.097892761230469 0.001948776189237833
181.2608184814453 -13.09613037109375 0.0019428252708166838
180.8248748779297 -13.094691276550293 0.001941261230967939
180.39268493652344 -13.092988014221191 0.001942176721058786
179.96417236328125 -13.0916109085083 0.0019433593843132257
179.53927612304688 -13.08995532989502 0.0019442748744040728
179.11790466308594 -13.088631629943848 0.0019450377440080047
178.7001190185547 -13.086986541748047 0.0019458007300272584
178.285888671875 -13.08568000793457 0.0019463729113340378
177.87521362304688 -13.08405876159668 0.0019469832768663764
177.46812438964844 -13.082778930664062 0.0019472121493890882
177.06459045410156 -13.081182479858398 0.0019475554581731558
176.66461181640625 -13.07993221282959 0.001947708078660071
176.2681427001953 -13.07835865020752 0.0019486999372020364
175.8751678466797 -13.07713794708252 0.0019477462628856301
175.48562622070312 -13.075584411621094 0.0019466399680823088
175.0994873046875 -13.074355125427246 0.0019459151662886143
174.7167205810547 -13.072793006896973 0.0019452667329460382
174.33726501464844 -13.071600914001465 0.0019441222539171576
173.96109008789062 -13.070094108581543 0.0018996810540556908
173.58811950683594 -13.068974494934082 0.0018964767223224044
173.21836853027344 -13.067497253417969 0.001901550218462944
172.8518524169922 -13.066389083862305 0.0019084548112004995
172.48849487304688 -13.064925193786621 0.0019152831519022584
172.12828063964844 -13.063801765441895 0.001920623704791069
171.77120971679688 -13.062328338623047 0.0019250487675890326
171.41722106933594 -13.061245918273926 0.0019279861589893699
171.06634521484375 -13.059810638427734 0.0019297789549455047
170.7185516357422 -13.058756828308105 0.001930732629261911
170.373779296875 -13.057369232177734 0.0019311904907226562
170.03201293945312 -13.056330680847168 0.0019315718673169613
169.6932373046875 -13.054924011230469 0.001931266742758453
169.35739135742188 -13.053913116455078 0.0019310378702357411
169.0244903564453 -13.052525520324707 0.0019306945614516735
168.69442749023438 -13.051531791687012 0.0019303893204778433
168.36724853515625 -13.05015754699707 0.001929435646161437
168.04290771484375 -13.049181938171387 0.001929054269567132
167.7213897705078 -13.047825813293457 0.0019282912835478783
167.40267944335938 -13.046871185302734 0.0019277953542768955
167.0863800048828 -13.045379638671875 0.0017095565563067794
166.7723846435547 -13.044639587402344 0.001756591722369194
166.46148681640625 -13.043388366699219 0.0017938613891601562
166.1536865234375 -13.04247760772705 0.0018270111177116632
165.84896850585938 -13.041182518005371 0.0018540191231295466
165.54714965820312 -13.04019546508789 0.0018471907824277878
165.24815368652344 -13.038718223571777 0.0018553161062300205
164.95167541503906 -13.037764549255371 0.0018672561272978783
164.6575927734375 -13.036463737487793 0.001877746544778347
164.3657989501953 -13.035579681396484 0.0018858336843550205
164.07623291015625 -13.034318923950195 0.0018921660957857966
163.7889404296875 -13.033464431762695 0.0018967055948451161
163.50399780273438 -13.03226089477539 0.0019009398529306054
163.2218475341797 -13.031458854675293 0.0019071578281000257
162.94435119628906 -13.030243873596191 0.001923789968714118
162.6778564453125 -13.029440879821777 0.0019890975672751665
162.467529296875 -13.028571128845215 0.0020807646214962006
162.32452392578125 -13.027969360351562 0.0023145675659179688
162.24826049804688 -13.027563095092773 0.0025310134515166283
162.2328338623047 -13.027440071105957 0.0027649307157844305
162.23269653320312 -13.027436256408691 0.0026969527825713158
162.2324676513672 -13.027436256408691 0.002510337857529521
162.23223876953125 -13.027435302734375 0.0023233413230627775
162.23202514648438 -13.027435302734375 0.002167129423469305
162.23184204101562 -13.027433395385742 0.0020451354794204235
162.23171997070312 -13.027433395385742 0.0019522093934938312
162.23162841796875 -13.027432441711426 0.001882591168396175
162.23155212402344 -13.027432441711426 0.001830253517255187
162.23153686523438 -13.027432441711426 0.0018132018158212304
162.2314910888672 -13.027432441711426 0.0017852401360869408
162.23146057128906 -13.027432441711426 0.0017603301675990224
162.23143005371094 -13.027432441711426 0.001739501953125
162.23141479492188 -13.027432441711426 0.001723976107314229
162.2313995361328 -13.027432441711426 0.0017118834657594562
162.23138427734375 -13.027432441711426 0.0017033003969118
162.2313690185547 -13.027432441711426 0.0016965102404356003
162.2313690185547 -13.027432441711426 0.0016937255859375
162.2313690185547 -13.027432441711426 0.0016910552512854338
162.2313690185547 -13.027432441711426 0.0016878127353265882
162.2313690185547 -13.027432441711426 0.001685562077909708
162.2313690185547 -13.027432441711426 0.0016833876725286245
162.23135375976562 -13.027432441711426 0.0016821288736537099
162.23135375976562 -13.027432441711426 0.0016809845110401511
162.23135375976562 -13.027432441711426 0.0016809845110401511
162.23135375976562 -13.027432441711426 0.0016809845110401511
162.23135375976562 -13.027432441711426 0.0016809845110401511
162.23135375976562 -13.027432441711426 0.0016809845110401511
162.23135375976562 -13.027432441711426 0.0016809845110401511
162.23135375976562 -13.027432441711426 0.0016809845110401511
162.23135375976562 -13.027432441711426 0.0016809845110401511
162.23135375976562 -13.027432441711426 0.0016809845110401511
162.23135375976562 -13.027432441711426 0.0016809845110401511
162.23135375976562 -13.027432441711426 0.0016809845110401511
162.23135375976562 -13.027432441711426 0.0016809845110401511
162.23135375976562 -13.027432441711426 0.0016809845110401511
162.23135375976562 -13.027432441711426 0.0016809845110401511
162.23135375976562 -13.027432441711426 0.0016809845110401511
162.23135375976562 -13.027432441711426 0.0016809845110401511
162.23135375976562 -13.027432441711426 0.0016809845110401511
162.23135375976562 -13.027432441711426 0.0016809845110401511
162.23135375976562 -13.027432441711426 0.0016809845110401511
162.23135375976562 -13.027432441711426 0.0016809845110401511
162.23135375976562 -13.027432441711426 0.0016809845110401511
162.23135375976562 -13.027432441711426 0.0016809845110401511
162.23135375976562 -13.027432441711426 0.0016809845110401511
162.23135375976562 -13.027432441711426 0.0016809845110401511
162.23135375976562 -13.027432441711426 0.0016809845110401511
162.23135375976562 -13.027432441711426 0.0016809845110401511
162.23135375976562 -13.027432441711426 0.0016809845110401511
162.23135375976562 -13.027432441711426 0.0016809845110401511
162.23135375976562 -13.027432441711426 0.0016809845110401511
162.23135375976562 -13.027432441711426 0.0016809845110401511
162.23135375976562 -13.027432441711426 0.0016809845110401511
162.23135375976562 -13.027432441711426 0.0016809845110401511
162.23135375976562 -13.027432441711426 0.0016809845110401511
162.23135375976562 -13.027432441711426 0.0016809845110401511
162.23135375976562 -13.027432441711426 0.0016809845110401511
162.23135375976562 -13.027432441711426 0.0016809845110401511
162.23135375976562 -13.027432441711426 0.0016809845110401511
162.23135375976562 -13.027432441711426 0.0016809845110401511
162.23135375976562 -13.027432441711426 0.0016809845110401511
162.23135375976562 -13.027432441711426 0.0016809845110401511
162.23135375976562 -13.027432441711426 0.0016809845110401511
162.23135375976562 -13.027432441711426 0.0016809845110401511
162.23135375976562 -13.027432441711426 0.0016809845110401511
162.23135375976562 -13.027432441711426 0.0016809845110401511
162.23135375976562 -13.027432441711426 0.0016809845110401511
162.23135375976562 -13.027432441711426 0.0016809845110401511
162.23135375976562 -13.027432441711426 0.0016809845110401511
162.23135375976562 -13.027432441711426 0.0016809845110401511
162.23135375976562 -13.027432441711426 0.0016809845110401511
162.23135375976562 -13.027432441711426 0.0016809845110401511
162.23135375976562 -13.027432441711426 0.0016809845110401511
162.23135375976562 -13.027432441711426 0.0016809845110401511
162.23135375976562 -13.027432441711426 0.0016809845110401511
162.23135375976562 -13.027432441711426 0.0016809845110401511
162.23135375976562 -13.027432441711426 0.0016809845110401511
162.23135375976562 -13.027432441711426 0.0016809845110401511
162.23135375976562 -13.027432441711426 0.0016809845110401511
162.23135375976562 -13.027432441711426 0.0016809845110401511
162.23135375976562 -13.027432441711426 0.0016809845110401511
162.23135375976562 -13.027432441711426 0.0016809845110401511
162.23135375976562 -13.027432441711426 0.0016809845110401511
162.23135375976562 -13.027432441711426 0.0016809845110401511
162.23135375976562 -13.027432441711426 0.0016809845110401511
162.23135375976562 -13.027432441711426 0.0016809845110401511
162.23135375976562 -13.027432441711426 0.0016809845110401511
162.23135375976562 -13.027432441711426 0.0016809845110401511
162.23135375976562 -13.027432441711426 0.0016809845110401511
162.23135375976562 -13.027432441711426 0.0016809845110401511
162.23135375976562 -13.027432441711426 0.0016809845110401511
162.23135375976562 -13.027432441711426 0.0016809845110401511
162.23135375976562 -13.027432441711426 0.0016809845110401511
162.23135375976562 -13.027432441711426 0.0016809845110401511
162.23135375976562 -13.027432441711426 0.0016809845110401511
162.23135375976562 -13.027432441711426 0.0016809845110401511
162.23135375976562 -13.027432441711426 0.0016809845110401511
162.23135375976562 -13.027432441711426 0.0016809845110401511
162.23135375976562 -13.027432441711426 0.0016809845110401511
162.23135375976562 -13.027432441711426 0.0016809845110401511
162.23135375976562 -13.027432441711426 0.0016809845110401511
162.23135375976562 -13.027432441711426 0.0016809845110401511
162.23135375976562 -13.027432441711426 0.0016809845110401511
162.23135375976562 -13.027432441711426 0.0016809845110401511
162.23135375976562 -13.027432441711426 0.0016809845110401511
162.23135375976562 -13.027432441711426 0.0016809845110401511
162.23135375976562 -13.027432441711426 0.0016809845110401511
162.23135375976562 -13.027432441711426 0.0016809845110401511
162.23135375976562 -13.027432441711426 0.0016809845110401511
162.23135375976562 -13.027432441711426 0.0016809845110401511
162.23135375976562 -13.027432441711426 0.0016809845110401511
162.23135375976562 -13.027432441711426 0.0016809845110401511
162.23135375976562 -13.027432441711426 0.0016809845110401511
162.23135375976562 -13.027432441711426 0.0016809845110401511
162.23135375976562 -13.027432441711426 0.0016809845110401511
162.23135375976562 -13.027432441711426 0.0016809845110401511
162.23135375976562 -13.027432441711426 0.0016809845110401511
162.23135375976562 -13.027432441711426 0.0016809845110401511
162.23135375976562 -13.027432441711426 0.0016809845110401511
162.23135375976562 -13.027432441711426 0.0016809845110401511
162.23135375976562 -13.027432441711426 0.0016809845110401511
162.23135375976562 -13.027432441711426 0.0016809845110401511
162.23135375976562 -13.027432441711426 0.0016809845110401511
162.23135375976562 -13.027432441711426 0.0016809845110401511
162.23135375976562 -13.027432441711426 0.0016809845110401511
162.23135375976562 -13.027432441711426 0.0016809845110401511
162.23135375976562 -13.027432441711426 0.0016809845110401511
162.23135375976562 -13.027432441711426 0.0016809845110401511
162.23135375976562 -13.027432441711426 0.0016809845110401511
162.23135375976562 -13.027432441711426 0.0016809845110401511
162.23135375976562 -13.027432441711426 0.0016809845110401511
162.23135375976562 -13.027432441711426 0.0016809845110401511
162.23135375976562 -13.027432441711426 0.0016809845110401511
162.23135375976562 -13.027432441711426 0.0016809845110401511
162.23135375976562 -13.027432441711426 0.0016809845110401511
162.23135375976562 -13.027432441711426 0.0016809845110401511
162.23135375976562 -13.027432441711426 0.0016809845110401511
162.23135375976562 -13.027432441711426 0.0016809845110401511
162.23135375976562 -13.027432441711426 0.0016809845110401511
162.23135375976562 -13.027432441711426 0.0016809845110401511
162.23135375976562 -13.027432441711426 0.0016809845110401511
162.23135375976562 -13.027432441711426 0.0016809845110401511
162.23135375976562 -13.027432441711426 0.0016809845110401511
162.23135375976562 -13.027432441711426 0.0016809845110401511
162.23135375976562 -13.027432441711426 0.0016809845110401511
162.23135375976562 -13.027432441711426 0.0016809845110401511
162.23135375976562 -13.027432441711426 0.0016809845110401511
162.23135375976562 -13.027432441711426 0.0016809845110401511
162.23135375976562 -13.027432441711426 0.0016809845110401511
162.23135375976562 -13.027432441711426 0.0016809845110401511
162.23135375976562 -13.027432441711426 0.0016809845110401511
162.23135375976562 -13.027432441711426 0.0016809845110401511
162.23135375976562 -13.027432441711426 0.0016809845110401511
162.23135375976562 -13.027432441711426 0.0016809845110401511
162.23135375976562 -13.027432441711426 0.0016809845110401511
162.23135375976562 -13.027432441711426 0.0016809845110401511
162.23135375976562 -13.027432441711426 0.0016809845110401511
162.23135375976562 -13.027432441711426 0.0016809845110401511
162.23135375976562 -13.027432441711426 0.0016809845110401511
162.23135375976562 -13.027432441711426 0.0016809845110401511
162.23135375976562 -13.027432441711426 0.0016809845110401511
162.23135375976562 -13.027432441711426 0.0016809845110401511
162.23135375976562 -13.027432441711426 0.0016809845110401511
162.23135375976562 -13.027432441711426 0.0016809845110401511
162.23135375976562 -13.027432441711426 0.0016809845110401511
162.23135375976562 -13.027432441711426 0.0016809845110401511
162.23135375976562 -13.027432441711426 0.0016809845110401511
162.23135375976562 -13.027432441711426 0.0016809845110401511
162.23135375976562 -13.027432441711426 0.0016809845110401511
162.23135375976562 -13.027432441711426 0.0014704131754115224
162.23135375976562 -13.027432441711426 0.001416702289134264
162.22853088378906 -13.027421951293945 0.0014139175182208419
162.22024536132812 -13.027335166931152 0.0014239501906558871
162.2003936767578 -13.027341842651367 0.0014051055768504739
162.16848754882812 -13.027235984802246 0.0013862609630450606
162.1250762939453 -13.02708625793457 0.00137523643206805
162.0685577392578 -13.02679443359375 0.0013607788132503629
161.9981689453125 -13.026517868041992 0.0013429259415715933
161.9135284423828 -13.026158332824707 0.0013226699084043503
161.81448364257812 -13.025765419006348 0.001305274898186326
161.7006378173828 -13.025394439697266 0.0012892150552943349
161.5719451904297 -13.024964332580566 0.0012762451078742743
161.42803955078125 -13.02450942993164 0.001263580285012722
161.26841735839844 -13.023964881896973 0.0012510680826380849
161.09335327148438 -13.02338981628418 0.001241989084519446
160.90330505371094 -13.0227632522583 0.0012374877696856856
160.69882202148438 -13.02206802368164 0.0012379836989566684
160.48028564453125 -13.021332740783691 0.0012411880306899548
160.2479705810547 -13.020538330078125 0.0012460326543077826
160.00201416015625 -13.01974868774414 0.001251220703125
159.74302673339844 -13.018863677978516 0.0015058898134157062
159.47970581054688 -13.01777172088623 0.0016492462018504739
159.24462890625 -13.01664924621582 0.0017208480276167393
159.03048706054688 -13.016226768493652 0.0017277526203542948
158.81101989746094 -13.015679359436035 0.0016769408248364925
158.5856475830078 -13.015082359313965 0.0016241454286500812
158.3519744873047 -13.014436721801758 0.0015722656389698386
158.10865783691406 -13.013738632202148 0.0015269470168277621
157.85873413085938 -13.012995719909668 0.0016384887276217341
157.60946655273438 -13.012229919433594 0.0016635131323710084
157.36550903320312 -13.011455535888672 0.0016343307215720415
157.12741088867188 -13.010684967041016 0.0016515731113031507
156.8913116455078 -13.009889602661133 0.0016633224440738559
156.6533203125 -13.009078979492188 0.0016552353044971824
156.4093475341797 -13.008245468139648 0.0016241836128756404
156.15631103515625 -13.007368087768555 0.0017515564104542136
155.8936767578125 -13.006439208984375 0.001835632254369557
155.62974548339844 -13.005497932434082 0.0018718718783929944
155.36196899414062 -13.004531860351562 0.0018593596760183573
155.08792114257812 -13.003545761108398 0.0018204879015684128
154.80477905273438 -13.002516746520996 0.001765785156749189
154.51136779785156 -13.001423835754395 0.0017107009189203382
154.2059783935547 -13.000283241271973 0.001656227046623826
153.88829040527344 -12.999089241027832 0.0016102981753647327
153.55723571777344 -12.9978609085083 0.0015695571200922132
153.2126007080078 -12.99659252166748 0.0015361785190179944
152.85289001464844 -12.995198249816895 0.001502456609159708
152.47970581054688 -12.993827819824219 0.001483497559092939
152.09239196777344 -12.992405891418457 0.0014676665887236595
151.69174194335938 -12.990890502929688 0.0014600371941924095
151.27745056152344 -12.98931884765625 0.0014538955874741077
150.8499755859375 -12.98772144317627 0.0014513396890833974
150.40895080566406 -12.986076354980469 0.001448135357350111
149.95468139648438 -12.984329223632812 0.001446800190024078
149.4867706298828 -12.982535362243652 0.0014444350963458419
149.00547790527344 -12.980632781982422 0.0014430999290198088
148.5104522705078 -12.978681564331055 0.0014408492716029286
148.00181579589844 -12.976690292358398 0.0014389801071956754
147.4789581298828 -12.974641799926758 0.0014345550443977118
146.94265747070312 -12.972537994384766 0.0014356613392010331
146.39598083496094 -12.970442771911621 0.001455764751881361
145.8443145751953 -12.968328475952148 0.0015076064737513661
145.29246520996094 -12.966201782226562 0.0015811538323760033
144.7437744140625 -12.96408748626709 0.001662521273829043
144.19976806640625 -12.962040901184082 0.0017386627150699496
143.66116333007812 -12.960017204284668 0.0018027877667918801
143.127197265625 -12.958047866821289 0.0018481826409697533
142.59689331054688 -12.95613956451416 0.0018754577031359076
142.06837463378906 -12.954230308532715 0.0018835830269381404
141.5402374267578 -12.952319145202637 0.00187877647113055
141.01087951660156 -12.950406074523926 0.001863937359303236
140.4796600341797 -12.948492050170898 0.0018463515443727374
139.9459686279297 -12.946572303771973 0.0018285750411450863
139.4102325439453 -12.944645881652832 0.0018164825160056353
138.872802734375 -12.942713737487793 0.0018100738525390625
138.3346405029297 -12.940778732299805 0.0018113326514139771
137.7962646484375 -12.938843727111816 0.0018165207002311945
137.2584686279297 -12.93686580657959 0.0018253707094118
136.721435546875 -12.934893608093262 0.0018346405122429132
136.18544006347656 -12.93293285369873 0.0018435668898746371
135.65020751953125 -12.930974960327148 0.0018491744995117188
135.1157684326172 -12.929017066955566 0.0018528365762904286
134.58157348632812 -12.927058219909668 0.0018529510125517845
134.04757690429688 -12.925098419189453 0.001851959154009819
133.51327514648438 -12.923139572143555 0.0018479919526726007
132.978759765625 -12.921177864074707 0.001844711252488196
132.44371032714844 -12.91921329498291 0.001840782118961215
131.90843200683594 -12.917247772216797 0.0018389510223641992
131.3727264404297 -12.915328979492188 0.0018371962942183018
130.83697509765625 -12.913409233093262 0.001837882911786437
130.3010711669922 -12.911479949951172 0.001837997348047793
129.76535034179688 -12.909554481506348 0.0018400955013930798
129.22967529296875 -12.90762996673584 0.0018412017961964011
128.6942596435547 -12.905707359313965 0.001843147212639451
128.15890502929688 -12.903739929199219 0.0018433760851621628
127.62376403808594 -12.901774406433105 0.0018445205641910434
127.0886001586914 -12.89981746673584 0.0018438338302075863
126.55355072021484 -12.897859573364258 0.0018440246349200606
126.01837921142578 -12.895944595336914 0.0018427276518195868
125.48324584960938 -12.893986701965332 0.0018432235810905695
124.94795989990234 -12.892016410827637 0.001841964665800333
124.41270446777344 -12.890059471130371 0.001842079102061689
123.87728118896484 -12.888100624084473 0.0018409728072583675
123.34194946289062 -12.886140823364258 0.0018414306687191129
122.80648040771484 -12.88417911529541 0.0018409728072583675
122.27114868164062 -12.882217407226562 0.001841964665800333
121.7357406616211 -12.880255699157715 0.0018413543002679944
121.20044708251953 -12.878293991088867 0.0018423461588099599
120.66508483886719 -12.876330375671387 0.0018421172862872481
120.12984466552734 -12.874368667602539 0.00184288015589118
119.59452819824219 -12.872406005859375 0.0018421554705128074
119.0593032836914 -12.870445251464844 0.0018426512833684683
118.52399444580078 -12.86848258972168 0.0018421172862872481
117.9887466430664 -12.866519927978516 0.0018426132155582309
117.45338439941406 -12.864556312561035 0.0018417357932776213
116.91814422607422 -12.862594604492188 0.001842231722548604
116.38278198242188 -12.86063289642334 0.0018415069207549095
115.84748840332031 -12.858671188354492 0.0018423079745844007
115.31212615966797 -12.856708526611328 0.001841812045313418
114.7768325805664 -12.854745864868164 0.0018421172862872481
114.24150848388672 -12.85272216796875 0.0018479919526726007
113.70631408691406 -12.850725173950195 0.0018751525785773993
113.17097473144531 -12.848761558532715 0.0018783569103106856
112.63572692871094 -12.846829414367676 0.0018745803972706199
112.10037231445312 -12.844914436340332 0.0018678283086046576
111.56510162353516 -12.843012809753418 0.001862487755715847
111.02973175048828 -12.84111499786377 0.0018568419618532062
110.49443817138672 -12.839221954345703 0.0018534469418227673
109.95906066894531 -12.83733081817627 0.0018495558761060238
109.42377471923828 -12.835396766662598 0.0018480682047083974
108.88841247558594 -12.833465576171875 0.001845779363065958
108.3531723022461 -12.831543922424316 0.0018453598022460938
107.81781005859375 -12.829617500305176 0.0018439482664689422
107.28256225585938 -12.827690124511719 0.0018441390711814165
106.74720764160156 -12.825761795043945 0.0018431853968650103
106.21195983886719 -12.823770523071289 0.0018431853968650103
105.67659759521484 -12.821825981140137 0.0018421935383230448
105.141357421875 -12.819894790649414 0.0018429183401167393
104.60599517822266 -12.817950248718262 0.001842231722548604
104.07074737548828 -12.815987586975098 0.0017951583722606301
103.53549194335938 -12.813908576965332 0.0018844222649931908
103.00027465820312 -12.811969757080078 0.0019083023071289062
102.46491241455078 -12.810038566589355 0.0019052124116569757
101.92961883544922 -12.808050155639648 0.0018950271187350154
101.39419555664062 -12.806062698364258 0.0018825531005859375
100.85890197753906 -12.804088592529297 0.0018729399889707565
100.32349395751953 -12.80211353302002 0.0018646621610969305
99.78820037841797 -12.800138473510742 0.0018587493104860187
99.2528305053711 -12.798162460327148 0.0018537139985710382
98.71756744384766 -12.796186447143555 0.001850891043432057
98.18220520019531 -12.794209480285645 0.00184825889300555
97.64695739746094 -12.792232513427734 0.0018468474736437201
97.11160278320312 -12.79025650024414 0.001845130929723382
96.57635498046875 -12.788278579711914 0.0018442535074427724
96.0409927368164 -12.786300659179688 0.001843414269387722
95.50575256347656 -12.784323692321777 0.0018432998331263661
94.97039031982422 -12.78234577178955 0.0018425368471071124
94.43513488769531 -12.78036880493164 0.0018426512833684683
93.89977264404297 -12.778390884399414 0.0018423461588099599
93.36450958251953 -12.77641487121582 0.0018427657196298242
92.82913970947266 -12.774266242980957 0.0017667770152911544
92.29383850097656 -12.771842002868652 0.0016880416078493
91.75841522216797 -12.76951789855957 0.0016838836017996073
91.22279357910156 -12.766676902770996 0.000761756906285882
90.68730926513672 -12.763359069824219 0.00027820587274618447
90.15216827392578 -12.760700225830078 0.0003937530564144254
89.616943359375 -12.758549690246582 0.0006590270786546171
89.08181762695312 -12.756701469421387 0.0009291839669458568
88.54653930664062 -12.755047798156738 0.0011576079996302724
88.01133728027344 -12.753500938415527 0.0013383483747020364
87.47598266601562 -12.751967430114746 0.0014740752521902323
86.94071960449219 -12.750398635864258 0.0015755080385133624
86.40531921386719 -12.748855590820312 0.0016484832158312201
85.87004852294922 -12.747254371643066 0.0017027282156050205
85.33466339111328 -12.745645523071289 0.001740684499964118
84.79939270019531 -12.743986129760742 0.0017696380382403731
84.2640380859375 -12.742271423339844 0.0017888641450554132
83.72879791259766 -12.740562438964844 0.0018040084978565574
83.19344329833984 -12.738808631896973 0.0018141174223273993
82.658203125 -12.737001419067383 0.001821823068894446
82.12284088134766 -12.735151290893555 0.001826553256250918
81.58759307861328 -12.733302116394043 0.0018309402512386441
81.05223083496094 -12.73141098022461 0.0018332289764657617
80.51697540283203 -12.729509353637695 0.0018358230590820312
79.98161315917969 -12.727659225463867 0.0018373870989307761
79.44634246826172 -12.725804328918457 0.001839714008383453
78.91098022460938 -12.723889350891113 0.0018395233200863004
78.3757095336914 -12.72197151184082 0.0018402861896902323
77.84034729003906 -12.720063209533691 0.0018402861896902323
77.30508422851562 -12.718153953552246 0.0018415451049804688
76.76972198486328 -12.71619701385498 0.0018409728072583675
76.23445892333984 -12.714239120483398 0.0018418884137645364
75.6990966796875 -12.712288856506348 0.0018416595412418246
75.16383361816406 -12.710336685180664 0.0018425750313326716
74.62847137451172 -12.708379745483398 0.0018419264815747738
74.09321594238281 -12.7064208984375 0.0018425750313326716
73.55785369873047 -12.704461097717285 0.001842079102061689
73.02259063720703 -12.702503204345703 0.0018428039038553834
72.48722839355469 -12.700590133666992 0.001842079102061689
71.95195770263672 -12.698676109313965 0.0018427276518195868
71.4166030883789 -12.69675350189209 0.0018418884137645364
70.88134002685547 -12.694769859313965 0.0018426512833684683
70.34597778320312 -12.69283390045166 0.001842079102061689
69.81071472167969 -12.69091510772705 0.0018426512833684683
69.27535247802734 -12.688984870910645 0.0018420409178361297
68.7400894165039 -12.686991691589355 0.0018427657196298242
68.20474243164062 -12.685006141662598 0.0018186569213867188
67.66948699951172 -12.68289566040039 0.0018215941963717341
67.13412475585938 -12.680869102478027 0.001824340783059597
66.5988540649414 -12.678892135620117 0.0018294142792001367
66.06348419189453 -12.676947593688965 0.0018323897384107113
65.52821350097656 -12.675055503845215 0.0018359755631536245
64.9928207397461 -12.67307186126709 0.0018130493117496371
64.45753479003906 -12.671077728271484 0.0018233871087431908
63.922157287597656 -12.669163703918457 0.0018286132253706455
63.38688659667969 -12.667251586914062 0.00183300010394305
62.85152816772461 -12.665371894836426 0.00183525076135993
62.31639099121094 -12.663474082946777 0.0018389129545539618
61.78190231323242 -12.661587715148926 0.0018442916916683316
61.249427795410156 -12.659724235534668 0.0018572616390883923
60.7201042175293 -12.657824516296387 0.0018748092697933316
60.19541931152344 -12.655941009521484 0.001898536691442132
59.67608642578125 -12.654085159301758 0.0019225692376494408
59.16290283203125 -12.652249336242676 0.0019469070248305798
58.65574645996094 -12.650425910949707 0.001962814247235656
58.15467071533203 -12.648622512817383 0.0019769668579101562
57.65896987915039 -12.646795272827148 0.0019835662096738815
57.168357849121094 -12.645026206970215 0.0019864272326231003
56.68202209472656 -12.643280029296875 0.001983108464628458
56.19976043701172 -12.641538619995117 0.001978759653866291
55.720985412597656 -12.639806747436523 0.001971550052985549
55.24580383300781 -12.638090133666992 0.0019659805111587048
54.773929595947266 -12.63638687133789 0.0019602584652602673
54.30573272705078 -12.63469409942627 0.001957588130608201
53.84111022949219 -12.633017539978027 0.0019553375896066427
53.38052749633789 -12.631356239318848 0.0019564819522202015
52.923851013183594 -12.629709243774414 0.0019569778814911842
52.47148895263672 -12.62807846069336 0.001959915040060878
52.0231819152832 -12.62646198272705 0.0019606398418545723
51.57919692993164 -12.624861717224121 0.0019629287999123335
51.13916778564453 -12.623275756835938 0.00196247105486691
50.703269958496094 -12.621700286865234 0.0019630813039839268
50.27107238769531 -12.620100021362305 0.0019607162103056908
49.8427619934082 -12.618515014648438 0.0019601439125835896
49.41791915893555 -12.61695671081543 0.0019566344562917948
48.99679183959961 -12.615406036376953 0.0019552994053810835
48.57901382446289 -12.613869667053223 0.0019521331414580345
48.16490173339844 -12.612345695495605 0.0019514465238898993
47.75413513183594 -12.610833168029785 0.0019492721185088158
47.3470458984375 -12.609336853027344 0.0019493865547701716
46.943328857421875 -12.607850074768066 0.0019479751354083419
46.54331588745117 -12.606377601623535 0.0019485473167151213
46.14666748046875 -12.60491943359375 0.001947326585650444
45.753700256347656 -12.603471755981445 0.0019480513874441385
45.36402893066406 -12.602038383483887 0.001946525531820953
44.97795867919922 -12.600617408752441 0.0019469450926408172
44.595096588134766 -12.599246978759766 0.0019453429849818349
44.215736389160156 -12.597887992858887 0.0019455336732789874
43.83946990966797 -12.596528053283691 0.0019430923275649548
43.46662521362305 -12.59518051147461 0.0019428252708166838
43.0968017578125 -12.59384536743164 0.0019407653016969562
42.7303352355957 -12.592520713806152 0.0019410323584452271
42.36684799194336 -12.591206550598145 0.0019389343215152621
42.00669479370117 -12.589905738830566 0.0019394302507862449
41.64948654174805 -12.588615417480469 0.0019372939132153988
41.29557418823242 -12.5873384475708 0.0019378280267119408
40.944576263427734 -12.58607006072998 0.0019361877348273993
40.59683609008789 -12.584813117980957 0.0019366454798728228
40.25194549560547 -12.58356761932373 0.0019348907517269254
39.91025924682617 -12.5823335647583 0.0019351196242496371
39.57136154174805 -12.581109046936035 0.0019329452188685536
39.235599517822266 -12.579896926879883 0.001933364779688418
38.90256118774414 -12.578694343566895 0.0019314956152811646
38.57260513305664 -12.577503204345703 0.0019319915445521474
38.24530792236328 -12.57632064819336 0.0019300079438835382
37.921043395996094 -12.575148582458496 0.0019302748842164874
37.599403381347656 -12.573987007141113 0.0019280242267996073
37.28075408935547 -12.572834968566895 0.0019285583402961493
36.964683532714844 -12.571694374084473 0.0019267272436991334
36.65155792236328 -12.570563316345215 0.0019273757934570312
36.34097671508789 -12.569441795349121 0.0019256973173469305
36.03329849243164 -12.568330764770508 0.0019261168781667948
35.728111267089844 -12.567230224609375 0.0019241332774981856
35.42578125 -12.566137313842773 0.0019245910225436091
35.12588882446289 -12.565054893493652 0.0019227599259465933
34.82880401611328 -12.563953399658203 0.0019232940394431353
34.53409957885742 -12.562833786010742 0.0019213104387745261
34.24251174926758 -12.56174087524414 0.0019248580792918801
33.9554557800293 -12.560718536376953 0.0019359588623046875
33.6754150390625 -12.559718132019043 0.0019609450828284025
33.4396858215332 -12.558865547180176 0.0020434570033103228
33.27134704589844 -12.558255195617676 0.0022506332024931908
33.17005157470703 -12.557889938354492 0.002523994306102395
33.13497543334961 -12.557761192321777 0.0027760695666074753
33.13491439819336 -12.55776309967041 0.0027958678547292948
33.13468933105469 -12.557762145996094 0.002614898607134819
33.13443374633789 -12.557761192321777 0.0024116134736686945
33.13422393798828 -12.557761192321777 0.0022363662719726562
33.13405227661133 -12.557759284973145 0.002097168006002903
33.13391876220703 -12.557758331298828 0.0019911956042051315
33.13382339477539 -12.557758331298828 0.0019114684546366334
33.133758544921875 -12.557758331298828 0.0018518447177484632
33.133758544921875 -12.557758331298828 0.0018518447177484632
33.133758544921875 -12.557758331298828 0.0018518447177484632
33.133758544921875 -12.557758331298828 0.0018518447177484632
33.133758544921875 -12.557758331298828 0.0018518447177484632
33.133758544921875 -12.557758331298828 0.0018518447177484632
33.133758544921875 -12.557758331298828 0.0018518447177484632
33.133758544921875 -12.557758331298828 0.0018518447177484632
33.133758544921875 -12.557758331298828 0.0018518447177484632
33.133758544921875 -12.557758331298828 0.0018518447177484632
33.133758544921875 -12.557758331298828 0.0018518447177484632
33.133758544921875 -12.557758331298828 0.0018518447177484632
33.133758544921875 -12.557758331298828 0.0018518447177484632
33.133758544921875 -12.557758331298828 0.0018518447177484632
33.133758544921875 -12.557758331298828 0.0018518447177484632
33.133758544921875 -12.557758331298828 0.0018518447177484632
33.133758544921875 -12.557758331298828 0.0018518447177484632
33.133758544921875 -12.557758331298828 0.0018518447177484632
33.133758544921875 -12.557758331298828 0.0018518447177484632
33.133758544921875 -12.557758331298828 0.0018518447177484632
33.133758544921875 -12.557758331298828 0.0018518447177484632
33.133758544921875 -12.557758331298828 0.0018518447177484632
33.133758544921875 -12.557758331298828 0.0018518447177484632
33.133758544921875 -12.557758331298828 0.0018518447177484632
33.133758544921875 -12.557758331298828 0.0018518447177484632
33.133758544921875 -12.557758331298828 0.0018518447177484632
33.133758544921875 -12.557758331298828 0.0018518447177484632
33.133758544921875 -12.557758331298828 0.0018518447177484632
33.133758544921875 -12.557758331298828 0.0018518447177484632
33.133758544921875 -12.557758331298828 0.0018518447177484632
33.133758544921875 -12.557758331298828 0.0018518447177484632
33.133758544921875 -12.557758331298828 0.0018518447177484632
33.133758544921875 -12.557758331298828 0.0018518447177484632
33.133758544921875 -12.557758331298828 0.0018518447177484632
33.133758544921875 -12.557758331298828 0.0018518447177484632
33.133758544921875 -12.557758331298828 0.0018518447177484632
33.133758544921875 -12.557758331298828 0.0018518447177484632
33.133758544921875 -12.557758331298828 0.0018518447177484632
33.133758544921875 -12.557758331298828 0.0018518447177484632
33.133758544921875 -12.557758331298828 0.0018518447177484632
33.133758544921875 -12.557758331298828 0.0018518447177484632
33.133758544921875 -12.557758331298828 0.0018518447177484632
33.133758544921875 -12.557758331298828 0.0018518447177484632
33.133758544921875 -12.557758331298828 0.0018518447177484632
33.133758544921875 -12.557758331298828 0.0018518447177484632
33.133758544921875 -12.557758331298828 0.0018518447177484632
33.133758544921875 -12.557758331298828 0.0018518447177484632
33.133758544921875 -12.557758331298828 0.0018518447177484632
33.133758544921875 -12.557758331298828 0.0018518447177484632
33.133758544921875 -12.557758331298828 0.0018518447177484632
33.133758544921875 -12.557758331298828 0.0018518447177484632
33.133758544921875 -12.557758331298828 0.0018518447177484632
33.133758544921875 -12.557758331298828 0.0018518447177484632
33.133758544921875 -12.557758331298828 0.0018518447177484632
33.133758544921875 -12.557758331298828 0.0018518447177484632
33.133758544921875 -12.557758331298828 0.0018518447177484632
33.133758544921875 -12.557758331298828 0.0018518447177484632
33.133758544921875 -12.557758331298828 0.0018518447177484632
33.133758544921875 -12.557758331298828 0.0018518447177484632
33.133758544921875 -12.557758331298828 0.0018518447177484632
33.133758544921875 -12.557758331298828 0.0018518447177484632
33.133758544921875 -12.557758331298828 0.0018518447177484632
33.133758544921875 -12.557758331298828 0.0018518447177484632
33.133758544921875 -12.557758331298828 0.0018518447177484632
33.133758544921875 -12.557758331298828 0.0018518447177484632
33.133758544921875 -12.557758331298828 0.0018518447177484632
33.133758544921875 -12.557758331298828 0.0018518447177484632
33.133758544921875 -12.557758331298828 0.0018518447177484632
33.133758544921875 -12.557758331298828 0.0018518447177484632
33.133758544921875 -12.557758331298828 0.0018518447177484632
33.133758544921875 -12.557758331298828 0.0018518447177484632
33.133758544921875 -12.557758331298828 0.0018518447177484632
33.133758544921875 -12.557758331298828 0.0018518447177484632
33.133758544921875 -12.557758331298828 0.0018518447177484632
33.133758544921875 -12.557758331298828 0.0018518447177484632
33.133758544921875 -12.557758331298828 0.0018518447177484632
33.133758544921875 -12.557758331298828 0.0018518447177484632
33.133758544921875 -12.557758331298828 0.0018518447177484632
33.133758544921875 -12.557758331298828 0.0018518447177484632
33.133758544921875 -12.557758331298828 0.0018518447177484632
33.133758544921875 -12.557758331298828 0.0018518447177484632
33.133758544921875 -12.557758331298828 0.0018518447177484632
33.133758544921875 -12.557758331298828 0.0018518447177484632
33.133758544921875 -12.557758331298828 0.0018518447177484632
33.133758544921875 -12.557758331298828 0.0018518447177484632
33.133758544921875 -12.557758331298828 0.0018518447177484632
33.133758544921875 -12.557758331298828 0.0018518447177484632
33.133758544921875 -12.557758331298828 0.0018518447177484632
33.133758544921875 -12.557758331298828 0.0018518447177484632
33.133758544921875 -12.557758331298828 0.0018518447177484632
33.133758544921875 -12.557758331298828 0.0018518447177484632
33.133758544921875 -12.557758331298828 0.0018518447177484632
33.133758544921875 -12.557758331298828 0.0018518447177484632
33.133758544921875 -12.557758331298828 0.0018518447177484632
33.133758544921875 -12.557758331298828 0.0018518447177484632
33.133758544921875 -12.557758331298828 0.0018518447177484632
33.133758544921875 -12.557758331298828 0.0018518447177484632
33.133758544921875 -12.557758331298828 0.0018518447177484632
33.133758544921875 -12.557758331298828 0.0018518447177484632
33.133758544921875 -12.557758331298828 0.0018518447177484632
33.133758544921875 -12.557758331298828 0.0018518447177484632
33.133758544921875 -12.557758331298828 0.0018518447177484632
33.133758544921875 -12.557758331298828 0.0018518447177484632
33.133758544921875 -12.557758331298828 0.0018518447177484632
33.133758544921875 -12.557758331298828 0.0018518447177484632
33.133758544921875 -12.557758331298828 0.0018518447177484632
33.133758544921875 -12.557758331298828 0.0018518447177484632
33.133758544921875 -12.557758331298828 0.0018518447177484632
33.133758544921875 -12.557758331298828 0.0018518447177484632
33.133758544921875 -12.557758331298828 0.0018518447177484632
33.133758544921875 -12.557758331298828 0.0018518447177484632
33.133758544921875 -12.557758331298828 0.0018518447177484632
33.133758544921875 -12.557758331298828 0.0018518447177484632
33.133758544921875 -12.557758331298828 0.0018518447177484632
33.133758544921875 -12.557758331298828 0.0018518447177484632
33.133758544921875 -12.557758331298828 0.0018518447177484632
33.133758544921875 -12.557758331298828 0.0018518447177484632
33.133758544921875 -12.557758331298828 0.0018518447177484632
33.133758544921875 -12.557758331298828 0.0018518447177484632
33.133758544921875 -12.557758331298828 0.0018518447177484632
33.133758544921875 -12.557758331298828 0.0018518447177484632
33.133758544921875 -12.557758331298828 0.0018518447177484632
33.133758544921875 -12.557758331298828 0.0018518447177484632
33.133758544921875 -12.557758331298828 0.0018518447177484632
33.133758544921875 -12.557758331298828 0.0018518447177484632
33.133758544921875 -12.557758331298828 0.0018518447177484632
33.133758544921875 -12.557758331298828 0.0018518447177484632
33.133758544921875 -12.557758331298828 0.0018518447177484632
33.133758544921875 -12.557758331298828 0.0018518447177484632
33.133758544921875 -12.557758331298828 0.0018518447177484632
33.133758544921875 -12.557758331298828 0.0018518447177484632
33.133758544921875 -12.557758331298828 0.0018518447177484632
33.133758544921875 -12.557758331298828 0.0018518447177484632
33.133758544921875 -12.557758331298828 0.0018518447177484632
33.133758544921875 -12.557758331298828 0.0018518447177484632
33.133758544921875 -12.557758331298828 0.0018518447177484632
33.133758544921875 -12.557758331298828 0.0018518447177484632
33.133758544921875 -12.557758331298828 0.0018518447177484632
33.133758544921875 -12.557758331298828 0.0018518447177484632
33.133758544921875 -12.557758331298828 0.0018518447177484632
33.133758544921875 -12.557758331298828 0.0018518447177484632
33.133758544921875 -12.557758331298828 0.0018518447177484632
33.133758544921875 -12.557758331298828 0.0018518447177484632
33.133758544921875 -12.557758331298828 0.0018518447177484632
33.133758544921875 -12.557758331298828 0.0018518447177484632
33.133758544921875 -12.557758331298828 0.0018518447177484632
33.133758544921875 -12.557758331298828 0.0018518447177484632
33.133758544921875 -12.557758331298828 0.0018518447177484632
33.133758544921875 -12.557758331298828 0.0018518447177484632
33.133758544921875 -12.557758331298828 0.0018518447177484632
33.133758544921875 -12.557758331298828 0.0018518447177484632
33.133758544921875 -12.557758331298828 0.0018518447177484632
33.133758544921875 -12.557758331298828 0.0018518447177484632
33.133758544921875 -12.557758331298828 0.0018518447177484632
33.133758544921875 -12.557758331298828 0.0018518447177484632
33.133758544921875 -12.557758331298828 0.0018518447177484632
33.133758544921875 -12.557758331298828 0.0018518447177484632
33.133758544921875 -12.557758331298828 0.0018518447177484632
33.133758544921875 -12.557758331298828 0.0018518447177484632
33.133758544921875 -12.557758331298828 0.0018518447177484632
33.133758544921875 -12.557758331298828 0.0018518447177484632
33.133758544921875 -12.557758331298828 0.0018518447177484632
33.133758544921875 -12.557758331298828 0.0018518447177484632
33.133758544921875 -12.557758331298828 0.0018518447177484632
33.133758544921875 -12.557758331298828 0.0018518447177484632
33.133758544921875 -12.557758331298828 0.0018518447177484632
33.133758544921875 -12.557758331298828 0.0018518447177484632
33.133758544921875 -12.557758331298828 0.0018518447177484632
33.133758544921875 -12.557758331298828 0.0018518447177484632
33.133758544921875 -12.557758331298828 0.0018518447177484632
33.133758544921875 -12.557758331298828 0.0018518447177484632
33.133758544921875 -12.557758331298828 0.0018518447177484632
33.133758544921875 -12.557758331298828 0.0018518447177484632
33.133758544921875 -12.557758331298828 0.0018518447177484632
33.133758544921875 -12.557758331298828 0.0018518447177484632
33.133758544921875 -12.557758331298828 0.0018518447177484632
33.133758544921875 -12.557758331298828 0.0018518447177484632
33.133758544921875 -12.557758331298828 0.0018518447177484632
33.133758544921875 -12.557758331298828 0.0018518447177484632
33.133758544921875 -12.557758331298828 0.0018518447177484632
33.133758544921875 -12.557758331298828 0.0018518447177484632
33.133758544921875 -12.557758331298828 0.0018518447177484632
33.133758544921875 -12.557758331298828 0.0018518447177484632
33.133758544921875 -12.557758331298828 0.0018518447177484632
33.133758544921875 -12.557758331298828 0.0018518447177484632
33.133758544921875 -12.557758331298828 0.0018518447177484632
33.133758544921875 -12.557758331298828 0.0018518447177484632
33.133758544921875 -12.557758331298828 0.0018518447177484632
33.133758544921875 -12.557758331298828 0.0018518447177484632
33.133758544921875 -12.557758331298828 0.0018518447177484632
33.133758544921875 -12.557758331298828 0.0018518447177484632
33.133758544921875 -12.557758331298828 0.0018518447177484632
33.133758544921875 -12.557758331298828 0.0018518447177484632
33.133758544921875 -12.557758331298828 0.0018518447177484632
33.133758544921875 -12.557758331298828 0.0018518447177484632
33.133758544921875 -12.557758331298828 0.0018518447177484632
33.133758544921875 -12.557758331298828 0.0018518447177484632
33.133758544921875 -12.557758331298828 0.0018518447177484632
33.133758544921875 -12.557758331298828 0.0018518447177484632
33.133758544921875 -12.557758331298828 0.0018518447177484632
33.133758544921875 -12.557758331298828 0.0018518447177484632
33.133758544921875 -12.557758331298828 0.0018518447177484632
33.133758544921875 -12.557758331298828 0.0018518447177484632
33.133758544921875 -12.557758331298828 0.0018518447177484632
33.133758544921875 -12.557758331298828 0.0018518447177484632
33.133758544921875 -12.557758331298828 0.0018518447177484632
33.133758544921875 -12.557758331298828 0.0018518447177484632
33.133758544921875 -12.557758331298828 0.0018518447177484632
33.133758544921875 -12.557758331298828 0.0018518447177484632
33.133758544921875 -12.557758331298828 0.0018518447177484632
33.133758544921875 -12.557758331298828 0.0018518447177484632
33.133758544921875 -12.557758331298828 0.0018518447177484632
33.133758544921875 -12.557758331298828 0.0018518447177484632
33.133758544921875 -12.557758331298828 0.0018518447177484632
33.133758544921875 -12.557758331298828 0.0018518447177484632
33.133758544921875 -12.557758331298828 0.0018518447177484632
33.133758544921875 -12.557758331298828 0.0018518447177484632
33.133758544921875 -12.557758331298828 0.0018518447177484632
33.133758544921875 -12.557758331298828 0.0018518447177484632
33.133758544921875 -12.557758331298828 0.0018518447177484632
33.133758544921875 -12.557758331298828 0.0018518447177484632
33.133758544921875 -12.557758331298828 0.0018518447177484632
33.133758544921875 -12.557758331298828 0.0018518447177484632
33.133758544921875 -12.557758331298828 0.0018518447177484632
33.133758544921875 -12.557758331298828 0.0018518447177484632
33.133758544921875 -12.557758331298828 0.0018518447177484632
33.133758544921875 -12.557758331298828 0.0018518447177484632
33.133758544921875 -12.557758331298828 0.0018518447177484632
33.133758544921875 -12.557758331298828 0.0018518447177484632
33.133758544921875 -12.557758331298828 0.0018518447177484632
33.133758544921875 -12.557758331298828 0.0018518447177484632
33.133758544921875 -12.557758331298828 0.0018518447177484632
33.133758544921875 -12.557758331298828 0.0018518447177484632
33.133758544921875 -12.557758331298828 0.0018518447177484632
33.133758544921875 -12.557758331298828 0.0018518447177484632
33.133758544921875 -12.557758331298828 0.0018518447177484632
33.133758544921875 -12.557758331298828 0.0018518447177484632
33.133758544921875 -12.557758331298828 0.0018518447177484632
33.133758544921875 -12.557758331298828 0.0018518447177484632
33.133758544921875 -12.557758331298828 0.0018518447177484632
33.133758544921875 -12.557758331298828 0.0018518447177484632
33.133758544921875 -12.557758331298828 0.0018518447177484632
33.133758544921875 -12.557758331298828 0.0018518447177484632
33.133758544921875 -12.557758331298828 0.0018518447177484632
33.133758544921875 -12.557758331298828 0.0018518447177484632
33.133758544921875 -12.557758331298828 0.0018518447177484632
33.133758544921875 -12.557758331298828 0.0018518447177484632
33.133758544921875 -12.557758331298828 0.0018518447177484632
33.133758544921875 -12.557758331298828 0.0018518447177484632
33.133758544921875 -12.557758331298828 0.0018518447177484632
33.133758544921875 -12.557758331298828 0.0018518447177484632
33.133758544921875 -12.557758331298828 0.0018518447177484632
33.133758544921875 -12.557758331298828 0.0018518447177484632
33.133758544921875 -12.557758331298828 0.0018518447177484632
33.133758544921875 -12.557758331298828 0.0018518447177484632
33.133758544921875 -12.557758331298828 0.0018518447177484632
33.133758544921875 -12.557758331298828 0.0018518447177484632
33.133758544921875 -12.557758331298828 0.0018518447177484632
33.133758544921875 -12.557758331298828 0.0018518447177484632
33.133758544921875 -12.557758331298828 0.0018518447177484632
33.133758544921875 -12.557758331298828 0.0018518447177484632
33.133758544921875 -12.557758331298828 0.0018518447177484632
33.133758544921875 -12.557758331298828 0.0018518447177484632
33.133758544921875 -12.557758331298828 0.0018518447177484632
33.133758544921875 -12.557758331298828 0.0018518447177484632
33.133758544921875 -12.557758331298828 0.0018518447177484632
33.133758544921875 -12.557758331298828 0.0018518447177484632
33.133758544921875 -12.557758331298828 0.0018518447177484632
33.133758544921875 -12.557758331298828 0.0018518447177484632
33.133758544921875 -12.557758331298828 0.0018518447177484632
33.133758544921875 -12.557758331298828 0.0018518447177484632
33.133758544921875 -12.557758331298828 0.0018518447177484632
33.133758544921875 -12.557758331298828 0.0018518447177484632
33.133758544921875 -12.557758331298828 0.0018518447177484632
33.133758544921875 -12.557758331298828 0.0018518447177484632
33.133758544921875 -12.557758331298828 0.0018518447177484632
33.133758544921875 -12.557758331298828 0.0018518447177484632
33.133758544921875 -12.557758331298828 0.0018518447177484632
33.133758544921875 -12.557758331298828 0.0018518447177484632
33.133758544921875 -12.557758331298828 0.0018518447177484632
33.133758544921875 -12.557758331298828 0.0018518447177484632
33.133758544921875 -12.557758331298828 0.0018518447177484632
33.133758544921875 -12.557758331298828 0.0018518447177484632
33.133758544921875 -12.557758331298828 0.0018518447177484632
33.133758544921875 -12.557758331298828 0.0018518447177484632
33.133758544921875 -12.557758331298828 0.0018518447177484632
33.133758544921875 -12.557758331298828 0.0018518447177484632
33.133758544921875 -12.557758331298828 0.0018518447177484632
33.133758544921875 -12.557758331298828 0.0018518447177484632
33.133758544921875 -12.557758331298828 0.0018518447177484632
33.133758544921875 -12.557758331298828 0.0018518447177484632
33.133758544921875 -12.557758331298828 0.0018518447177484632
33.133758544921875 -12.557758331298828 0.0018518447177484632
33.133758544921875 -12.557758331298828 0.0018518447177484632
33.133758544921875 -12.557758331298828 0.0018518447177484632
33.133758544921875 -12.557758331298828 0.0018518447177484632
33.133758544921875 -12.557758331298828 0.0018518447177484632
33.133758544921875 -12.557758331298828 0.0018518447177484632
33.133758544921875 -12.557758331298828 0.0018518447177484632
33.133758544921875 -12.557758331298828 0.0018518447177484632
33.133758544921875 -12.557758331298828 0.0018518447177484632
33.133758544921875 -12.557758331298828 0.0018518447177484632
33.133724212646484 -12.557758331298828 0.0016131591983139515
33.13368225097656 -12.557758331298828 0.0015303039690479636
33.13084030151367 -12.557745933532715 0.0015011596260592341
33.12205123901367 -12.557692527770996 0.0014855575282126665
33.103702545166016 -12.557692527770996 0.0014650726225227118
33.07368469238281 -12.557578086853027 0.0014356613392010331
33.03128433227539 -12.55743408203125 0.0014092635829001665
32.9751091003418 -12.557401657104492 0.0013808440417051315
32.90559387207031 -12.557283401489258 0.0013566588750109076
32.821956634521484 -12.556867599487305 0.0013360977172851562
32.72317886352539 -12.556461334228516 0.0013109588762745261
32.609371185302734 -12.555962562561035 0.0012920760782435536
32.480712890625 -12.55544376373291 0.0012781142722815275
32.33704376220703 -12.554863929748535 0.001266059814952314
32.17778396606445 -12.554229736328125 0.0012533951085060835
32.002803802490234 -12.553536415100098 0.0012426757020875812
31.812772750854492 -12.552802085876465 0.0012379836989566684
31.608322143554688 -12.552020072937012 0.0012377548264339566
31.38983726501465 -12.551148414611816 0.0012412642827257514
31.157567977905273 -12.550254821777344 0.0012461090227589011
30.911678314208984 -12.54931640625 0.0012515258276835084
30.65262794494629 -12.548332214355469 0.001505203195847571
30.38595962524414 -12.547281265258789 0.0016242217971011996
30.12093734741211 -12.546257972717285 0.0017137527465820312
29.85877799987793 -12.545232772827148 0.0017771529965102673
29.60099220275879 -12.544212341308594 0.0018273162422701716
29.347562789916992 -12.543208122253418 0.00186351768206805
29.09669303894043 -12.542211532592773 0.0018432998331263661
28.84653663635254 -12.541260719299316 0.0017893218901008368
28.59823989868164 -12.540295600891113 0.0016290282364934683
28.353290557861328 -12.539372444152832 0.001587676932103932
28.112274169921875 -12.538484573364258 0.001600189134478569
27.87505340576172 -12.537638664245605 0.0016304397722706199
27.6408634185791 -12.536763191223145 0.0016592788742855191
27.408666610717773 -12.535919189453125 0.0016795349074527621
27.177677154541016 -12.53506088256836 0.001691093435510993
26.94770050048828 -12.534233093261719 0.0016978454077616334
26.719045639038086 -12.533391952514648 0.0017041015671566129
26.49227523803711 -12.53254508972168 0.0017114257207140326
26.267841339111328 -12.531713485717773 0.001720008789561689
26.045915603637695 -12.530876159667969 0.0017281341133639216
25.826351165771484 -12.530072212219238 0.0017334365984424949
25.608842849731445 -12.52924633026123 0.0017359541961923242
25.393083572387695 -12.528457641601562 0.001735267578624189
25.178897857666016 -12.527641296386719 0.0017334365984424949
24.966310501098633 -12.526918411254883 0.0017316817538812757
24.755184173583984 -12.526140213012695 0.0017290496034547687
24.5436954498291 -12.52537727355957 0.0017163085285574198
24.32807159423828 -12.52457332611084 0.0016833496047183871
24.104408264160156 -12.523791313171387 0.0016324615571647882
23.870433807373047 -12.522953033447266 0.0015747451689094305
23.624887466430664 -12.52205753326416 0.0015183257637545466
23.3670597076416 -12.521162033081055 0.0017088317545130849
23.100971221923828 -12.520220756530762 0.001773414551280439
22.833019256591797 -12.519262313842773 0.0018019485287368298
22.559499740600586 -12.518285751342773 0.0017884826520457864
22.278255462646484 -12.517279624938965 0.0017528533935546875
21.986881256103516 -12.516227722167969 0.001705169677734375
21.684343338012695 -12.515114784240723 0.0016574859619140625
21.368227005004883 -12.51402473449707 0.0016032790299504995
21.03670883178711 -12.512866020202637 0.0015551757533103228
20.692995071411133 -12.511667251586914 0.001529693603515625
20.336742401123047 -12.510404586791992 0.0015117262955754995
19.966827392578125 -12.508994102478027 0.0014928436139598489
19.583324432373047 -12.507526397705078 0.001478118821978569
19.185930252075195 -12.506060600280762 0.001466026296839118
18.77526092529297 -12.504560470581055 0.0014596176333725452
18.350982666015625 -12.502975463867188 0.001454048091545701
17.913516998291016 -12.501347541809082 0.0014513015048578382
17.46245002746582 -12.499673843383789 0.001447982736863196
16.998088836669922 -12.497944831848145 0.001446533133275807
16.520048141479492 -12.496167182922363 0.0014438629150390625
16.028594970703125 -12.494338989257812 0.0014425277477130294
15.523294448852539 -12.49245834350586 0.0014396667247638106
15.004103660583496 -12.49052619934082 0.0014363479567691684
14.471104621887207 -12.488542556762695 0.0014353942824527621
13.927106857299805 -12.486516952514648 0.001451797434128821
13.376718521118164 -12.484468460083008 0.0014952087076380849
12.82521915435791 -12.482413291931152 0.0015639495104551315
12.275888442993164 -12.480365753173828 0.0016427611699327826
11.730940818786621 -12.478337287902832 0.0017204665346071124
11.190948486328125 -12.476324081420898 0.001785659696906805
10.655865669250488 -12.47437572479248 0.001835784874856472
10.124433517456055 -12.47248363494873 0.0018665313255041838
9.595396995544434 -12.47059154510498 0.0018806838197633624
9.066924095153809 -12.468695640563965 0.0018783569103106856
8.537819862365723 -12.466801643371582 0.0018670654390007257
8.006869316101074 -12.46490478515625 0.0018496703123673797
7.473816871643066 -12.46300220489502 0.0018333434127271175
6.938509464263916 -12.461094856262207 0.0018194961594417691
6.401619911193848 -12.45918083190918 0.0018128204392269254
5.863626956939697 -12.457263946533203 0.001811180030927062
5.325472831726074 -12.45534896850586 0.0018160247709602118
4.78754997253418 -12.453428268432617 0.001842079102061689
4.250453948974609 -12.451520919799805 0.0018575286958366632
3.7141506671905518 -12.449658393859863 0.001863784738816321
3.1788225173950195 -12.447793960571289 0.0018671035068109632
2.644080638885498 -12.44591999053955 0.0018658065237104893
2.109870433807373 -12.444049835205078 0.0018640899797901511
1.575693964958191 -12.442183494567871 0.0018589019309729338
1.041512131690979 -12.440316200256348 0.001854858361184597
0.5069379210472107 -12.438447952270508 0.0018488692585378885
-0.028011970221996307 -12.436812400817871 0.0020023344550281763
-0.5634479522705078 -12.434779167175293 0.0020123671274632215
-1.0991750955581665 -12.432832717895508 0.00197772984392941
-1.6351052522659302 -12.43088436126709 0.0019416427239775658
-2.1708998680114746 -12.428936958312988 0.0019144057296216488
-2.7066738605499268 -12.427021980285645 0.0018937683198601007
-3.2421693801879883 -12.425103187561035 0.001880111638456583
-3.777590274810791 -12.423169136047363 0.0018691634759306908
-4.3127546310424805 -12.421236038208008 0.001862487755715847
-4.847923278808594 -12.419303894042969 0.0018565368372946978
-5.3829450607299805 -12.417370796203613 0.0018530272645875812
-5.9180827140808105 -12.415436744689941 0.0018493651878088713
-6.453166484832764 -12.413504600524902 0.0018472671508789062
-6.988426208496094 -12.41157054901123 0.0018449019407853484
-7.523656845092773 -12.409634590148926 0.0018437957623973489
-8.05905818939209 -12.407699584960938 0.0018423079745844007
-8.59439754486084 -12.405763626098633 0.0018422699067741632
-9.129859924316406 -12.403828620910645 0.0018415451049804688
-9.665215492248535 -12.401894569396973 0.001842231722548604
-10.200654029846191 -12.399959564208984 0.0018416213570162654
-10.73595905303955 -12.398024559020996 0.001842498779296875
-11.27133846282959 -12.396089553833008 0.0018421554705128074
-11.806585311889648 -12.39415454864502 0.00184288015589118
-12.3419189453125 -12.392220497131348 0.0018423843430355191
-12.877140045166016 -12.39028549194336 0.00184288015589118
-13.412463188171387 -12.388350486755371 0.0018423461588099599
-13.947690963745117 -12.386415481567383 0.0018429183401167393
-14.483036041259766 -12.384480476379395 0.0018421554705128074
-15.018288612365723 -12.382546424865723 0.0018426512833684683
-15.553656578063965 -12.380611419677734 0.0018420028500258923
-16.08892822265625 -12.378676414489746 0.0018426132155582309
-16.624311447143555 -12.376740455627441 0.0018416213570162654
-17.159587860107422 -12.374805450439453 0.0018423843430355191
-17.69496726989746 -12.372872352600098 0.001841964665800333
-18.230236053466797 -12.37093734741211 0.0018426512833684683
-18.765605926513672 -12.369001388549805 0.0018421554705128074
-19.300861358642578 -12.367066383361816 0.0018427657196298242
-19.83622169494629 -12.365132331848145 0.0018421935383230448
-20.371667861938477 -12.36319637298584 0.0018412780482321978
-20.90914535522461 -12.361254692077637 0.0018281936645507812
-21.451374053955078 -12.359296798706055 0.0018004607409238815
-22.00109100341797 -12.35731029510498 0.0017603683518245816
-22.560049057006836 -12.355290412902832 0.0017155837267637253
-23.129911422729492 -12.353229522705078 0.001669387798756361
-23.71116828918457 -12.351128578186035 0.0016291426727548242
-24.30413246154785 -12.34898567199707 0.0015957640716806054
-24.90873146057129 -12.34679889678955 0.0015707778511568904
-25.52493667602539 -12.344572067260742 0.0015522384783253074
-26.15264320373535 -12.342302322387695 0.001538352924399078
-26.79178237915039 -12.33998966217041 0.0015286635607481003
-27.44228172302246 -12.33763599395752 0.0015215682797133923
-28.104074478149414 -12.335187911987305 0.0015167617239058018
-28.777099609375 -12.332695960998535 0.0015142059419304132
-29.46129035949707 -12.330167770385742 0.0015123366611078382
-30.15658950805664 -12.327593803405762 0.0015113449189811945
-30.86293601989746 -12.325026512145996 0.0015110016101971269
-31.580272674560547 -12.322420120239258 0.0015113449189811945
-32.30854034423828 -12.319765090942383 0.001512069720774889
-33.04767608642578 -12.317075729370117 0.0015130614629015326
-33.797630310058594 -12.314350128173828 0.0015140533214434981
-34.55834197998047 -12.311590194702148 0.0015154265565797687
-35.329750061035156 -12.308792114257812 0.0015166854718700051
-36.111812591552734 -12.305957794189453 0.0015178680187091231
-36.90446090698242 -12.303085327148438 0.0015194701263681054
-37.7076416015625 -12.300124168395996 0.0015208052936941385
-38.521305084228516 -12.297115325927734 0.0015224075177684426
-39.34539031982422 -12.294071197509766 0.0015240478096529841
-40.179847717285156 -12.290977478027344 0.001525611849501729
-41.024620056152344 -12.287864685058594 0.001527061453089118
-41.87964630126953 -12.284710884094238 0.0015286635607481003
-42.74488067626953 -12.281512260437012 0.0015300369122996926
-43.62027359008789 -12.278278350830078 0.001531639019958675
-44.50576400756836 -12.275007247924805 0.0015332030598074198
-45.40131378173828 -12.271699905395508 0.0015348815359175205
-46.306854248046875 -12.26835823059082 0.0015362167032435536
-47.22233200073242 -12.264979362487793 0.0015376663068309426
-48.147708892822266 -12.261563301086426 0.0015390014741569757
-49.082923889160156 -12.258113861083984 0.0015405655140057206
-50.02791213989258 -12.254626274108887 0.0015422058058902621
-50.9826545715332 -12.251102447509766 0.0015435790410265326
-51.94707489013672 -12.247542381286621 0.0015451048966497183
-52.9211311340332 -12.243946075439453 0.0015465164324268699
-53.90476989746094 -12.240315437316895 0.001547965919598937
-54.89794158935547 -12.236647605895996 0.0015494537074118853
-55.90060043334961 -12.232940673828125 0.001550216693431139
-56.91268539428711 -12.229199409484863 0.001553497277200222
-57.93415451049805 -12.225425720214844 0.0015553664416074753
-58.96495819091797 -12.22161865234375 0.0015566253568977118
-60.005043029785156 -12.217779159545898 0.0015577316517010331
-61.054378509521484 -12.213910102844238 0.0015589141985401511
-62.11289978027344 -12.210003852844238 0.0015599823091179132
-63.18056106567383 -12.206067085266113 0.0015614317962899804
-64.25731658935547 -12.202094078063965 0.0015627669636160135
-65.3431167602539 -12.198090553283691 0.00156402587890625
-66.43791198730469 -12.194052696228027 0.0015652846777811646
-67.54165649414062 -12.189982414245605 0.0015667724655941129
-68.65431213378906 -12.185877799987793 0.0015679930802434683
-69.77581787109375 -12.18173885345459 0.0015693282475695014
-70.90614318847656 -12.177568435668945 0.0015706252306699753
-72.04521942138672 -12.173362731933594 0.0015718077775090933
-73.1930160522461 -12.16912841796875 0.001573104877024889
-74.3494873046875 -12.16485595703125 0.0015744399279356003
-75.51457977294922 -12.160552978515625 0.0015756606590002775
-76.68826293945312 -12.156217575073242 0.0015769958263263106
-77.87047576904297 -12.151848793029785 0.0015784072456881404
-79.06118774414062 -12.147448539733887 0.0015795897925272584
-80.26032257080078 -12.143017768859863 0.0015809631440788507
-81.46771240234375 -12.138555526733398 0.0015836715465411544
-82.68226623535156 -12.134065628051758 0.0015924453036859632
-83.90188598632812 -12.12955379486084 0.0016132354503497481
-85.12384796142578 -12.125059127807617 0.001647682162001729
-86.3454360961914 -12.120574951171875 0.0016932296566665173
-87.56452178955078 -12.11609935760498 0.0017435455229133368
-88.77983856201172 -12.11164665222168 0.0017919158563017845
-89.99105072021484 -12.107244491577148 0.001832885667681694
-91.19853210449219 -12.102871894836426 0.0018621444469317794
-92.40330505371094 -12.098546028137207 0.001877593924291432
-93.60669708251953 -12.094250679016113 0.0018804549472406507
-94.81002044677734 -12.089969635009766 0.0018729781731963158
-96.01438903808594 -12.08570671081543 0.001858940115198493
-97.22051239013672 -12.081456184387207 0.0018425368471071124
-98.42865753173828 -12.077215194702148 0.0018274306785315275
-99.63867950439453 -12.072981834411621 0.001816558768041432
-100.85009765625 -12.068726539611816 0.0018108367221429944
-102.06230163574219 -12.064470291137695 0.0018107604701071978
-103.27464294433594 -12.06019115447998 0.001815109164454043
-104.48653411865234 -12.055900573730469 0.0018228529952466488
-105.69759368896484 -12.051579475402832 0.0018318557413294911
-106.9076919555664 -12.047237396240234 0.0018401717534288764
-108.1168441772461 -12.042882919311523 0.0018464659806340933
-109.32527160644531 -12.038509368896484 0.001849861117079854
-110.53327941894531 -12.0341157913208 0.0018507385393604636
-111.7412109375 -12.029706954956055 0.0018491744995117188
-112.94928741455078 -12.025282859802246 0.001845512306317687
-114.15775299072266 -12.02084732055664 0.0018412398640066385
-115.36668395996094 -12.016400337219238 0.0018370056059211493
-116.57608032226562 -12.011969566345215 0.001833686837926507
-117.78585052490234 -12.007566452026367 0.0018321227980777621
-118.9958267211914 -12.00317096710205 0.0018317794892936945
-120.20588684082031 -11.998784065246582 0.0018327331636101007
-121.41585540771484 -11.994415283203125 0.0018342590192332864
-122.62567138671875 -11.990059852600098 0.0018364714924246073
-123.83524322509766 -11.985719680786133 0.0018383407732471824
-125.04460906982422 -11.981393814086914 0.001839714008383453
-126.2537841796875 -11.977078437805176 0.0018407439347356558
-127.46283721923828 -11.972769737243652 0.001841049175709486
-128.67185974121094 -11.968467712402344 0.001840896555222571
-129.88088989257812 -11.964170455932617 0.0018399046966806054
-131.0900115966797 -11.95984935760498 0.0018389129545539618
-132.29922485351562 -11.955524444580078 0.0018377684755250812
-133.50856018066406 -11.95119857788086 0.001837234478443861
-134.71798706054688 -11.946864128112793 0.0018366241129115224
-135.92747497558594 -11.942520141601562 0.0018364334246143699
-137.13699340820312 -11.938169479370117 0.0018363570561632514
-138.34649658203125 -11.933812141418457 0.0018368529854342341
-139.55596923828125 -11.929450035095215 0.0018370436737313867
-140.765380859375 -11.925057411193848 0.0018378066597506404
-141.97474670410156 -11.92065143585205 0.0018384932773187757
-143.18408203125 -11.916241645812988 0.0018385696457698941
-144.3933563232422 -11.911821365356445 0.0018386458978056908
-145.60263061523438 -11.90736198425293 0.0018386077135801315
-146.81190490722656 -11.902886390686035 0.0018387221498414874
-148.0211944580078 -11.89840030670166 0.0018385314615443349
-149.23049926757812 -11.893899917602539 0.001838264404796064
-150.43983459472656 -11.889410018920898 0.0018379592802375555
-151.64920043945312 -11.884918212890625 0.0018376159714534879
-152.85858154296875 -11.880416870117188 0.0018377304077148438
-154.06796264648438 -11.875943183898926 0.0018378066597506404
-155.27732849121094 -11.871481895446777 0.0018377304077148438
-156.48670959472656 -11.867024421691895 0.0018377304077148438
-157.69607543945312 -11.862581253051758 0.0018377684755250812
-158.90545654296875 -11.858150482177734 0.0018381117843091488
-160.11477661132812 -11.853730201721191 0.0018381117843091488
-161.32411193847656 -11.849318504333496 0.0018382262205705047
-162.53343200683594 -11.844915390014648 0.001838264404796064
-163.74276733398438 -11.840517044067383 0.0018383025890216231
-164.9521484375 -11.836122512817383 0.0018383407732471824
-166.16151428222656 -11.831734657287598 0.0018381881527602673
-167.3708953857422 -11.827345848083496 0.001837997348047793
-168.5802764892578 -11.822962760925293 0.001837997348047793
-169.78964233398438 -11.81857967376709 0.0018379592802375555
-170.9990234375 -11.814197540283203 0.001837997348047793
-172.20838928222656 -11.809815406799316 0.001837997348047793
-173.4177703857422 -11.805397987365723 0.0018376540392637253
-174.6271514892578 -11.80097484588623 0.0018374251667410135
-175.83651733398438 -11.796557426452637 0.0018375396030023694
-177.0458984375 -11.79216480255127 0.0018375777872279286
-178.25526428222656 -11.7877779006958 0.0018376922234892845
-179.4646453857422 -11.78336238861084 0.0018376159714534879
-180.6740264892578 -11.778947830200195 0.0018373870989307761
-181.88339233398438 -11.774537086486816 0.0018375396030023694
-183.0927734375 -11.770123481750488 0.0018376540392637253
-184.30213928222656 -11.765705108642578 0.0018376922234892845
-185.5115203857422 -11.761283874511719 0.0018377304077148438
-186.7209014892578 -11.756858825683594 0.0018376922234892845
-187.93026733398438 -11.752456665039062 0.0018377304077148438
-189.1396484375 -11.748064041137695 0.0018379592802375555
-190.34901428222656 -11.743669509887695 0.001837882911786437
-191.5583953857422 -11.739255905151367 0.0018380355322733521
-192.7677764892578 -11.734842300415039 0.0018376922234892845
-193.97714233398438 -11.73043155670166 0.0018377684755250812
-195.1865234375 -11.726021766662598 0.001837501535192132
-196.39588928222656 -11.721632957458496 0.0018377304077148438
-197.6052703857422 -11.717273712158203 0.0018380355322733521
-198.8146514892578 -11.712949752807617 0.0018382262205705047
-200.02401733398438 -11.708671569824219 0.0018384932773187757
-201.2333984375 -11.704611778259277 0.001839446951635182
-202.44276428222656 -11.700831413269043 0.0018412017961964011
-203.6521453857422 -11.697345733642578 0.0018430709606036544
-204.86151123046875 -11.694205284118652 0.0018448256887495518
-206.07089233398438 -11.69153881072998 0.0018468474736437201
-207.2802734375 -11.689406394958496 0.0018490218790248036
-208.48963928222656 -11.68782901763916 0.001851158100180328
-209.6990203857422 -11.686834335327148 0.0018529891967773438
-210.90838623046875 -11.686299324035645 0.0018539809389039874
-212.11776733398438 -11.686174392700195 0.001853675814345479
-213.3271484375 -11.68642520904541 0.0018525313353165984
-214.53651428222656 -11.687021255493164 0.0018521117744967341
-215.7458953857422 -11.687880516052246 0.0018508529756218195
-216.95526123046875 -11.688641548156738 0.0018483352614566684
-218.16464233398438 -11.689157485961914 0.0018439482664689422
-219.3740234375 -11.68936824798584 0.001839714008383453
-220.58338928222656 -11.689153671264648 0.0018385696457698941
-221.7927703857422 -11.688262939453125 0.0018415831727907062
-223.00213623046875 -11.686582565307617 0.001845893799327314
-224.21151733398438 -11.68405818939209 0.0018511199159547687
-225.4208984375 -11.680625915527344 0.0018554305424913764
-226.63026428222656 -11.676226615905762 0.0018593596760183573
-227.83901977539062 -11.670856475830078 0.0018671035068109632
-229.04248046875 -11.66458511352539 0.0019029616378247738
-230.2338409423828 -11.65751838684082 0.0019735717214643955
-231.40850830078125 -11.649773597717285 0.002061500446870923
-232.56365966796875 -11.641441345214844 0.002150421030819416
-233.69740295410156 -11.632599830627441 0.002232780447229743
-234.8084716796875 -11.623313903808594 0.0023017502389848232
-235.8960723876953 -11.613673210144043 0.0023622894659638405
-236.95974731445312 -11.603785514831543 0.0024113082326948643
-237.99920654296875 -11.59374713897705 0.002449111780151725
-239.01443481445312 -11.5836181640625 0.0024774170015007257
-240.0054473876953 -11.573471069335938 0.0024979780428111553
-240.972412109375 -11.563363075256348 0.0025120924692600965
-241.9155731201172 -11.553387641906738 0.0025203705299645662
-242.835205078125 -11.54359245300293 0.002523994306102395
-243.73159790039062 -11.53400993347168 0.0025238418020308018
-244.60511779785156 -11.52468204498291 0.0025212860200554132
-245.4561309814453 -11.515604972839355 0.0025162887759506702
-246.28536987304688 -11.506726264953613 0.0025064849760383368
-247.0957794189453 -11.498172760009766 0.002480850089341402
-247.8904266357422 -11.489931106567383 0.0024402618873864412
-248.67282104492188 -11.481889724731445 0.002384452847763896
-249.4476776123047 -11.474011421203613 0.0023114013019949198
-250.21990966796875 -11.466209411621094 0.0022210311144590378
-250.99375915527344 -11.458134651184082 0.002122535603120923
-251.77194213867188 -11.449735641479492 0.0020279311574995518
-252.55615234375 -11.44106388092041 0.0019429015228524804
-253.3466796875 -11.432108879089355 0.0018739700317382812
-254.14280700683594 -11.422883033752441 0.0018254088936373591
-254.9431610107422 -11.413455963134766 0.001797637902200222
-255.74595642089844 -11.403895378112793 0.0017884826520457864
-256.5491027832031 -11.389102935791016 0.0018125151982530951
-257.3512878417969 -11.368260383605957 0.0018745040288195014
-258.15185546875 -11.342841148376465 0.0019288634648546576
-258.9504699707031 -11.313188552856445 0.0019660568796098232
-259.74713134765625 -11.279677391052246 0.001986617920920253
-260.5421447753906 -11.242764472961426 0.0019861601758748293
-261.3355407714844 -11.199856758117676 0.0019974135793745518
-262.1279296875 -11.151074409484863 0.0020164488814771175
-262.9198913574219 -11.097826957702637 0.0020223616156727076
-263.7119140625 -11.040736198425293 0.002014541532844305
-264.50421142578125 -10.980382919311523 0.0019980238284915686
-265.29693603515625 -10.917327880859375 0.0019773482345044613
-266.0896301269531 -10.848776817321777 0.0019691085908561945
-266.8821716308594 -10.774480819702148 0.0019816970452666283
-267.6746520996094 -10.695894241333008 0.0019894028082489967
-268.46697998046875 -10.613574028015137 0.00198783865198493
-269.259033203125 -10.528038024902344 0.001980094937607646
-270.0502014160156 -10.4364013671875 0.0019814681727439165
-270.84039306640625 -10.338458061218262 0.0020012282766401768
-271.6298522949219 -10.235733032226562 0.00201244349591434
-272.41864013671875 -10.128856658935547 0.0020119475666433573
-273.2069396972656 -10.01841926574707 0.0020027542486786842
-273.99481201171875 -9.905009269714355 0.0019884491339325905
-274.7815856933594 -9.785703659057617 0.0019844816997647285
-275.5672912597656 -9.660167694091797 0.002001647837460041
-276.35223388671875 -9.529962539672852 0.0020114134531468153
-277.1366882324219 -9.395694732666016 0.002009239047765732
-277.9206237792969 -9.257925987243652 0.001998977502807975
-278.7041931152344 -9.117216110229492 0.0019843291956931353
-279.4865417480469 -8.970556259155273 0.0019806288182735443
-280.2675476074219 -8.817525863647461 0.0019997786730527878
-281.0475769042969 -8.65970230102539 0.002011375268921256
-281.826904296875 -8.497697830200195 0.002011260949075222
-282.6055603027344 -8.33207893371582 0.0020021055825054646
-283.3836364746094 -8.163415908813477 0.0019882202614098787
-284.16015625 -7.988696575164795 0.0019856260623782873
-284.93505859375 -7.807488441467285 0.002005195477977395
-285.7088317871094 -7.621384620666504 0.0020172500517219305
-286.4815979003906 -7.43100643157959 0.0020170211791992188
-287.25360107421875 -7.236929893493652 0.0020074844360351562
-288.0248718261719 -7.039741516113281 0.001992568839341402
-288.7944030761719 -6.836456298828125 0.0019894028082489967
-289.5620422363281 -6.626636981964111 0.002008895855396986
-290.3283386230469 -6.4118804931640625 0.0020210265647619963
-291.0935363769531 -6.192814826965332 0.0020202635787427425
-291.85772705078125 -5.970023155212402 0.0020102690905332565
-292.62109375 -5.7440924644470215 0.0019949721172451973
-293.38250732421875 -5.512078762054443 0.001991806086152792
-294.1416931152344 -5.273557662963867 0.0020112227648496628
-294.89935302734375 -5.03010892868042 0.0020228957291692495
-295.65570068359375 -4.782357215881348 0.002022170927375555
-296.4109802246094 -4.530887126922607 0.0020124816801398993
-297.1652526855469 -4.276280879974365 0.0019972992595285177
-297.91729736328125 -4.01564359664917 0.001993637066334486
-298.66693115234375 -3.748558759689331 0.0020124816801398993
-299.4148254394531 -3.4765841960906982 0.0020241928286850452
-300.1612548828125 -3.200336217880249 0.0020234298426657915
-300.90643310546875 -2.9203906059265137 0.002013244666159153
-301.64898681640625 -2.634005069732666 0.0020118332467973232
-302.3888244628906 -2.340970039367676 0.0020294189453125
-303.1266784667969 -2.042839765548706 0.002038497943431139
-303.86285400390625 -1.740297555923462 0.002035064622759819
-304.59759521484375 -1.4339871406555176 0.002022819360718131
-305.33111572265625 -1.1245530843734741 0.002000732347369194
-306.0620422363281 -0.809316873550415 0.0019974899478256702
-306.7901306152344 -0.48797839879989624 0.002015075646340847
-307.51617431640625 -0.16204039752483368 0.002024688757956028
-308.2405090332031 0.1678907722234726 0.002011260949075222
-308.9634094238281 0.5012365579605103 0.0020068360026925802
-309.6850280761719 0.8374640941619873 0.0019939423073083162
-310.40380859375 1.1792914867401123 0.0019908142276108265
-311.11956787109375 1.5271047353744507 0.0020030213054269552
-311.8331298828125 1.8794437646865845 0.0020191192161291838
-312.54486083984375 2.2357518672943115 0.002019271720200777
-313.2549133300781 2.595484495162964 0.0020094679202884436
-313.963623046875 2.958097457885742 0.0019943236839026213
-314.6692810058594 3.326275587081909 0.0019905471708625555
-315.37164306640625 3.700406074523926 0.002009773161262274
-316.07159423828125 4.079058647155762 0.0020215606782585382
-316.76953125 4.461662292480469 0.0020207976922392845
-317.4656982421875 4.847681045532227 0.0020107650198042393
-318.16033935546875 5.236572742462158 0.0019956587348133326
-318.85174560546875 5.630941867828369 0.001992187462747097
-319.53961181640625 6.031149387359619 0.0020110320765525103
-320.2248840332031 6.435797691345215 0.002022170927375555
-320.907958984375 6.844326496124268 0.0020214079413563013
-321.5891418457031 7.256204605102539 0.002011528005823493
-322.2687072753906 7.670896530151367 0.001996116479858756
-322.9468994140625 8.087872505187988 0.001978721469640732
-323.62408447265625 8.5066556930542 0.0019602584652602673
-324.3004150390625 8.9268159866333 0.001942443777807057
-324.97613525390625 9.347954750061035 0.0019258498214185238
-325.6513671875 9.76980972290039 0.0019107054686173797
-326.3262634277344 10.19217586517334 0.0018972777761518955
-326.9988098144531 10.617859840393066 0.0018990706885233521
-327.66839599609375 11.04776382446289 0.0019262313144281507
-328.33587646484375 11.481010437011719 0.0019486999372020364
-329.0013732910156 11.917455673217773 0.001960220281034708
-329.6649169921875 12.35693359375 0.0019632719922810793
-330.3267517089844 12.799216270446777 0.001961021451279521
-330.98358154296875 13.248082160949707 0.001975212013348937
-331.6332092285156 13.706177711486816 0.0020336532033979893
-332.27734375 14.171903610229492 0.002083473140373826
-332.9166259765625 14.644645690917969 0.0021100235171616077
-333.5516357421875 15.12374496459961 0.00211505894549191
-334.1828308105469 15.608437538146973 0.002105445833876729
-334.8076171875 16.101306915283203 0.0021049499046057463
-335.4252014160156 16.602783203125 0.0021312714088708162
-336.0373840332031 17.11105728149414 0.0021457290276885033
-336.6449279785156 17.62522315979004 0.0021422577556222677
-337.24835205078125 18.144418716430664 0.00212516775354743
-337.8448486328125 18.671167373657227 0.0021188354585319757
-338.4333190917969 19.20625114440918 0.0021440505515784025
-339.01568603515625 19.74799346923828 0.0021595382131636143
-339.59283447265625 20.295581817626953 0.002156219445168972
-340.16546630859375 20.848243713378906 0.0021386337466537952
-340.7342224121094 21.405189514160156 0.0021124647464603186
-341.29583740234375 21.968902587890625 0.0021019363775849342
-341.84857177734375 22.54054832458496 0.002130164997652173
-342.3948059082031 23.11858367919922 0.0021512603852897882
-342.9352722167969 23.70230484008789 0.002153549110516906
-343.47064208984375 24.291034698486328 0.0021400833502411842
-343.99737548828125 24.8870849609375 0.002137413015589118
-344.5139465332031 25.491369247436523 0.0021688842680305243
-345.0226745605469 26.102428436279297 0.0021897887345403433
-345.52459716796875 26.71949577331543 0.002189979422837496
-346.0206298828125 27.34180450439453 0.0021737669594585896
-346.5114440917969 27.968536376953125 0.002146835206076503
-346.9935607910156 28.60165023803711 0.0021352386102080345
-347.4649658203125 29.2420654296875 0.0021641922648996115
-347.92822265625 29.88844108581543 0.002185173099860549
-348.3843994140625 30.540119171142578 0.0021861267741769552
-348.8343200683594 31.196441650390625 0.002170562744140625
-349.2742004394531 31.85915756225586 0.002165565500035882
-349.70233154296875 32.5289421081543 0.002194976666942239
-350.1213073730469 33.20462417602539 0.002253303537145257
-350.5323486328125 33.8856086730957 0.0022224807180464268
-350.9364013671875 34.571144104003906 0.0021948241628706455
-351.3345947265625 35.26051330566406 0.0021625137887895107
-351.72296142578125 35.95511245727539 0.0021483611781150103
-352.0994873046875 36.65556716918945 0.0021755981724709272
-352.466796875 37.36087417602539 0.00219554896466434
-352.82611083984375 38.07052993774414 0.00219554896466434
-353.178466796875 38.78398895263672 0.0021789169404655695
-353.51983642578125 39.50241470336914 0.0021725844126194715
-353.8484191894531 40.22622299194336 0.002201690571382642
-354.16693115234375 40.954627990722656 0.0022203826811164618
-354.47674560546875 41.68714904785156 0.0022175980266183615
-354.77899169921875 42.423240661621094 0.002198181115090847
-355.07476806640625 43.16233444213867 0.0021683883387595415
-355.3599853515625 43.905235290527344 0.0021540068555623293
-355.6325988769531 44.652259826660156 0.0021807097364217043
-355.8953857421875 45.40282440185547 0.002199897775426507
-356.1496276855469 46.15655517578125 0.0021991347894072533
-356.3963928222656 46.9130744934082 0.002182121155783534
-356.6315612792969 47.67294692993164 0.002175674308091402
-356.8531799316406 48.436317443847656 0.002204360906034708
-357.0643005371094 49.202816009521484 0.002222251845523715
-357.2660827636719 49.972137451171875 0.002219238318502903
-357.4598388671875 50.743919372558594 0.0021995925344526768
-357.6466979980469 51.51774215698242 0.0021696852054446936
-357.82257080078125 52.293827056884766 0.0021552275866270065
-357.98553466796875 53.072410583496094 0.0022542572114616632
-358.13818359375 53.85310745239258 0.0021962737664580345
-358.2818908691406 54.63566207885742 0.0021748351864516735
-358.417724609375 55.41983413696289 0.0021557998843491077
-358.5417785644531 56.205848693847656 0.0021499251015484333
-358.6534729003906 56.9954833984375 0.0021627044770866632
-358.755859375 57.791053771972656 0.002151222201064229
-358.8504333496094 58.594085693359375 0.002113456605002284
-358.9383544921875 59.405555725097656 0.0020589446648955345
-359.0208435058594 60.22607421875 0.0019973753951489925
-359.095703125 61.05607604980469 0.001946678152307868
-359.1647033691406 61.8958740234375 0.0019120025681331754
-359.2297058105469 62.74559783935547 0.0018696594052016735
-359.29095458984375 63.60535430908203 0.0018261718796566129
-359.3489685058594 64.47517395019531 0.0017868423601612449
-359.4034423828125 65.35507202148438 0.0017549896147102118
-359.4548034667969 66.24504852294922 0.0017320632468909025
-359.50341796875 67.14507293701172 0.001712379395030439
-359.5495910644531 68.05509948730469 0.0016945266397669911
-359.593505859375 68.97509765625 0.001679229666478932
-359.6350402832031 69.90501403808594 0.0016668319003656507
-359.6742858886719 70.84480285644531 0.0016581725794821978
-359.7115173339844 71.7944107055664 0.0016510391142219305
-359.7467346191406 72.75379180908203 0.0016442870255559683
-359.7801513671875 73.7228775024414 0.001638450543396175
-359.8117980957031 74.70161437988281 0.0016332626109942794
-359.8417053222656 75.68995666503906 0.0016290664207190275
-359.87017822265625 76.6878433227539 0.0016249465988948941
-359.8973388671875 77.69522857666016 0.0016211699694395065
-359.92315673828125 78.7120590209961 0.0016173552721738815
-359.9478454589844 79.73826599121094 0.0016139602521434426
-359.9715270996094 80.77381896972656 0.001610565115697682
-359.9942932128906 81.81864929199219 0.0016073989681899548
-360.0163269042969 82.87271118164062 0.0016041564522311091
-360.03759765625 83.93594360351562 0.0016013336135074496
-360.05816650390625 85.00830841064453 0.001599121023900807
-360.077880859375 86.0897445678711 0.0015985870268195868
-360.0968933105469 87.18021392822266 0.0015982055338099599
-360.1152648925781 88.27967834472656 0.0015978622250258923
-360.13299560546875 89.38807678222656 0.0015977477887645364
-360.1497497558594 90.50537109375 0.0015985488425940275
-360.1654968261719 91.6314926147461 0.0016018676105886698
-360.1801452636719 92.76641082763672 0.0016049575060606003
-360.19384765625 93.91009521484375 0.0016077804611995816
-360.2059020996094 95.06246948242188 0.0016117095947265625
-360.21636962890625 96.22349548339844 0.0016177367651835084
-360.22515869140625 97.39314270019531 0.0016233825590461493
-360.2322082519531 98.57135772705078 0.001628341618925333
-360.2371826171875 99.75806427001953 0.0016337585402652621
-360.239990234375 100.95323944091797 0.0016396712744608521
-360.2405700683594 102.15678405761719 0.0016453933203592896
-360.2389831542969 103.36817932128906 0.0016533660236746073
-360.2350769042969 104.58577728271484 0.0016695404192432761
-360.22894287109375 105.80709838867188 0.0016990279546007514
-360.220703125 107.0292739868164 0.0017408751882612705
-360.21044921875 108.24984741210938 0.0017900847597047687
-360.1982727050781 109.46711730957031 0.0018397521926090121
-360.1844177246094 110.68025970458984 0.0018830489134415984
-360.1690673828125 111.88933563232422 0.0019147491548210382
-360.15234375 113.09510803222656 0.0019327163463458419
-360.1343688964844 114.298828125 0.0019372558454051614
-360.1153869628906 115.50181579589844 0.0019293212099000812
-360.0955505371094 116.7053451538086 0.0019120025681331754
-360.074951171875 117.91036224365234 0.001890487619675696
-360.05377197265625 119.11732482910156 0.001868667546659708
-360.0322570800781 120.32630920410156 0.0018494033720344305
-360.0105285644531 121.53694915771484 0.0018350982572883368
-359.9886169433594 122.74871063232422 0.0018273544264957309
-359.9667053222656 123.96090698242188 0.0018251800211146474
-359.9449157714844 125.17289733886719 0.0018275832990184426
-359.92340087890625 126.38422393798828 0.0018322753021493554
-359.9020690917969 127.59461975097656 0.0018376159714534879
-359.8810119628906 128.8040313720703 0.0018420409178361297
-359.86029052734375 130.0123291015625 0.0018491744995117188
-359.8398742675781 131.21853637695312 0.0018592452397570014
-359.81982421875 132.42198181152344 0.0018742751562967896
-359.80023193359375 133.6226043701172 0.0018878936534747481
-359.7809753417969 134.82020568847656 0.0019001769833266735
-359.7621765136719 136.01055908203125 0.001937065040692687
-359.7438049316406 137.18748474121094 0.00200481410138309
-359.7259826660156 138.3468475341797 0.0020871353335678577
-359.7085876464844 139.4861602783203 0.0021696852054446936
-359.69171142578125 140.60374450683594 0.0022452545817941427
-359.67535400390625 141.698486328125 0.0023112487979233265
-359.65948486328125 142.76971435546875 0.002366409171372652
-359.64404296875 143.81739807128906 0.0024078749120235443
-359.62908935546875 144.8427276611328 0.0024331281892955303
-359.6144104003906 145.84629821777344 0.0024254226591438055
-359.6000671386719 146.83038330078125 0.0024282836820930243
-359.5860900878906 147.79769897460938 0.0024095154367387295
-359.57232666015625 148.7529296875 0.0023629378993064165
-359.55865478515625 149.7014923095703 0.0022912216372787952
-359.5450439453125 150.64608764648438 0.002213974017649889
-359.5314025878906 151.58888244628906 0.0021379089448601007
-359.5177307128906 152.53211975097656 0.002064018277451396
-359.5040588378906 153.47750854492188 0.0019951248541474342
-359.490234375 154.4256591796875 0.0019377135904505849
-359.4763488769531 155.37376403808594 0.0019116973271593451
-359.4624938964844 156.31689453125 0.0019230269826948643
-359.4488220214844 157.25198364257812 0.0019554519094526768
-359.4351806640625 158.17813110351562 0.0019893264397978783
-359.4217224121094 159.0963897705078 0.002010688651353121
-359.4082336425781 160.00852966308594 0.002017059363424778
-359.39483642578125 160.91302490234375 0.0020296478178352118
-359.3815612792969 161.8073272705078 0.002053756732493639
-359.3683776855469 162.69049072265625 0.0020801161881536245
-359.3553466796875 163.56370544433594 0.0020941542461514473
-359.3423767089844 164.42922973632812 0.00209217076189816
-359.3294982910156 165.28602600097656 0.0020940399263054132
-359.3168029785156 166.1322479248047 0.002106247004121542
-359.30426025390625 166.96742248535156 0.0021197127643972635
-359.2918395996094 167.7930450439453 0.002121238736435771
-359.2795104980469 168.61280822753906 0.002098731929436326
-359.2672119140625 169.4314422607422 0.0020504379644989967
-359.2549133300781 170.25254821777344 0.0019867706578224897
-359.2424621582031 171.0785369873047 0.0019193649059161544
-359.22979736328125 171.91099548339844 0.0018553923582658172
-359.21710205078125 172.75051879882812 0.001801719656214118
-359.20440673828125 173.5938262939453 0.0017812347505241632
-359.19171142578125 174.4340362548828 0.0018094634870067239
-359.17913818359375 175.26461791992188 0.0018769073067232966
-359.1667785644531 176.08218383789062 0.0019553755410015583
-359.1546936035156 176.88861083984375 0.0020086669828742743
-359.1427001953125 177.68771362304688 0.002025604248046875
-359.1307678222656 178.4842071533203 0.00200653076171875
-359.1188659667969 179.28224182128906 0.0019619751255959272
-359.1067810058594 180.08457946777344 0.0019058608449995518
-359.0946350097656 180.89308166503906 0.001848144456744194
-359.0824279785156 181.70899963378906 0.001793670584447682
-359.0699768066406 182.533203125 0.001745529123581946
-359.0574951171875 183.36622619628906 0.001704750000499189
-359.0447998046875 184.20779418945312 0.0016759871505200863
-359.0321044921875 185.05303955078125 0.001685295021161437
-359.0194396972656 185.8936309814453 0.001746330177411437
-359.0069580078125 186.72352600097656 0.0018368529854342341
-358.9947204589844 187.53929138183594 0.0019349288195371628
-358.98272705078125 188.3390655517578 0.0020251083187758923
-358.97100830078125 189.1219482421875 0.0021025848109275103
-358.9595642089844 189.88687133789062 0.0021677399054169655
-358.9483947753906 190.634765625 0.002212257357314229
-358.93743896484375 191.36724853515625 0.002235526917502284
-358.92669677734375 192.08604431152344 0.0022402952890843153
-358.9161682128906 192.79360961914062 0.0022267913445830345
-358.9057312011719 193.49375915527344 0.0021907805930823088
-358.8951721191406 194.19029235839844 0.0021374893840402365
-358.884521484375 194.8842010498047 0.0020876312628388405
-358.8738708496094 195.5759735107422 0.0020444870460778475
-358.8631591796875 196.266357421875 0.002005958463996649
-358.8524475097656 196.95614624023438 0.00197086320258677
-358.841552734375 197.64605712890625 0.0019394302507862449
-358.8306579589844 198.3365020751953 0.0019122695084661245
-358.8145751953125 199.02700805664062 0.0019104385282844305
-358.78912353515625 199.7161102294922 0.001966400071978569
-358.7567443847656 200.40362548828125 0.002022972097620368
-358.7182312011719 201.08946228027344 0.0020581053104251623
-358.67425537109375 201.77366638183594 0.0020715713035315275
-358.62554931640625 202.45660400390625 0.0020685577765107155
-358.5726623535156 203.1386260986328 0.002054138109087944
-358.51202392578125 203.81947326660156 0.002049674978479743
-358.4430236816406 204.49925231933594 0.002069129841402173
-358.3677673339844 205.17874145507812 0.0020774840377271175
-358.28253173828125 205.85714721679688 0.0020890426822006702
-358.1866455078125 206.53428649902344 0.002119216835126281
-358.0823059082031 207.2108154296875 0.002133865375071764
-357.96600341796875 207.88540649414062 0.0021494291722774506
-357.83740234375 208.55770874023438 0.002181472722440958
-357.698974609375 209.22845458984375 0.002195930341258645
-357.54730224609375 209.89608764648438 0.0022099304478615522
-357.3824768066406 210.560302734375 0.0022383497562259436
-357.20697021484375 211.2220001220703 0.002247772179543972
-357.0177001953125 211.87957763671875 0.002255935687571764
-356.8148498535156 212.53285217285156 0.0022778320126235485
-356.6009826660156 213.18292236328125 0.0022806930355727673
-356.3731994628906 213.82827758789062 0.0022811507806181908
-356.1311340332031 214.47023010253906 0.002286300528794527
-355.8768615722656 215.11143493652344 0.0022658538073301315
-355.6073303222656 215.75050354003906 0.0022445297800004482
-355.3226623535156 216.38731384277344 0.0022416687570512295
-355.025390625 217.022705078125 0.0022291182540357113
-354.71356201171875 217.6536407470703 0.0022261429112404585
-354.3875732421875 218.2789764404297 0.0022464371286332607
-354.0467529296875 218.8968048095703 0.002272644080221653
-353.6908874511719 219.5083770751953 0.0022951888386160135
-353.321044921875 220.11737060546875 0.0022801589220762253
-352.9340515136719 220.7229461669922 0.0022520828060805798
-352.5296936035156 221.3261260986328 0.0022327422630041838
-352.1096496582031 221.92880249023438 0.002198829548433423
-351.6722106933594 222.528076171875 0.0021728514693677425
-351.2172546386719 223.1241912841797 0.0021648025140166283
-350.74615478515625 223.71926879882812 0.0021424484439194202
-350.2568664550781 224.31085205078125 0.0021223449148237705
-349.7490539550781 224.8988494873047 0.0021211623679846525
-349.22174072265625 225.4812774658203 0.0021274567116051912
-348.6756286621094 226.05735778808594 0.0021509933285415173
-348.1134338378906 226.62733459472656 0.0021684265229851007
-347.5353088378906 227.18663024902344 0.002197112888097763
-346.94342041015625 227.73329162597656 0.0022504806984215975
-346.3388671875 228.26434326171875 0.0023117447271943092
-345.72320556640625 228.77902221679688 0.0023791121784597635
-345.09857177734375 229.2788848876953 0.0024214552249759436
-344.4642639160156 229.76138305664062 0.0024521637242287397
-343.8207092285156 230.22691345214844 0.0024829101748764515
-343.1672668457031 230.67449951171875 0.0025043869391083717
-342.50396728515625 231.10511779785156 0.002521514892578125
-341.83148193359375 231.52142333984375 0.0025108337868005037
-341.14862060546875 231.9202423095703 0.0024985121563076973
-340.45526123046875 232.30105590820312 0.002506370423361659
-339.75244140625 232.66714477539062 0.002495727501809597
-339.0411376953125 233.020263671875 0.0024620818439871073
-338.3225402832031 233.36204528808594 0.00241336808539927
-337.5978698730469 233.6938934326172 0.002358131343498826
-336.8684997558594 234.01718139648438 0.002301979111507535
-336.13433837890625 234.32896423339844 0.0022655106149613857
-335.3957214355469 234.62879943847656 0.0022629927843809128
-334.65374755859375 234.91932678222656 0.0022554397583007812
-333.9090270996094 235.20176696777344 0.0022343825548887253
-333.1620178222656 235.47720336914062 0.002203559735789895
-332.41302490234375 235.74659729003906 0.0021673201117664576
-331.6623840332031 236.01089477539062 0.002129783621057868
-330.9092102050781 236.26632690429688 0.0021109390072524548
-330.1530456542969 236.5111541748047 0.0021302795503288507
-329.39422607421875 236.74765014648438 0.002145156729966402
-328.6328125 236.97666931152344 0.002144508296623826
-327.8690490722656 237.19895935058594 0.002131576417014003
-327.1031494140625 237.41514587402344 0.0021114731207489967
-326.33465576171875 237.62132263183594 0.0021063995081931353
-325.56353759765625 237.81602478027344 0.00213451380841434
-324.7900390625 238.00160217285156 0.002154388464987278
-324.0143737792969 238.17901611328125 0.002156829694285989
-323.23681640625 238.34912109375 0.002145385602489114
-322.45770263671875 238.5127716064453 0.0021255493629723787
-321.67724609375 238.67083740234375 0.0021012115757912397
-320.89532470703125 238.81971740722656 0.0020924375858157873
-320.1119384765625 238.95846557617188 0.002113609341904521
-319.32720947265625 239.08924865722656 0.0021273421589285135
-318.5412292480469 239.21286010742188 0.0021397017408162355
-317.75408935546875 239.3301544189453 0.002116889925673604
-316.96600341796875 239.44178771972656 0.0020941924303770065
-316.1769104003906 239.5443572998047 0.0020862959790974855
-315.3868408203125 239.63723754882812 0.0021049880888313055
-314.5958251953125 239.7225341796875 0.0021154785063117743
-313.8039855957031 239.8010711669922 0.002111587440595031
-313.01141357421875 239.87362670898438 0.0020973205100744963
-312.21820068359375 239.94088745117188 0.002077293349429965
-311.4244384765625 239.9999237060547 0.002069091657176614
-310.63031005859375 240.05029296875 0.002083854516968131
-309.83575439453125 240.09393310546875 0.0020906447898596525
-309.0407409667969 240.1316680908203 0.0020850752480328083
-308.2453918457031 240.16416931152344 0.002070274204015732
-307.4497985839844 240.19219970703125 0.0020506286527961493
-306.65399169921875 240.21640014648438 0.0020291900727897882
-305.85809326171875 240.2356414794922 0.0020138549152761698
-305.0621032714844 240.25042724609375 0.0020082853734493256
-304.26605224609375 240.26190185546875 0.0019987868145108223
-303.469970703125 240.2705841064453 0.0019847869407385588
-302.67388916015625 240.27694702148438 0.0019684219732880592
-301.8777770996094 240.28140258789062 0.0019512939034029841
-301.0816955566406 240.28440856933594 0.0019349288195371628
-300.2856140136719 240.28622436523438 0.001919708214700222
