-313.7999572753906 250.59999084472656 0.056589048355817795
-313.7999572753906 250.59999084472656 0.03720927983522415
-313.7999572753906 250.59999084472656 0.024632567539811134
-313.7999572753906 250.59999084472656 0.016485098749399185
-313.7999572753906 250.59999084472656 0.011215819977223873
-313.7999572753906 250.59999084472656 0.00781330093741417
-313.7999572753906 250.59999084472656 0.0056195068173110485
-313.7999572753906 250.59999084472656 0.004207038786262274
-313.7999572753906 250.59999084472656 0.003298797644674778
-313.7999572753906 250.59999084472656 0.0027155685238540173
-313.7999572753906 250.59999084472656 0.0023414993193000555
-313.7999572753906 250.59999084472656 0.0021018600091338158
-313.7999572753906 250.59999084472656 0.0021018600091338158
-313.7999572753906 250.59999084472656 0.0021018600091338158
-313.7999572753906 250.59999084472656 0.0021018600091338158
-313.7999572753906 250.59999084472656 0.0021018600091338158
-313.7999572753906 250.59999084472656 0.0021018600091338158
-313.7999572753906 250.59999084472656 0.0021018600091338158
-313.7999572753906 250.59999084472656 0.0021018600091338158
-313.7999572753906 250.59999084472656 0.0021018600091338158
-313.7999572753906 250.59999084472656 0.0021018600091338158
-313.7999572753906 250.59999084472656 0.0021018600091338158
-313.7999572753906 250.59999084472656 0.0021018600091338158
-313.7999572753906 250.59999084472656 0.0021018600091338158
-313.7999572753906 250.59999084472656 0.0021018600091338158
-313.7999572753906 250.59999084472656 0.0021018600091338158
-313.7999572753906 250.59999084472656 0.0021018600091338158
-313.7999572753906 250.59999084472656 0.0021018600091338158
-313.7999572753906 250.59999084472656 0.0021018600091338158
-313.7999572753906 250.59999084472656 0.0021018600091338158
-313.7999572753906 250.59999084472656 0.0021018600091338158
-313.7999572753906 250.59999084472656 0.0021018600091338158
-313.7999572753906 250.59999084472656 0.0021018600091338158
-313.7999572753906 250.59999084472656 0.0021018600091338158
-313.7999572753906 250.59999084472656 0.0021018600091338158
-313.7999572753906 250.59999084472656 0.0021018600091338158
-313.7999572753906 250.59999084472656 0.0021018600091338158
-313.7999572753906 250.59999084472656 0.0021018600091338158
-313.7999572753906 250.59999084472656 0.0021018600091338158
-313.7999572753906 250.59999084472656 0.0021018600091338158
-313.7999572753906 250.59999084472656 0.0021018600091338158
-313.7999572753906 250.59999084472656 0.0021018600091338158
-313.7999572753906 250.59999084472656 0.0021018600091338158
-313.7999572753906 250.59999084472656 0.0021018600091338158
-313.7999572753906 250.59999084472656 0.0021018600091338158
-313.7999572753906 250.59999084472656 0.0021018600091338158
-313.7999572753906 250.59999084472656 0.0021018600091338158
-313.7999572753906 250.59999084472656 0.0021018600091338158
-313.7999572753906 250.59999084472656 0.0021018600091338158
-313.7999572753906 250.59999084472656 0.0021018600091338158
-313.7999572753906 250.59999084472656 0.0021018600091338158
-313.7999572753906 250.59999084472656 0.0021018600091338158
-313.7999572753906 250.59999084472656 0.0021018600091338158
-313.7999572753906 250.59999084472656 0.0021018600091338158
-313.7999572753906 250.59999084472656 0.0021018600091338158
-313.7999572753906 250.59999084472656 0.0021018600091338158
-313.7999572753906 250.59999084472656 0.0021018600091338158
-313.7999572753906 250.59999084472656 0.0021018600091338158
-313.7999572753906 250.59999084472656 0.0021018600091338158
-313.7999572753906 250.59999084472656 0.0021018600091338158
-313.7999572753906 250.59999084472656 0.0021018600091338158
-313.7999572753906 250.59999084472656 0.0021018600091338158
-313.7999572753906 250.59999084472656 0.0021018600091338158
-313.7999572753906 250.59999084472656 0.0021018600091338158
-313.7999572753906 250.59999084472656 0.0021018600091338158
-313.7999572753906 250.59999084472656 0.0021018600091338158
-313.7999572753906 250.59999084472656 0.0021018600091338158
-313.7999572753906 250.59999084472656 0.0021018600091338158
-313.7999572753906 250.59999084472656 0.0021018600091338158
-313.7999572753906 250.59999084472656 0.0021018600091338158
-313.7999572753906 250.59999084472656 0.0021018600091338158
-313.7999572753906 250.59999084472656 0.0021018600091338158
-313.7999572753906 250.59999084472656 0.0021018600091338158
-313.7999572753906 250.59999084472656 0.0021018600091338158
-313.7999572753906 250.59999084472656 0.0021018600091338158
-313.7999572753906 250.59999084472656 0.0021018600091338158
-313.7999572753906 250.59999084472656 0.0021018600091338158
-313.7999572753906 250.59999084472656 0.0021018600091338158
-313.7999572753906 250.59999084472656 0.0021018600091338158
-313.7999572753906 250.59999084472656 0.0021018600091338158
-313.7999572753906 250.59999084472656 0.0021018600091338158
-313.7999572753906 250.59999084472656 0.0021018600091338158
-313.7999572753906 250.59999084472656 0.0021018600091338158
-313.7999572753906 250.59999084472656 0.0021018600091338158
-313.7999572753906 250.59999084472656 0.0021018600091338158
-313.7999572753906 250.59999084472656 0.0021018600091338158
-313.7999572753906 250.59999084472656 0.0021018600091338158
-313.7999572753906 250.59999084472656 0.0021018600091338158
-313.7999572753906 250.59999084472656 0.0021018600091338158
-313.7999572753906 250.59999084472656 0.0021018600091338158
-313.7999572753906 250.59999084472656 0.0021018600091338158
-313.7999572753906 250.59999084472656 0.0021018600091338158
-313.7999572753906 250.59999084472656 0.0021018600091338158
-313.7999572753906 250.59999084472656 0.0021018600091338158
-313.7999572753906 250.59999084472656 0.0021018600091338158
-313.7999572753906 250.59999084472656 0.0021018600091338158
-313.7999572753906 250.59999084472656 0.0021018600091338158
-313.7999572753906 250.59999084472656 0.0021018600091338158
-313.7999572753906 250.59999084472656 0.0021018600091338158
-313.7999572753906 250.59999084472656 0.0021018600091338158
-313.7999572753906 250.59999084472656 0.0021018600091338158
-313.7999572753906 250.59999084472656 0.0021018600091338158
-313.7999572753906 250.59999084472656 0.0017895125783979893
-313.7999572753906 250.59999084472656 0.0016782759921625257
-313.7999572753906 250.59999084472656 0.0016343307215720415
-313.7999572753906 250.59999084472656 0.001623077318072319
-313.7999572753906 250.59999084472656 0.0016262816498056054
-313.7999572753906 250.59999084472656 0.0016347122145816684
-313.7999572753906 250.59999084472656 0.0016440581530332565
-313.7999572753906 250.59999084472656 0.0016524887178093195
-313.7999572753906 250.59999084472656 0.0016555022448301315
-313.7936096191406 250.60011291503906 0.0016120909713208675
-313.748046875 250.60089111328125 0.0014157486148178577
-313.6692810058594 250.6023406982422 0.0012492751702666283
-313.5631103515625 250.60427856445312 0.0011472702026367188
-313.43621826171875 250.6066131591797 0.0011089324252679944
-313.2906494140625 250.60940551757812 0.0011020660167559981
-313.1273193359375 250.6126708984375 0.0011096191592514515
-312.9474792480469 250.61526489257812 0.0011231994722038507
-312.7524108886719 250.61788940429688 0.0011406707344576716
-312.54278564453125 250.62078857421875 0.0011619568103924394
-312.3190612792969 250.6239776611328 0.001183204585686326
-312.08148193359375 250.62744140625 0.0012027358170598745
-311.830322265625 250.63116455078125 0.0013496780302375555
-311.5660400390625 250.6351318359375 0.001527061453089118
-311.2974853515625 250.63925170898438 0.0016303634038195014
-311.0251770019531 250.64344787597656 0.0016782759921625257
-310.7458190917969 250.64781188964844 0.0016815185081213713
-310.4576416015625 250.65237426757812 0.0016625594580546021
-310.1585388183594 250.6571807861328 0.0016306304605677724
-309.84771728515625 250.6621551513672 0.0015970229869708419
-309.52301025390625 250.66749572753906 0.001555862370878458
-309.1838073730469 250.673095703125 0.0015233230078592896
-308.8319091796875 250.678955078125 0.0015045165782794356
-308.46710205078125 250.68505859375 0.0014910888858139515
-308.08856201171875 250.69143676757812 0.001475868164561689
-307.6965026855469 250.6980438232422 0.0014650344382971525
-307.29095458984375 250.70489501953125 0.0014591979561373591
-306.87506103515625 250.71067810058594 0.001476936275139451
-306.4534912109375 250.71548461914062 0.001529273926280439
-306.0316467285156 250.7197723388672 0.0016044235089793801
-305.61248779296875 250.72364807128906 0.0016831207321956754
-305.1980895996094 250.72715759277344 0.0017572020879015326
-304.7889709472656 250.7303466796875 0.0018183898646384478
-304.3855895996094 250.7332305908203 0.0018672943115234375
-303.98675537109375 250.73593139648438 0.001897735521197319
-303.5914001464844 250.73846435546875 0.0019116973271593451
-303.19647216796875 250.74087524414062 0.0019021987682208419
-302.79901123046875 250.74317932128906 0.001874198904260993
-302.3957214355469 250.74542236328125 0.0018293762113898993
-301.98468017578125 250.74771118164062 0.0017791747814044356
-301.5638122558594 250.75001525878906 0.0017258834559470415
-301.1322021484375 250.75230407714844 0.0016773605020716786
-300.6886291503906 250.754638671875 0.0016323471209034324
-300.2328796386719 250.75701904296875 0.0015946197090670466
-299.76422119140625 250.75938415527344 0.0015615844167768955
-299.2826232910156 250.76133728027344 0.0015371703775599599
-298.78759765625 250.76292419433594 0.00151824951171875
-298.2792053222656 250.76429748535156 0.0015026854816824198
-297.7567443847656 250.7654571533203 0.001485862652771175
-297.22052001953125 250.76649475097656 0.0014736937591806054
-296.6707763671875 250.76739501953125 0.0014659118605777621
-296.1081237792969 250.76820373535156 0.0014633178943768144
-295.53289794921875 250.76890563964844 0.0014635467668995261
-294.94537353515625 250.76953125 0.0014663696056231856
-294.34588623046875 250.76991271972656 0.0014709091046825051
-293.73455810546875 250.77003479003906 0.001476936275139451
-293.1115417480469 250.77001953125 0.0014819717034697533
-292.4770202636719 250.76983642578125 0.001486930763348937
-291.83099365234375 250.76953125 0.001491012517362833
-291.1736145019531 250.76919555664062 0.001494178781285882
-290.50494384765625 250.76873779296875 0.0014966964954510331
-289.8251037597656 250.76820373535156 0.0014993667136877775
-289.1340637207031 250.7675018310547 0.0015019226120784879
-288.43194580078125 250.76669311523438 0.0015048980712890625
-287.7188415527344 250.76585388183594 0.0015070723602548242
-286.9947509765625 250.7649383544922 0.0015085219638422132
-286.259765625 250.76397705078125 0.0015104674967005849
-285.5140075683594 250.76300048828125 0.001512069720774889
-284.75738525390625 250.761962890625 0.0015122985932976007
-283.9900817871094 250.76087951660156 0.0015145492507144809
-283.21209716796875 250.7597198486328 0.0015167617239058018
-282.4237060546875 250.75851440429688 0.0015202331123873591
-281.6262512207031 250.7572021484375 0.0015313338954001665
-280.8220520019531 250.755859375 0.001555595314130187
-280.0140075683594 250.7544403076172 0.0015927123604342341
-279.2049865722656 250.7529754638672 0.0016421127365902066
-278.3973083496094 250.7515106201172 0.0016966628609225154
-277.59234619140625 250.75003051757812 0.0017500686226412654
-276.7907409667969 250.74850463867188 0.0017966079758480191
-275.99249267578125 250.7470703125 0.001831817557103932
-275.1970520019531 250.74557495117188 0.0018552398541942239
-274.403564453125 250.74411010742188 0.001867752056568861
-273.6111145019531 250.74264526367188 0.0018704986432567239
-272.81890869140625 250.74118041992188 0.0018663406372070312
-272.0262145996094 250.73971557617188 0.0018581008771434426
-271.2326354980469 250.73825073242188 0.001848411513492465
-270.43804931640625 250.73678588867188 0.0018394851358607411
-269.6424255371094 250.73532104492188 0.0018326949793845415
-268.84600830078125 250.73385620117188 0.0018283081008121371
-268.0490417480469 250.73239135742188 0.0018270491855219007
-267.2518005371094 250.73092651367188 0.0018281172960996628
-266.4545593261719 250.72946166992188 0.0018307494465261698
-265.6574401855469 250.72799682617188 0.0018342590192332864
-264.8606262207031 250.72653198242188 0.001837997348047793
-264.0640869140625 250.72506713867188 0.0018410109914839268
-263.26788330078125 250.72360229492188 0.001843261648900807
-262.471923828125 250.72213745117188 0.0018445586320012808
-261.6761169433594 250.7207489013672 0.0018447875045239925
-260.88037109375 250.71937561035156 0.001844329759478569
-260.0846252441406 250.7179412841797 0.001842994592152536
-259.288818359375 250.71652221679688 0.0018418502295389771
-258.492919921875 250.71514892578125 0.0018408583709970117
-257.6969299316406 250.7137908935547 0.0018380355322733521
-256.9008483886719 250.7122802734375 0.00183868408203125
-256.10467529296875 250.7107696533203 0.001839332515373826
-255.30848693847656 250.709228515625 0.0018369292374700308
-254.51229858398438 250.70765686035156 0.0018249893328174949
-253.7161102294922 250.7059783935547 0.0018276977352797985
-252.919921875 250.7043914794922 0.0018301772652193904
-252.12371826171875 250.70281982421875 0.0018327331636101007
-251.32763671875 250.70126342773438 0.0018349074525758624
-250.5315399169922 250.69970703125 0.0018364334246143699
-249.73544311523438 250.6981658935547 0.0018374633509665728
-248.93934631347656 250.69667053222656 0.0018385314615443349
-248.14324951171875 250.69520568847656 0.001839332515373826
-247.34716796875 250.69374084472656 0.0018398284446448088
-246.5510711669922 250.69232177734375 0.0018406676826998591
-245.75497436523438 250.69093322753906 0.0018409728072583675
-244.95887756347656 250.68955993652344 0.001840896555222571
-244.16278076171875 250.68820190429688 0.0018409728072583675
-243.36669921875 250.68682861328125 0.0018408203031867743
-242.5706024169922 250.6854705810547 0.001841049175709486
-241.77450561523438 250.68409729003906 0.0018411636119708419
-240.97840881347656 250.68272399902344 0.0018410872435197234
-240.18231201171875 250.68136596679688 0.001841049175709486
-239.38623046875 250.67999267578125 0.0018411254277452826
-238.5901336669922 250.6786346435547 0.0018411636119708419
-237.79403686523438 250.67726135253906 0.0018410872435197234
-236.99794006347656 250.67588806152344 0.0018411636119708419
-236.20184326171875 250.67453002929688 0.0018408203031867743
-235.40576171875 250.67315673828125 0.0018409728072583675
-234.6096649169922 250.6717987060547 0.0018410109914839268
-233.81356811523438 250.67042541503906 0.0018410872435197234
-233.01747131347656 250.66905212402344 0.0018410872435197234
-232.22137451171875 250.66769409179688 0.0018410872435197234
-231.42529296875 250.66632080078125 0.001840782118961215
-230.6291961669922 250.6649627685547 0.0018409728072583675
-229.83309936523438 250.66358947753906 0.0018410109914839268
-229.03700256347656 250.66221618652344 0.0018407058669254184
-228.24090576171875 250.66085815429688 0.0018409728072583675
-227.44482421875 250.65948486328125 0.0018410872435197234
-226.6487274169922 250.6581268310547 0.001840896555222571
-225.85263061523438 250.65675354003906 0.0018410109914839268
-225.05653381347656 250.65538024902344 0.0018410109914839268
-224.26043701171875 250.65402221679688 0.0018407439347356558
-223.46435546875 250.65264892578125 0.0018409728072583675
-222.6682586669922 250.65122985839844 0.0018408583709970117
-221.87216186523438 250.64976501464844 0.0018415831727907062
-221.07606506347656 250.64830017089844 0.0018418502295389771
-220.27996826171875 250.6467742919922 0.0018416213570162654
-219.48388671875 250.64523315429688 0.0018416595412418246
-218.6877899169922 250.64366149902344 0.001841964665800333
-217.89169311523438 250.64210510253906 0.0018414306687191129
-217.09559631347656 250.6405487060547 0.0018416213570162654
-216.29949951171875 250.63890075683594 0.0018417357932776213
-215.50341796875 250.63735961914062 0.001841049175709486
-214.7073211669922 250.63583374023438 0.0018412017961964011
-213.91122436523438 250.63430786132812 0.0018413543002679944
-213.11512756347656 250.63284301757812 0.0018416595412418246
-212.31903076171875 250.63136291503906 0.0018418884137645364
-211.52294921875 250.62989807128906 0.0018416213570162654
-210.7268524169922 250.62843322753906 0.0018411636119708419
-209.93075561523438 250.62696838378906 0.0018414687365293503
-209.13465881347656 250.62550354003906 0.0018414306687191129
-208.33856201171875 250.62403869628906 0.0018415069207549095
-207.54248046875 250.62257385253906 0.0018413924844935536
-206.7463836669922 250.62110900878906 0.0018415831727907062
-205.95028686523438 250.6196746826172 0.001841316232457757
-205.15419006347656 250.61831665039062 0.0018413924844935536
-204.3581085205078 250.61692810058594 0.001841697609052062
-203.56201171875 250.6155548095703 0.0018412780482321978
-202.7659149169922 250.61419677734375 0.001841316232457757
-201.96981811523438 250.61282348632812 0.001841316232457757
-201.17372131347656 250.61146545410156 0.0018412398640066385
-200.3776397705078 250.61007690429688 0.0018411254277452826
-199.58154296875 250.6086883544922 0.0018410872435197234
-198.7854461669922 250.6073455810547 0.0018408583709970117
-197.98934936523438 250.60597229003906 0.001840896555222571
-197.19325256347656 250.60459899902344 0.0018410872435197234
-196.3971710205078 250.60324096679688 0.0018408583709970117
-195.60107421875 250.60186767578125 0.0018410109914839268
-194.8049774169922 250.6005096435547 0.0018409728072583675
-194.00888061523438 250.59913635253906 0.0018410109914839268
-193.21278381347656 250.59776306152344 0.0018409728072583675
-192.4167022705078 250.59640502929688 0.0018411636119708419
-191.62060546875 250.59503173828125 0.0018409728072583675
-190.8245086669922 250.5936737060547 0.0018412017961964011
-190.02841186523438 250.5922088623047 0.0018412780482321978
-189.23231506347656 250.5906524658203 0.0018416213570162654
-188.4362335205078 250.589111328125 0.0018417739775031805
-187.64013671875 250.58767700195312 0.0018033981323242188
-186.84402465820312 250.58639526367188 0.0017758940812200308
-186.0479278564453 250.58497619628906 0.0017787551041692495
-185.25184631347656 250.5834197998047 0.001790008507668972
-184.4557647705078 250.58184814453125 0.0018016432877629995
-183.65966796875 250.58021545410156 0.0018117903964594007
-182.8635711669922 250.57855224609375 0.001819610595703125
-182.06747436523438 250.5769500732422 0.0018253707094118
-181.27137756347656 250.57534790039062 0.0018292235909029841
-180.4752960205078 250.57376098632812 0.001831817557103932
-179.67919921875 250.57220458984375 0.0018341063987463713
-178.8831024169922 250.57069396972656 0.001835899311117828
-178.08700561523438 250.56922912597656 0.0018371200421825051
-177.29090881347656 250.5677490234375 0.0018385314615443349
-176.4948272705078 250.5663604736328 0.0018371200421825051
-175.69873046875 250.5650177001953 0.0018368529854342341
-174.9026336669922 250.56362915039062 0.0018376159714534879
-174.10655212402344 250.56204223632812 0.0018029784550890326
-173.31048583984375 250.56028747558594 0.0017435073386877775
-172.51438903808594 250.55870056152344 0.0017373275477439165
-171.71829223632812 250.55715942382812 0.0017498015658929944
-170.92218017578125 250.55567932128906 0.0017670821398496628
-170.12608337402344 250.55419921875 0.0017843246459960938
-169.3300018310547 250.5527801513672 0.0017987060127779841
-168.53390502929688 250.55140686035156 0.0018095779232680798
-167.73780822753906 250.55003356933594 0.0018185043008998036
-166.94171142578125 250.5486602783203 0.0018249893328174949
-166.14561462402344 250.54730224609375 0.0018292617751285434
-165.34950256347656 250.54592895507812 0.0018326187273487449
-164.5534210205078 250.54458618164062 0.0018350600730627775
-163.75732421875 250.54331970214844 0.0018365478608757257
-162.96124267578125 250.5420379638672 0.0018377684755250812
-162.16514587402344 250.540771484375 0.0018385314615443349
-161.36904907226562 250.53936767578125 0.001839599572122097
-160.5729522705078 250.53782653808594 0.0018410872435197234
-159.77685546875 250.53622436523438 0.0018421935383230448
-158.98077392578125 250.53460693359375 0.0018423843430355191
-158.18467712402344 250.532958984375 0.0018423079745844007
-157.38858032226562 250.5312042236328 0.0018422699067741632
-156.5924835205078 250.5293426513672 0.0018424605950713158
-155.79638671875 250.52737426757812 0.0018432998331263661
-155.00030517578125 250.5252685546875 0.0018437193939462304
-154.20420837402344 250.52305603027344 0.0018441390711814165
-153.40811157226562 250.520751953125 0.0018445205641910434
-152.6120147705078 250.5184326171875 0.0018438338302075863
-151.81591796875 250.51608276367188 0.0018432235810905695
-151.0198211669922 250.513671875 0.0018428039038553834
-150.22372436523438 250.5111541748047 0.0018425368471071124
-149.42762756347656 250.50865173339844 0.00184288015589118
-148.6315460205078 250.506103515625 0.0018425368471071124
-147.83544921875 250.50357055664062 0.0018417739775031805
-147.0393524169922 250.5009307861328 0.001842079102061689
-146.24325561523438 250.49832153320312 0.0018423843430355191
-145.44715881347656 250.4956817626953 0.001841812045313418
-144.6510772705078 250.4930419921875 0.0018415069207549095
-143.85498046875 250.4904022216797 0.0018414306687191129
-143.0588836669922 250.48765563964844 0.0018412017961964011
-142.26278686523438 250.48487854003906 0.0018418502295389771
-141.46669006347656 250.48216247558594 0.0018416213570162654
-140.6706085205078 250.47930908203125 0.0018413924844935536
-139.87451171875 250.47645568847656 0.0018417739775031805
-139.0784149169922 250.47352600097656 0.0018418502295389771
-138.28231811523438 250.47059631347656 0.0018418884137645364
-137.48622131347656 250.4676971435547 0.0018420028500258923
-136.6901397705078 250.4647674560547 0.0018418884137645364
-135.89404296875 250.46177673339844 0.0018415069207549095
-135.0979461669922 250.458740234375 0.0018414306687191129
-134.30184936523438 250.45571899414062 0.0018412398640066385
-133.50575256347656 250.4526824951172 0.0018412398640066385
-132.7096710205078 250.4496612548828 0.0018411254277452826
-131.91357421875 250.44664001464844 0.001841049175709486
-131.1174774169922 250.443603515625 0.0018404388101771474
-130.32138061523438 250.44058227539062 0.001840782118961215
-129.52528381347656 250.4376678466797 0.0018409347394481301
-128.7292022705078 250.4348602294922 0.001841964665800333
-127.93310546875 250.4320526123047 0.0018426132155582309
-127.13700866699219 250.42922973632812 0.0018421554705128074
-126.34091186523438 250.42649841308594 0.0018418884137645364
-125.5448226928711 250.42376708984375 0.001841812045313418
-124.74872589111328 250.42108154296875 0.0018418502295389771
-123.95263671875 250.41848754882812 0.0018421172862872481
-123.15653991699219 250.4159393310547 0.001842498779296875
-122.36044311523438 250.4133758544922 0.001842231722548604
-121.5643539428711 250.41075134277344 0.001841812045313418
-120.76825714111328 250.4081268310547 0.001841316232457757
-119.97216796875 250.40550231933594 0.0018413543002679944
-119.17607116699219 250.40283203125 0.0018412398640066385
-118.379638671875 250.4003143310547 0.0021853256039321423
-117.58281707763672 250.3975372314453 0.0018562315963208675
-116.7862548828125 250.39480590820312 0.0017579650739207864
-115.9898910522461 250.3920135498047 0.0017414855537936091
-115.19371032714844 250.38925170898438 0.0017514800420030951
-114.39766693115234 250.38650512695312 0.0017688750522211194
-113.6017074584961 250.38365173339844 0.0017863844987004995
-112.80581665039062 250.3808135986328 0.0018002318684011698
-112.00991821289062 250.3779754638672 0.001811447087675333
-111.2139892578125 250.37515258789062 0.0018191527342423797
-110.41802215576172 250.372314453125 0.001824607839807868
-109.62200164794922 250.36949157714844 0.0018285750411450863
-108.825927734375 250.36671447753906 0.0018313598120585084
-108.02980041503906 250.364013671875 0.0018330382881686091
-107.23365783691406 250.36129760742188 0.001834869384765625
-106.43751525878906 250.3585662841797 0.0018362808041274548
-105.64137268066406 250.35592651367188 0.0018375777872279286
-104.84523010253906 250.353271484375 0.0018388365861028433
-104.04908752441406 250.3506317138672 0.0018397902604192495
-103.25296783447266 250.34800720214844 0.0018403243739157915
-102.45687103271484 250.34536743164062 0.0018409347394481301
-101.66078186035156 250.3426513671875 0.0018407439347356558
-100.86468505859375 250.33993530273438 0.001841049175709486
-100.06858825683594 250.33721923828125 0.0018412398640066385
-99.27249908447266 250.33448791503906 0.001841316232457757
-98.47640228271484 250.33175659179688 0.0018409728072583675
-97.68031311035156 250.3290252685547 0.0018410872435197234
-96.88421630859375 250.32627868652344 0.0018408583709970117
-96.08811950683594 250.32354736328125 0.0018409347394481301
-95.29203033447266 250.32081604003906 0.0018409728072583675
-94.49593353271484 250.31808471679688 0.0018410872435197234
-93.69984436035156 250.3153533935547 0.0018410109914839268
-92.90374755859375 250.31260681152344 0.0018410872435197234
-92.10765075683594 250.30987548828125 0.0018410872435197234
-91.31156158447266 250.30706787109375 0.0018410872435197234
-90.51546478271484 250.30422973632812 0.0018412780482321978
-89.71937561035156 250.30142211914062 0.0018415069207549095
-88.92327880859375 250.298583984375 0.0018415451049804688
-88.12718200683594 250.29576110839844 0.0018415831727907062
-87.33109283447266 250.29296875 0.0018410872435197234
-86.53499603271484 250.29022216796875 0.0018416213570162654
-85.73890686035156 250.2874755859375 0.001841697609052062
-84.94281005859375 250.2847442626953 0.0018412780482321978
-84.14671325683594 250.281982421875 0.0018414306687191129
-83.35062408447266 250.2792510986328 0.0018415451049804688
-82.55452728271484 250.27651977539062 0.0018414306687191129
-81.75843811035156 250.2738037109375 0.0018415069207549095
-80.96234893798828 250.2710723876953 0.0018410872435197234
-80.16625213623047 250.2683563232422 0.0018412017961964011
-79.37016296386719 250.265625 0.0018411636119708419
-78.57406616210938 250.26287841796875 0.0018409728072583675
-77.77818298339844 250.26014709472656 0.0018426894675940275
-76.98362731933594 250.25735473632812 0.0018509674118831754
-76.19220733642578 250.25453186035156 0.0018695067847147584
-75.40602111816406 250.25173950195312 0.0018978881416842341
-74.6269760131836 250.2490234375 0.0019331359071657062
-73.85710144042969 250.2463836669922 0.0019752501975744963
-73.09986114501953 250.2437286376953 0.0020299148745834827
-72.35839080810547 250.2411346435547 0.0020939253736287355
-71.63430786132812 250.23858642578125 0.002155418274924159
-70.92822265625 250.23614501953125 0.0022082519717514515
-70.24044036865234 250.23374938964844 0.0022506332024931908
-69.57107543945312 250.2313995361328 0.002284088172018528
-68.92005920410156 250.22915649414062 0.002309074392542243
-68.28726196289062 250.22694396972656 0.002326431218534708
-67.67247772216797 250.22479248046875 0.0023381041828542948
-67.07544708251953 250.22274780273438 0.002345237648114562
-66.49591064453125 250.22073364257812 0.0023485946003347635
-65.93357849121094 250.21878051757812 0.0023488998413085938
-65.38813781738281 250.21690368652344 0.002346687251701951
-64.85929870605469 250.21505737304688 0.002343253931030631
-64.34674072265625 250.2133026123047 0.002338409423828125
-63.85016632080078 250.21157836914062 0.0023325346410274506
-63.36919403076172 250.20989990234375 0.0023253250401467085
-62.90299987792969 250.20828247070312 0.002314338693395257
-62.450984954833984 250.2065887451172 0.002302093431353569
-62.01273727416992 250.20518493652344 0.0022895049769431353
-61.587646484375 250.2035369873047 0.00227527623064816
-61.17428207397461 250.2022247314453 0.0022553633898496628
-60.77098846435547 250.2006378173828 0.00222949986346066
-60.377288818359375 250.19940185546875 0.0022045134101063013
-59.99290084838867 250.19789123535156 0.002183303702622652
-59.6175651550293 250.19677734375 0.0021653748117387295
-59.25110626220703 250.19534301757812 0.002150688087567687
-58.89332962036133 250.19435119628906 0.002138290321454406
-58.54424285888672 250.19296264648438 0.002128868130967021
-58.20428466796875 250.19198608398438 0.002123870886862278
-57.87417984008789 250.190673828125 0.002125053433701396
-57.554710388183594 250.18980407714844 0.0021319198422133923
-57.2479248046875 250.18875122070312 0.0021552275866270065
-56.99189376831055 250.1879119873047 0.002338676480576396
-56.80297088623047 250.18728637695312 0.0024418258108198643
-56.68122482299805 250.1868896484375 0.0026493833865970373
-56.62610626220703 250.1866912841797 0.002862472552806139
-56.62144470214844 250.1866912841797 0.0029407881665974855
-56.621219635009766 250.1866912841797 0.0027635954320430756
-56.620941162109375 250.18667602539062 0.0025363920722156763
-56.62069320678711 250.18667602539062 0.0023337171878665686
-56.62049865722656 250.18667602539062 0.0021716307383030653
-56.62035369873047 250.18667602539062 0.0020468521397560835
-56.6202392578125 250.18667602539062 0.0019529341952875257
-56.620140075683594 250.18667602539062 0.0018827056046575308
-56.620140075683594 250.18667602539062 0.0018827056046575308
-56.620140075683594 250.18667602539062 0.0018827056046575308
-56.620140075683594 250.18667602539062 0.0018827056046575308
-56.620140075683594 250.18667602539062 0.0018827056046575308
-56.620140075683594 250.18667602539062 0.0018827056046575308
-56.620140075683594 250.18667602539062 0.0018827056046575308
-56.620140075683594 250.18667602539062 0.0018827056046575308
-56.620140075683594 250.18667602539062 0.0018827056046575308
-56.620140075683594 250.18667602539062 0.0018827056046575308
-56.620140075683594 250.18667602539062 0.0018827056046575308
-56.620140075683594 250.18667602539062 0.0018827056046575308
-56.620140075683594 250.18667602539062 0.0018827056046575308
-56.620140075683594 250.18667602539062 0.0018827056046575308
-56.620140075683594 250.18667602539062 0.0018827056046575308
-56.620140075683594 250.18667602539062 0.0018827056046575308
-56.620140075683594 250.18667602539062 0.0018827056046575308
-56.620140075683594 250.18667602539062 0.0018827056046575308
-56.620140075683594 250.18667602539062 0.0018827056046575308
-56.620140075683594 250.18667602539062 0.0018827056046575308
-56.620140075683594 250.18667602539062 0.0018827056046575308
-56.620140075683594 250.18667602539062 0.0018827056046575308
-56.620140075683594 250.18667602539062 0.0018827056046575308
-56.620140075683594 250.18667602539062 0.0018827056046575308
-56.620140075683594 250.18667602539062 0.0018827056046575308
-56.61945724487305 250.18667602539062 0.0016173552721738815
-56.61799621582031 250.18667602539062 0.0015276336343958974
-56.617679595947266 250.18667602539062 0.001521377475000918
-56.616477966308594 250.18667602539062 0.001535339280962944
-56.616371154785156 250.18667602539062 0.0015688323182985187
-56.61533737182617 250.18667602539062 0.0015910720685496926
-56.61534881591797 250.18667602539062 0.0016196822980418801
-56.61439514160156 250.18667602539062 0.0016328429337590933
-56.61444091796875 250.18667602539062 0.0016514586750417948
-56.61348342895508 250.18667602539062 0.0016557693015784025
-56.61347198486328 250.18667602539062 0.00166740408167243
-56.61240768432617 250.18667602539062 0.001666335971094668
-56.612239837646484 250.18667602539062 0.0016740798018872738
-56.61094284057617 250.18667602539062 0.0016704940935596824
-56.61042404174805 250.18667602539062 0.0016757582779973745
-56.60801696777344 250.1866912841797 0.0016656112857162952
-56.60396194458008 250.1866912841797 0.0016539001371711493
-56.598148345947266 250.18673706054688 0.0016461563063785434
-56.590145111083984 250.1865997314453 0.001637267996557057
-56.580081939697266 250.1864776611328 0.001633453299291432
-56.56703186035156 250.1864471435547 0.0016265868907794356
-56.55150604248047 250.1864013671875 0.0016210937174037099
-56.533485412597656 250.18621826171875 0.0016149139264598489
-56.51402282714844 250.18614196777344 0.0016168212750926614
-56.49186706542969 250.18605041503906 0.0016141128726303577
-56.46626663208008 250.18606567382812 0.0016072463477030396
-56.438880920410156 250.1859588623047 0.0016075134044513106
-56.40805435180664 250.18582153320312 0.0016023253556340933
-56.37258529663086 250.18569946289062 0.0015908050118014216
-56.333587646484375 250.1855926513672 0.0015841674758121371
-56.291595458984375 250.18544006347656 0.0015823745634406805
-56.24617385864258 250.1852264404297 0.0015822601271793246
-56.195579528808594 250.18502807617188 0.0015708922874182463
-56.140506744384766 250.1847381591797 0.0015491866506636143
-56.08541488647461 250.18453979492188 0.001567039405927062
-56.0318489074707 250.18435668945312 0.0015970611711964011
-55.97972869873047 250.1841583251953 0.0016255569644272327
-55.928958892822266 250.1839599609375 0.001648330595344305
-55.87938690185547 250.1837615966797 0.0016654586652293801
-55.83088302612305 250.18356323242188 0.0016769790090620518
-55.78326416015625 250.18338012695312 0.0016846084035933018
-55.73426818847656 250.1831817626953 0.0016778182471171021
-55.68395233154297 250.1829833984375 0.0016702270368114114
-55.63345718383789 250.1827850341797 0.0016690825577825308
-55.583221435546875 250.18258666992188 0.0016717910766601562
-55.533660888671875 250.18240356445312 0.0016770934453234076
-55.484832763671875 250.1822052001953 0.0016820906894281507
-55.436927795410156 250.1820068359375 0.0016874694265425205
-55.38987731933594 250.1818084716797 0.0016913985600695014
-55.34381866455078 250.18161010742188 0.0016950606368482113
-55.29861831665039 250.18142700195312 0.0016974258469417691
-55.25439453125 250.1812286376953 0.0016996001359075308
-55.21100997924805 250.1810302734375 0.001700668246485293
-55.16978073120117 250.18081665039062 0.0017088317545130849
-55.13081741333008 250.18063354492188 0.0017161560244858265
-55.09358215332031 250.1804962158203 0.0017202376620844007
-55.05785369873047 250.18038940429688 0.0017215728294104338
-55.02347183227539 250.18020629882812 0.001721076900139451
-54.99060821533203 250.1800994873047 0.0017221069429069757
-54.958187103271484 250.18014526367188 0.0017160414718091488
-54.92694091796875 250.1800537109375 0.001713828998617828
-54.89560317993164 250.18006896972656 0.0017066955333575606
-54.86518478393555 250.17999267578125 0.001705169677734375
-54.83412170410156 250.17991638183594 0.001695556566119194
-54.803226470947266 250.17984008789062 0.0016913223080337048
-54.771018981933594 250.17971801757812 0.0016807174542918801
-54.739505767822266 250.17947387695312 0.0016804885817691684
-54.70699691772461 250.1793670654297 0.001675567589700222
-54.67397689819336 250.17930603027344 0.0016719435807317495
-54.63911056518555 250.17913818359375 0.0016622543334960938
-54.603275299072266 250.17901611328125 0.001657943706959486
-54.56543731689453 250.1788787841797 0.0016504669329151511
-54.526512145996094 250.1786346435547 0.0016473769210278988
-54.48554611206055 250.1785125732422 0.0016413115663453937
-54.44379425048828 250.17837524414062 0.0016427611699327826
-54.399417877197266 250.17822265625 0.0016349410871043801
-54.35367965698242 250.1780242919922 0.0016342925373464823
-54.30482482910156 250.17782592773438 0.0016247557941824198
-54.25403594970703 250.17762756347656 0.0016225051367655396
-54.19966125488281 250.17742919921875 0.0016122055239975452
-54.14253616333008 250.17724609375 0.0016056060558184981
-54.08198547363281 250.1770477294922 0.0015975951682776213
-54.0176887512207 250.17684936523438 0.0015908812638372183
-53.95087432861328 250.1766357421875 0.0015932082897052169
-53.88117218017578 250.17628479003906 0.0015927123604342341
-53.80861282348633 250.1758575439453 0.0015931320376694202
-53.73213577270508 250.17550659179688 0.0015872573712840676
-53.65184020996094 250.17518615722656 0.001582565251737833
-53.56710433959961 250.17491149902344 0.001575050293467939
-53.478309631347656 250.17459106445312 0.0015703963581472635
-53.38475036621094 250.17431640625 0.0015630340203642845
-53.28681182861328 250.17404174804688 0.0015593719435855746
-53.18377685546875 250.1738739013672 0.001552581787109375
-53.07599639892578 250.1736602783203 0.0015486144693568349
-52.9631233215332 250.17352294921875 0.0015442275907844305
-52.84626388549805 250.17344665527344 0.0015471266815438867
-52.72795104980469 250.17347717285156 0.0015639114426448941
-52.6099853515625 250.17343139648438 0.0015896987169981003
-52.49326705932617 250.17347717285156 0.0016177749494090676
-52.37826919555664 250.17343139648438 0.0016440581530332565
-52.26528549194336 250.17347717285156 0.0016666412120684981
-52.154422760009766 250.17343139648438 0.001684913644567132
-52.04572296142578 250.17347717285156 0.0016996001359075308
-51.9391975402832 250.17343139648438 0.0017104720463976264
-51.8348274230957 250.17347717285156 0.001718711806461215
-51.73258972167969 250.17343139648438 0.0017243956681340933
-51.632450103759766 250.17347717285156 0.0017283629858866334
-51.53584671020508 250.1734161376953 0.0017394637688994408
-51.44285583496094 250.17347717285156 0.0017497253138571978
-51.35292053222656 250.1734161376953 0.0017552947392687201
-51.26561737060547 250.17347717285156 0.001756591722369194
-51.180599212646484 250.1734161376953 0.0017549896147102118
-51.0976448059082 250.17347717285156 0.0017518997192382812
-51.0164794921875 250.1734161376953 0.0017474746564403176
-50.936946868896484 250.17347717285156 0.0017426681006327271
-50.85877990722656 250.1734161376953 0.0017372512957081199
-50.78172302246094 250.17347717285156 0.0017338179750368
-50.70556640625 250.1734161376953 0.0017291259719058871
-50.63005447387695 250.17349243164062 0.0017228698125109076
-50.55499267578125 250.1734161376953 0.001716194092296064
-50.48015594482422 250.17349243164062 0.0017089461907744408
-50.40519332885742 250.17327880859375 0.0016400909516960382
-50.33006286621094 250.17327880859375 0.001599807757884264
-50.25458908081055 250.1732177734375 0.0015959548763930798
-50.17854690551758 250.17327880859375 0.0016036987071856856
-50.10175704956055 250.17320251464844 0.00161399831995368
-50.02401351928711 250.1732635498047 0.0016225433209910989
-49.94515609741211 250.17320251464844 0.0016286849277094007
-49.865081787109375 250.1732635498047 0.0016327666817232966
-49.78364562988281 250.17320251464844 0.0016349791549146175
-49.70069122314453 250.17323303222656 0.0016355132684111595
-49.61604690551758 250.1731719970703 0.0016345977783203125
-49.5295295715332 250.1732635498047 0.0016328429337590933
-49.44094467163086 250.1732177734375 0.0016266250750049949
-49.35010528564453 250.17327880859375 0.001620826660655439
-49.25679016113281 250.1732177734375 0.0016162871615961194
-49.16081619262695 250.17327880859375 0.001612014719285071
-49.06199264526367 250.1732177734375 0.0016075134044513106
-48.96012496948242 250.17327880859375 0.0016028976533561945
-48.85503387451172 250.1732177734375 0.0015981673495844007
-48.74654769897461 250.1732635498047 0.0015933227259665728
-48.634490966796875 250.1732177734375 0.001588363666087389
-48.518680572509766 250.1732635498047 0.001583099365234375
-48.39896011352539 250.1732177734375 0.0015778732486069202
-48.275146484375 250.1732635498047 0.0015727996360510588
-48.147064208984375 250.1732177734375 0.0015676879556849599
-48.01455307006836 250.1732635498047 0.0015627669636160135
-47.87745666503906 250.1732177734375 0.0015577316517010331
-47.73558807373047 250.17327880859375 0.0015535354614257812
-47.589115142822266 250.17323303222656 0.0015503691975027323
-47.43946838378906 250.17327880859375 0.0015570068499073386
-47.28922653198242 250.17323303222656 0.0015771102625876665
-47.13998031616211 250.17327880859375 0.001604805001989007
-46.99262237548828 250.17323303222656 0.0016340636648237705
-46.84762954711914 250.17327880859375 0.0016610336024314165
-46.70524978637695 250.17323303222656 0.0016842650948092341
-46.56559371948242 250.17327880859375 0.0017029570881277323
-46.4287109375 250.17323303222656 0.0017172241350635886
-46.29457473754883 250.17327880859375 0.0017279434250667691
-46.16316604614258 250.17323303222656 0.0017357253236696124
-46.034446716308594 250.17327880859375 0.0017413711175322533
-45.90837478637695 250.17323303222656 0.001745681744068861
-45.78489303588867 250.17327880859375 0.0017481230897828937
-45.66394805908203 250.17323303222656 0.0017498397501185536
-45.54549789428711 250.17327880859375 0.0017505645519122481
-45.42948532104492 250.17323303222656 0.0017507552402094007
-45.31586837768555 250.17327880859375 0.0017504882998764515
-45.20458984375 250.17323303222656 0.0017498397501185536
-45.09560775756836 250.17327880859375 0.0017490005120635033
-44.98887252807617 250.17323303222656 0.0017479705857113004
-44.88433074951172 250.17327880859375 0.0017468261066824198
-44.781951904296875 250.17323303222656 0.0017458343645557761
-44.68168258666992 250.17327880859375 0.001744499197229743
-44.58348083496094 250.17323303222656 0.0017432022141292691
-44.4873046875 250.17327880859375 0.0017416762420907617
-44.39311599731445 250.17323303222656 0.001740417443215847
-44.30085754394531 250.17327880859375 0.0017392730806022882
-44.21211242675781 250.1732177734375 0.0017469787271693349
-44.126956939697266 250.17352294921875 0.0016919707413762808
-44.04498291015625 250.17352294921875 0.0016783904284238815
-43.96569061279297 250.173583984375 0.0016850280808284879
-43.88870620727539 250.17352294921875 0.0016957473708316684
-43.81370544433594 250.17361450195312 0.0017049408052116632
-43.74042892456055 250.17355346679688 0.0017115401569753885
-43.668601989746094 250.17361450195312 0.00171489710919559
-43.597984313964844 250.17355346679688 0.0017155837267637253
-43.52833938598633 250.1736297607422 0.0017145919846370816
-43.459442138671875 250.17355346679688 0.0017118834657594562
-43.39105987548828 250.1736297607422 0.0017079162644222379
-43.32296371459961 250.17355346679688 0.0017033385811373591
-43.25494384765625 250.1736297607422 0.0016981506487354636
-43.18678665161133 250.17355346679688 0.0016925048548728228
-43.11829376220703 250.1736297607422 0.0016864395001903176
-43.04925537109375 250.17356872558594 0.0016802215250208974
-42.97946548461914 250.1736297607422 0.0016743468586355448
-42.90874481201172 250.17356872558594 0.0016685867449268699
-42.8369026184082 250.1736297607422 0.0016629791352897882
-42.763797760009766 250.17356872558594 0.001657676650211215
-42.68927001953125 250.1736297607422 0.001652412349358201
-42.61316680908203 250.17356872558594 0.0016473388532176614
-42.53536605834961 250.1736297607422 0.0016427231021225452
-42.455726623535156 250.17356872558594 0.0016379927983507514
-42.374271392822266 250.1736297607422 0.0016348647186532617
-42.2908821105957 250.17356872558594 0.0016323089366778731
-42.205326080322266 250.1736297607422 0.001628341618925333
-42.11735153198242 250.17356872558594 0.0016235732473433018
-42.026737213134766 250.1736297607422 0.0016185378190129995
-41.93326187133789 250.17356872558594 0.0016122817760333419
-41.83672332763672 250.1736297607422 0.0016034698346629739
-41.73692321777344 250.17356872558594 0.001596641493961215
-41.633670806884766 250.1736297607422 0.0015908050118014216
-41.52679443359375 250.17356872558594 0.0015855788951739669
-41.41611099243164 250.1736297607422 0.001580467214807868
-41.30145263671875 250.17356872558594 0.0015756224747747183
-41.18265151977539 250.1736297607422 0.0015707015991210938
-41.05952453613281 250.173583984375 0.0015657043550163507
-40.931915283203125 250.1736297607422 0.0015605544904246926
-40.79964828491211 250.173583984375 0.0015556334983557463
-40.662567138671875 250.1736297607422 0.0015506744384765625
-40.520503997802734 250.173583984375 0.0015459441347047687
-40.37361145019531 250.1736297607422 0.001542968675494194
-40.223392486572266 250.173583984375 0.001549415523186326
-40.07249450683594 250.1736297607422 0.0015700148651376367
-39.92254638671875 250.173583984375 0.0015991592081263661
-39.77446746826172 250.1736297607422 0.0016294860979542136
-39.62874984741211 250.173583984375 0.001657676650211215
-39.48564910888672 250.1736297607422 0.0016817091964185238
-39.34528350830078 250.173583984375 0.0017010116716846824
-39.20769119262695 250.1736297607422 0.0017162322765216231
-39.0728645324707 250.173583984375 0.001727371127344668
-38.94077682495117 250.1736297607422 0.0017356108874082565
-38.8113899230957 250.173583984375 0.0017416381742805243
-38.68465805053711 250.1736297607422 0.0017455673078075051
-38.5605354309082 250.173583984375 0.0017480850219726562
-38.44003677368164 250.1736297607422 0.0017555617960169911
-38.32313537597656 250.17352294921875 0.0017533493228256702
-38.20939254760742 250.173583984375 0.0017576598329469562
-38.09846496582031 250.17352294921875 0.00175895681604743
-37.99005126953125 250.173583984375 0.0017580031417310238
-37.88389205932617 250.17352294921875 0.0017553329234942794
-37.779747009277344 250.173583984375 0.0017514037899672985
-37.67738342285156 250.17352294921875 0.0017467498546466231
-37.576595306396484 250.173583984375 0.001741714426316321
-37.4771614074707 250.17352294921875 0.0017362594371661544
-37.37887954711914 250.173583984375 0.0017308044480159879
-37.28153991699219 250.17352294921875 0.0017250442178919911
-37.18494415283203 250.173583984375 0.001719245919957757
-37.088890075683594 250.17352294921875 0.001713447505608201
-36.993186950683594 250.173583984375 0.0017076110234484076
-36.89762878417969 250.17352294921875 0.0017016219208016992
-36.802024841308594 250.173583984375 0.00169567100238055
-36.70618438720703 250.17352294921875 0.0016899489564821124
-36.60991668701172 250.173583984375 0.0016840744065120816
-36.51302719116211 250.17352294921875 0.0016783904284238815
-36.41532897949219 250.173583984375 0.0016728210030123591
-36.31663513183594 250.17352294921875 0.0016672896454110742
-36.21675109863281 250.173583984375 0.0016615295317023993
-36.11548614501953 250.17352294921875 0.0016557693015784025
-36.01266098022461 250.173583984375 0.001650161691941321
-35.908077239990234 250.17352294921875 0.0016442870255559683
-35.80155944824219 250.173583984375 0.0016387938521802425
-35.69292068481445 250.17352294921875 0.0016333007952198386
-35.581974029541016 250.173583984375 0.0016277694376185536
-35.46854019165039 250.17352294921875 0.001622276264242828
-35.35243225097656 250.173583984375 0.0016168593429028988
-35.23347854614258 250.17352294921875 0.0016114425379782915
-35.11149597167969 250.173583984375 0.0016059493646025658
-34.98630905151367 250.17352294921875 0.0016004180070012808
-34.85773849487305 250.173583984375 0.0015950393863022327
-34.72562026977539 250.17352294921875 0.0015895842807367444
-34.58977127075195 250.173583984375 0.0015843581641092896
-34.45002746582031 250.17352294921875 0.0015791320474818349
-34.30622100830078 250.17356872558594 0.001574020367115736
-34.15817642211914 250.17352294921875 0.0015685653779655695
-34.005733489990234 250.17356872558594 0.001563339144922793
-33.848716735839844 250.17352294921875 0.0015583800850436091
-33.686973571777344 250.17356872558594 0.001553344656713307
-33.52033233642578 250.17355346679688 0.0015484618488699198
-33.3486328125 250.17356872558594 0.001543502788990736
-33.17170715332031 250.17355346679688 0.0015385817969217896
-32.9893913269043 250.17356872558594 0.0015333556802943349
-32.801513671875 250.17355346679688 0.0015283966204151511
-32.60791778564453 250.17356872558594 0.0015234756283462048
-32.40895462036133 250.17355346679688 0.0015221786452457309
-32.207523345947266 250.17356872558594 0.0015376281226053834
-32.00661849975586 250.17355346679688 0.001568756066262722
-31.807851791381836 250.17356872558594 0.0016064452938735485
-31.6120662689209 250.17355346679688 0.0016434097196906805
-31.41969108581543 250.17356872558594 0.001676101703196764
-31.23093032836914 250.17355346679688 0.0017032623291015625
-31.045854568481445 250.17356872558594 0.0017244720365852118
-30.86446762084961 250.17355346679688 0.0017404556274414062
-30.686737060546875 250.17356872558594 0.0017522048437967896
-30.512611389160156 250.17355346679688 0.0017607497284188867
-30.34202003479004 250.17356872558594 0.0017666625790297985
-30.174901962280273 250.17355346679688 0.0017705154605209827
-30.01119613647461 250.17356872558594 0.0017729186220094562
-29.850830078125 250.17355346679688 0.0017743682255968451
-29.69374656677246 250.17356872558594 0.0017746734665706754
-29.539875030517578 250.17352294921875 0.001774482661858201
-29.389162063598633 250.17356872558594 0.0017737578600645065
-29.24154281616211 250.17352294921875 0.0017729568062350154
-29.09695816040039 250.17356872558594 0.001771850511431694
-28.955350875854492 250.17352294921875 0.001770667964592576
-28.816667556762695 250.17356872558594 0.0017691802931949496
-28.68083953857422 250.17352294921875 0.001767654437571764
-28.54781150817871 250.17356872558594 0.0017660140292719007
-28.41752815246582 250.17352294921875 0.0017642593011260033
-28.289934158325195 250.17356872558594 0.0017626570770516992
-28.16496467590332 250.17352294921875 0.0017610931536182761
-28.042572021484375 250.17356872558594 0.0017595291137695312
-27.922706604003906 250.17352294921875 0.0017580031417310238
-27.805309295654297 250.17356872558594 0.0017564392182976007
-27.690336227416992 250.17352294921875 0.0017548751784488559
-27.577733993530273 250.17356872558594 0.0017532729543745518
-27.467451095581055 250.17352294921875 0.001751708914525807
-27.36075782775879 250.173583984375 0.0017574691446498036
-27.257673263549805 250.17352294921875 0.001763153006322682
-27.157690048217773 250.173583984375 0.0017655944684520364
-27.0604190826416 250.17352294921875 0.0017647934146225452
-26.965543746948242 250.173583984375 0.0017617415869608521
-26.872777938842773 250.17352294921875 0.0017570113996043801
-26.781869888305664 250.173583984375 0.0017518233507871628
-26.692584991455078 250.17352294921875 0.0017458343645557761
-26.604705810546875 250.173583984375 0.0017399978823959827
-26.51801872253418 250.17352294921875 0.001733703538775444
-26.432308197021484 250.173583984375 0.0017274093115702271
-26.34737205505371 250.17352294921875 0.0017211532685905695
-26.263004302978516 250.173583984375 0.0017149352934211493
-26.17900848388672 250.17352294921875 0.0017088317545130849
-26.095191955566406 250.173583984375 0.0017028426518663764
-26.011363983154297 250.17352294921875 0.001696853549219668
-25.92734146118164 250.173583984375 0.0016911315033212304
-25.84292984008789 250.17352294921875 0.001685409457422793
-25.757951736450195 250.173583984375 0.0016798400320112705
-25.672224044799805 250.17352294921875 0.0016741943545639515
-25.585573196411133 250.173583984375 0.0016687011811882257
-25.497812271118164 250.17352294921875 0.0016632080078125
-25.408761978149414 250.173583984375 0.0016577148344367743
-25.318233489990234 250.17352294921875 0.0016521834768354893
-25.226043701171875 250.173583984375 0.0016466522356495261
-25.131254196166992 250.17355346679688 0.001636238070204854
-25.0336856842041 250.173583984375 0.0016282271826639771
-24.935461044311523 250.17355346679688 0.0016318130074068904
-24.837759017944336 250.173583984375 0.0016434097196906805
-24.741222381591797 250.17355346679688 0.0016582870157435536
-24.646207809448242 250.173583984375 0.0016731643117964268
-24.55289077758789 250.17355346679688 0.0016862486954778433
-24.461349487304688 250.173583984375 0.0016973114106804132
-24.37160873413086 250.17355346679688 0.001705818111076951
-24.283674240112305 250.173583984375 0.0017122267745435238
-24.19752311706543 250.17355346679688 0.0017171477666124701
-24.113134384155273 250.173583984375 0.00172080984339118
-24.03048324584961 250.17355346679688 0.0017230224329978228
-23.94952392578125 250.173583984375 0.0017245864728465676
-23.87023162841797 250.17355346679688 0.0017255019629374146
-23.794416427612305 250.1736297607422 0.0017361450009047985
-23.72222328186035 250.17355346679688 0.001746711670421064
-23.653060913085938 250.1736297607422 0.0017528152093291283
-23.586469650268555 250.17355346679688 0.001754341064952314
-23.52204704284668 250.1736297607422 0.0017525481525808573
-23.459430694580078 250.17355346679688 0.0017482375260442495
-23.398212432861328 250.1736297607422 0.0017416762420907617
-23.33767318725586 250.17355346679688 0.0017319488106295466
-23.27766227722168 250.17361450195312 0.0017229461809620261
-23.21807098388672 250.17355346679688 0.0017148589249700308
-23.15874671936035 250.17361450195312 0.001707801828160882
-23.099523544311523 250.17355346679688 0.0017013167962431908
-23.04022216796875 250.17361450195312 0.0016950225690379739
-22.980669021606445 250.17355346679688 0.0016888808459043503
-22.920690536499023 250.17361450195312 0.0016832351684570312
-22.860118865966797 250.17355346679688 0.0016777419950813055
-22.79880142211914 250.17361450195312 0.0016724395100027323
-22.73659896850586 250.17355346679688 0.0016672133933752775
-22.673376083374023 250.17361450195312 0.0016624832060188055
-22.608983993530273 250.17355346679688 0.0016578292706981301
-22.5430850982666 250.17361450195312 0.0016523360973224044
-22.475624084472656 250.17355346679688 0.0016473769210278988
-22.406558990478516 250.17361450195312 0.001643333351239562
-22.33589744567871 250.17355346679688 0.0016402053879573941
-22.263463973999023 250.17361450195312 0.0016367720672860742
-22.18897247314453 250.17355346679688 0.0016323851887136698
-22.112247467041016 250.17361450195312 0.0016278456896543503
-22.033145904541016 250.17355346679688 0.0016228103777393699
-21.951662063598633 250.17361450195312 0.0016191101167351007
-21.867855072021484 250.17355346679688 0.0016162871615961194
-21.781396865844727 250.17361450195312 0.0016126250848174095
-21.69197654724121 250.17355346679688 0.0016076278407126665
-21.599332809448242 250.17361450195312 0.0016020202310755849
-21.503231048583984 250.17355346679688 0.0015958022559061646
-21.403467178344727 250.17361450195312 0.001589546212926507
-21.299842834472656 250.17356872558594 0.00158348074182868
-21.192012786865234 250.17361450195312 0.001576232840307057
-21.080236434936523 250.17356872558594 0.0015730285085737705
-20.967166900634766 250.17361450195312 0.0015843963483348489
-20.854394912719727 250.17356872558594 0.0016049956902861595
-20.742801666259766 250.17361450195312 0.001628875732421875
-20.63287353515625 250.17356872558594 0.0016519164200872183
-20.52484893798828 250.17361450195312 0.0016719435807317495
-20.41905403137207 250.1759490966797 0.0016977691557258368
-20.315641403198242 250.18124389648438 0.0017324829241260886
-20.214231491088867 250.18397521972656 0.001742515480145812
-20.114845275878906 250.1849822998047 0.0017349624540656805
-20.017473220825195 250.18568420410156 0.001735687255859375
-19.92209243774414 250.1864013671875 0.001736869802698493
-19.830224990844727 250.18702697753906 0.0017459106165915728
-19.741960525512695 250.18768310546875 0.0017541884444653988
-19.656755447387695 250.18821716308594 0.0017582321306690574
-19.57423210144043 250.1888885498047 0.0017586898757144809
-19.49407958984375 250.1894073486328 0.001756858779117465
-19.41596221923828 250.19007873535156 0.0017527389572933316
-19.339595794677734 250.1905059814453 0.0017475509084761143
-19.264732360839844 250.19107055664062 0.001741599990054965
-19.19112777709961 250.19149780273438 0.001735267578624189
-19.11855125427246 250.19204711914062 0.0017290115356445312
-19.04677391052246 250.19247436523438 0.0017225646879523993
-18.97557258605957 250.19302368164062 0.0017160414718091488
-18.904722213745117 250.19345092773438 0.0017095947405323386
-18.834009170532227 250.19400024414062 0.0017030334565788507
-18.76321792602539 250.19442749023438 0.0016965484246611595
-18.69214630126953 250.19497680664062 0.0016901397611945868
-18.62058448791504 250.19540405273438 0.0016838073497638106
-18.54833984375 250.19595336914062 0.0016775893745943904
-18.475221633911133 250.19638061523438 0.0016714095836505294
-18.40105628967285 250.1969451904297 0.0016656112857162952
-18.325679779052734 250.19741821289062 0.0016599654918536544
-18.24894142150879 250.19802856445312 0.0016545867547392845
-18.170692443847656 250.19851684570312 0.0016493606381118298
-18.090803146362305 250.19915771484375 0.0016447067027911544
-18.009273529052734 250.19967651367188 0.0016408920055255294
-17.92508888244629 250.20030212402344 0.0016312026418745518
-17.837804794311523 250.2008514404297 0.0016225813888013363
-17.74958038330078 250.20147705078125 0.0016256332164630294
-17.66162109375 250.2020263671875 0.0016368102515116334
-17.574798583984375 250.20477294921875 0.0016592788742855191
-17.489391326904297 250.20692443847656 0.0016813658876344562
-17.407272338867188 250.20797729492188 0.0016986083937808871
-17.328678131103516 250.20872497558594 0.001716995146125555
-17.253063201904297 250.2095489501953 0.0017305755754932761
-17.18000030517578 250.21017456054688 0.0017380905337631702
-17.109142303466797 250.21090698242188 0.0017406463157385588
-17.04018211364746 250.21153259277344 0.0017400359502062201
-16.972835540771484 250.21229553222656 0.0017372131114825606
-16.906829833984375 250.21286010742188 0.0017328262329101562
-16.84189224243164 250.21353149414062 0.0017274855636060238
-16.77774429321289 250.2140350341797 0.0017213057726621628
-16.71408462524414 250.21470642089844 0.0017144775483757257
-16.650623321533203 250.2152099609375 0.0017072295304387808
-16.587066650390625 250.21585083007812 0.001699485699646175
-16.52314567565918 250.2163848876953 0.0016919707413762808
-16.458829879760742 250.21702575683594 0.0016853332053869963
-16.394023895263672 250.2175750732422 0.0016798018477857113
-16.328622817993164 250.21826171875 0.0016747283516451716
-16.26241683959961 250.21885681152344 0.0016699217958375812
-16.19405746459961 250.21961975097656 0.0016580581432208419
-16.12344741821289 250.2202606201172 0.001648712088353932
-16.05158042907715 250.22097778320312 0.001830520574003458
-15.98238754272461 250.2214813232422 0.001725158654153347
-15.915589332580566 250.2220001220703 0.0016836547292768955
-15.851503372192383 250.22251892089844 0.0016773986862972379
-15.788752555847168 250.2230682373047 0.0016773223178461194
-15.727919578552246 250.22352600097656 0.0016856384463608265
-15.667994499206543 250.22409057617188 0.001689910888671875
-15.609644889831543 250.22457885742188 0.001697540283203125
-15.551688194274902 250.22509765625 0.0016981506487354636
-15.492897987365723 250.22569274902344 0.0016902160132303834
-15.43299388885498 250.2263641357422 0.001681747380644083
-15.373249053955078 250.2270050048828 0.0016804885817691684
-15.313909530639648 250.22767639160156 0.001681861816905439
-15.255542755126953 250.2283172607422 0.0016867828089743853
-15.198039054870605 250.22900390625 0.0016909789992496371
-15.141735076904297 250.22964477539062 0.0016960524953901768
-15.087851524353027 250.2302703857422 0.0017067717853933573
-15.037320137023926 250.230712890625 0.0017213821411132812
-14.98878288269043 250.2312469482422 0.0017272186232730746
-14.942872047424316 250.23167419433594 0.0017334746662527323
-14.898293495178223 250.232177734375 0.0017316817538812757
-14.855622291564941 250.23257446289062 0.0017322158673778176
-14.813661575317383 250.2329864501953 0.0017259978922083974
-14.770357131958008 250.23475646972656 0.0017134856898337603
-14.725539207458496 250.2377471923828 0.001706352224573493
-14.680500984191895 250.24081420898438 0.0017034912016242743
-14.635546684265137 250.24400329589844 0.001700553810223937
-14.591248512268066 250.24717712402344 0.0017000198131427169
-14.547809600830078 250.25167846679688 0.0017050933092832565
-14.505501747131348 250.25706481933594 0.001715431222692132
-14.463902473449707 250.26263427734375 0.0017183303134515882
-14.423246383666992 250.26817321777344 0.0017184829339385033
-14.383118629455566 250.27137756347656 0.0018330764723941684
-14.3441162109375 250.27276611328125 0.0017162322765216231
-14.30573844909668 250.27407836914062 0.0016558837378397584
-14.26992416381836 250.27517700195312 0.0016450118273496628
-14.235607147216797 250.27633666992188 0.001648979145102203
-14.203181266784668 250.27734375 0.0016621779650449753
-14.17160415649414 250.27835083007812 0.0016715240199118853
-14.139707565307617 250.27940368652344 0.0016732787480577826
-14.10704517364502 250.28050231933594 0.0016710662748664618
-14.074498176574707 250.28155517578125 0.0016728972550481558
-14.042084693908691 250.28265380859375 0.0016753387171775103
-14.010265350341797 250.28370666503906 0.001679649343714118
-13.978836059570312 250.28480529785156 0.0016827010549604893
-13.949563980102539 250.28565979003906 0.0017871474847197533
-13.921797752380371 250.28662109375 0.0017126464517787099
-13.89564037322998 250.2873992919922 0.0016847610240802169
-13.870270729064941 250.28822326660156 0.0016748809721320868
-13.846206665039062 250.28892517089844 0.0016752242809161544
-13.822677612304688 250.2897186279297 0.00168266287073493
-13.80029296875 250.29039001464844 0.0016914367442950606
-13.778251647949219 250.2910919189453 0.0016940688947215676
-13.757080078125 250.291748046875 0.0016966246766969562
-13.73582649230957 250.29244995117188 0.0016939162742346525
-13.714898109436035 250.2931365966797 0.0016907501267269254
-13.693944931030273 250.2939453125 0.0016874694265425205
-13.672337532043457 250.29466247558594 0.0016827010549604893
-13.650235176086426 250.29537963867188 0.0016783523606136441
-13.62679672241211 250.29617309570312 0.0016693496145308018
-13.601612091064453 250.29701232910156 0.0016593169420957565
-13.576228141784668 250.2978515625 0.0016602706164121628
-13.548516273498535 250.298828125 0.0016502761282026768
-13.520084381103516 250.29969787597656 0.0016494368901476264
-13.489130973815918 250.30081176757812 0.001642417861148715
-13.455899238586426 250.30197143554688 0.0016342544695362449
-13.421005249023438 250.30316162109375 0.0016303634038195014
-13.382537841796875 250.30447387695312 0.0018446730682626367
-13.341437339782715 250.30587768554688 0.0017684554914012551
-13.297971725463867 250.307373046875 0.001715812599286437
-13.25301742553711 250.30882263183594 0.0016868972452357411
-13.205605506896973 250.31040954589844 0.0016618346562609076
-13.156234741210938 250.31204223632812 0.0016475677257403731
-13.10306453704834 250.3137969970703 0.0016279601259157062
-13.0470552444458 250.31565856933594 0.0016161346575245261
-12.98688793182373 250.3176727294922 0.0016016769222915173
-12.923274040222168 250.31976318359375 0.0015924453036859632
-12.855297088623047 250.32200622558594 0.0015839766710996628
-12.78574275970459 250.3242645263672 0.0015902710147202015
-12.715834617614746 250.3265838623047 0.001605186378583312
-12.64644718170166 250.32882690429688 0.0016239929245784879
-12.577895164489746 250.33106994628906 0.0016421127365902066
-12.510504722595215 250.3332977294922 0.0016588210128247738
-12.444281578063965 250.33544921875 0.0016718291444703937
-12.37938404083252 250.33758544921875 0.001683311420492828
-12.317349433898926 250.33963012695312 0.0017005157424136996
-12.258420944213867 250.341552734375 0.001716079656034708
-12.201963424682617 250.34341430664062 0.001725692767649889
-12.147570610046387 250.3451690673828 0.0017303465865552425
-12.094863891601562 250.346923828125 0.0017309951363131404
-12.043548583984375 250.3485870361328 0.0017290115356445312
-11.993334770202637 250.3502655029297 0.0017253112746402621
-11.943973541259766 250.3518829345703 0.001720428466796875
-11.895207405090332 250.35345458984375 0.0017147064208984375
-11.846806526184082 250.3550262451172 0.0017084884457290173
-11.798541069030762 250.35659790039062 0.0017023086547851562
-11.750280380249023 250.35813903808594 0.0016963958041742444
-11.701861381530762 250.3596954345703 0.0016907881945371628
-11.652935981750488 250.36129760742188 0.0016841506585478783
-11.603224754333496 250.3629608154297 0.001677017193287611
-11.552472114562988 250.36460876464844 0.0016699217958375812
-11.500622749328613 250.36630249023438 0.001663856441155076
-11.447493553161621 250.36805725097656 0.0016578673385083675
-11.392935752868652 250.36984252929688 0.001652412349358201
-11.336758613586426 250.37168884277344 0.0016469191759824753
-11.278614044189453 250.3736114501953 0.0016403960762545466
-11.218244552612305 250.3755645751953 0.001635055523365736
-11.156996726989746 250.3776092529297 0.0016370010562241077
-11.095900535583496 250.379638671875 0.0016454315045848489
-11.035358428955078 250.381591796875 0.0016559219220653176
-10.97575569152832 250.383544921875 0.0016672515776008368
-10.916939735412598 250.38546752929688 0.0019691467750817537
-10.859270095825195 250.38894653320312 0.001835365197621286
-10.802953720092773 250.3938446044922 0.001768150250427425
-10.749652862548828 250.3971405029297 0.0017588043119758368
-10.699155807495117 250.39927673339844 0.0017552566714584827
-10.650984764099121 250.401123046875 0.0017538070678710938
-10.604580879211426 250.4028778076172 0.0017499541863799095
-10.55972671508789 250.404541015625 0.0017443083925172687
-10.516398429870605 250.40711975097656 0.0017383574740961194
-10.474349021911621 250.4108123779297 0.0018311309395357966
-10.433255195617676 250.41468811035156 0.0018099594162777066
-10.392788887023926 250.41854858398438 0.0017864989349618554
-10.352971076965332 250.42333984375 0.0017692947294563055
-10.310622215270996 250.42724609375 0.0017346953973174095
-10.266448974609375 250.42938232421875 0.0017045593122020364
-10.221607208251953 250.43150329589844 0.0016921615460887551
-10.176886558532715 250.4335479736328 0.0016880797920748591
-10.132545471191406 250.4356231689453 0.0016872023697942495
-10.088899612426758 250.4376678466797 0.0016888045938685536
-10.045938491821289 250.43963623046875 0.0016903304494917393
-10.00497055053711 250.44154357910156 0.0016991423908621073
-9.966423988342285 250.44332885742188 0.0017092513153329492
-9.930009841918945 250.44503784179688 0.0017167662736028433
-9.895195007324219 250.4466552734375 0.0017197799170389771
-9.861602783203125 250.4482421875 0.0017186355544254184
-9.829412460327148 250.44979858398438 0.0017182922456413507
-9.797760963439941 250.45138549804688 0.0017129515763372183
-9.767578125 250.45285034179688 0.001713561941869557
-9.737524032592773 250.45413208007812 0.0017076492076739669
-9.708264350891113 250.4554901123047 0.0017061233520507812
-9.678084373474121 250.45689392089844 0.001695175189524889
-9.647969245910645 250.45823669433594 0.0016893385909497738
-9.617977142333984 250.4596405029297 0.0016866683727130294
-9.587323188781738 250.46102905273438 0.0016803359612822533
-9.556276321411133 250.46255493164062 0.00167675013653934
-9.524201393127441 250.4640350341797 0.0016693114303052425
-9.49128532409668 250.46546936035156 0.001665840158239007
-9.456009864807129 250.467041015625 0.0016546249389648438
-9.419843673706055 250.46871948242188 0.0016515731113031507
-9.38124942779541 250.47056579589844 0.0016431426629424095
-9.341012001037598 250.4724578857422 0.001638870220631361
-9.298202514648438 250.47442626953125 0.0016303634038195014
-9.254049301147461 250.4764862060547 0.0016302489675581455
-9.207111358642578 250.47866821289062 0.0016228484455496073
-9.158852577209473 250.48089599609375 0.0016252135392278433
-9.107488632202148 250.48329162597656 0.001618080073967576
-9.054112434387207 250.48577880859375 0.001617164583876729
-8.997054100036621 250.4884490966797 0.0016075896564871073
-8.936967849731445 250.4912567138672 0.0016004180070012808
-8.873111724853516 250.49424743652344 0.0015935897827148438
-8.805578231811523 250.49742126464844 0.0015865707537159324
-8.734519004821777 250.500732421875 0.001582565251737833
-8.660277366638184 250.50421142578125 0.0015820693224668503
-8.583085060119629 250.5078125 0.0015837097307667136
-8.503172874450684 250.5115509033203 0.001586647005751729
-8.41973876953125 250.51544189453125 0.0015848540933802724
-8.332468032836914 250.51950073242188 0.0015808487078174949
-8.240900993347168 250.52378845214844 0.0015744399279356003
-8.14465618133545 250.52828979492188 0.0015659332275390625
-8.043633460998535 250.53302001953125 0.0015600585611537099
-7.9408464431762695 250.53781127929688 0.0015706252306699753
-7.837907314300537 250.54258728027344 0.00159111013635993
-7.735903263092041 250.54737854003906 0.0016160582890734076
-7.635252952575684 250.5520782470703 0.0016399765154346824
-7.536345481872559 250.5567169189453 0.0016614531632512808
-7.439209461212158 250.56126403808594 0.0016785812331363559
-7.3440093994140625 250.5657196044922 0.0016926955431699753
-7.250654220581055 250.570068359375 0.0017030715243890882
-7.159204959869385 250.57437133789062 0.0017124557634815574
-7.071169853210449 250.57847595214844 0.0017206954071298242
-6.9868340492248535 250.58241271972656 0.001732902484945953
-6.905500888824463 250.58621215820312 0.0017410278087481856
-6.826788902282715 250.58987426757812 0.001745529123581946
-6.750360012054443 250.59344482421875 0.001746597234159708
-6.675964832305908 250.596923828125 0.0017454909393563867
-6.603241443634033 250.600341796875 0.0017419052310287952
-6.531999588012695 250.60366821289062 0.001737632672302425
-6.461920738220215 250.60694885253906 0.0017319488106295466
-6.392825603485107 250.61016845703125 0.0017261123284697533
-6.324413299560547 250.61338806152344 0.001719741732813418
-6.256505489349365 250.61656188964844 0.0017134094377979636
-6.1888108253479 250.6196746826172 0.0017066573491320014
-6.121160984039307 250.622802734375 0.0017001342494040728
-6.053293228149414 250.62594604492188 0.0016933822771534324
-5.98506498336792 250.62918090820312 0.0016871643019840121
-5.91625452041626 250.6324005126953 0.0016809081425890326
-5.846760272979736 250.63563537597656 0.001674385042861104
-5.776381015777588 250.638916015625 0.0016691969940438867
-5.7050323486328125 250.64224243164062 0.0016645812429487705
-5.632517337799072 250.64561462402344 0.0016592406900599599
-5.558756351470947 250.64903259277344 0.0016547011910006404
-5.483602046966553 250.65255737304688 0.0016506194369867444
-5.40701150894165 250.65614318847656 0.0016465758671984076
-5.32867431640625 250.65980529785156 0.001642150804400444
-5.248514175415039 250.66354370117188 0.0016377639258280396
-5.166192531585693 250.66737365722656 0.0016325759934261441
-5.081615447998047 250.67132568359375 0.0016272353241220117
-4.994446754455566 250.67538452148438 0.0016216658987104893
-4.904611587524414 250.6795654296875 0.0016161727253347635
-4.811789512634277 250.6839141845703 0.001610183622688055
-4.715651512145996 250.6884307861328 0.0016023635398596525
-4.615793228149414 250.69308471679688 0.0015958022559061646
-4.514770030975342 250.69776916503906 0.0016028594691306353
-4.4139204025268555 250.7024383544922 0.0016188048757612705
-4.314167499542236 250.7071075439453 0.0016385269118472934
-4.215838432312012 250.71170043945312 0.0016576003981754184
-4.11926794052124 250.7161865234375 0.0016745757311582565
-4.0244574546813965 250.72059631347656 0.0016885375371202826
-3.9315555095672607 250.7249298095703 0.0016999816289171576
-3.840461254119873 250.72918701171875 0.0017083358252421021
-3.751268148422241 250.73336791992188 0.00171489710919559
-3.665457010269165 250.7373809814453 0.0017282103653997183
-3.583305597305298 250.74122619628906 0.0017407989362254739
-3.504197120666504 250.74490356445312 0.0017483901465311646
-3.427781581878662 250.7484588623047 0.001751708914525807
-3.353600025177002 250.7519073486328 0.0017510985489934683
-3.2814149856567383 250.75526428222656 0.0017486953875049949
-3.2108657360076904 250.75857543945312 0.00174369802698493
-3.141754388809204 250.7617950439453 0.0017383574740961194
-3.0737576484680176 250.7649688720703 0.0017321394989266992
-3.0066826343536377 250.76809692382812 0.00172618858050555
-2.9402191638946533 250.77122497558594 0.0017189024947583675
-2.874171733856201 250.7743377685547 0.0017122267745435238
-2.8082473278045654 250.7774200439453 0.001704902620986104
-2.7422661781311035 250.78050231933594 0.0016979598440229893
-2.6759777069091797 250.78363037109375 0.0016911315033212304
-2.609243631362915 250.78675842285156 0.0016847992083057761
-2.5418612957000732 250.7898712158203 0.0016785812331363559
-2.473726749420166 250.79307556152344 0.0016728210030123591
-2.4046630859375 250.7963104248047 0.0016672896454110742
-2.334591865539551 250.799560546875 0.0016624450217932463
-2.2633323669433594 250.8029022216797 0.0016577148344367743
-2.190744161605835 250.80630493164062 0.0016533660236746073
-2.1166276931762695 250.8097381591797 0.0016483687795698643
-2.040947437286377 250.8132781982422 0.0016444396460428834
-1.9636094570159912 250.8168487548828 0.00164031982421875
-1.8845596313476562 250.82049560546875 0.001637153560295701
-1.8034425973892212 250.8242645263672 0.0016327284974977374
-1.720126748085022 250.828125 0.0016278838738799095
-1.6342514753341675 250.8320770263672 0.001621894771233201
-1.5457240343093872 250.836181640625 0.0016165160341188312
-1.4542126655578613 250.84042358398438 0.0016103744274005294
-1.3596504926681519 250.8448028564453 0.0016049194382503629
-1.2617255449295044 250.849365234375 0.00159873953089118
-1.1603821516036987 250.8540802001953 0.0015932845417410135
-1.0553193092346191 250.8589324951172 0.0015873336233198643
-0.9463378190994263 250.86399841308594 0.0015806579031050205
-0.8335821628570557 250.86923217773438 0.0015777206281200051
-0.7197521924972534 250.87451171875 0.0015893173404037952
-0.6062662601470947 250.87977600097656 0.0016098784981295466
-0.4940853714942932 250.88497924804688 0.001633872976526618
-0.38355499505996704 250.89010620117188 0.0016559219220653176
-0.2751084566116333 250.89747619628906 0.0018788528395816684
-0.1688290387392044 250.9077911376953 0.001719245919957757
-0.06601245701313019 250.915771484375 0.0016773223178461194
0.03340122103691101 250.92166137695312 0.0016662979032844305
0.12972491979599 250.92703247070312 0.001671752892434597
0.22344738245010376 250.93215942382812 0.0016847228398546576
0.3147839307785034 250.93711853027344 0.0016986846458166838
0.4041168987751007 250.9419708251953 0.001708450261503458
0.4915958344936371 250.9467315673828 0.0017155074747279286
0.5775556564331055 250.951416015625 0.0017186736222356558
0.6621218919754028 250.9560089111328 0.001720008789561689
0.7456063032150269 250.9605255126953 0.0017187499906867743
0.8280801177024841 250.9650115966797 0.0017167282057926059
0.9098350405693054 250.96942138671875 0.0017132568173110485
0.9909902811050415 250.97381591796875 0.0017092513153329492
1.071822166442871 250.97821044921875 0.001704368507489562
1.1524561643600464 250.98260498046875 0.001699752756394446
1.2332077026367188 250.98699951171875 0.0016939162742346525
1.3141438961029053 250.99139404296875 0.0016888427780941129
1.3955498933792114 250.99578857421875 0.0016830062959343195
1.4775135517120361 251.000244140625 0.0016778182471171021
1.5603135824203491 251.00474548339844 0.0016721724532544613
1.6440147161483765 251.00929260253906 0.0016673278296366334
1.7289093732833862 251.01390075683594 0.0016617965884506702
1.8150697946548462 251.01858520507812 0.0016568755963817239
1.90280020236969 251.02333068847656 0.0016510391142219305
1.992173671722412 251.0281982421875 0.0016459274338558316
2.083498477935791 251.03314208984375 0.001639785710722208
2.176844358444214 251.03819274902344 0.0016344451578333974
2.272519111633301 251.04339599609375 0.0016287993639707565
2.3705883026123047 251.0487060546875 0.0016234969953075051
2.471355438232422 251.05416870117188 0.0016178512014448643
2.5748815536499023 251.05978393554688 0.0016126250848174095
2.6814653873443604 251.06558227539062 0.001606903038918972
2.791165351867676 251.071533203125 0.0016014480497688055
2.9042816162109375 251.0776824951172 0.0015981292817741632
3.0208659172058105 251.08401489257812 0.0015940857119858265
3.1412060260772705 251.09054565429688 0.001588363666087389
3.265359401702881 251.09730529785156 0.0015828704927116632
3.3936073780059814 251.104248046875 0.0015767669538035989
3.5260097980499268 251.11146545410156 0.0015712737804278731
3.662839889526367 251.11886596679688 0.0015657043550163507
3.8041603565216064 251.12655639648438 0.0015603636857122183
3.950235605239868 251.13449096679688 0.0015548706287518144
4.101128578186035 251.14268493652344 0.0015499114524573088
4.2570977210998535 251.1511688232422 0.001544418279081583
4.418210506439209 251.159912109375 0.0015397262759506702
4.584715366363525 251.16896057128906 0.0015346144791692495
4.756686687469482 251.1782989501953 0.0015299224760383368
4.934368133544922 251.1879425048828 0.001524696359410882
5.117846965789795 251.19790649414062 0.0015198135515674949
5.307374000549316 251.20819091796875 0.0015146255027502775
5.50303316116333 251.2188262939453 0.0015098571311682463
5.704974174499512 251.22979736328125 0.0015053176321089268
5.913254737854004 251.24110412597656 0.0015012358780950308
6.127541542053223 251.25274658203125 0.0015002822037786245
6.344768047332764 251.26454162597656 0.0015175247099250555
6.5615973472595215 251.2763214111328 0.001552047673612833
6.776155948638916 251.28797912597656 0.0015941619640216231
6.987518787384033 251.29945373535156 0.0016355132684111595
7.195138454437256 251.3107147216797 0.0016724776942282915
7.39882230758667 251.32177734375 0.0017028808360919356
7.598412990570068 251.33261108398438 0.0017271804390475154
7.7939772605896 251.34323120117188 0.0017453002510592341
7.985509872436523 251.35362243652344 0.00175895681604743
8.173150062561035 251.3638153076172 0.0017682646866887808
8.356904983520508 251.37380981445312 0.0017749023390933871
8.536928176879883 251.38357543945312 0.0017784881638363004
8.713226318359375 251.3931427001953 0.0017813110025599599
8.885955810546875 251.4025115966797 0.0017823409289121628
9.05511474609375 251.41171264648438 0.0017830657307058573
9.220856666564941 251.4207000732422 0.0017821502406150103
9.383159637451172 251.42950439453125 0.0017816161271184683
9.542191505432129 251.43814086914062 0.0017802428919821978
9.69791316986084 251.44659423828125 0.0017794036539271474
9.850492477416992 251.4548797607422 0.0017776107415556908
9.999876976013184 251.46298217773438 0.0017763900104910135
10.146239280700684 251.47093200683594 0.0017745590303093195
10.289532661437988 251.47869873046875 0.001773147494532168
10.429922103881836 251.486328125 0.0017710112733766437
10.567361831665039 251.49378967285156 0.0017697142902761698
10.702018737792969 251.50108337402344 0.0017674636328592896
10.833845138549805 251.5082550048828 0.0017660522134974599
10.963003158569336 251.51524353027344 0.0017641830490902066
11.089442253112793 251.52212524414062 0.0017626190092414618
11.213323593139648 251.5288543701172 0.0017607116606086493
11.334596633911133 251.5354461669922 0.0017594527453184128
11.453417778015137 251.5419158935547 0.0017574309604242444
11.569732666015625 251.5482177734375 0.0017561721615493298
11.683699607849121 251.55441284179688 0.0017542648129165173
11.795263290405273 251.56044006347656 0.0017529678298160434
11.904576301574707 251.5663604736328 0.0017509841127321124
12.011580467224121 251.57215881347656 0.0017496871296316385
12.116429328918457 251.57785034179688 0.0017480086535215378
12.219059944152832 251.5834197998047 0.0017470549792051315
12.319624900817871 251.58888244628906 0.0017453384352847934
12.418061256408691 251.59423828125 0.0017443847609683871
12.514518737792969 251.59947204589844 0.001742629916407168
12.60893440246582 251.60458374023438 0.001741714426316321
12.701452255249023 251.60960388183594 0.0017401123186573386
12.792007446289062 251.61453247070312 0.0017390442080795765
12.880746841430664 251.61932373046875 0.0017374037997797132
12.967601776123047 251.62405395507812 0.001736335689201951
13.052715301513672 251.628662109375 0.0017348480178043246
13.136021614074707 251.63319396972656 0.0017340087797492743
13.217658042907715 251.6376190185547 0.0017325591761618853
13.297557830810547 251.64195251464844 0.0017318343743681908
13.375863075256348 251.64620971679688 0.0017304992070421576
13.452497482299805 251.650390625 0.0017295837169513106
13.527602195739746 251.65444946289062 0.0017281722975894809
13.601102828979492 251.65843200683594 0.0017273330595344305
13.673139572143555 251.66233825683594 0.0017262267647311091
13.743637084960938 251.66615295410156 0.0017255401471629739
13.812731742858887 251.6698760986328 0.0017243194160982966
13.880349159240723 251.67356872558594 0.001723709050565958
13.94661808013916 251.67718505859375 0.0017224120674654841
14.011469841003418 251.68069458007812 0.0017216490814462304
14.075034141540527 251.6841278076172 0.0017205047188326716
14.13723373413086 251.68753051757812 0.0017199325375258923
14.196663856506348 251.68946838378906 0.00173187255859375
14.254324913024902 251.6894989013672 0.0017449951265007257
14.314040184020996 251.6891326904297 0.001733322162181139
14.379679679870605 251.68861389160156 0.0016931532882153988
14.457489967346191 251.6879119873047 0.0016214370261877775
14.548528671264648 251.6869659423828 0.001549949636682868
14.652974128723145 251.68576049804688 0.0014897155342623591
14.770462036132812 251.6842498779297 0.0014444350963458419
14.90234661102295 251.68223571777344 0.0014033126644790173
15.04901123046875 251.6797637939453 0.0013684844598174095
15.211048126220703 251.6767120361328 0.0013384628109633923
15.387909889221191 251.67303466796875 0.0013176726642996073
15.579233169555664 251.6686248779297 0.0013045500963926315
15.784703254699707 251.66458129882812 0.0012938689906150103
16.004032135009766 251.66030883789062 0.0012845611199736595
16.237031936645508 251.6553192138672 0.0012808990431949496
16.483572006225586 251.64962768554688 0.0012812423519790173
16.74353790283203 251.6432342529297 0.0015287779970094562
17.012401580810547 251.63735961914062 0.001634521409869194
17.28365707397461 251.63165283203125 0.0016896056476980448
17.560867309570312 251.62570190429688 0.0016985320253297687
17.846179962158203 251.61941528320312 0.001681747380644083
18.14301872253418 251.61338806152344 0.0016402434557676315
18.456113815307617 251.60739135742188 0.0015865707537159324
18.779735565185547 251.60137939453125 0.0015646362444385886
19.114696502685547 251.5963592529297 0.001551399240270257
19.462257385253906 251.5920867919922 0.0015413283836096525
19.822582244873047 251.5880584716797 0.0015286635607481003
20.19648551940918 251.58416748046875 0.0015118407318368554
20.583786010742188 251.58042907714844 0.0014967345632612705
20.985002517700195 251.57681274414062 0.0014821623917669058
21.39961814880371 251.5733184814453 0.0014722823398187757
21.82795524597168 251.56982421875 0.0014639663277193904
22.26958465576172 251.56637573242188 0.0014588928315788507
22.724891662597656 251.5630645751953 0.0014542769640684128
23.193552017211914 251.56021118164062 0.001452712924219668
23.67593002319336 251.5577850341797 0.0014526748564094305
24.17177391052246 251.55555725097656 0.0014528274768963456
24.681554794311523 251.5535430908203 0.0014492797199636698
25.20534324645996 251.5517120361328 0.001444969093427062
25.74311637878418 251.55003356933594 0.0014415740733966231
26.294189453125 251.54844665527344 0.0014422988751903176
26.85820960998535 251.54696655273438 0.0014454269548878074
27.43473243713379 251.5455780029297 0.001450614887289703
28.023500442504883 251.54443359375 0.0014574432279914618
28.624252319335938 251.54347229003906 0.0014654159313067794
29.236806869506836 251.54261779785156 0.0014722823398187757
29.861019134521484 251.54188537597656 0.0014781951904296875
30.49677085876465 251.54124450683594 0.0014830398140475154
31.143964767456055 251.54061889648438 0.0014870071318000555
31.80251121520996 251.54005432128906 0.0014907836448401213
32.47233200073242 251.53952026367188 0.0014945983421057463
33.15335464477539 251.53915405273438 0.0014982604188844562
33.84552001953125 251.53887939453125 0.0015016555553302169
34.548763275146484 251.5386199951172 0.0015043258899822831
35.26301574707031 251.5384979248047 0.0015065765473991632
35.988216400146484 251.53843688964844 0.0015089416410773993
36.724308013916016 251.53843688964844 0.001507987966760993
37.47124099731445 251.5384063720703 0.0015098571311682463
38.228946685791016 251.5384979248047 0.001511802664026618
38.997371673583984 251.53857421875 0.001514015137217939
39.77645492553711 251.53866577148438 0.0015161513583734632
40.56591796875 251.53884887695312 0.0015198135515674949
41.36433410644531 251.53903198242188 0.0015316772041842341
42.16923141479492 251.53927612304688 0.0015573501586914062
42.97762680053711 251.53956604003906 0.0015977858565747738
43.78669738769531 251.5398406982422 0.001648597652092576
44.59424591064453 251.54013061523438 0.0017032241448760033
45.3989143371582 251.54042053222656 0.0017559813568368554
46.20014953613281 251.54071044921875 0.0018010711064562201
46.99805450439453 251.541015625 0.0018355941865593195
47.79323196411133 251.5413055419922 0.0018580245086923242
48.58653259277344 251.54164123535156 0.00186920166015625
49.37887191772461 251.54196166992188 0.0018714903853833675
50.17109680175781 251.54226684570312 0.0018664931412786245
50.96384811401367 251.54258728027344 0.001857337891124189
51.75749969482422 251.54298400878906 0.0018475722754374146
52.55220031738281 251.5433807373047 0.0018387603340670466
53.347900390625 251.5437469482422 0.001831970177590847
54.1443977355957 251.54412841796875 0.0018281172960996628
54.941429138183594 251.54444885253906 0.0018265914404764771
55.73870849609375 251.5447540283203 0.001828002859838307
56.535980224609375 251.54505920410156 0.0018309402512386441
57.33306884765625 251.54530334472656 0.001834602328017354
58.12986755371094 251.54551696777344 0.0018383407732471824
58.92634582519531 251.54579162597656 0.0018410109914839268
59.72251892089844 251.54608154296875 0.0018433380173519254
60.518470764160156 251.54640197753906 0.0018445586320012808
61.31427764892578 251.54666137695312 0.0018449401250109076
62.11001968383789 251.54690551757812 0.0018445586320012808
62.9057731628418 251.54714965820312 0.0018437957623973489
63.70159149169922 251.54736328125 0.001842994592152536
64.49749755859375 251.547607421875 0.0018418884137645364
65.29351043701172 251.5478973388672 0.001841049175709486
66.089599609375 251.5482177734375 0.0018404388101771474
66.8857650756836 251.54852294921875 0.0018403243739157915
67.68196868896484 251.548828125 0.0018404006259515882
68.47817993164062 251.5491180419922 0.0018404769944027066
69.2743911743164 251.5494842529297 0.0018406294984743
70.0705795288086 251.5498809814453 0.0018410109914839268
70.86673736572266 251.5502471923828 0.0018413924844935536
71.6628646850586 251.55064392089844 0.0018415831727907062
72.45896911621094 251.551025390625 0.001841697609052062
73.25505065917969 251.55142211914062 0.001841697609052062
74.0511245727539 251.5518035888672 0.0018417357932776213
74.8471908569336 251.5522003173828 0.0018416595412418246
75.64325714111328 251.55259704589844 0.0018414687365293503
76.43933868408203 251.552978515625 0.0018413543002679944
77.23543548583984 251.55337524414062 0.0018411636119708419
78.03152465820312 251.5537567138672 0.0018412017961964011
78.82762908935547 251.5541534423828 0.0018409728072583675
79.62374877929688 251.55455017089844 0.0018411636119708419
80.41986846923828 251.554931640625 0.001841049175709486
81.21598815917969 251.55532836914062 0.0018409347394481301
82.0120849609375 251.55563354492188 0.0018410109914839268
82.80818176269531 251.55587768554688 0.0018414687365293503
83.60427856445312 251.55601501464844 0.0018421935383230448
84.4003677368164 251.55612182617188 0.0018423843430355191
85.19646453857422 251.5562286376953 0.0018422699067741632
85.9925537109375 251.5563201904297 0.0018415831727907062
86.78865051269531 251.55642700195312 0.0018414687365293503
87.58474731445312 251.5565185546875 0.0018415451049804688
88.3808364868164 251.55667114257812 0.0018412398640066385
89.17693328857422 251.55682373046875 0.0018412780482321978
89.9730224609375 251.5569305419922 0.0018412017961964011
90.76911926269531 251.55712890625 0.0018413924844935536
91.56521606445312 251.55731201171875 0.001841697609052062
92.3613052368164 251.55751037597656 0.0018416595412418246
93.15740203857422 251.55770874023438 0.0018415069207549095
93.9534912109375 251.5579071044922 0.0018415069207549095
94.74958801269531 251.55810546875 0.0018415451049804688
95.54568481445312 251.5582733154297 0.0018413924844935536
96.3417739868164 251.55848693847656 0.0018410872435197234
97.13787078857422 251.55868530273438 0.0018404769944027066
97.9339599609375 251.5588836669922 0.001840782118961215
98.73005676269531 251.55908203125 0.0018409728072583675
99.52615356445312 251.55929565429688 0.0018409728072583675
100.3222427368164 251.5595703125 0.0018415831727907062
101.11833953857422 251.55987548828125 0.0018421172862872481
101.9144287109375 251.5602264404297 0.001842079102061689
102.71052551269531 251.5605926513672 0.0018419264815747738
103.50686645507812 251.56089782714844 0.001839599572122097
104.30535888671875 251.5612030029297 0.0018257140181958675
105.10855102539062 251.56149291992188 0.001799087505787611
105.91815948486328 251.56179809570312 0.0017652511596679688
106.73535919189453 251.5620880126953 0.0017301177140325308
107.56096649169922 251.5623779296875 0.0016969679854810238
108.3955078125 251.5626678466797 0.0016673278296366334
109.23934936523438 251.56295776367188 0.0016421127365902066
110.09274291992188 251.5633544921875 0.0016209030291065574
110.95584869384766 251.56375122070312 0.001603622455149889
111.8287353515625 251.56405639648438 0.0015896224649623036
112.71147155761719 251.56434631347656 0.0015786743024364114
113.60408020019531 251.56463623046875 0.0015707015991210938
114.5065689086914 251.56494140625 0.0015640639467164874
115.41891479492188 251.56524658203125 0.0015593719435855746
116.3410873413086 251.56553649902344 0.0015561676118522882
117.2730712890625 251.5658416748047 0.0015538405859842896
118.21482849121094 251.56613159179688 0.0015525054186582565
119.16630554199219 251.56642150878906 0.001551780616864562
120.1274642944336 251.5667266845703 0.001551132183521986
121.0982666015625 251.56703186035156 0.001550979563035071
122.07865905761719 251.56732177734375 0.001551399240270257
123.068603515625 251.56761169433594 0.001551780616864562
124.06802368164062 251.56790161132812 0.0015527342911809683
125.0768814086914 251.5681915283203 0.0015536498976871371
126.09515380859375 251.56849670410156 0.001554794260300696
127.12277221679688 251.56878662109375 0.0015557479346171021
128.15968322753906 251.56907653808594 0.0015571212861686945
129.2058563232422 251.56936645507812 0.0015581893967464566
130.26123046875 251.5696563720703 0.0015594481956213713
131.3257598876953 251.56996154785156 0.0015606689266860485
132.39939880371094 251.57025146484375 0.0015620040940120816
133.48211669921875 251.57054138183594 0.0015634155133739114
134.5738067626953 251.57090759277344 0.0015455627581104636
135.6744384765625 251.57138061523438 0.0015252685407176614
136.7840118408203 251.5718231201172 0.0015254974132403731
137.90245056152344 251.57229614257812 0.0015327834989875555
139.02972412109375 251.57284545898438 0.001541786128655076
140.165771484375 251.57342529296875 0.0015502547612413764
141.3106231689453 251.5737762451172 0.0014242553152143955
142.4641571044922 251.57388305664062 0.0013185119023546576
143.62628173828125 251.5742645263672 0.0013312911614775658
144.79701232910156 251.57493591308594 0.0013757323613390326
145.97630310058594 251.57582092285156 0.001422615023329854
147.16409301757812 251.5768280029297 0.001463394146412611
148.36033630371094 251.57794189453125 0.0014958190731704235
149.56491088867188 251.57907104492188 0.0015209197299554944
150.77719116210938 251.5801544189453 0.0015436172252520919
151.995361328125 251.58114624023438 0.001571388216689229
153.21690368652344 251.58204650878906 0.0016094589373096824
154.43896484375 251.5828094482422 0.0016572570893913507
155.65916442871094 251.58343505859375 0.0017108917236328125
156.8759307861328 251.5839385986328 0.0017642974853515625
158.0885772705078 251.58436584472656 0.0018118285806849599
159.29730224609375 251.58470153808594 0.0018479919526726007
160.5028839111328 251.58493041992188 0.0018706130795180798
161.7065887451172 251.5851287841797 0.0018789672758430243
162.90977478027344 251.5852813720703 0.0018754577031359076
164.1136474609375 251.58538818359375 0.001863784738816321
165.31907653808594 251.58546447753906 0.0018479919526726007
166.52651977539062 251.58555603027344 0.0018318939255550504
167.7359161376953 251.58566284179688 0.0018190382979810238
168.9469451904297 251.5857696533203 0.0018113326514139771
170.1589813232422 251.58587646484375 0.0018096541753038764
171.371337890625 251.58604431152344 0.0018127060029655695
172.5834503173828 251.58624267578125 0.00181999197229743
173.7948455810547 251.58642578125 0.0018291091546416283
175.0052947998047 251.58660888671875 0.0018377684755250812
176.21473693847656 251.5869140625 0.0018450545612722635
177.4234161376953 251.5872039794922 0.001849594060331583
178.6315460205078 251.58749389648438 0.001851310720667243
179.83944702148438 251.58778381347656 0.0018502806778997183
181.0474395751953 251.5880584716797 0.001842231722548604
182.2557830810547 251.58837890625 0.00183696742169559
183.46456909179688 251.58872985839844 0.001835784874856472
184.673828125 251.589111328125 0.0018336486537009478
185.8834686279297 251.58950805664062 0.0018322753021493554
187.09339904785156 251.5898895263672 0.0018318557413294911
188.30345153808594 251.5902862548828 0.0018324661068618298
189.51348876953125 251.59068298339844 0.0018337249057367444
190.72337341308594 251.59112548828125 0.001835899311117828
191.9330596923828 251.59161376953125 0.0018379210960119963
193.14251708984375 251.59210205078125 0.0018396758241578937
194.3517608642578 251.59259033203125 0.0018407439347356558
195.56085205078125 251.59307861328125 0.0018412017961964011
196.7698516845703 251.593505859375 0.0018409728072583675
197.97886657714844 251.59390258789062 0.0018403243739157915
199.1879425048828 251.5943145751953 0.0018393706995993853
200.3971405029297 251.59469604492188 0.001835365197621286
201.6064453125 251.59503173828125 0.0018362808041274548
202.8158416748047 251.59539794921875 0.0018363570561632514
204.0253143310547 251.59579467773438 0.0018364334246143699
205.23480224609375 251.59616088867188 0.0018365478608757257
206.4443359375 251.59646606445312 0.0018368911696597934
207.65380859375 251.59683227539062 0.0018371200421825051
208.86328125 251.59719848632812 0.0018377684755250812
210.07264709472656 251.59759521484375 0.001838417025282979
211.28201293945312 251.5979766845703 0.0018387985182926059
212.4912872314453 251.59837341308594 0.0018388365861028433
213.7005615234375 251.59886169433594 0.001839065458625555
214.9098358154297 251.59934997558594 0.0018391036428511143
216.11911010742188 251.59983825683594 0.0018387985182926059
217.32839965820312 251.60032653808594 0.001838417025282979
218.5377655029297 251.60081481933594 0.0018383025890216231
219.7471466064453 251.60130310058594 0.0018378448439761996
220.95651245117188 251.60179138183594 0.0018378448439761996
222.1658935546875 251.60227966308594 0.0018377684755250812
223.37527465820312 251.60276794433594 0.0018378448439761996
224.5846405029297 251.60325622558594 0.001837997348047793
225.7940216064453 251.60374450683594 0.0018381881527602673
227.00338745117188 251.60423278808594 0.0018383407732471824
228.2127685546875 251.60472106933594 0.001838264404796064
229.42214965820312 251.6053924560547 0.0018133544363081455
230.6315155029297 251.60595703125 0.0018140029860660434
231.8408966064453 251.60646057128906 0.0018172073177993298
233.05026245117188 251.60687255859375 0.001820640522055328
234.2596435546875 251.60723876953125 0.0018238830380141735
235.46902465820312 251.60751342773438 0.0018270491855219007
236.6783905029297 251.60784912109375 0.0018296431517228484
237.8877716064453 251.60812377929688 0.0018317794892936945
239.09713745117188 251.60841369628906 0.0018335724016651511
240.30653381347656 251.6087188720703 0.0019014739664271474
241.51589965820312 251.60899353027344 0.0018669510027393699
242.7252655029297 251.60926818847656 0.0018438720144331455
243.9346466064453 251.60955810546875 0.0018365096766501665
245.14401245117188 251.60986328125 0.0018336104694753885
246.3533935546875 251.6101531982422 0.001833267160691321
247.56277465820312 251.61048889160156 0.0018339919624850154
248.7721405029297 251.61087036132812 0.0018349074525758624
249.9815216064453 251.61126708984375 0.0018354033818468451
251.19088745117188 251.6116485595703 0.0018361281836405396
252.4002685546875 251.61204528808594 0.0018364714924246073
253.60964965820312 251.61244201660156 0.0018370056059211493
254.8190155029297 251.6128387451172 0.0018376159714534879
256.02838134765625 251.61329650878906 0.0018380737164989114
257.2377624511719 251.61376953125 0.0018380355322733521
258.4471435546875 251.6142578125 0.0018380355322733521
259.6565246582031 251.61474609375 0.001838149968534708
260.86590576171875 251.615234375 0.0018383025890216231
262.07525634765625 251.61572265625 0.0018383407732471824
263.2846374511719 251.6162109375 0.0018365478608757257
264.4940185546875 251.61669921875 0.001837501535192132
265.7033996582031 251.6171875 0.0018379592802375555
266.91278076171875 251.61767578125 0.0018381881527602673
268.12213134765625 251.61817932128906 0.0018375777872279286
269.3315124511719 251.61866760253906 0.0018378066597506404
270.5408935546875 251.61915588378906 0.0018377304077148438
271.7502746582031 251.61964416503906 0.0018378448439761996
272.95965576171875 251.62013244628906 0.0018378066597506404
274.16900634765625 251.6205291748047 0.0018379592802375555
275.3783874511719 251.6209259033203 0.0018379592802375555
276.5877380371094 251.62118530273438 0.001814346294850111
277.7971496582031 251.62144470214844 0.0018198394682258368
279.00653076171875 251.6216583251953 0.0018242645310238004
280.21588134765625 251.62185668945312 0.0018277739873155951
281.4252624511719 251.62196350097656 0.0018305968260392547
282.6346435546875 251.62210083007812 0.0018332289764657617
283.8440246582031 251.62228393554688 0.001834182650782168
285.05340576171875 251.62245178222656 0.0018348312005400658
286.26275634765625 251.6226348876953 0.0018355941865593195
287.4721374511719 251.6228485107422 0.0018359755631536245
288.6815185546875 251.6231231689453 0.0018366622971370816
289.8908996582031 251.6234130859375 0.00183696742169559
291.10028076171875 251.6237030029297 0.0018374633509665728
292.30963134765625 251.62399291992188 0.0018377684755250812
293.5190124511719 251.6243896484375 0.001838149968534708
294.7283935546875 251.6248016357422 0.0018384552095085382
295.9377746582031 251.6251678466797 0.0018387221498414874
297.14715576171875 251.6256561279297 0.0018387603340670466
298.35650634765625 251.6261444091797 0.0018384932773187757
299.5658874511719 251.6266326904297 0.0018385696457698941
300.7752685546875 251.6271209716797 0.0018386458978056908
301.9846496582031 251.6276092529297 0.0018325805431231856
303.19403076171875 251.62803649902344 0.0018349074525758624
304.40338134765625 251.62852478027344 0.0018359374953433871
305.6127624511719 251.62901306152344 0.0018365478608757257
306.8221435546875 251.62950134277344 0.0018373107304796576
308.0315246582031 251.62998962402344 0.0018375777872279286
309.24090576171875 251.63047790527344 0.0018378448439761996
310.45025634765625 251.63096618652344 0.001837997348047793
311.6596374511719 251.63145446777344 0.0018380355322733521
312.8690185546875 251.63194274902344 0.0018380737164989114
314.0783996582031 251.63243103027344 0.001837997348047793
315.28778076171875 251.63291931152344 0.0018381117843091488
316.49713134765625 251.63340759277344 0.0018381117843091488
317.7065124511719 251.63389587402344 0.0018380355322733521
318.9158935546875 251.63438415527344 0.0018379210960119963
320.1252746582031 251.63487243652344 0.0018380737164989114
321.33465576171875 251.63536071777344 0.0018380737164989114
322.54400634765625 251.63584899902344 0.0018380737164989114
323.7533874511719 251.63633728027344 0.0018378066597506404
324.9627685546875 251.63682556152344 0.001837997348047793
326.1721496582031 251.63731384277344 0.001838149968534708
327.38153076171875 251.63780212402344 0.0018381117843091488
328.59088134765625 251.63829040527344 0.001837997348047793
329.8002624511719 251.63877868652344 0.0018381117843091488
331.0096435546875 251.63926696777344 0.0018381117843091488
332.2190246582031 251.63975524902344 0.0018381117843091488
333.42840576171875 251.64024353027344 0.001837997348047793
334.63775634765625 251.64073181152344 0.0018380355322733521
335.8471374511719 251.64122009277344 0.0018379592802375555
337.0565185546875 251.64173889160156 0.0018363952403888106
338.2658996582031 251.64231872558594 0.0018354415660724044
339.47528076171875 251.64285278320312 0.0018355941865593195
340.68463134765625 251.6433563232422 0.0018362044356763363
341.8940124511719 251.64378356933594 0.001836814801208675
343.1033935546875 251.64418029785156 0.0018376922234892845
344.3127746582031 251.6445770263672 0.001837997348047793
345.52215576171875 251.64488220214844 0.0018383788410574198
346.73150634765625 251.64517211914062 0.0018385696457698941
347.9408874511719 251.6454620361328 0.0018381881527602673
349.1502685546875 251.6456756591797 0.0018383407732471824
350.3596496582031 251.6458740234375 0.0018383788410574198
351.56903076171875 251.64610290527344 0.0018379592802375555
352.77838134765625 251.64630126953125 0.0018379210960119963
353.9877624511719 251.64649963378906 0.001837882911786437
355.1971435546875 251.64669799804688 0.001837997348047793
356.4065246582031 251.6468963623047 0.0018378448439761996
357.6158752441406 251.64707946777344 0.0018379210960119963
358.82525634765625 251.64735412597656 0.0018377684755250812
360.0346374511719 251.6476287841797 0.0018381117843091488
361.2440185546875 251.6479034423828 0.0018381117843091488
362.4533996582031 251.64825439453125 0.0018384932773187757
363.6627502441406 251.64865112304688 0.0018385696457698941
364.87213134765625 251.64901733398438 0.00183868408203125
366.0815124511719 251.6494140625 0.0018386077135801315
367.2908935546875 251.64987182617188 0.0018388747703284025
368.5002746582031 251.65036010742188 0.0018416595412418246
369.7096252441406 251.65087890625 0.0018413543002679944
370.91900634765625 251.65133666992188 0.0018366622971370816
372.1283874511719 251.65185546875 0.0018362044356763363
373.3377685546875 251.65235900878906 0.0018345260759815574
374.5471496582031 251.65292358398438 0.0018285369733348489
375.7565002441406 251.6534881591797 0.001828002859838307
376.96588134765625 251.65408325195312 0.0018294142792001367
378.1752624511719 251.6546630859375 0.0018309783190488815
379.3846435546875 251.65524291992188 0.0018321990501135588
380.5940246582031 251.6558380126953 0.0018335342174395919
381.8033752441406 251.65652465820312 0.001834602328017354
383.01275634765625 251.65719604492188 0.001835517818108201
384.2221374511719 251.6578826904297 0.0018361663678660989
385.4315185546875 251.6585693359375 0.0018367767333984375
386.6408996582031 251.6592559814453 0.00183696742169559
387.8502502441406 251.65994262695312 0.0018373107304796576
389.05963134765625 251.66061401367188 0.0018372725462540984
390.2690124511719 251.6613006591797 0.0018375396030023694
391.4783935546875 251.6619873046875 0.0018374633509665728
392.6877746582031 251.66259765625 0.0018239974742755294
393.8971252441406 251.66311645507812 0.0018281936645507812
395.10650634765625 251.6636199951172 0.0018309402512386441
396.3158874511719 251.6640625 0.0018330382881686091
397.5252685546875 251.6644744873047 0.0018349456368014216
398.7346496582031 251.664794921875 0.0018362044356763363
399.9440002441406 251.6650848388672 0.0018374251667410135
401.15338134765625 251.66534423828125 0.001837997348047793
402.3627624511719 251.66554260253906 0.0018384552095085382
403.5721435546875 251.66574096679688 0.0018386077135801315
404.7815246582031 251.66587829589844 0.0018388365861028433
405.9908752441406 251.6659698486328 0.0018387985182926059
407.20025634765625 251.666015625 0.0018328475998714566
408.4096374511719 251.66603088378906 0.0018333815969526768
409.6190185546875 251.66603088378906 0.001834182650782168
410.8283996582031 251.6660919189453 0.0018350600730627775
412.0377502441406 251.66616821289062 0.0018354797502979636
413.24713134765625 251.66624450683594 0.0018366622971370816
414.4565124511719 251.6663360595703 0.0018373489147052169
415.6658935546875 251.66651916503906 0.0018378066597506404
416.8752746582031 251.66668701171875 0.0018378448439761996
418.0846252441406 251.66688537597656 0.0018383407732471824
419.29400634765625 251.66709899902344 0.0018357466906309128
420.5033874511719 251.66729736328125 0.001836700364947319
421.7127685546875 251.6675567626953 0.0018371200421825051
422.9221496582031 251.66790771484375 0.0018277739873155951
424.1315002441406 251.66827392578125 0.0018286514095962048
425.34088134765625 251.66867065429688 0.001830520574003458
426.5502624511719 251.66903686523438 0.0018321608658879995
427.7594299316406 251.66943359375 0.0018208693945780396
428.9686584472656 251.6697235107422 0.001819610595703125
430.17803955078125 251.67001342773438 0.001821823068894446
431.3874206542969 251.67030334472656 0.0018249511485919356
432.5968017578125 251.67059326171875 0.0018277739873155951
433.80615234375 251.67092895507812 0.001830367953516543
435.0155334472656 251.67127990722656 0.0018325041746720672
436.22491455078125 251.6716766357422 0.0018339919624850154
437.4342956542969 251.67205810546875 0.0018313216278329492
438.6436767578125 251.67251586914062 0.001831817557103932
439.85302734375 251.6729278564453 0.0018330382881686091
441.0624084472656 251.67330932617188 0.0018342208350077271
442.27178955078125 251.67364501953125 0.001825637766160071
443.4811706542969 251.67396545410156 0.0018301390809938312
444.6905517578125 251.67425537109375 0.0018320464296266437
445.89990234375 251.67446899414062 0.0018104171613231301
447.1092834472656 251.67466735839844 0.001815528841689229
448.31866455078125 251.67495727539062 0.001820106408558786
449.5280456542969 251.67530822753906 0.0018237304175272584
450.7374267578125 251.6757354736328 0.0018266676925122738
451.94677734375 251.67620849609375 0.0018291473388671875
453.1561584472656 251.67678833007812 0.001831703120842576
454.36553955078125 251.6774139404297 0.0018339537782594562
455.5749206542969 251.6781005859375 0.001835632254369557
456.7843017578125 251.6787872314453 0.0018366241129115224
457.99365234375 251.67947387695312 0.0018371581099927425
459.2030334472656 251.68017578125 0.0018376540392637253
460.41241455078125 251.6809539794922 0.001837882911786437
461.6217956542969 251.68173217773438 0.001837882911786437
462.8311767578125 251.68251037597656 0.0018382262205705047
464.04052734375 251.68328857421875 0.0018381881527602673
465.2499084472656 251.68408203125 0.001837997348047793
466.45928955078125 251.6848602294922 0.0018379592802375555
467.6686706542969 251.68563842773438 0.0018376540392637253
468.8780212402344 251.68641662597656 0.0018378448439761996
470.08740234375 251.68714904785156 0.0018376922234892845
471.2967834472656 251.68785095214844 0.0018376540392637253
472.50616455078125 251.6885223388672 0.0018378448439761996
473.7155456542969 251.689208984375 0.0018378448439761996
474.9248962402344 251.68988037109375 0.0018377304077148438
476.13427734375 251.69046020507812 0.0018382262205705047
477.3436584472656 251.69107055664062 0.0018383788410574198
478.55303955078125 251.691650390625 0.0018385314615443349
479.7624206542969 251.6922149658203 0.001838264404796064
480.9717712402344 251.6927032470703 0.0018384552095085382
482.18115234375 251.6931915283203 0.0018384932773187757
483.3905334472656 251.6936492919922 0.0018365478608757257
484.59991455078125 251.69406127929688 0.0018378066597506404
485.8092956542969 251.69447326660156 0.00183868408203125
487.0186462402344 251.69485473632812 0.0018387603340670466
488.22802734375 251.69520568847656 0.00183868408203125
489.4374084472656 251.69549560546875 0.0018387221498414874
490.64678955078125 251.69580078125 0.0018386077135801315
491.8561706542969 251.6960906982422 0.0018384932773187757
493.0655212402344 251.6963653564453 0.0018384552095085382
494.27490234375 251.69656372070312 0.0018386077135801315
495.4842834472656 251.69677734375 0.0018384552095085382
496.69366455078125 251.69696044921875 0.0018384552095085382
497.9030456542969 251.69715881347656 0.001838264404796064
499.1123962402344 251.69735717773438 0.0018383788410574198
500.32177734375 251.6975555419922 0.0018383025890216231
501.5311584472656 251.69775390625 0.0018383025890216231
502.74053955078125 251.69793701171875 0.0018383788410574198
503.9499206542969 251.69813537597656 0.0018383407732471824
505.1592712402344 251.69833374023438 0.001838149968534708
506.36865234375 251.6985321044922 0.0018381881527602673
507.5780334472656 251.69874572753906 0.0018380737164989114
508.78741455078125 251.698974609375 0.0018383788410574198
509.9967956542969 251.6992645263672 0.0018381881527602673
511.2061462402344 251.6995391845703 0.0018386458978056908
512.41552734375 251.69992065429688 0.0018297957722097635
513.6249389648438 251.70028686523438 0.0018313979962840676
514.8342895507812 251.70077514648438 0.0018328475998714566
516.0436401367188 251.7012481689453 0.0018342208350077271
517.2530517578125 251.7017364501953 0.001835365197621286
518.46240234375 251.70223999023438 0.0018360137473791838
519.6718139648438 251.70272827148438 0.0018364714924246073
520.8811645507812 251.70323181152344 0.00183696742169559
522.0905151367188 251.70372009277344 0.0018372725462540984
523.2999267578125 251.70419311523438 0.0018373870989307761
524.50927734375 251.7046356201172 0.0018374633509665728
525.7186889648438 251.7050323486328 0.0018373870989307761
526.9280395507812 251.70542907714844 0.0018375777872279286
528.1373901367188 251.705810546875 0.0018376540392637253
529.3468017578125 251.70620727539062 0.0018377684755250812
530.55615234375 251.7066192626953 0.0018374633509665728
531.7655639648438 251.7070770263672 0.0018378448439761996
532.9749145507812 251.70748901367188 0.0018376540392637253
534.1842651367188 251.7078857421875 0.001837997348047793
535.3936767578125 251.7082977294922 0.0018376540392637253
536.60302734375 251.70870971679688 0.0018378066597506404
537.8124389648438 251.70916748046875 0.0018379210960119963
539.0217895507812 251.70960998535156 0.0018381117843091488
540.2311401367188 251.70999145507812 0.0018381117843091488
541.4405517578125 251.71038818359375 0.0018328094156458974
542.64990234375 251.7107696533203 0.0018354033818468451
543.858642578125 251.71116638183594 0.0018412017961964011
545.0620727539062 251.71156311035156 0.0018750381423160434
546.2534790039062 251.71194458007812 0.0019449996761977673
547.4281616210938 251.71234130859375 0.002032394288107753
548.5833740234375 251.7127227783203 0.002122421283274889
549.7171630859375 251.71292114257812 0.0021669005509465933
550.8282470703125 251.7131805419922 0.0022450254764407873
551.9158935546875 251.71347045898438 0.0023107146844267845
552.9795532226562 251.71376037597656 0.002366638043895364
554.0191040039062 251.71408081054688 0.002416152972728014
555.0343017578125 251.71437072753906 0.0024497222620993853
556.025390625 251.7147216796875 0.0024612427223473787
556.992431640625 251.71548461914062 0.002444953890517354
557.9356689453125 251.71644592285156 0.0023347854148596525
558.8554077148438 251.71701049804688 0.0023380659986287355
559.7518920898438 251.71717834472656 0.002369537251070142
560.6254272460938 251.7170867919922 0.0024028015322983265
561.4764404296875 251.716796875 0.0024293516762554646
562.3057861328125 251.71641540527344 0.002444305457174778
563.1162719726562 251.71609497070312 0.0024368667509406805
563.9110107421875 251.7158966064453 0.0024088285863399506
564.6934814453125 251.7157745361328 0.0023617935366928577
565.4683837890625 251.7158203125 0.0022940444760024548
566.2406616210938 251.71597290039062 0.0022073364816606045
567.0145874023438 251.7162322998047 0.00211162562482059
567.7927856445312 251.71649169921875 0.002017326420173049
568.5770874023438 251.7168731689453 0.0019329452188685536
569.3676147460938 251.71722412109375 0.0017783737275749445
570.1637573242188 251.7175750732422 0.0017702102195471525
570.964111328125 251.718017578125 0.0017600631108507514
571.7669067382812 251.718505859375 0.0017625808250159025
572.570556640625 251.7190704345703 0.0017750548431649804
573.3735961914062 251.71958923339844 0.0017931746551766992
574.175048828125 251.7200927734375 0.0018148422241210938
574.9746704101562 251.72067260742188 0.001835365197621286
575.7722778320312 251.72116088867188 0.001851158100180328
576.568115234375 251.72238159179688 0.0015549086965620518
577.36279296875 251.7233123779297 0.0014245986239984632
578.1567993164062 251.7240447998047 0.00138092041015625
578.9506225585938 251.7245635986328 0.0014442062238231301
579.7446899414062 251.72496032714844 0.0014843749813735485
580.5392456054688 251.72537231445312 0.0015690993750467896
581.3344116210938 251.7256622314453 0.001576499897055328
582.1301879882812 251.7259063720703 0.001559944124892354
582.9263916015625 251.7259521484375 0.0016374588012695312
583.722900390625 251.72630310058594 0.0016654586652293801
584.5197143554688 251.72705078125 0.0016312790103256702
585.3165893554688 251.7276153564453 0.0016517257317900658
586.11328125 251.72811889648438 0.0016866301884874701
586.9098510742188 251.72860717773438 0.0017228698125109076
587.7062377929688 251.72897338867188 0.0017522810958325863
588.5023803710938 251.729248046875 0.0017762373900040984
589.2984619140625 251.72938537597656 0.0017944717546924949
590.0944213867188 251.72950744628906 0.001807899447157979
590.8903198242188 251.72952270507812 0.001817626878619194
591.6862182617188 251.7295379638672 0.0018243025988340378
592.4821166992188 251.72952270507812 0.0018287658458575606
593.2780151367188 251.72950744628906 0.0018321608658879995
594.0740966796875 251.72946166992188 0.001834335271269083
594.8701782226562 251.72727966308594 0.0018421935383230448
595.666259765625 251.72279357910156 0.0018617629539221525
596.4623413085938 251.71652221679688 0.0018772506155073643
597.2577514648438 251.70858764648438 0.0018913268577307463
598.0476684570312 251.69923400878906 0.0019289016490802169
598.8263549804688 251.68870544433594 0.001992454519495368
599.5904541015625 251.67726135253906 0.002065315144136548
600.337890625 251.66143798828125 0.0021490096114575863
601.0675659179688 251.64036560058594 0.0022480774205178022
601.7789306640625 251.61566162109375 0.0023277662694454193
602.4717407226562 251.58792114257812 0.0023827743716537952
603.14599609375 251.5576629638672 0.002416915725916624
603.8016967773438 251.5254364013672 0.002435607835650444
604.4389038085938 251.49179077148438 0.0024430847261101007
605.0579833984375 251.45718383789062 0.0024427794851362705
605.6586303710938 251.41818237304688 0.0024544906336814165
606.2410888671875 251.3741912841797 0.002486610319465399
606.8064575195312 251.327392578125 0.0024996185675263405
607.3567504882812 251.278564453125 0.0024843215942382812
607.8946533203125 251.22817993164062 0.0024446104653179646
608.4226684570312 251.17649841308594 0.002388267545029521
608.9439086914062 251.12399291992188 0.0023188781924545765
609.4616088867188 251.07049560546875 0.002238578861579299
609.97900390625 251.01629638671875 0.0021516799461096525
610.4990234375 250.9608612060547 0.002063751220703125
611.0228271484375 250.90057373046875 0.0019947432447224855
611.5508422851562 250.83384704589844 0.0019685362931340933
612.0830688476562 250.76318359375 0.0019487380050122738
612.6181640625 250.68907165527344 0.001931152306497097
613.1544799804688 250.61248779296875 0.0019029235700145364
613.6904296875 250.5337677001953 0.0018997954903170466
614.2250366210938 250.4536895751953 0.0019105529645457864
614.7576293945312 250.37234497070312 0.0019194030901417136
615.2879638671875 250.2904052734375 0.0019236755324527621
615.8162841796875 250.20767211914062 0.001923522911965847
616.3432006835938 250.12461853027344 0.001918373047374189
616.868408203125 250.0369415283203 0.0019242858979851007
617.3921508789062 249.943603515625 0.0019557189662009478
617.9157104492188 249.8462677001953 0.0019738769624382257
618.439697265625 249.7458953857422 0.001972808735445142
618.964111328125 249.64251708984375 0.00196075439453125
619.4891357421875 249.5369873046875 0.0019382857717573643
620.0144653320312 249.4293670654297 0.0019149398431181908
620.5398559570312 249.3203582763672 0.0019085692474618554
621.0650634765625 249.20997619628906 0.0019016646547243
621.58984375 249.098876953125 0.0018950653029605746
622.1129760742188 248.98294067382812 0.0019045256776735187
622.6341552734375 248.8614044189453 0.0019234084757044911
623.1539916992188 248.73606872558594 0.0019578933715820312
623.6729736328125 248.60787963867188 0.0019741440191864967
624.1913452148438 248.4769744873047 0.0019714355003088713
624.7092895507812 248.34405517578125 0.001959419110789895
625.2269287109375 248.20913696289062 0.0019440840696915984
625.7444458007812 248.07289123535156 0.0019280242267996073
626.2618408203125 247.93524169921875 0.0019132995512336493
626.7791748046875 247.79689025878906 0.0019004058558493853
627.2962646484375 247.65757751464844 0.0018896483816206455
627.8118896484375 247.5139923095703 0.0018957137363031507
628.325439453125 247.3643341064453 0.0019334792159497738
628.8380126953125 247.21116638183594 0.0019604491535574198
629.3495483398438 247.05470275878906 0.0019696045201271772
629.8605346679688 246.8958282470703 0.0019657898228615522
630.3709106445312 246.73452758789062 0.0019551084842532873
630.880859375 246.5716094970703 0.0019415282877162099
631.3903198242188 246.4070281982422 0.001927604665979743
631.8995361328125 246.241455078125 0.001914443913847208
632.4083251953125 246.07472229003906 0.0019029235700145364
632.9169311523438 245.90744018554688 0.0018925094045698643
633.4237060546875 245.7355194091797 0.0018992613768205047
633.9281616210938 245.5579376220703 0.0019370269728824496
634.43115234375 245.3764190673828 0.0019638442900031805
634.9332885742188 245.19203186035156 0.0019694899674504995
635.4345092773438 245.00474548339844 0.001963653601706028
635.9352416992188 244.81544494628906 0.0019525146344676614
636.435302734375 244.62413024902344 0.0019395065028220415
636.9349975585938 244.43145751953125 0.001926002441905439
637.4341430664062 244.23739624023438 0.0019134520553052425
637.9329223632812 244.04261779785156 0.0019023132044821978
638.4293212890625 243.8427734375 0.0019092559814453125
638.9224243164062 243.6361846923828 0.001954040490090847
639.4135131835938 243.42494201660156 0.0019876861479133368
639.9031982421875 243.21017456054688 0.001999015687033534
640.3916015625 242.99212646484375 0.0021090698428452015
640.87890625 242.77142333984375 0.0017767333192750812
641.3655395507812 242.54852294921875 0.0017100524855777621
641.8515625 242.32403564453125 0.0017176055116578937
642.3370361328125 242.0979461669922 0.0017445754492655396
642.8222045898438 241.87088012695312 0.0017720413161441684
643.3068237304688 241.64280700683594 0.0017954254290089011
643.7911376953125 241.4142303466797 0.001812896691262722
644.2750854492188 241.18502807617188 0.0018255995819345117
644.7587890625 240.95565795898438 0.0018339919624850154
645.2421875 240.725830078125 0.0018393706995993853
645.7254638671875 240.4959716796875 0.0018425368471071124
646.2061767578125 240.26158142089844 0.0018613433931022882
646.6821899414062 240.0194549560547 0.001925620948895812
647.1551513671875 239.7714080810547 0.0019819641020148993
647.6259155273438 239.51856994628906 0.0020122528076171875
648.0946044921875 239.2610321044922 0.0020208358764648438
648.5615844726562 238.99961853027344 0.0020161056891083717
649.0240478515625 238.73057556152344 0.002024421701207757
649.4808959960938 238.452880859375 0.0020650101359933615
649.9337768554688 238.16859436035156 0.0020922087132930756
650.3836059570312 237.87890625 0.0020968245808035135
650.8305053710938 237.5841522216797 0.0020862959790974855
651.2749633789062 237.28543090820312 0.0020674895495176315
651.7169189453125 236.98287963867188 0.0020460127852857113
652.1539306640625 236.67405700683594 0.0020415878389030695
652.5847778320312 236.35751342773438 0.0020716094877570868
653.0115966796875 236.03567504882812 0.002089881803840399
653.434814453125 235.7088623046875 0.002089538611471653
653.8551635742188 235.37802124023438 0.0020753860007971525
654.2727661132812 235.04331970214844 0.0020553588401526213
654.6849975585938 234.70249938964844 0.0020499038510024548
655.091064453125 234.35462951660156 0.0020745086949318647
655.4929809570312 234.0018310546875 0.0020874023903161287
655.8912353515625 233.64450073242188 0.0020833206363022327
656.2864990234375 233.2835235595703 0.002067680237814784
656.6787109375 232.91909790039062 0.0020469282753765583
657.0653686523438 232.5491943359375 0.002041397150605917
657.445556640625 232.1730194091797 0.0020659256260842085
657.8214111328125 231.79249572753906 0.002078742953017354
658.1931762695312 231.40794372558594 0.002074928255751729
658.5618896484375 231.02017211914062 0.0020593260414898396
658.927734375 230.62933349609375 0.0020389556884765625
659.2910766601562 230.23611450195312 0.002017173683270812
659.6485595703125 229.83798217773438 0.0020134735386818647
659.999267578125 229.43450927734375 0.002042579697445035
660.34521484375 229.02685546875 0.002061119070276618
660.6873168945312 228.61578369140625 0.0020619200076907873
661.0258178710938 228.20140075683594 0.0020504379644989967
661.3614501953125 227.784423828125 0.0020328902173787355
661.6905517578125 227.36257934570312 0.0020305633079260588
662.0123291015625 226.93563842773438 0.0020578764379024506
662.3290405273438 226.5046844482422 0.0020739363972097635
662.6414794921875 226.0704803466797 0.0020718383602797985
662.9500122070312 225.63319396972656 0.002058486919850111
663.25537109375 225.19349670410156 0.0020391845609992743
663.5538940429688 224.74940490722656 0.0020354462321847677
663.8449096679688 224.30087280273438 0.0020610045175999403
664.1304321289062 223.84872436523438 0.002075576689094305
664.4118041992188 223.39376831054688 0.0020721815526485443
664.6891479492188 222.93603515625 0.002057647565379739
664.963134765625 222.4761505126953 0.0020372008439153433
665.2340698242188 222.01425170898438 0.0020163345616310835
665.4983520507812 221.549072265625 0.00201244349591434
665.7546997070312 221.079833984375 0.002042159903794527
666.005615234375 220.6077423095703 0.002061500446870923
666.251708984375 220.13291931152344 0.0020626068580895662
666.493896484375 219.65585327148438 0.002051467774435878
666.732421875 219.17665100097656 0.0020340345799922943
666.9638061523438 218.69430541992188 0.0020314024295657873
667.186767578125 218.20831298828125 0.002058868296444416
667.4041137695312 217.7197265625 0.0020747757516801357
667.6163330078125 217.22862243652344 0.0020730209071189165
667.8243408203125 216.73550415039062 0.002059288090094924
668.0283203125 216.24050903320312 0.0020404434762895107
668.2249755859375 215.74290466308594 0.002036247169598937
668.4130859375 215.24232482910156 0.0020618438720703125
668.5955200195312 214.7396240234375 0.0020756530575454235
668.7726440429688 214.23486328125 0.0020725249778479338
668.9456176757812 213.72840881347656 0.0020578764379024506
669.114501953125 213.22044372558594 0.0020383072551339865
669.2762451171875 212.71041870117188 0.0020333097781986
669.4291381835938 212.1980438232422 0.0020585251040756702
669.5762939453125 211.68394470214844 0.0020725249778479338
669.7182006835938 211.16815185546875 0.0020693205296993256
669.8558959960938 210.65101623535156 0.002054366981610656
669.9896240234375 210.13262939453125 0.002034530509263277
670.1200561523438 209.61331176757812 0.0020132826175540686
670.2431030273438 209.09255981445312 0.002010192722082138
670.357666015625 208.5703125 0.0020401382353156805
670.4660034179688 208.04669189453125 0.0020598601549863815
670.5693359375 207.5219268798828 0.0020610427018254995
670.66796875 206.99603271484375 0.0020501327235251665
670.7628173828125 206.46925354003906 0.002032661344856024
670.8494873046875 205.94129943847656 0.0020304869394749403
670.9274291992188 205.412353515625 0.002057952806353569
670.9986572265625 204.88241577148438 0.0020744705107063055
671.0647583007812 204.35194396972656 0.0020750046242028475
671.1258544921875 203.82191467285156 0.0020689391531050205
671.1828002929688 203.2938232421875 0.0020639419090002775
671.2313842773438 202.76913452148438 0.002080039819702506
671.271728515625 202.24916076660156 0.002125320490449667
671.3058471679688 201.73443603515625 0.002157783368602395
671.335205078125 201.2254180908203 0.002170028630644083
671.3602294921875 200.7220458984375 0.0021674346644431353
671.3822021484375 200.22418212890625 0.00215396867133677
671.4012451171875 199.73130798339844 0.00213420856744051
671.4173583984375 199.2429962158203 0.0021136475261300802
671.4308471679688 198.75880432128906 0.002094917232170701
671.44287109375 198.27835083007812 0.0020740509498864412
671.4532470703125 197.8014373779297 0.002052383264526725
671.462890625 197.3280029296875 0.002032051095739007
671.4713745117188 196.8580780029297 0.0020148849580436945
671.4794921875 196.3917999267578 0.0020014953333884478
671.4868774414062 195.92929077148438 0.001991615165024996
671.4940185546875 195.4707794189453 0.0019848633091896772
671.5006713867188 195.016357421875 0.001980094937607646
671.5072631835938 194.5660858154297 0.0019765852484852076
671.51318359375 194.12001037597656 0.0019745253957808018
671.5191040039062 193.6780548095703 0.0019735335372388363
671.5245971679688 193.24012756347656 0.001971931429579854
671.5302124023438 192.80612182617188 0.0019695281516760588
671.5352172851562 192.37586975097656 0.001966628944501281
671.54052734375 191.94932556152344 0.0019630813039839268
671.5454711914062 191.52638244628906 0.0019598007202148438
671.55078125 191.10699462890625 0.0019567490089684725
671.5556640625 190.6910858154297 0.0019544600509107113
671.5606689453125 190.27870178222656 0.0019525146344676614
671.5652465820312 189.86984252929688 0.0019540023058652878
671.570068359375 189.46449279785156 0.0019538116175681353
671.5745849609375 189.0626678466797 0.0019532775040715933
671.579345703125 188.66436767578125 0.0019522475777193904
671.5838012695312 188.26959228515625 0.0019512939034029841
671.5883178710938 187.87828063964844 0.0019501876085996628
671.5924682617188 187.4904022216797 0.001949043245986104
671.596923828125 187.10592651367188 0.001947708078660071
671.60107421875 186.72483825683594 0.001946678152307868
671.6055908203125 186.34706115722656 0.0019453048007562757
671.6096801757812 185.97254943847656 0.0019440078176558018
671.6139526367188 185.6012420654297 0.0019425582140684128
671.6177368164062 185.233154296875 0.0019414901034906507
671.6217651367188 184.8682403564453 0.0019403839251026511
671.6255493164062 184.5064239501953 0.0019393538823351264
671.6295776367188 184.14776611328125 0.0019385528285056353
671.6333618164062 183.792236328125 0.0019378662109375
671.6375122070312 183.43980407714844 0.0019369506044313312
671.6411743164062 183.09043884277344 0.0019364546751603484
671.6453247070312 182.744140625 0.0019358062418177724
671.6489868164062 182.40087890625 0.0019351958762854338
671.6528930664062 182.06060791015625 0.0019343184540048242
671.65625 181.72329711914062 0.0019335936522111297
671.659912109375 181.388916015625 0.0019326781621202826
671.6632690429688 181.05747985839844 0.0019316863035783172
671.6669311523438 180.72886657714844 0.0019310378702357411
671.6702880859375 180.4031219482422 0.0019302748842164874
671.6739501953125 180.08018493652344 0.0019295882666483521
671.6773071289062 179.76007080078125 0.001928787212818861
671.6810302734375 179.44273376464844 0.0019279479747638106
671.6843872070312 179.12814331054688 0.001927070552483201
671.6879272460938 178.81629943847656 0.0019266509916633368
671.6912231445312 178.5072021484375 0.0019260788103565574
671.694580078125 178.20077514648438 0.001925239572301507
671.697509765625 177.8970489501953 0.0019244765862822533
671.7008666992188 177.595947265625 0.0019237136002629995
671.7037353515625 177.29745483398438 0.001923255855217576
671.7070922851562 177.00161743164062 0.0019227981101721525
671.7099609375 176.7082977294922 0.0019216918153688312
671.7133178710938 176.4175567626953 0.0019210433820262551
671.7162475585938 176.12933349609375 0.0019203567644581199
671.7195434570312 175.84359741210938 0.0019198608351871371
671.7224731445312 175.56039428710938 0.0019193267216905951
671.7257690429688 175.27963256835938 0.0019185638520866632
671.728759765625 175.00131225585938 0.0019178771181032062
671.7319946289062 174.72543334960938 0.001917190500535071
671.7349853515625 174.45193481445312 0.0019165038829669356
671.738037109375 174.18116760253906 0.001918525667861104
671.7405395507812 173.9149169921875 0.0019309234339743853
671.7431640625 173.665283203125 0.001968116732314229
671.7453002929688 173.4779510498047 0.002089881803840399
671.7467041015625 173.35780334472656 0.002360496437177062
671.747314453125 173.30435180664062 0.0026377104222774506
671.747314453125 173.29953002929688 0.0027623747009783983
671.747314453125 173.29933166503906 0.0026285171043127775
671.747314453125 173.29905700683594 0.002435302594676614
671.747314453125 173.298828125 0.0022587203420698643
671.747314453125 173.2986297607422 0.0021158598829060793
671.747314453125 173.29847717285156 0.002005729591473937
671.747314453125 173.29835510253906 0.0019224166171625257
671.747314453125 173.29827880859375 0.0018600844778120518
671.747314453125 173.29823303222656 0.0018272780580446124
671.747314453125 173.29820251464844 0.0018024062737822533
671.747314453125 173.29815673828125 0.0017751312116160989
671.747314453125 173.2981414794922 0.0017516326624900103
671.747314453125 173.298095703125 0.0017330931732431054
671.747314453125 173.29808044433594 0.0017190551152452826
671.747314453125 173.29808044433594 0.0017084884457290173
671.747314453125 173.29806518554688 0.001700668246485293
671.747314453125 173.29806518554688 0.0016948317643254995
671.747314453125 173.29806518554688 0.0016928481636568904
671.747314453125 173.2980499267578 0.001689643831923604
671.747314453125 173.2980499267578 0.0016868972452357411
671.747314453125 173.2980499267578 0.0016847610240802169
671.747314453125 173.2980499267578 0.001683044363744557
671.747314453125 173.2980499267578 0.0016817855648696423
671.747314453125 173.2980499267578 0.0016817855648696423
671.747314453125 173.2980499267578 0.0016800308367237449
671.747314453125 173.2980499267578 0.0016800308367237449
671.747314453125 173.2980499267578 0.0016800308367237449
671.747314453125 173.2980499267578 0.0016800308367237449
671.747314453125 173.2980499267578 0.0016788101056590676
671.747314453125 173.2980499267578 0.0016788101056590676
671.747314453125 173.2980499267578 0.0016788101056590676
671.747314453125 173.2980499267578 0.0016788101056590676
671.747314453125 173.2980499267578 0.0016788101056590676
671.747314453125 173.2980499267578 0.0016788101056590676
671.747314453125 173.2980499267578 0.0016788101056590676
671.747314453125 173.2980499267578 0.0016788101056590676
671.747314453125 173.2980499267578 0.0016788101056590676
671.747314453125 173.2980499267578 0.0016788101056590676
671.747314453125 173.2980499267578 0.0016788101056590676
671.747314453125 173.2980499267578 0.0016788101056590676
671.747314453125 173.2980499267578 0.0016788101056590676
671.747314453125 173.2980499267578 0.0016788101056590676
671.747314453125 173.2980499267578 0.0016788101056590676
671.747314453125 173.2980499267578 0.0016788101056590676
671.747314453125 173.2980499267578 0.0016788101056590676
671.747314453125 173.2980499267578 0.0016788101056590676
671.747314453125 173.2980499267578 0.0016788101056590676
671.747314453125 173.2980499267578 0.0016788101056590676
671.747314453125 173.2980499267578 0.0016788101056590676
671.747314453125 173.2980499267578 0.0016788101056590676
671.747314453125 173.2980499267578 0.0016788101056590676
671.747314453125 173.2980499267578 0.0016788101056590676
671.747314453125 173.2980499267578 0.0016788101056590676
671.747314453125 173.2980499267578 0.0016788101056590676
671.747314453125 173.2980499267578 0.0016788101056590676
671.747314453125 173.2980499267578 0.0016788101056590676
671.747314453125 173.2980499267578 0.0016788101056590676
671.747314453125 173.2980499267578 0.0016788101056590676
671.747314453125 173.2980499267578 0.0016788101056590676
671.747314453125 173.2980499267578 0.0016788101056590676
671.747314453125 173.2980499267578 0.0016788101056590676
671.747314453125 173.2980499267578 0.0016788101056590676
671.747314453125 173.2980499267578 0.0016788101056590676
671.747314453125 173.2980499267578 0.0016788101056590676
671.747314453125 173.2980499267578 0.0016788101056590676
671.747314453125 173.2980499267578 0.0016788101056590676
671.747314453125 173.2980499267578 0.0016788101056590676
671.747314453125 173.2980499267578 0.0016788101056590676
671.747314453125 173.2980499267578 0.0016788101056590676
671.747314453125 173.2980499267578 0.0016788101056590676
671.747314453125 173.2980499267578 0.0016788101056590676
671.747314453125 173.2980499267578 0.0016788101056590676
671.747314453125 173.2980499267578 0.0016788101056590676
671.747314453125 173.2980499267578 0.0016788101056590676
671.747314453125 173.2980499267578 0.0016788101056590676
671.747314453125 173.2980499267578 0.0016788101056590676
671.747314453125 173.2980499267578 0.0016788101056590676
671.747314453125 173.2980499267578 0.0016788101056590676
671.747314453125 173.2980499267578 0.0016788101056590676
671.747314453125 173.2980499267578 0.0016788101056590676
671.747314453125 173.2980499267578 0.0016788101056590676
671.747314453125 173.2980499267578 0.0016788101056590676
671.747314453125 173.2980499267578 0.0016788101056590676
671.747314453125 173.2980499267578 0.0016788101056590676
671.747314453125 173.2980499267578 0.0016788101056590676
671.747314453125 173.2980499267578 0.0016788101056590676
671.747314453125 173.2980499267578 0.0016788101056590676
671.747314453125 173.2980499267578 0.0016788101056590676
671.747314453125 173.2980499267578 0.0016788101056590676
671.747314453125 173.2980499267578 0.0016788101056590676
671.747314453125 173.2980499267578 0.0016788101056590676
671.747314453125 173.2980499267578 0.0016788101056590676
671.747314453125 173.2980499267578 0.0016788101056590676
671.747314453125 173.2980499267578 0.0016788101056590676
671.747314453125 173.2980499267578 0.0016788101056590676
671.747314453125 173.2980499267578 0.0016788101056590676
671.747314453125 173.2980499267578 0.0016788101056590676
671.747314453125 173.2980499267578 0.0016788101056590676
671.747314453125 173.2980499267578 0.0016788101056590676
671.747314453125 173.2980499267578 0.0016788101056590676
671.747314453125 173.2980499267578 0.0016788101056590676
671.747314453125 173.2980499267578 0.0016788101056590676
671.747314453125 173.2980499267578 0.0016788101056590676
671.747314453125 173.2980499267578 0.0016788101056590676
671.747314453125 173.2980499267578 0.0016788101056590676
671.747314453125 173.2980499267578 0.0016788101056590676
671.747314453125 173.2980499267578 0.0016788101056590676
671.747314453125 173.2980499267578 0.0016788101056590676
671.747314453125 173.2980499267578 0.0016788101056590676
671.747314453125 173.2980499267578 0.0016788101056590676
671.747314453125 173.2980499267578 0.0016788101056590676
671.747314453125 173.2980499267578 0.0016788101056590676
671.747314453125 173.2980499267578 0.0016788101056590676
671.747314453125 173.2980499267578 0.0016788101056590676
671.747314453125 173.2980499267578 0.0016788101056590676
671.747314453125 173.2980499267578 0.0016788101056590676
671.747314453125 173.2980499267578 0.0016788101056590676
671.747314453125 173.2980499267578 0.0016788101056590676
671.747314453125 173.2980499267578 0.0016788101056590676
671.747314453125 173.2980499267578 0.0016788101056590676
671.747314453125 173.2980499267578 0.0016788101056590676
671.747314453125 173.2980499267578 0.0016788101056590676
671.747314453125 173.2980499267578 0.0016788101056590676
671.747314453125 173.2980499267578 0.0016788101056590676
671.747314453125 173.2980499267578 0.0016788101056590676
671.747314453125 173.2980499267578 0.0016788101056590676
671.747314453125 173.2980499267578 0.0016788101056590676
671.747314453125 173.2980499267578 0.0016788101056590676
671.747314453125 173.2980499267578 0.0016788101056590676
671.747314453125 173.2980499267578 0.0016788101056590676
671.747314453125 173.2980499267578 0.0016788101056590676
671.747314453125 173.2980499267578 0.0016788101056590676
671.747314453125 173.2980499267578 0.0016788101056590676
671.747314453125 173.2980499267578 0.0016788101056590676
671.747314453125 173.2980499267578 0.0016788101056590676
671.747314453125 173.2980499267578 0.0016788101056590676
671.747314453125 173.2980499267578 0.0016788101056590676
671.747314453125 173.2980499267578 0.0016788101056590676
671.747314453125 173.2980499267578 0.0016788101056590676
671.747314453125 173.2980499267578 0.0016788101056590676
671.747314453125 173.2980499267578 0.0016788101056590676
671.747314453125 173.2980499267578 0.0016788101056590676
671.747314453125 173.2980499267578 0.0016788101056590676
671.747314453125 173.2980499267578 0.0016788101056590676
671.747314453125 173.2980499267578 0.0016788101056590676
671.747314453125 173.2980499267578 0.0016788101056590676
671.747314453125 173.2980499267578 0.0016788101056590676
671.747314453125 173.2980499267578 0.0016788101056590676
671.747314453125 173.2980499267578 0.0016788101056590676
671.747314453125 173.2980499267578 0.0016788101056590676
671.747314453125 173.2980499267578 0.0016788101056590676
671.747314453125 173.2980499267578 0.0016788101056590676
671.747314453125 173.2980499267578 0.0016788101056590676
671.747314453125 173.2980499267578 0.0016788101056590676
671.747314453125 173.2980499267578 0.0016788101056590676
671.747314453125 173.2980499267578 0.0016788101056590676
671.747314453125 173.2980499267578 0.0016788101056590676
671.747314453125 173.2980499267578 0.0016788101056590676
671.747314453125 173.2980499267578 0.0016788101056590676
671.747314453125 173.2980499267578 0.0016788101056590676
671.747314453125 173.2980499267578 0.0016788101056590676
671.747314453125 173.2980499267578 0.0016788101056590676
671.747314453125 173.2980499267578 0.0016788101056590676
671.747314453125 173.2980499267578 0.0016788101056590676
671.747314453125 173.2980499267578 0.0016788101056590676
671.747314453125 173.2980499267578 0.0016788101056590676
671.747314453125 173.2980499267578 0.0016788101056590676
671.747314453125 173.2980499267578 0.0016788101056590676
671.747314453125 173.2980499267578 0.0016788101056590676
671.747314453125 173.2980499267578 0.0016788101056590676
671.747314453125 173.2980499267578 0.0016788101056590676
671.747314453125 173.2980499267578 0.0016788101056590676
671.747314453125 173.2980499267578 0.0016788101056590676
671.747314453125 173.2980499267578 0.0016788101056590676
671.747314453125 173.2980499267578 0.0016788101056590676
671.747314453125 173.2980499267578 0.0016788101056590676
671.747314453125 173.2980499267578 0.0016788101056590676
671.747314453125 173.2980499267578 0.0016788101056590676
671.747314453125 173.2980499267578 0.0016788101056590676
671.747314453125 173.2980499267578 0.0016788101056590676
671.747314453125 173.2980499267578 0.0016788101056590676
671.747314453125 173.2980499267578 0.0016788101056590676
671.747314453125 173.2980499267578 0.0016788101056590676
671.747314453125 173.2980499267578 0.0016788101056590676
671.747314453125 173.2980499267578 0.0016788101056590676
671.747314453125 173.2980499267578 0.0016788101056590676
671.747314453125 173.2980499267578 0.0016788101056590676
671.747314453125 173.2980499267578 0.0016788101056590676
671.747314453125 173.2980499267578 0.0016788101056590676
671.747314453125 173.2980499267578 0.0016788101056590676
671.747314453125 173.2980499267578 0.0016788101056590676
671.747314453125 173.2980499267578 0.0016788101056590676
671.747314453125 173.2980499267578 0.0016788101056590676
671.747314453125 173.2980499267578 0.0016788101056590676
671.747314453125 173.2980499267578 0.0016788101056590676
671.747314453125 173.2980499267578 0.0016788101056590676
671.747314453125 173.2980499267578 0.0016788101056590676
671.747314453125 173.2980499267578 0.0016788101056590676
671.747314453125 173.2980499267578 0.0016788101056590676
671.747314453125 173.2980499267578 0.0016788101056590676
671.747314453125 173.2980499267578 0.0016788101056590676
671.747314453125 173.2980499267578 0.0016788101056590676
671.747314453125 173.2980499267578 0.0016788101056590676
671.747314453125 173.2980499267578 0.0016788101056590676
671.747314453125 173.2980499267578 0.0016788101056590676
671.747314453125 173.2980499267578 0.0016788101056590676
671.747314453125 173.2980499267578 0.0016788101056590676
671.747314453125 173.2980499267578 0.0016788101056590676
671.747314453125 173.2980499267578 0.0016788101056590676
671.747314453125 173.295166015625 0.0016604614211246371
671.7474365234375 173.2865753173828 0.0016283798031508923
671.747802734375 173.2684326171875 0.0015787887386977673
671.748291015625 173.23802185058594 0.0015184402000159025
671.7485961914062 173.1945343017578 0.0014637756394222379
671.7491455078125 173.13873291015625 0.0014245605561882257
671.749755859375 173.069580078125 0.001391181955114007
671.7506713867188 172.98577880859375 0.0013567733112722635
671.7517700195312 172.8869171142578 0.001324729877524078
671.7529296875 172.77294921875 0.0013010406401008368
671.7543334960938 172.64434814453125 0.001283569261431694
671.755859375 172.50071716308594 0.0012695693876594305
671.7573852539062 172.3414764404297 0.0012554168934002519
671.7593383789062 172.16651916503906 0.0012436293764039874
671.7612915039062 171.97653198242188 0.0012382507557049394
671.763671875 171.7721405029297 0.0012382507557049394
671.7659912109375 171.5536651611328 0.0012415313394740224
671.7683715820312 171.32144165039062 0.0012462615268304944
671.7710571289062 171.07598876953125 0.0012543105985969305
671.7735595703125 170.82028198242188 0.001521797152236104
671.7763061523438 170.56439208984375 0.0016599273076280951
671.7796630859375 170.3176727294922 0.0017278670566156507
671.7855834960938 170.10946655273438 0.0017758178291842341
671.7888793945312 169.9112091064453 0.0017724226927384734
671.7907104492188 169.70704650878906 0.001716995146125555
671.7923583984375 169.49436950683594 0.001649131765589118
671.7939453125 169.27105712890625 0.0015812682686373591
671.7955932617188 169.03636169433594 0.001522979699075222
671.7976684570312 168.793701171875 0.00149730674456805
671.7997436523438 168.5504913330078 0.0015214538434520364
671.8018798828125 168.31103515625 0.0015714644687250257
671.803955078125 168.0724639892578 0.0016046523815020919
671.8060302734375 167.8312530517578 0.0015130996471270919
671.80810546875 167.5836944580078 0.0014768982073292136
671.8106689453125 167.326904296875 0.0016919326735660434
671.8132934570312 167.06390380859375 0.0017727661179378629
671.8158569335938 166.7998809814453 0.0018091201782226562
671.8184814453125 166.5309600830078 0.0017992401262745261
671.8214721679688 166.25485229492188 0.0017653655959293246
671.8245239257812 165.96897888183594 0.001717643695883453
671.8275756835938 165.67233276367188 0.001670417725108564
671.8309326171875 165.36328125 0.0016228484455496073
671.8344116210938 165.0410919189453 0.0015800094697624445
671.8380126953125 164.70252990722656 0.0015309524023905396
671.841796875 164.35157775878906 0.0015078735304996371
671.845703125 163.9866180419922 0.0014892577892169356
671.849853515625 163.60845947265625 0.0014778518816456199
671.8541259765625 163.21681213378906 0.0014682007022202015
671.8583984375 162.81211853027344 0.001461944542825222
671.8630981445312 162.39393615722656 0.0014571761712431908
671.8677978515625 161.9625701904297 0.0014542769640684128
671.8727416992188 161.517578125 0.0014500045217573643
671.8778076171875 161.0592803955078 0.0014481735415756702
671.8828735351562 160.58729553222656 0.0014454269548878074
671.8882446289062 160.10189819335938 0.0014440154191106558
671.893798828125 159.60272216796875 0.0014408874558284879
671.899658203125 159.08981323242188 0.0014375686878338456
671.905517578125 158.56275939941406 0.0014337158063426614
671.9114990234375 158.02308654785156 0.001440086285583675
671.9176635742188 157.47447204589844 0.0015245437389239669
671.9239501953125 156.92271423339844 0.0016367339994758368
671.9302368164062 156.3717803955078 0.00171661376953125
671.9362182617188 155.82452392578125 0.0017815398750826716
671.9420776367188 155.28211975097656 0.0018335342174395919
671.9479370117188 154.74496459960938 0.0018731688614934683
671.9539184570312 154.2120819091797 0.0018967818468809128
671.9597778320312 153.682373046875 0.0019072722643613815
671.9656372070312 153.1539764404297 0.001902732765302062
671.9714965820312 152.62551879882812 0.0018886947073042393
671.9773559570312 152.09561157226562 0.001867752056568861
671.9832153320312 151.5636749267578 0.0018472671508789062
671.9890747070312 151.02935791015625 0.0018289565341547132
671.9949340820312 150.4931640625 0.0018175888108089566
672.0007934570312 149.9555206298828 0.0018117523286491632
672.0066528320312 149.4173583984375 0.0018137741135433316
672.0125122070312 148.87916564941406 0.0018196486635133624
672.0183715820312 148.34165954589844 0.0018289184663444757
672.0242309570312 147.80491638183594 0.0018373489147052169
672.0300903320312 147.26922607421875 0.0018461608560755849
672.0359497070312 146.7342529296875 0.0018510054796934128
672.0418090820312 146.19993591308594 0.0018537520663812757
672.0476684570312 145.66580200195312 0.0018528365762904286
672.0535278320312 145.13177490234375 0.0018511962844058871
672.0593872070312 144.597412109375 0.0018471527146175504
672.0652465820312 144.06280517578125 0.0018441008869558573
672.0711059570312 143.52767944335938 0.001840515062212944
672.0769653320312 142.99229431152344 0.0018390273908153176
672.0828247070312 142.4565887451172 0.0018373489147052169
672.0886840820312 141.92086791992188 0.0018381117843091488
672.0945434570312 141.38502502441406 0.0018386077135801315
672.1004638671875 140.84939575195312 0.0018402099376544356
672.1063232421875 140.31378173828125 0.0018411636119708419
672.1121826171875 139.77845764160156 0.0018431853968650103
672.1178588867188 139.2431640625 0.0018437193939462304
672.1236572265625 138.7080841064453 0.0018449019407853484
672.1295166015625 138.17295837402344 0.001844444195739925
672.1353759765625 137.637939453125 0.0018444061279296875
672.1412353515625 137.102783203125 0.001843261648900807
672.1470947265625 136.56765747070312 0.0018434905214235187
672.1528930664062 136.03236389160156 0.0018423843430355191
672.1587524414062 135.4971160888672 0.001842498779296875
672.1646118164062 134.9617156982422 0.0018415831727907062
672.1704711914062 134.42640686035156 0.001841812045313418
672.1763305664062 133.8909912109375 0.0018414687365293503
672.1821899414062 133.35569763183594 0.0018423843430355191
672.1880493164062 132.8203125 0.0018420409178361297
672.1939086914062 132.28506469726562 0.0018429565243422985
672.1997680664062 131.74974060058594 0.001842498779296875
672.2056274414062 131.21453857421875 0.0018432235810905695
672.2114868164062 130.67922973632812 0.0018426512833684683
672.2173461914062 130.14402770996094 0.001843261648900807
672.2232055664062 129.6087188720703 0.001842231722548604
672.2290649414062 129.07351684570312 0.0018428039038553834
672.2349853515625 128.5382080078125 0.0018422699067741632
672.2405395507812 128.00296020507812 0.0018430327763780951
672.2462158203125 127.46760559082031 0.0018423843430355191
672.2520751953125 126.93235778808594 0.0018426512833684683
672.2579345703125 126.3969955444336 0.001841964665800333
672.2637939453125 125.86175537109375 0.0018426512833684683
672.2696533203125 125.3263931274414 0.0018417739775031805
672.2755126953125 124.79115295410156 0.0018423461588099599
672.2813720703125 124.25582122802734 0.0018419264815747738
672.2872314453125 123.72057342529297 0.0018426132155582309
672.2930908203125 123.18526458740234 0.0018419264815747738
672.2989501953125 122.65001678466797 0.0018429565243422985
672.3048095703125 122.11470794677734 0.0018423843430355191
672.3106689453125 121.57946014404297 0.0018429565243422985
672.3165283203125 121.04412841796875 0.0018421172862872481
672.3221435546875 120.50888061523438 0.0018423843430355191
672.32763671875 119.97354125976562 0.0018422699067741632
672.3331909179688 119.43830108642578 0.001843147212639451
672.3386840820312 118.90294647216797 0.0018424605950713158
672.3441162109375 118.3676986694336 0.0018426512833684683
672.349609375 117.83235168457031 0.001841812045313418
672.3550415039062 117.29710388183594 0.001842498779296875
672.3607788085938 116.76176452636719 0.0018421172862872481
672.366455078125 116.22652435302734 0.0018428420880809426
672.372314453125 115.69119262695312 0.0018423461588099599
672.378173828125 115.15594482421875 0.0018432235810905695
672.384033203125 114.62060546875 0.0018424224108457565
672.389892578125 114.08535766601562 0.0018428420880809426
672.395751953125 113.55001831054688 0.0018424605950713158
672.4015502929688 113.0147705078125 0.0018437193939462304
672.4074096679688 112.47943878173828 0.001843528705649078
672.4132690429688 111.94419860839844 0.0018440246349200606
672.4191284179688 111.40886688232422 0.001843261648900807
672.4249877929688 110.87361907958984 0.001843681326135993
672.4308471679688 110.3382797241211 0.0018427276518195868
672.4367065429688 109.80303192138672 0.0018359755631536245
672.4425659179688 109.2677001953125 0.0018350982572883368
672.4484252929688 108.73246002197266 0.0018364334246143699
672.4542846679688 108.19712829589844 0.0018369292374700308
672.4601440429688 107.66188049316406 0.0018387985182926059
672.4660034179688 107.12654113769531 0.0018391418270766735
672.4718627929688 106.59129333496094 0.001840515062212944
672.4777221679688 106.05595397949219 0.001840515062212944
672.4835815429688 105.52071380615234 0.0018414306687191129
672.4894409179688 104.98536682128906 0.0018412780482321978
672.4953002929688 104.45012664794922 0.0018419264815747738
672.501220703125 103.91477966308594 0.001841697609052062
672.507080078125 103.37966918945312 0.0018431091448292136
672.5128173828125 102.84517669677734 0.0018471527146175504
672.5183715820312 102.31267547607422 0.0018590163672342896
672.5238037109375 101.7833023071289 0.001876296941190958
672.529296875 101.258544921875 0.0018994903657585382
672.5347290039062 100.73912811279297 0.0019232177874073386
672.5402221679688 100.22586059570312 0.0019472121493890882
672.5457153320312 99.71861267089844 0.0019652938935905695
672.5511474609375 99.21746063232422 0.0019797515124082565
672.556640625 98.72168731689453 0.0019861601758748293
672.5617065429688 98.23140716552734 0.001775016775354743
672.5671997070312 97.74544525146484 0.0016167830908671021
672.5725708007812 97.26347351074219 0.0016253661597147584
672.57763671875 96.78482818603516 0.0016764068277552724
672.5827026367188 96.30960083007812 0.0017343902727589011
672.587890625 95.8375244140625 0.001784095773473382
672.5929565429688 95.3690414428711 0.0018264007521793246
672.5980224609375 94.90412139892578 0.0018588637467473745
672.6030883789062 94.44326782226562 0.0018638229230418801
672.6082153320312 93.98637390136719 0.0018797301454469562
672.61328125 93.53387451171875 0.0018996048020198941
672.6183471679688 93.08551788330078 0.001913375803269446
672.6233520507812 92.64154815673828 0.0019268416799604893
672.6280517578125 92.2015609741211 0.0019357299897819757
672.6326904296875 91.76573181152344 0.0019437407609075308
672.6375122070312 91.33358001708984 0.0019470214610919356
672.6421508789062 90.90528869628906 0.001950225792825222
672.6468505859375 90.48043060302734 0.0019496154272928834
672.6515502929688 90.05924224853516 0.0019503784133121371
672.6561279296875 89.64139556884766 0.001948623568750918
672.6604614257812 89.22718811035156 0.0019494628068059683
672.6647338867188 88.8163070678711 0.0019480513874441385
672.6690673828125 88.40911102294922 0.0019484710646793246
672.67333984375 88.00531768798828 0.0019472503336146474
672.6776123046875 87.60523986816406 0.0019483566284179688
672.6819458007812 87.20853424072266 0.0019472885178402066
672.6862182617188 86.8155288696289 0.0019439696334302425
672.6905517578125 86.42584991455078 0.0019412994151934981
672.69482421875 86.03976440429688 0.0019418715965002775
672.6990966796875 85.6568832397461 0.0019406127976253629
672.7030029296875 85.27749633789062 0.0019417189760133624
672.7069091796875 84.90120697021484 0.0019403839251026511
672.7109375 84.52830505371094 0.0019409179221838713
672.7147216796875 84.1584243774414 0.0019334411481395364
672.7186279296875 83.79192352294922 0.0019312285585328937
672.7225341796875 83.42839050292969 0.0019299315754324198
672.7264404296875 83.06816864013672 0.001932067796587944
672.7303466796875 82.71090698242188 0.0019316482357680798
672.7342529296875 82.35694885253906 0.0019334411481395364
672.7381591796875 82.00590515136719 0.0019327925983816385
672.7420654296875 81.65811157226562 0.0019373702816665173
672.7459716796875 81.31317138671875 0.0019375229021534324
672.74951171875 80.97144317626953 0.001938247587531805
672.7530517578125 80.63249969482422 0.0019360732985660434
672.7565307617188 80.29669952392578 0.0019359206780791283
672.7600708007812 79.96361541748047 0.0019332122756168246
672.7635498046875 79.63362121582031 0.0019327925983816385
672.76708984375 79.30628967285156 0.0019408416701480746
672.7706298828125 78.98197937011719 0.001942176721058786
672.7741088867188 78.66029357910156 0.0019381331512704492
672.7776489257812 78.34159851074219 0.001936416607350111
672.7811279296875 78.02548217773438 0.0019325255416333675
672.78466796875 77.71231842041016 0.0019315718673169613
672.7882080078125 77.40169525146484 0.0019285583402961493
672.7914428710938 77.09397888183594 0.0019280624110251665
672.7946166992188 76.78874206542969 0.0019255828810855746
672.7977294921875 76.48638153076172 0.0019256973173469305
672.8008422851562 76.18644714355469 0.0019235610961914062
672.803955078125 75.88931274414062 0.0019158553332090378
672.8070678710938 75.59456634521484 0.0019089126726612449
672.81005859375 75.30257415771484 0.0019100952195003629
672.8128662109375 75.01293182373047 0.0019113922026008368
672.815673828125 74.72600555419922 0.0019147491548210382
672.818359375 74.4413833618164 0.0019150160951539874
672.8207397460938 74.15943908691406 0.001917190500535071
672.8231811523438 73.87975311279297 0.0019160842057317495
672.8256225585938 73.60271453857422 0.0019169998122379184
672.8279418945312 73.327880859375 0.0019155502086505294
672.8303833007812 73.05565643310547 0.0019165038829669356
672.8327026367188 72.78559112548828 0.0019146347185596824
672.8350830078125 72.5180892944336 0.001915359403938055
672.8374633789062 72.25270080566406 0.0019132231827825308
672.83984375 71.98983764648438 0.0019137572962790728
672.8421630859375 71.72905731201172 0.0019117736956104636
672.8445434570312 71.47075653076172 0.0019123839447274804
672.8468627929688 71.21448516845703 0.0019110488938167691
672.8491821289062 70.9606704711914 0.0019118881318718195
672.851318359375 70.70885467529297 0.0019101332873106003
672.853271484375 70.45600891113281 0.0018546676728874445
672.8543701171875 70.21709442138672 0.0018528365762904286
672.8549194335938 70.01826477050781 0.001911926199682057
672.8551635742188 69.86092376708984 0.002080726670101285
672.8552856445312 69.74581146240234 0.0022676086518913507
672.85498046875 69.6827392578125 0.0024921034928411245
672.85498046875 69.6744613647461 0.002665634034201503
672.85498046875 69.6743392944336 0.0025746917817741632
672.85498046875 69.67413330078125 0.0024026487953960896
672.85498046875 69.67394256591797 0.002237205393612385
672.85498046875 69.67378234863281 0.00210056290961802
672.85498046875 69.67366027832031 0.001994285499677062
672.85498046875 69.6735610961914 0.0019136428600177169
672.85498046875 69.67347717285156 0.0018529891967773438
672.85498046875 69.67347717285156 0.0018529891967773438
672.85498046875 69.67340850830078 0.0017955016810446978
672.85498046875 69.67337036132812 0.0017707443330436945
672.85498046875 69.67333984375 0.0017484663985669613
672.85498046875 69.67332458496094 0.0017309188842773438
672.85498046875 69.67330169677734 0.001717376639135182
672.85498046875 69.67328643798828 0.001707115094177425
672.85498046875 69.67327880859375 0.0016996765043586493
672.85498046875 69.67327117919922 0.0016941833309829235
672.85498046875 69.67327117919922 0.0016920851776376367
672.85498046875 69.67327117919922 0.001689376775175333
672.85498046875 69.67326354980469 0.0016868209931999445
672.85498046875 69.67326354980469 0.0016846847720444202
672.85498046875 69.67326354980469 0.0016830062959343195
672.85498046875 69.67326354980469 0.0016817855648696423
672.85498046875 69.67325592041016 0.001680831890553236
672.85498046875 69.67325592041016 0.001680831890553236
672.85498046875 69.67325592041016 0.0016796111594885588
672.85498046875 69.67325592041016 0.0016796111594885588
672.85498046875 69.67325592041016 0.0016796111594885588
672.85498046875 69.67325592041016 0.0016796111594885588
672.85498046875 69.67325592041016 0.0016796111594885588
672.85498046875 69.67325592041016 0.0016785430489107966
672.85498046875 69.67325592041016 0.0016785430489107966
672.85498046875 69.67325592041016 0.0016785430489107966
672.85498046875 69.67325592041016 0.0016785430489107966
672.85498046875 69.67325592041016 0.0016785430489107966
672.85498046875 69.67325592041016 0.0016785430489107966
672.85498046875 69.67325592041016 0.0016785430489107966
672.85498046875 69.67325592041016 0.0016785430489107966
672.85498046875 69.67325592041016 0.0016785430489107966
672.85498046875 69.67325592041016 0.0016785430489107966
672.85498046875 69.67325592041016 0.0016785430489107966
672.85498046875 69.67325592041016 0.0016785430489107966
672.85498046875 69.67325592041016 0.0016785430489107966
672.85498046875 69.67325592041016 0.0016785430489107966
672.85498046875 69.67325592041016 0.0016785430489107966
672.85498046875 69.67325592041016 0.0016785430489107966
672.85498046875 69.67325592041016 0.0016785430489107966
672.85498046875 69.67325592041016 0.0016785430489107966
672.85498046875 69.67325592041016 0.0016785430489107966
672.85498046875 69.67325592041016 0.0016785430489107966
672.85498046875 69.67325592041016 0.0016785430489107966
672.85498046875 69.67325592041016 0.0016785430489107966
672.85498046875 69.67325592041016 0.0016785430489107966
672.85498046875 69.67325592041016 0.0016785430489107966
672.85498046875 69.67325592041016 0.0016785430489107966
672.85498046875 69.67325592041016 0.0016785430489107966
672.85498046875 69.67325592041016 0.0016785430489107966
672.85498046875 69.67325592041016 0.0016785430489107966
672.85498046875 69.67325592041016 0.0016785430489107966
672.85498046875 69.67325592041016 0.0016785430489107966
672.85498046875 69.67325592041016 0.0016785430489107966
672.85498046875 69.67325592041016 0.0016785430489107966
672.85498046875 69.67325592041016 0.0016785430489107966
672.85498046875 69.67325592041016 0.0016785430489107966
672.85498046875 69.67325592041016 0.0016785430489107966
672.85498046875 69.67325592041016 0.0016785430489107966
672.85498046875 69.67325592041016 0.0016785430489107966
672.85498046875 69.67325592041016 0.0016785430489107966
672.85498046875 69.67325592041016 0.0016785430489107966
672.85498046875 69.67325592041016 0.0016785430489107966
672.85498046875 69.67325592041016 0.0016785430489107966
672.85498046875 69.67325592041016 0.0016785430489107966
672.85498046875 69.67325592041016 0.0016785430489107966
672.85498046875 69.67325592041016 0.0016785430489107966
672.85498046875 69.67325592041016 0.0016785430489107966
672.85498046875 69.67325592041016 0.0016785430489107966
672.85498046875 69.67325592041016 0.0016785430489107966
672.85498046875 69.67325592041016 0.0016785430489107966
672.85498046875 69.67325592041016 0.0016785430489107966
672.85498046875 69.67325592041016 0.0016785430489107966
672.85498046875 69.67325592041016 0.0016785430489107966
672.85498046875 69.67325592041016 0.0016785430489107966
672.85498046875 69.67325592041016 0.0016785430489107966
672.85498046875 69.67325592041016 0.0016785430489107966
672.85498046875 69.67325592041016 0.0016785430489107966
672.85498046875 69.67325592041016 0.0016785430489107966
672.85498046875 69.67325592041016 0.0016785430489107966
672.85498046875 69.67325592041016 0.0016785430489107966
672.85498046875 69.67325592041016 0.0016785430489107966
672.85498046875 69.67325592041016 0.0016785430489107966
672.85498046875 69.67325592041016 0.0016785430489107966
672.85498046875 69.67325592041016 0.0016785430489107966
672.85498046875 69.67325592041016 0.0016785430489107966
672.85498046875 69.67325592041016 0.0016785430489107966
672.85498046875 69.67325592041016 0.0016785430489107966
672.85498046875 69.67325592041016 0.0016785430489107966
672.85498046875 69.67325592041016 0.0016785430489107966
672.85498046875 69.67325592041016 0.0016785430489107966
672.85498046875 69.67325592041016 0.0016785430489107966
672.85498046875 69.67325592041016 0.0016785430489107966
672.85498046875 69.67325592041016 0.0016785430489107966
672.85498046875 69.67325592041016 0.0016785430489107966
672.85498046875 69.67325592041016 0.0016785430489107966
672.85498046875 69.67325592041016 0.0016785430489107966
672.85498046875 69.67325592041016 0.0016785430489107966
672.85498046875 69.67325592041016 0.0016785430489107966
672.85498046875 69.67325592041016 0.0016785430489107966
672.85498046875 69.67325592041016 0.0016785430489107966
672.85498046875 69.67325592041016 0.0016785430489107966
672.85498046875 69.67325592041016 0.0016785430489107966
672.85498046875 69.67325592041016 0.0016785430489107966
672.85498046875 69.67325592041016 0.0016785430489107966
672.85498046875 69.67325592041016 0.0016785430489107966
672.85498046875 69.67325592041016 0.0016785430489107966
672.85498046875 69.67325592041016 0.0016785430489107966
672.85498046875 69.67325592041016 0.0016785430489107966
672.85498046875 69.67325592041016 0.0016785430489107966
672.85498046875 69.67325592041016 0.0016785430489107966
672.85498046875 69.67325592041016 0.0016785430489107966
672.85498046875 69.67325592041016 0.0016785430489107966
672.85498046875 69.67325592041016 0.0016785430489107966
672.85498046875 69.67325592041016 0.0016785430489107966
672.85498046875 69.67325592041016 0.0016785430489107966
672.85498046875 69.67325592041016 0.0016785430489107966
672.85498046875 69.67325592041016 0.0016785430489107966
672.85498046875 69.67325592041016 0.0016785430489107966
672.85498046875 69.67325592041016 0.0016785430489107966
672.85498046875 69.67325592041016 0.0016785430489107966
672.85498046875 69.67325592041016 0.0016785430489107966
672.85498046875 69.67325592041016 0.0016785430489107966
672.85498046875 69.67325592041016 0.0016785430489107966
672.85498046875 69.67325592041016 0.0016785430489107966
672.85498046875 69.67325592041016 0.0016785430489107966
672.85498046875 69.67325592041016 0.0016785430489107966
672.85498046875 69.67325592041016 0.0016785430489107966
672.85498046875 69.67325592041016 0.0016785430489107966
672.85498046875 69.67325592041016 0.0016785430489107966
672.85498046875 69.67325592041016 0.0016785430489107966
672.85498046875 69.67325592041016 0.0016785430489107966
672.85498046875 69.67325592041016 0.0016785430489107966
672.85498046875 69.67325592041016 0.0016785430489107966
672.85498046875 69.67325592041016 0.0016785430489107966
672.85498046875 69.67325592041016 0.0016785430489107966
672.85498046875 69.67325592041016 0.0016785430489107966
672.85498046875 69.67325592041016 0.0016785430489107966
672.85498046875 69.67325592041016 0.0016785430489107966
672.85498046875 69.67325592041016 0.0016785430489107966
672.85498046875 69.67325592041016 0.0016785430489107966
672.85498046875 69.67325592041016 0.0016785430489107966
672.85498046875 69.67325592041016 0.0016785430489107966
672.85498046875 69.67325592041016 0.0016785430489107966
672.85498046875 69.67325592041016 0.0016785430489107966
672.85498046875 69.67325592041016 0.0016785430489107966
672.85498046875 69.67325592041016 0.0016785430489107966
672.85498046875 69.67325592041016 0.0016785430489107966
672.85498046875 69.67325592041016 0.0016785430489107966
672.85498046875 69.67325592041016 0.0016785430489107966
672.85498046875 69.67325592041016 0.0016785430489107966
672.85498046875 69.67325592041016 0.0016785430489107966
672.85498046875 69.67325592041016 0.0016785430489107966
672.85498046875 69.67325592041016 0.0016785430489107966
672.85498046875 69.67325592041016 0.0016785430489107966
672.85498046875 69.67325592041016 0.0016785430489107966
672.85498046875 69.67325592041016 0.0016785430489107966
672.85498046875 69.67325592041016 0.0016785430489107966
672.85498046875 69.67325592041016 0.0016785430489107966
672.85498046875 69.67325592041016 0.0016785430489107966
672.85498046875 69.67325592041016 0.0016785430489107966
672.85498046875 69.67325592041016 0.0016785430489107966
672.85498046875 69.67325592041016 0.0016785430489107966
672.85498046875 69.67325592041016 0.0016785430489107966
672.85498046875 69.67325592041016 0.0016785430489107966
672.85498046875 69.67325592041016 0.0016785430489107966
672.85498046875 69.67325592041016 0.0016785430489107966
672.85498046875 69.67325592041016 0.0016785430489107966
672.85498046875 69.67325592041016 0.0016785430489107966
672.85498046875 69.67325592041016 0.0016785430489107966
672.85498046875 69.67325592041016 0.0016785430489107966
672.85498046875 69.67325592041016 0.0016785430489107966
672.85498046875 69.67325592041016 0.0016785430489107966
672.85498046875 69.67325592041016 0.0016785430489107966
672.85498046875 69.67325592041016 0.0016785430489107966
672.85498046875 69.67325592041016 0.0016785430489107966
672.85498046875 69.67325592041016 0.0016785430489107966
672.85498046875 69.67325592041016 0.0016785430489107966
672.85498046875 69.67325592041016 0.0016785430489107966
672.85498046875 69.67325592041016 0.0016785430489107966
672.85498046875 69.67325592041016 0.0016785430489107966
672.85498046875 69.67325592041016 0.0016785430489107966
672.85498046875 69.67325592041016 0.0016785430489107966
672.85498046875 69.67325592041016 0.0016785430489107966
672.85498046875 69.67325592041016 0.0016785430489107966
672.85498046875 69.67325592041016 0.0016785430489107966
672.85498046875 69.67325592041016 0.0016785430489107966
672.85498046875 69.67325592041016 0.0016785430489107966
672.85498046875 69.67325592041016 0.0016785430489107966
672.85498046875 69.67325592041016 0.0016785430489107966
672.85498046875 69.67325592041016 0.0016785430489107966
672.85498046875 69.67325592041016 0.0016785430489107966
672.85498046875 69.67325592041016 0.0016785430489107966
672.85498046875 69.67325592041016 0.0016785430489107966
672.85498046875 69.67325592041016 0.0016785430489107966
672.85498046875 69.67325592041016 0.0016785430489107966
672.85498046875 69.67325592041016 0.0016785430489107966
672.85498046875 69.67325592041016 0.0016785430489107966
672.85498046875 69.67325592041016 0.0016785430489107966
672.85498046875 69.67325592041016 0.0016785430489107966
672.85498046875 69.67325592041016 0.0016785430489107966
672.85498046875 69.67325592041016 0.0016785430489107966
672.85498046875 69.67325592041016 0.0016785430489107966
672.85498046875 69.67325592041016 0.0016785430489107966
672.85498046875 69.67325592041016 0.0016785430489107966
672.85498046875 69.67325592041016 0.0016785430489107966
672.85498046875 69.67325592041016 0.0016785430489107966
672.85498046875 69.67325592041016 0.0016785430489107966
672.85498046875 69.67325592041016 0.0016785430489107966
672.85498046875 69.67325592041016 0.0016785430489107966
672.85498046875 69.67325592041016 0.0016785430489107966
672.85498046875 69.67325592041016 0.0016785430489107966
672.85498046875 69.67325592041016 0.0016785430489107966
672.85498046875 69.67325592041016 0.0016785430489107966
672.85498046875 69.67325592041016 0.0016785430489107966
672.85498046875 69.67325592041016 0.0016785430489107966
672.85498046875 69.67325592041016 0.0016785430489107966
672.85498046875 69.67325592041016 0.0016785430489107966
672.85498046875 69.67325592041016 0.0016785430489107966
672.85498046875 69.67325592041016 0.0016785430489107966
672.85498046875 69.67325592041016 0.0016785430489107966
672.85498046875 69.67325592041016 0.0016785430489107966
672.85498046875 69.67325592041016 0.0016785430489107966
672.85498046875 69.67325592041016 0.0016785430489107966
672.85498046875 69.67325592041016 0.0016785430489107966
672.85498046875 69.67325592041016 0.0016785430489107966
672.85498046875 69.67325592041016 0.0016785430489107966
672.85498046875 69.67325592041016 0.0016785430489107966
672.85498046875 69.67325592041016 0.0016785430489107966
672.85498046875 69.67325592041016 0.0016785430489107966
672.85498046875 69.67325592041016 0.0016785430489107966
672.85498046875 69.67325592041016 0.0016785430489107966
672.85498046875 69.67325592041016 0.0016785430489107966
672.85498046875 69.67325592041016 0.0016785430489107966
672.85498046875 69.67325592041016 0.0016785430489107966
672.85498046875 69.67325592041016 0.0016785430489107966
672.85498046875 69.67325592041016 0.0016785430489107966
672.85498046875 69.67325592041016 0.0016785430489107966
672.85498046875 69.67325592041016 0.0016785430489107966
672.85498046875 69.67325592041016 0.0016785430489107966
672.85498046875 69.67325592041016 0.0016785430489107966
672.85498046875 69.67325592041016 0.0016785430489107966
672.85498046875 69.67325592041016 0.0016785430489107966
672.85498046875 69.67325592041016 0.0016785430489107966
672.85498046875 69.67325592041016 0.0016785430489107966
672.85498046875 69.67325592041016 0.0016785430489107966
672.85498046875 69.67325592041016 0.0016785430489107966
672.85498046875 69.67325592041016 0.0016785430489107966
672.85498046875 69.67325592041016 0.0016785430489107966
672.85498046875 69.67325592041016 0.0016785430489107966
672.85498046875 69.67325592041016 0.0016785430489107966
672.85498046875 69.67325592041016 0.0016785430489107966
672.85498046875 69.67325592041016 0.0016785430489107966
672.85498046875 69.67325592041016 0.0016785430489107966
672.85498046875 69.67325592041016 0.0016785430489107966
672.85498046875 69.67325592041016 0.0016785430489107966
672.85498046875 69.67325592041016 0.0016785430489107966
672.85498046875 69.67325592041016 0.0016785430489107966
672.85498046875 69.67325592041016 0.0016785430489107966
672.85498046875 69.67325592041016 0.0016785430489107966
672.85498046875 69.67325592041016 0.0016785430489107966
672.85498046875 69.67325592041016 0.0016785430489107966
672.85498046875 69.67325592041016 0.0016785430489107966
672.85498046875 69.67325592041016 0.0016785430489107966
672.85498046875 69.67325592041016 0.0016785430489107966
672.85498046875 69.67325592041016 0.0016785430489107966
672.85498046875 69.67325592041016 0.0016785430489107966
672.85498046875 69.67325592041016 0.0016785430489107966
672.85498046875 69.67325592041016 0.0016785430489107966
672.85498046875 69.67325592041016 0.0016785430489107966
672.85498046875 69.67325592041016 0.0016785430489107966
672.85498046875 69.67325592041016 0.0016785430489107966
672.85498046875 69.67325592041016 0.0016785430489107966
672.85498046875 69.67325592041016 0.0016785430489107966
672.85498046875 69.67325592041016 0.0016785430489107966
672.85498046875 69.67325592041016 0.0016785430489107966
672.85498046875 69.67325592041016 0.0016785430489107966
672.85498046875 69.67325592041016 0.0016785430489107966
672.85498046875 69.67325592041016 0.0016785430489107966
672.85498046875 69.67325592041016 0.0016785430489107966
672.85498046875 69.67325592041016 0.0016785430489107966
672.85498046875 69.67325592041016 0.0016785430489107966
672.85498046875 69.67325592041016 0.0016785430489107966
672.85498046875 69.67325592041016 0.0016785430489107966
672.85498046875 69.67325592041016 0.0016785430489107966
672.85498046875 69.67325592041016 0.0016785430489107966
672.85498046875 69.67325592041016 0.0016785430489107966
672.85498046875 69.67325592041016 0.0016785430489107966
672.85498046875 69.67325592041016 0.0016785430489107966
672.85498046875 69.67325592041016 0.0016785430489107966
672.85498046875 69.67325592041016 0.0016785430489107966
672.85498046875 69.67325592041016 0.0016785430489107966
672.85498046875 69.67325592041016 0.0016785430489107966
672.85498046875 69.67325592041016 0.0016785430489107966
672.85498046875 69.67325592041016 0.0016785430489107966
672.85498046875 69.67325592041016 0.0016785430489107966
672.85498046875 69.67325592041016 0.0016785430489107966
672.85498046875 69.67325592041016 0.0016785430489107966
672.85498046875 69.67325592041016 0.0016785430489107966
672.85498046875 69.67325592041016 0.0016785430489107966
672.85498046875 69.67325592041016 0.0016785430489107966
672.85498046875 69.67325592041016 0.0016785430489107966
672.85498046875 69.67325592041016 0.0016785430489107966
672.85498046875 69.67325592041016 0.0016785430489107966
672.85498046875 69.67325592041016 0.0016785430489107966
672.85498046875 69.67325592041016 0.0016785430489107966
672.85498046875 69.67325592041016 0.0016785430489107966
672.85498046875 69.67325592041016 0.0016785430489107966
672.85498046875 69.67325592041016 0.0016785430489107966
672.85498046875 69.67325592041016 0.0016785430489107966
672.85498046875 69.67325592041016 0.0016785430489107966
672.85498046875 69.67325592041016 0.0016785430489107966
672.85498046875 69.67325592041016 0.0016785430489107966
672.85498046875 69.67325592041016 0.0016785430489107966
672.85498046875 69.67325592041016 0.0016785430489107966
672.85498046875 69.67325592041016 0.0016785430489107966
672.85498046875 69.67325592041016 0.0016785430489107966
672.85498046875 69.67325592041016 0.0016785430489107966
672.85498046875 69.67325592041016 0.0016785430489107966
672.85498046875 69.67325592041016 0.0016785430489107966
672.85498046875 69.67325592041016 0.0016785430489107966
672.85498046875 69.67325592041016 0.0016785430489107966
672.85498046875 69.67325592041016 0.0016785430489107966
672.85498046875 69.67325592041016 0.0016785430489107966
672.85498046875 69.67325592041016 0.0016785430489107966
672.85498046875 69.67325592041016 0.0016785430489107966
672.85498046875 69.67325592041016 0.0016785430489107966
672.85498046875 69.67325592041016 0.0016785430489107966
672.85498046875 69.67325592041016 0.0016785430489107966
672.85498046875 69.67325592041016 0.0016785430489107966
672.85498046875 69.67325592041016 0.0016785430489107966
672.85498046875 69.67325592041016 0.0016785430489107966
672.85498046875 69.67325592041016 0.0016785430489107966
672.85498046875 69.67325592041016 0.0016785430489107966
672.85498046875 69.67325592041016 0.0016785430489107966
672.85498046875 69.67325592041016 0.0016785430489107966
672.85498046875 69.67325592041016 0.0016785430489107966
672.85498046875 69.67325592041016 0.0016785430489107966
672.85498046875 69.67325592041016 0.0016785430489107966
672.85498046875 69.67325592041016 0.0016785430489107966
672.85498046875 69.67325592041016 0.0016785430489107966
672.85498046875 69.67325592041016 0.0016785430489107966
672.85498046875 69.67325592041016 0.0016785430489107966
672.85498046875 69.67042541503906 0.0016602706164121628
672.85498046875 69.66175842285156 0.0016287231119349599
672.8551635742188 69.64372253417969 0.00157928466796875
672.8550415039062 69.61343383789062 0.0015200042398646474
672.8546752929688 69.57003784179688 0.0014663314213976264
672.8543090820312 69.51409149169922 0.0014255522983148694
672.8539428710938 69.44373321533203 0.0013859939062967896
672.853759765625 69.35918426513672 0.0013532256707549095
672.8535766601562 69.26014709472656 0.0013270569033920765
672.8529663085938 69.14640808105469 0.0013057326432317495
672.8524169921875 69.01786804199219 0.0012889861827716231
672.8518676757812 68.87417602539062 0.0012737655779346824
672.8512573242188 68.71480560302734 0.0012592315906658769
672.8502807617188 68.53992462158203 0.0012480926234275103
672.849365234375 68.3499984741211 0.0012423323933035135
672.8484497070312 68.1456069946289 0.0012414550874382257
672.84716796875 67.9271469116211 0.0012438201811164618
672.8458251953125 67.69532775878906 0.0012514495756477118
672.8445434570312 67.45435333251953 0.0012828444596379995
672.8431396484375 67.21217346191406 0.0013558578211814165
672.8416748046875 66.97499084472656 0.0014559173723682761
672.8402709960938 66.7452621459961 0.0015573882265016437
672.8388671875 66.5229263305664 0.0016402816399931908
672.83740234375 66.30615234375 0.0016952132573351264
672.8359375 66.0934829711914 0.0017268371302634478
672.8345336914062 65.88398742675781 0.0017421721713617444
672.8330078125 65.67656707763672 0.001745262066833675
672.83154296875 65.47015380859375 0.0017394255846738815
672.830078125 65.26432800292969 0.0017304992070421576
672.826171875 65.05901336669922 0.0017297363374382257
672.8209838867188 64.8523941040039 0.0017249679658561945
672.8154296875 64.64057922363281 0.0016902160132303834
672.8094482421875 64.4200668334961 0.0016380691668018699
672.8030395507812 64.1888427734375 0.0015782928094267845
672.7960815429688 63.94582748413086 0.0015211105346679688
672.7886352539062 63.69037628173828 0.0016808700747787952
672.7807006835938 63.424808502197266 0.0017570876516401768
672.7726440429688 63.157005310058594 0.0017948531312868
672.7642822265625 62.88460922241211 0.0017914199270308018
672.7554321289062 62.60445785522461 0.0017584610031917691
672.7462158203125 62.31494903564453 0.001715164165943861
672.7364501953125 62.01410675048828 0.0016660690307617188
672.72607421875 61.701087951660156 0.0016210555331781507
672.7152709960938 61.3729362487793 0.0015691756270825863
672.7037963867188 61.0326042175293 0.0015419769333675504
672.6917114257812 60.6790885925293 0.0015190505655482411
672.6790771484375 60.31243896484375 0.001501388498581946
672.6630249023438 59.93216323852539 0.0014928436139598489
672.6436767578125 59.53860855102539 0.0015054702525958419
672.6220703125 59.131263732910156 0.0015098953153938055
672.5987548828125 58.71059799194336 0.0015083694597706199
672.5736694335938 58.27630615234375 0.0015012358780950308
672.5469970703125 57.82874298095703 0.0014937972882762551
672.5187377929688 57.36754608154297 0.0014850234147161245
672.4890747070312 56.89302444458008 0.0014778518816456199
672.4578857421875 56.40481948852539 0.0014699172461405396
672.4253540039062 55.903133392333984 0.0014642715686932206
672.3915405273438 55.38739013671875 0.0014565658057108521
672.3565673828125 54.85801696777344 0.001452217111364007
672.3169555664062 54.31743621826172 0.0014731979463249445
672.272705078125 53.7701301574707 0.0015420150011777878
672.225830078125 53.22084426879883 0.001625976525247097
672.1771850585938 52.67347717285156 0.0017095947405323386
672.127197265625 52.13001251220703 0.0017839049687609076
672.076171875 51.5916633605957 0.0018453216180205345
672.0245971679688 51.05809783935547 0.0018886184552684426
671.972412109375 50.52864074707031 0.0019147872226312757
671.919677734375 50.00166702270508 0.0019222259288653731
671.866455078125 49.475833892822266 0.0019165038829669356
671.8096923828125 48.9499397277832 0.0019114684546366334
671.7487182617188 48.423152923583984 0.0019189071608707309
671.6851196289062 47.894412994384766 0.00191154470667243
671.6192626953125 47.363807678222656 0.0019011687254533172
671.5514526367188 46.83148193359375 0.0018886947073042393
671.4821166992188 46.29825973510742 0.0018802642589434981
671.41162109375 45.76462936401367 0.0018746948335319757
671.3401489257812 45.23141098022461 0.0018747710855677724
671.2679443359375 44.69883346557617 0.0018758010119199753
671.1953125 44.167320251464844 0.0018778227968141437
671.1190185546875 43.637264251708984 0.0018896865658462048
671.0391845703125 43.108734130859375 0.0019187163561582565
670.9568481445312 42.58094787597656 0.0019346236949786544
670.8727416992188 42.05370330810547 0.0019376373384147882
670.7868041992188 41.52649688720703 0.001929969759657979
670.699462890625 40.99928665161133 0.001918792724609375
670.6109008789062 40.47175216674805 0.0019055557204410434
670.5213012695312 39.94407272338867 0.0018942641327157617
670.430908203125 39.416099548339844 0.0018836212111636996
670.3399658203125 38.88813018798828 0.0018757629441097379
670.2453002929688 38.36077117919922 0.0018806075677275658
670.1470336914062 37.8344841003418 0.0020098877139389515
670.0463256835938 37.30859375 0.0020486831199377775
669.9437255859375 36.78326416015625 0.0020419692154973745
669.8392944335938 36.25807189941406 0.0020152663346379995
669.7332153320312 35.73160171508789 0.0019753265660256147
669.625 35.2006721496582 0.0019197844667360187
669.5144653320312 34.66297149658203 0.0018579864408820868
669.4011840820312 34.11628723144531 0.0017928695306181908
669.2850341796875 33.5593147277832 0.0017320632468909025
669.1627807617188 32.992103576660156 0.0016903304494917393
669.0337524414062 32.414608001708984 0.0016793060349300504
668.8995361328125 31.82632064819336 0.0016679763793945312
668.7603759765625 31.227256774902344 0.001651344238780439
668.6165771484375 30.617433547973633 0.0016339492285624146
668.4684448242188 29.99687385559082 0.0016155242919921875
668.3162231445312 29.365596771240234 0.0015985106583684683
668.16015625 28.723617553710938 0.001583747798576951
668.0003662109375 28.070959091186523 0.0015713500324636698
667.8343505859375 27.408559799194336 0.0015709304716438055
667.6614990234375 26.73651885986328 0.0015907668275758624
667.47998046875 26.055599212646484 0.001615982037037611
667.2897338867188 25.36577796936035 0.0016485595842823386
667.0922241210938 24.666656494140625 0.001666755648329854
666.8878784179688 23.95818328857422 0.001670570345595479
666.6768798828125 23.24029541015625 0.0016647720476612449
666.4599609375 22.512939453125 0.0016540908254683018
666.237548828125 21.776037216186523 0.0016403578920289874
666.0101928710938 21.02950668334961 0.0016263580182567239
665.7782592773438 20.273527145385742 0.0016137313796207309
665.5426635742188 19.50949478149414 0.0016115187900140882
665.3045043945312 18.739816665649414 0.001624641357921064
665.060546875 17.968984603881836 0.0016706085298210382
664.8109741210938 17.199743270874023 0.0017539215041324496
664.557861328125 16.433515548706055 0.001833419781178236
664.3017578125 15.67133617401123 0.0019146347185596824
664.043212890625 14.91356086730957 0.0019478987669572234
663.7824096679688 14.159914016723633 0.001970176585018635
663.5196533203125 13.409690856933594 0.0019805908668786287
663.250244140625 12.664177894592285 0.0019997023046016693
662.97021484375 11.924300193786621 0.002058601239696145
662.6814575195312 11.187993049621582 0.002105827210471034
662.3843383789062 10.454198837280273 0.0021266555413603783
662.0792846679688 9.722248077392578 0.0021252441219985485
661.7670288085938 8.991756439208984 0.0021097564604133368
661.448486328125 8.262542724609375 0.0020874023903161287
661.12060546875 7.536809921264648 0.0020804977975785732
660.7826538085938 6.815465927124023 0.0021056365221738815
660.4366455078125 6.097632884979248 0.0021247481927275658
660.0835571289062 5.3831329345703125 0.002129249507561326
659.7203979492188 4.674378395080566 0.0021402358543127775
659.3461303710938 3.972102642059326 0.002174644498154521
658.9629516601562 3.2749955654144287 0.0021958923898637295
658.571533203125 2.582516670227051 0.0021974181290715933
658.1689453125 1.8970122337341309 0.002203140174970031
657.7548828125 1.218911051750183 0.0022317885886877775
657.3310546875 0.5466400980949402 0.0022434615530073643
656.898681640625 -0.12048408389091492 0.0022362135350704193
656.4547729492188 -0.7800013422966003 0.0022334670647978783
655.99951171875 -1.43148934841156 0.002252464182674885
655.53466796875 -2.07659912109375 0.0022580719087272882
655.061279296875 -2.7160308361053467 0.0022468185052275658
654.5771484375 -3.347170352935791 0.0022412489634007215
654.0821533203125 -3.969578742980957 0.0022575759794563055
653.5782470703125 -4.585007190704346 0.0022619247902184725
653.0663452148438 -5.194225311279297 0.0022488022223114967
652.5443725585938 -5.794516563415527 0.002241973765194416
652.0123901367188 -6.385463237762451 0.0022575759794563055
651.4719848632812 -6.968944072723389 0.0022608565632253885
650.9241333007812 -7.545812129974365 0.0022467803210020065
650.3668823242188 -8.113241195678711 0.002239570487290621
649.8001098632812 -8.670806884765625 0.002254829276353121
649.2254638671875 -9.22049617767334 0.0022576902993023396
648.643798828125 -9.763216018676758 0.002243690425530076
648.0534057617188 -10.296005249023438 0.0022361373994499445
647.4541015625 -10.81842041015625 0.0022516250610351562
646.8472900390625 -11.332531929016113 0.0022552490700036287
646.2339477539062 -11.839295387268066 0.0022415160201489925
645.6124267578125 -12.3356294631958 0.0022344207391142845
644.9827270507812 -12.821075439453125 0.002250404329970479
644.3461303710938 -13.297792434692383 0.0022541044745594263
643.7034912109375 -13.76678466796875 0.0022407150827348232
643.0532836914062 -14.224871635437012 0.0022338484413921833
642.3955078125 -14.67158317565918 0.0022499084006994963
641.7315063476562 -15.109169960021973 0.0022537612821906805
641.0618286132812 -15.53868293762207 0.0022406005300581455
640.3853149414062 -15.956856727600098 0.0022335052490234375
639.7019653320312 -16.36321449279785 0.0022493742872029543
639.0127563476562 -16.76008415222168 0.0022537230979651213
638.3184814453125 -17.14856719970703 0.0022403716575354338
637.6180419921875 -17.525312423706055 0.00223339069634676
636.9114990234375 -17.88984489440918 0.002250022953376174
636.1997680664062 -18.24456024169922 0.0022537994664162397
635.4832763671875 -18.59059715270996 0.002240409841760993
634.7615356445312 -18.92454719543457 0.0022337723057717085
634.0343017578125 -19.245925903320312 0.002249870216473937
633.3024291992188 -19.55718994140625 0.002253951970487833
632.5665893554688 -19.85952377319336 0.002240753034129739
631.8270874023438 -20.153993606567383 0.0022151947487145662
631.08349609375 -20.437068939208984 0.0022008896339684725
630.3357543945312 -20.707782745361328 0.0022172927856445312
629.5844116210938 -20.968578338623047 0.0022252274211496115
628.8297119140625 -21.22053337097168 0.002216873224824667
628.0714111328125 -21.459997177124023 0.002215156564489007
627.3088989257812 -21.686279296875 0.002466659527271986
626.54296875 -21.901830673217773 0.0022286605089902878
625.7742309570312 -22.107460021972656 0.0021392821799963713
625.0023803710938 -22.299707412719727 0.0021256636828184128
624.2276611328125 -22.47808074951172 0.0021594238933175802
623.4502563476562 -22.645076751708984 0.0021865845192223787
622.6705322265625 -22.801925659179688 0.0021946716587990522
621.888427734375 -22.944189071655273 0.002208976773545146
621.1043090820312 -23.069177627563477 0.002258643973618746
620.3179321289062 -23.1800537109375 0.0022934721782803535
619.5294189453125 -23.27842140197754 0.0023013686295598745
618.7389526367188 -23.365741729736328 0.0022858809679746628
617.9468383789062 -23.44346046447754 0.0022557068150490522
617.1535034179688 -23.513019561767578 0.0022180937230587006
616.3593139648438 -23.575807571411133 0.0021769714076071978
615.5645751953125 -23.629873275756836 0.0021483993623405695
614.7694702148438 -23.67575454711914 0.0021397399250417948
613.9740600585938 -23.715444564819336 0.0021261977963149548
613.1785888671875 -23.749908447265625 0.0021038437262177467
612.3829345703125 -23.779964447021484 0.0020770644769072533
611.5872802734375 -23.80632972717285 0.0020481108222156763
610.7916259765625 -23.829652786254883 0.0020199583377689123
609.9959106445312 -23.84954833984375 0.0019972610753029585
609.2000732421875 -23.866479873657227 0.001981544541195035
608.4041748046875 -23.88117790222168 0.0019659423269331455
607.6082763671875 -23.894044876098633 0.0019493483705446124
606.8123779296875 -23.9053955078125 0.0019334411481395364
606.0162963867188 -23.915523529052734 0.0019186401041224599
605.22021484375 -23.924650192260742 0.0019056701567023993
604.4238891601562 -23.932899475097656 0.001892852713353932
603.6253662109375 -23.94046974182129 0.0018703460227698088
602.8221435546875 -23.947566986083984 0.0018355560023337603
602.0125122070312 -23.954309463500977 0.0017949675675481558
601.1951904296875 -23.960756301879883 0.001754074008204043
600.3695678710938 -23.967058181762695 0.001716194092296064
599.5350341796875 -23.973217010498047 0.0016821670578792691
598.6911010742188 -23.97928810119629 0.0016537475166842341
597.8377075195312 -23.985328674316406 0.0016296767862513661
596.974609375 -23.991352081298828 0.0016105270478874445
596.1016845703125 -23.997411727905273 0.0015948103973641992
595.2188720703125 -24.003522872924805 0.001582565251737833
594.326171875 -24.009700775146484 0.0015726470155641437
593.4236450195312 -24.01593780517578 0.0015655135503038764
592.5112915039062 -24.022233963012695 0.0015604018699377775
591.5889892578125 -24.028621673583984 0.0015561676118522882
590.656982421875 -24.035099029541016 0.0015533065889030695
589.7152099609375 -24.041669845581055 0.001551399240270257
588.7636108398438 -24.048324584960938 0.0015504836337640882
587.8024291992188 -24.05508804321289 0.0015493010869249701
586.8316040039062 -24.061935424804688 0.001549415523186326
585.8511352539062 -24.06886100769043 0.0015501403249800205
584.8612060546875 -24.07590103149414 0.0015510939992964268
583.8616943359375 -24.08308982849121 0.0015515517443418503
582.852783203125 -24.090402603149414 0.0015536498976871371
581.83447265625 -24.09781265258789 0.0015554808778688312
580.8068237304688 -24.105321884155273 0.001557044917717576
579.7698974609375 -24.112911224365234 0.0015579223399981856
578.7236328125 -24.120588302612305 0.0015593337593600154
577.668212890625 -24.12835693359375 0.0015604018699377775
576.6036376953125 -24.136213302612305 0.001561660785228014
575.5299682617188 -24.14415168762207 0.0015627669636160135
574.4472045898438 -24.152177810668945 0.0015641021309420466
573.35546875 -24.160274505615234 0.0015651702415198088
572.2546997070312 -24.168476104736328 0.0015667724655941129
571.1450805664062 -24.176727294921875 0.0015676879556849599
570.0265502929688 -24.18504524230957 0.0015689086867496371
568.8992309570312 -24.193450927734375 0.0015695571200922132
567.7630615234375 -24.201932907104492 0.0015715026529505849
566.6182250976562 -24.210485458374023 0.0015739439986646175
565.4647216796875 -24.21909523010254 0.0015744781121611595
564.3025512695312 -24.22777557373047 0.0015752791659906507
563.1317749023438 -24.236522674560547 0.0015760039677843451
561.952392578125 -24.245338439941406 0.0015776442596688867
560.7645874023438 -24.254213333129883 0.0015788269229233265
559.5682983398438 -24.263063430786133 0.0015801619738340378
558.3637084960938 -24.271852493286133 0.001582832308486104
557.1514282226562 -24.28057861328125 0.001589546212926507
555.9332885742188 -24.289201736450195 0.0016062544891610742
554.7117309570312 -24.297571182250977 0.0016375732375308871
553.4896850585938 -24.305622100830078 0.0016812514513731003
552.2694702148438 -24.31333351135254 0.0017324447399005294
551.052734375 -24.3206729888916 0.001783828716725111
549.8401489257812 -24.32761001586914 0.0018293762113898993
548.6315307617188 -24.334089279174805 0.0018638229230418801
547.4259643554688 -24.340112686157227 0.0018853377550840378
546.2222290039062 -24.345680236816406 0.0018933104583993554
545.01904296875 -24.350797653198242 0.0018896101973950863
543.8151245117188 -24.35547637939453 0.0018743895925581455
542.609619140625 -24.359758377075195 0.0018600462935864925
541.4022216796875 -24.363658905029297 0.0018446730682626367
540.1928100585938 -24.36719512939453 0.001832084613852203
538.9818115234375 -24.370399475097656 0.001824073726311326
537.769775390625 -24.373302459716797 0.0018216704484075308
536.5574340820312 -24.375961303710938 0.0018244934035465121
535.3453369140625 -24.37839126586914 0.0018304061377421021
534.1339111328125 -24.38062286376953 0.001838149968534708
532.9235229492188 -24.382707595825195 0.0018457031110301614
531.7140502929688 -24.384660720825195 0.0018518829019740224
530.50537109375 -24.38650894165039 0.0018555069109424949
529.2972412109375 -24.388273239135742 0.0018561935285106301
528.0894165039062 -24.3900089263916 0.0018541335593909025
526.8814086914062 -24.391748428344727 0.0018498993013054132
525.673095703125 -24.393510818481445 0.0018445205641910434
524.4642944335938 -24.39531135559082 0.001839599572122097
523.255126953125 -24.397132873535156 0.001835365197621286
522.0454711914062 -24.39901351928711 0.0018323897384107113
520.8355102539062 -24.400968551635742 0.0018308638827875257
519.6254272460938 -24.40300941467285 0.0018320464296266437
518.4154663085938 -24.405147552490234 0.0018338393419981003
517.20556640625 -24.40735626220703 0.0018365859286859632
515.9959106445312 -24.40962028503418 0.0018391036428511143
514.7864379882812 -24.411943435668945 0.0018412017961964011
513.5772094726562 -24.414323806762695 0.0018423079745844007
512.3681030273438 -24.41677474975586 0.0018428039038553834
511.15911865234375 -24.419269561767578 0.0018426894675940275
509.95013427734375 -24.42180061340332 0.0018417739775031805
508.7410583496094 -24.424362182617188 0.0018408583709970117
507.5318603515625 -24.426952362060547 0.0018395233200863004
506.32257080078125 -24.429567337036133 0.0018386077135801315
505.1131896972656 -24.43222427368164 0.001837882911786437
503.9036865234375 -24.43490219116211 0.0018376540392637253
502.6941223144531 -24.43759536743164 0.0018376540392637253
501.48455810546875 -24.440303802490234 0.0018379592802375555
500.2749938964844 -24.443031311035156 0.001837997348047793
499.06561279296875 -24.44577407836914 0.0018385314615443349
497.8562316894531 -24.448524475097656 0.001839065458625555
496.6468505859375 -24.45128059387207 0.0018394088838249445
495.4375 -24.45404815673828 0.001839065458625555
494.2281799316406 -24.456817626953125 0.0018391036428511143
493.01898193359375 -24.459619522094727 0.0018388365861028433
491.8096008300781 -24.462430953979492 0.0018388365861028433
490.6002197265625 -24.465248107910156 0.0018383407732471824
489.3908386230469 -24.468074798583984 0.0018383407732471824
488.1814880371094 -24.470916748046875 0.0018379210960119963
486.97210693359375 -24.473764419555664 0.0018380355322733521
485.7627258300781 -24.476619720458984 0.0018377304077148438
484.5533447265625 -24.47948455810547 0.001837882911786437
483.3439636230469 -24.48235321044922 0.0018380355322733521
482.1346130371094 -24.485233306884766 0.001838149968534708
480.92523193359375 -24.488117218017578 0.0018381881527602673
479.7158508300781 -24.490997314453125 0.0018380737164989114
478.5064697265625 -24.493865966796875 0.001838149968534708
477.2970886230469 -24.49671173095703 0.0018377684755250812
476.0877380371094 -24.49951934814453 0.0018380737164989114
474.87835693359375 -24.502288818359375 0.001838149968534708
473.6689758300781 -24.50503921508789 0.0018381117843091488
472.4595947265625 -24.50776481628418 0.0018380737164989114
471.2502136230469 -24.51046371459961 0.001838264404796064
470.0408630371094 -24.513134002685547 0.0018379592802375555
468.83148193359375 -24.515785217285156 0.001838264404796064
467.6221008300781 -24.51841926574707 0.001838264404796064
466.4127197265625 -24.521015167236328 0.0018383407732471824
465.2033386230469 -24.523588180541992 0.0018384552095085382
463.9939880371094 -24.52617645263672 0.0018383025890216231
462.78460693359375 -24.528757095336914 0.001837997348047793
461.5752258300781 -24.531322479248047 0.0018381881527602673
460.3658447265625 -24.533884048461914 0.0018382262205705047
459.1564636230469 -24.536447525024414 0.0018381117843091488
457.9471130371094 -24.539011001586914 0.001837997348047793
456.73773193359375 -24.541574478149414 0.0018376922234892845
455.5289611816406 -24.543996810913086 0.0018427276518195868
454.3255310058594 -24.546232223510742 0.0018776702927425504
453.1341247558594 -24.54826545715332 0.0019482040079310536
451.9594421386719 -24.550077438354492 0.0020368576515465975
450.8042907714844 -24.551620483398438 0.0021275710314512253
449.6705017089844 -24.552806854248047 0.0022118377964943647
448.559326171875 -24.553613662719727 0.002286453265696764
447.4716796875 -24.554035186767578 0.0023494719062000513
446.4079284667969 -24.5540714263916 0.002400741446763277
445.3684387207031 -24.553695678710938 0.0024416351225227118
444.3531494140625 -24.55291748046875 0.0024730300065129995
443.362060546875 -24.55176544189453 0.002496108878403902
442.39508056640625 -24.55025291442871 0.0025123977102339268
441.4518127441406 -24.548425674438477 0.0025226592551916838
440.5321044921875 -24.546310424804688 0.002528304932639003
439.6356506347656 -24.543964385986328 0.0025299452245235443
438.7620849609375 -24.54137420654297 0.002518043387681246
437.9111328125 -24.538644790649414 0.002516097854822874
437.0818176269531 -24.535818099975586 0.00250835414044559
436.2713928222656 -24.532793045043945 0.0024858093820512295
435.4766845703125 -24.529647827148438 0.002446784870699048
434.6942138671875 -24.526411056518555 0.0023920058738440275
433.91937255859375 -24.523168563842773 0.0023177717812359333
433.1470642089844 -24.519874572753906 0.0022259901743382215
432.3731689453125 -24.51650619506836 0.002126083243638277
431.5949401855469 -24.513029098510742 0.0020286941435188055
430.8106994628906 -24.509550094604492 0.0019414901034906507
430.0201110839844 -24.50609588623047 0.001870384206995368
429.22393798828125 -24.502655029296875 0.0018203353974968195
428.423583984375 -24.499197006225586 0.0017917632358148694
427.6207275390625 -24.495729446411133 0.0017825317336246371
426.8171081542969 -24.49233055114746 0.0017878722865134478
426.01409912109375 -24.488954544067383 0.001802749582566321
425.2125549316406 -24.48566436767578 0.001821441575884819
424.4129943847656 -24.482465744018555 0.0018404006259515882
423.6153869628906 -24.479286193847656 0.0018556594150140882
422.81951904296875 -24.476186752319336 0.0018649291014298797
422.0247802734375 -24.47317886352539 0.0018694686004891992
421.23077392578125 -24.47019386291504 0.001868781982921064
420.4369812011719 -24.46723175048828 0.0018642424838617444
419.6429138183594 -24.46429443359375 0.0018579482566565275
418.8483581542969 -24.46137237548828 0.0018509674118831754
418.0531921386719 -24.458465576171875 0.0018442916916683316
417.2574462890625 -24.4555606842041 0.0018393706995993853
416.4612121582031 -24.452667236328125 0.001835784874856472
415.66461181640625 -24.44977569580078 0.0018343734554946423
414.8678894042969 -24.446937561035156 0.0018347167642787099
414.071044921875 -24.444108963012695 0.0018362808041274548
413.27435302734375 -24.44127655029297 0.001837882911786437
412.47784423828125 -24.438453674316406 0.0018399046966806054
411.6814880371094 -24.435644149780273 0.0018414687365293503
410.88531494140625 -24.432836532592773 0.0018428420880809426
410.0892333984375 -24.430036544799805 0.0018437193939462304
409.2933654785156 -24.4272403717041 0.001843681326135993
408.4974670410156 -24.42444610595703 0.0018436431419104338
407.7015686035156 -24.421649932861328 0.0018431091448292136
406.9056701660156 -24.418851852416992 0.0018426512833684683
406.1097106933594 -24.41605567932129 0.0018419264815747738
405.3136291503906 -24.41326141357422 0.0018415451049804688
404.51751708984375 -24.410465240478516 0.0018408203031867743
403.721435546875 -24.407670974731445 0.001840782118961215
402.92535400390625 -24.404874801635742 0.0018405914306640625
402.1292419433594 -24.40207862854004 0.0018405532464385033
401.3331604003906 -24.39928436279297 0.0018408583709970117
400.53704833984375 -24.396488189697266 0.0018410872435197234
399.740966796875 -24.393640518188477 0.001841049175709486
398.94488525390625 -24.390783309936523 0.0018412017961964011
398.1487731933594 -24.38793182373047 0.0018411636119708419
397.3526916503906 -24.385072708129883 0.0018410872435197234
396.55657958984375 -24.382204055786133 0.0018410109914839268
395.760498046875 -24.379335403442383 0.001840782118961215
394.96441650390625 -24.37640380859375 0.0018412017961964011
394.1683044433594 -24.37340545654297 0.0018416595412418246
393.3722229003906 -24.370405197143555 0.0018418884137645364
392.57611083984375 -24.367399215698242 0.0018413543002679944
391.780029296875 -24.364347457885742 0.0018404388101771474
390.98394775390625 -24.36129379272461 0.0018402099376544356
390.1878356933594 -24.358251571655273 0.0018400573171675205
389.3917541503906 -24.35521125793457 0.0018401717534288764
388.59564208984375 -24.352235794067383 0.0018401335692033172
387.799560546875 -24.34932518005371 0.001841049175709486
387.00347900390625 -24.346420288085938 0.0018416213570162654
386.2073669433594 -24.343523025512695 0.0018413543002679944
385.4112854003906 -24.340639114379883 0.0018413543002679944
384.61517333984375 -24.337772369384766 0.0018415451049804688
383.819091796875 -24.33491325378418 0.0018414306687191129
383.02301025390625 -24.332008361816406 0.0018409728072583675
382.2268981933594 -24.329097747802734 0.001841049175709486
381.4308166503906 -24.32619857788086 0.0018411254277452826
380.63470458984375 -24.323293685913086 0.0018411254277452826
379.838623046875 -24.320375442504883 0.001841049175709486
379.04254150390625 -24.31745719909668 0.0018409728072583675
378.2464294433594 -24.31454086303711 0.001841049175709486
377.4503479003906 -24.311614990234375 0.0018412780482321978
376.65423583984375 -24.308685302734375 0.0018409347394481301
375.858154296875 -24.305755615234375 0.0018411254277452826
375.06207275390625 -24.302825927734375 0.0018412398640066385
374.2659606933594 -24.299896240234375 0.0018411254277452826
373.4698791503906 -24.296966552734375 0.0018411636119708419
372.67376708984375 -24.294036865234375 0.0018412780482321978
371.877685546875 -24.291107177734375 0.001841049175709486
371.08160400390625 -24.288177490234375 0.001841316232457757
370.2854919433594 -24.28525733947754 0.0018468856578692794
369.4894104003906 -24.28233528137207 0.0018438720144331455
368.69329833984375 -24.2794189453125 0.0018420028500258923
367.897216796875 -24.276498794555664 0.0018413543002679944
367.10113525390625 -24.27358055114746 0.0018409728072583675
366.3050231933594 -24.27066421508789 0.001841049175709486
365.5089416503906 -24.267745971679688 0.001840896555222571
364.71282958984375 -24.264827728271484 0.0018410872435197234
363.916748046875 -24.26191520690918 0.0018436049576848745
363.12066650390625 -24.259000778198242 0.001841316232457757
362.3245544433594 -24.25608253479004 0.0018411254277452826
361.5284729003906 -24.25316619873047 0.0018411254277452826
360.73236083984375 -24.250247955322266 0.0018409728072583675
359.936279296875 -24.247331619262695 0.0018410872435197234
359.14019775390625 -24.244413375854492 0.0018411636119708419
358.3440856933594 -24.24149513244629 0.001841049175709486
357.5480041503906 -24.23857879638672 0.0018410109914839268
356.75189208984375 -24.235660552978516 0.0018412017961964011
355.955810546875 -24.232744216918945 0.0018409728072583675
355.15972900390625 -24.229825973510742 0.0018410109914839268
354.3636169433594 -24.22690773010254 0.0018410109914839268
353.5675354003906 -24.22399139404297 0.0018411254277452826
352.77142333984375 -24.221073150634766 0.0018411636119708419
351.975341796875 -24.218156814575195 0.0018412780482321978
351.17926025390625 -24.215238571166992 0.0018409347394481301
350.3831481933594 -24.21232032775879 0.001841049175709486
349.5870666503906 -24.20940399169922 0.0018411636119708419
348.79095458984375 -24.206485748291016 0.0018412398640066385
347.994873046875 -24.203569412231445 0.0018411636119708419
347.19879150390625 -24.200651168823242 0.0018412017961964011
346.4026794433594 -24.19773292541504 0.0018411636119708419
345.6065979003906 -24.19481658935547 0.0018412017961964011
344.81048583984375 -24.191898345947266 0.001841316232457757
344.014404296875 -24.188982009887695 0.0018413543002679944
343.21832275390625 -24.186063766479492 0.001841316232457757
342.4222106933594 -24.18314552307129 0.001841316232457757
341.6261291503906 -24.18022918701172 0.0018410109914839268
340.83001708984375 -24.177310943603516 0.0018412017961964011
340.033935546875 -24.174394607543945 0.0018412780482321978
339.23785400390625 -24.171476364135742 0.0018412017961964011
338.4417419433594 -24.16855812072754 0.0018412780482321978
337.6456604003906 -24.16564178466797 0.0018412017961964011
336.84954833984375 -24.162723541259766 0.0018412017961964011
336.053466796875 -24.159807205200195 0.0018412780482321978
335.25738525390625 -24.156888961791992 0.0018410872435197234
334.4612731933594 -24.15397071838379 0.001841049175709486
333.6651916503906 -24.15105438232422 0.0018412398640066385
332.86907958984375 -24.148136138916016 0.0018412398640066385
332.072998046875 -24.145219802856445 0.0018412398640066385
331.27691650390625 -24.142301559448242 0.001841316232457757
330.4808044433594 -24.13938331604004 0.0018412017961964011
329.6847229003906 -24.136484146118164 0.0018357466906309128
328.888671875 -24.133651733398438 0.0018246840918436646
328.0925598144531 -24.13085174560547 0.0018233489245176315
327.2965393066406 -24.128095626831055 0.0018257522024214268
326.50042724609375 -24.125343322753906 0.0018288040300831199
325.7043151855469 -24.122543334960938 0.0018311691237613559
324.9082336425781 -24.119752883911133 0.0018331145402044058
324.1121520996094 -24.11698341369629 0.0018352126935496926
323.3160400390625 -24.114225387573242 0.0018365096766501665
322.51995849609375 -24.111495971679688 0.0018327712314203382
321.7238464355469 -24.10879135131836 0.0018333053449168801
320.9277648925781 -24.10603904724121 0.0018347549485042691
320.1316833496094 -24.103261947631836 0.001835899311117828
319.3356018066406 -24.10029411315918 0.0018210600828751922
318.53948974609375 -24.097291946411133 0.0018187331734225154
317.743408203125 -24.094268798828125 0.0018215179443359375
316.9472961425781 -24.09121322631836 0.0018254470778629184
316.1512145996094 -24.087963104248047 0.001801185542717576
315.3551025390625 -24.084774017333984 0.0018066405318677425
314.55902099609375 -24.081655502319336 0.0018132018158212304
313.7629089355469 -24.078582763671875 0.0018193817231804132
312.9668273925781 -24.07554817199707 0.0018243025988340378
312.1707458496094 -24.072540283203125 0.0018282317323610187
311.3746337890625 -24.06955337524414 0.0018313979962840676
310.57855224609375 -24.066574096679688 0.0018336104694753885
309.7824401855469 -24.063610076904297 0.0018353271298110485
308.9863586425781 -24.060644149780273 0.001836700364947319
308.1902770996094 -24.057687759399414 0.0018379210960119963
307.3941650390625 -24.054733276367188 0.0018389129545539618
306.59808349609375 -24.05177879333496 0.0018392180791124701
305.8019714355469 -24.048824310302734 0.0018399428809061646
305.0058898925781 -24.04587173461914 0.0018402481218799949
304.2098083496094 -24.042917251586914 0.001840515062212944
303.4136962890625 -24.039962768554688 0.0018407439347356558
302.61761474609375 -24.03700828552246 0.0018408203031867743
301.8215026855469 -24.034053802490234 0.0018409347394481301
301.0254211425781 -24.03110122680664 0.001840896555222571
300.2293395996094 -24.028146743774414 0.001840896555222571
299.4332275390625 -24.025192260742188 0.0018409347394481301
298.63714599609375 -24.02224349975586 0.0018366241129115224
297.8410339355469 -24.019298553466797 0.001839332515373826
297.0449523925781 -24.01634407043457 0.0018404388101771474
296.2488708496094 -24.013391494750977 0.0018410872435197234
295.4527587890625 -24.01043701171875 0.0018410872435197234
294.65667724609375 -24.007482528686523 0.0018412398640066385
293.8605651855469 -24.004528045654297 0.0018411636119708419
293.0644836425781 -24.00157356262207 0.0018411254277452826
292.2684020996094 -23.998620986938477 0.001841049175709486
291.4722900390625 -23.99566650390625 0.0018412017961964011
290.67620849609375 -23.992712020874023 0.0018411254277452826
289.8800964355469 -23.989757537841797 0.0018411636119708419
289.0840148925781 -23.98680305480957 0.001841049175709486
288.2879333496094 -23.983850479125977 0.0018409728072583675
287.4918212890625 -23.98089599609375 0.0018409728072583675
286.69573974609375 -23.977941513061523 0.0018409728072583675
285.8996276855469 -23.974987030029297 0.0018407439347356558
285.1035461425781 -23.97203254699707 0.0018408203031867743
284.3074645996094 -23.969079971313477 0.001840896555222571
283.5113525390625 -23.96612548828125 0.001840896555222571
282.71527099609375 -23.963171005249023 0.001841049175709486
281.9191589355469 -23.960216522216797 0.001841049175709486
281.1230773925781 -23.95726203918457 0.001840896555222571
280.3269958496094 -23.954309463500977 0.001841049175709486
279.5308837890625 -23.95135498046875 0.0018410109914839268
278.73480224609375 -23.948400497436523 0.0018409728072583675
277.9386901855469 -23.945446014404297 0.0018410872435197234
277.1426086425781 -23.94249153137207 0.0018410109914839268
276.3465270996094 -23.939538955688477 0.0018408583709970117
275.5504150390625 -23.93658447265625 0.0018409728072583675
274.75433349609375 -23.933629989624023 0.0018410109914839268
273.9582214355469 -23.930675506591797 0.0018409347394481301
273.1621398925781 -23.92772102355957 0.0018410109914839268
272.3660583496094 -23.924768447875977 0.0018411636119708419
271.5699462890625 -23.92181396484375 0.0018410872435197234
270.77386474609375 -23.918859481811523 0.0018411254277452826
269.9777526855469 -23.915904998779297 0.0018409728072583675
269.1816711425781 -23.91295051574707 0.0018409728072583675
268.3855895996094 -23.909997940063477 0.0018412017961964011
267.5894775390625 -23.90704345703125 0.0018410109914839268
266.79339599609375 -23.904088973999023 0.0018410872435197234
265.9972839355469 -23.901134490966797 0.0018410872435197234
265.2012023925781 -23.89818000793457 0.001841049175709486
264.4051208496094 -23.895227432250977 0.001840896555222571
263.6090087890625 -23.89227294921875 0.0018411254277452826
262.81292724609375 -23.889318466186523 0.0018409728072583675
262.0168151855469 -23.886363983154297 0.0018408203031867743
261.2207336425781 -23.88340950012207 0.001840896555222571
260.4246520996094 -23.880456924438477 0.0018409728072583675
259.6285400390625 -23.87750244140625 0.0018410872435197234
258.83245849609375 -23.874547958374023 0.0018410109914839268
258.0363464355469 -23.871593475341797 0.0018409347394481301
257.2402648925781 -23.86863899230957 0.0018410872435197234
256.4441833496094 -23.865686416625977 0.0018411254277452826
255.64808654785156 -23.86273193359375 0.0018411636119708419
254.85198974609375 -23.859777450561523 0.0018408583709970117
254.05589294433594 -23.856822967529297 0.0018410109914839268
253.25979614257812 -23.85386848449707 0.001840782118961215
252.4636993408203 -23.850915908813477 0.001840896555222571
251.66761779785156 -23.84796142578125 0.0018411254277452826
250.87152099609375 -23.845006942749023 0.0018411254277452826
250.07542419433594 -23.842052459716797 0.0018411636119708419
249.27932739257812 -23.83909797668457 0.0018410872435197234
248.4832305908203 -23.836145401000977 0.001840896555222571
247.68714904785156 -23.83319091796875 0.0018411636119708419
246.89105224609375 -23.830236434936523 0.0018410872435197234
246.09495544433594 -23.827281951904297 0.0018409347394481301
245.29885864257812 -23.82432746887207 0.0018410872435197234
244.5027618408203 -23.821374893188477 0.0018411254277452826
243.70668029785156 -23.81842041015625 0.0018411636119708419
242.91058349609375 -23.815465927124023 0.0018411636119708419
242.11448669433594 -23.812511444091797 0.0018410109914839268
241.31838989257812 -23.80955696105957 0.001841049175709486
240.5222930908203 -23.806604385375977 0.0018410872435197234
239.72621154785156 -23.80364990234375 0.0018409728072583675
238.93011474609375 -23.800695419311523 0.0018409728072583675
238.13401794433594 -23.797740936279297 0.0018410872435197234
237.33792114257812 -23.79478645324707 0.001840782118961215
236.5418243408203 -23.791833877563477 0.0018409347394481301
235.74574279785156 -23.78887939453125 0.001841049175709486
234.94964599609375 -23.785924911499023 0.0018409347394481301
234.15354919433594 -23.782970428466797 0.001841049175709486
233.35745239257812 -23.78001594543457 0.001841049175709486
232.5613555908203 -23.777063369750977 0.001840896555222571
231.76527404785156 -23.77410888671875 0.0018410109914839268
230.96917724609375 -23.771154403686523 0.0018410109914839268
230.17308044433594 -23.768199920654297 0.0018410872435197234
229.37698364257812 -23.765226364135742 0.0018412017961964011
228.5808868408203 -23.76224136352539 0.0018401717534288764
227.78480529785156 -23.75927734375 0.001839714008383453
226.98870849609375 -23.75632667541504 0.0018399810651317239
226.19261169433594 -23.75339126586914 0.0018405532464385033
225.39651489257812 -23.75046157836914 0.0018406294984743
224.6004180908203 -23.747535705566406 0.001841049175709486
223.80433654785156 -23.744619369506836 0.0018411636119708419
223.00823974609375 -23.741701126098633 0.0018410109914839268
222.21214294433594 -23.73878288269043 0.0018412017961964011
221.41604614257812 -23.73586654663086 0.0018412398640066385
220.6199493408203 -23.732948303222656 0.0018412780482321978
219.82386779785156 -23.730031967163086 0.0018413543002679944
219.02777099609375 -23.727113723754883 0.0018413924844935536
218.23167419433594 -23.72419548034668 0.0018414306687191129
217.43557739257812 -23.72127914428711 0.001841316232457757
216.6394805908203 -23.718360900878906 0.001841316232457757
215.84339904785156 -23.715444564819336 0.0018412398640066385
215.04730224609375 -23.712526321411133 0.001841316232457757
214.25120544433594 -23.70960807800293 0.0018412398640066385
213.45510864257812 -23.70669174194336 0.0018412398640066385
212.6590118408203 -23.703773498535156 0.001841316232457757
211.86293029785156 -23.700857162475586 0.0018412017961964011
211.06683349609375 -23.697938919067383 0.0018410109914839268
210.27073669433594 -23.69502067565918 0.0018411636119708419
209.47463989257812 -23.69210433959961 0.0018412780482321978
208.6785430908203 -23.689186096191406 0.0018412780482321978
207.88246154785156 -23.686269760131836 0.001841316232457757
207.08636474609375 -23.683351516723633 0.0018413543002679944
206.29026794433594 -23.680404663085938 0.0018333434127271175
205.49417114257812 -23.677453994750977 0.0018362426199018955
204.69882202148438 -23.674495697021484 0.0018429183401167393
203.908447265625 -23.671546936035156 0.0018726730486378074
203.12838745117188 -23.668630599975586 0.001933250343427062
202.3625030517578 -23.665761947631836 0.0020079421810805798
201.6137237548828 -23.662965774536133 0.002087669214233756
200.88414001464844 -23.660242080688477 0.0021634292788803577
200.17459106445312 -23.657588958740234 0.002228813013061881
199.4854278564453 -23.65501594543457 0.002281723078340292
198.8168487548828 -23.65273666381836 0.0021953582763671875
198.16880798339844 -23.650644302368164 0.0022473144344985485
197.5411834716797 -23.64856719970703 0.0022925185039639473
196.9337921142578 -23.64657211303711 0.0023286438081413507
196.34634399414062 -23.64466094970703 0.0023552703205496073
195.778564453125 -23.64284896850586 0.002346572931855917
195.23019409179688 -23.641096115112305 0.0021384810097515583
194.70034790039062 -23.639841079711914 0.0023072431795299053
194.1886749267578 -23.638202667236328 0.0023830414284020662
193.69407653808594 -23.63676643371582 0.0024039840791374445
193.213134765625 -23.635196685791016 0.002383117564022541
192.7430877685547 -23.633588790893555 0.0022285841405391693
192.2831573486328 -23.63184928894043 0.002191085834056139
191.8330078125 -23.630619049072266 0.0021689606364816427
191.392333984375 -23.629255294799805 0.002154121408239007
190.96095275878906 -23.62828826904297 0.002143325749784708
190.53866577148438 -23.627079010009766 0.0021345519926398993
190.12527465820312 -23.626237869262695 0.0021273039747029543
189.72091674804688 -23.624914169311523 0.0021038437262177467
189.3250274658203 -23.62403106689453 0.0021416854579001665
188.93759155273438 -23.622894287109375 0.002150649903342128
188.5584716796875 -23.622142791748047 0.002144889673218131
188.1875 -23.621070861816406 0.0021334076300263405
187.8245849609375 -23.62038230895996 0.0021215437445789576
187.4696044921875 -23.619352340698242 0.0021102905739098787
187.1224365234375 -23.618715286254883 0.002100791782140732
186.782958984375 -23.61771583557129 0.0020928573794662952
186.4510955810547 -23.617122650146484 0.0020860289223492146
186.12667846679688 -23.616159439086914 0.0020800780039280653
185.80958557128906 -23.615604400634766 0.0020751189440488815
185.499755859375 -23.614669799804688 0.002070579444989562
185.197021484375 -23.61415672302246 0.002066230634227395
184.9012451171875 -23.61324119567871 0.002018508967012167
184.61227416992188 -23.612707138061523 0.0020044706761837006
184.33010864257812 -23.61178970336914 0.0020051575265824795
184.05465698242188 -23.61130714416504 0.002010955708101392
183.78578186035156 -23.61042022705078 0.0020152663346379995
183.5233612060547 -23.609949111938477 0.0020222854800522327
183.26724243164062 -23.60907745361328 0.0020257567521184683
183.01670837402344 -23.608644485473633 0.001908111502416432
182.76939392089844 -23.607955932617188 0.0017388915875926614
182.52597045898438 -23.607250213623047 0.0016804503975436091
182.2869415283203 -23.6065616607666 0.0016760635189712048
182.05252075195312 -23.605880737304688 0.0016942977672442794
181.82275390625 -23.605127334594727 0.001700935303233564
181.59767150878906 -23.604450225830078 0.00172252650372684
181.3772430419922 -23.603805541992188 0.0017440032679587603
181.16134643554688 -23.60320472717285 0.0017617797711864114
180.94992065429688 -23.602582931518555 0.0017755889566615224
180.74288940429688 -23.60201644897461 0.0017852401360869408
180.5402374267578 -23.60140609741211 0.0017899322556331754
180.34182739257812 -23.60085678100586 0.0017944335704669356
180.14759826660156 -23.60029411315918 0.0017931365873664618
179.9573516845703 -23.59982681274414 0.0017923354171216488
179.7710723876953 -23.59927749633789 0.0017917632358148694
179.588623046875 -23.598793029785156 0.0017916869837790728
179.40994262695312 -23.5982608795166 0.001790923997759819
179.23492431640625 -23.59780502319336 0.001790008507668972
179.0634765625 -23.597291946411133 0.0017887115245684981
178.89547729492188 -23.59684944152832 0.0017873001052066684
178.73097229003906 -23.596412658691406 0.0017770766280591488
178.56983947753906 -23.595991134643555 0.0017679595621302724
178.4119873046875 -23.595487594604492 0.0017597198020666838
178.25738525390625 -23.59502601623535 0.001763839740306139
178.10592651367188 -23.59453773498535 0.0017662810860201716
177.9575958251953 -23.594135284423828 0.0017678833100944757
177.8123016357422 -23.593671798706055 0.0017681884346529841
177.67001342773438 -23.593286514282227 0.00176830287091434
177.53065490722656 -23.592830657958984 0.0017659759614616632
177.39418029785156 -23.59246063232422 0.0017658995930105448
177.26052856445312 -23.592031478881836 0.0017649459186941385
177.12962341308594 -23.591678619384766 0.0017639541765674949
177.0014190673828 -23.591266632080078 0.00176239013671875
176.8758544921875 -23.59093475341797 0.0017610549693927169
176.75286865234375 -23.59053611755371 0.0017593002412468195
176.63241577148438 -23.59023094177246 0.0017575073288753629
176.5144500732422 -23.589855194091797 0.0017552947392687201
176.39892578125 -23.589550018310547 0.0017537306994199753
176.28578186035156 -23.589183807373047 0.0017521666595712304
176.1749725341797 -23.588895797729492 0.0017520904075354338
176.06643676757812 -23.588642120361328 0.0017358016921207309
175.9601287841797 -23.58838653564453 0.0017335891025140882
175.85601806640625 -23.58805274963379 0.0017336654709652066
175.75405883789062 -23.587799072265625 0.0017349242698401213
175.6541748046875 -23.587448120117188 0.0017172241350635886
175.55638122558594 -23.587177276611328 0.0017245482886210084
175.46058654785156 -23.586870193481445 0.0017291259719058871
175.36676025390625 -23.586671829223633 0.0016259002732113004
175.27490234375 -23.58621597290039 0.0015768813900649548
175.1849365234375 -23.585973739624023 0.0015789413591846824
175.09681701660156 -23.58568572998047 0.0016008758684620261
175.01052856445312 -23.585479736328125 0.0016273497603833675
174.92599487304688 -23.585208892822266 0.0016519546043127775
174.84323120117188 -23.58501434326172 0.0016726303147152066
174.76223754882812 -23.584564208984375 0.0016055298037827015
174.68307495117188 -23.58486557006836 0.0010656357044354081
174.6053466796875 -23.58449363708496 0.0009292220929637551
174.52914428710938 -23.584468841552734 0.0009575652657076716
174.45448303222656 -23.584257125854492 0.0010618972592055798
174.38137817382812 -23.584115982055664 0.0011940383119508624
174.3097686767578 -23.583908081054688 0.0013188552111387253
174.23960876464844 -23.583776473999023 0.0014237213181331754
174.17092895507812 -23.58357048034668 0.001506118685938418
174.1037139892578 -23.583438873291016 0.0015685271937400103
174.03787231445312 -23.583242416381836 0.0016138458158820868
173.973388671875 -23.583120346069336 0.0016461563063785434
173.9102325439453 -23.58292007446289 0.0016688156174495816
173.84837341308594 -23.582799911499023 0.00168437953107059
173.78781127929688 -23.58260726928711 0.001694908132776618
173.7284698486328 -23.58249282836914 0.0017026137793436646
173.67037963867188 -23.582326889038086 0.001706619281321764
173.6134796142578 -23.582218170166016 0.001708984375
173.55775451660156 -23.582042694091797 0.0017103957943618298
173.50315856933594 -23.58193016052246 0.0017090224428102374
173.44967651367188 -23.58175277709961 0.0017100524855777621
173.39730834960938 -23.58165740966797 0.0017102813581004739
173.34600830078125 -23.58135223388672 0.0016352462116628885
173.2957763671875 -23.581140518188477 0.0016432570992037654
173.2465362548828 -23.580963134765625 0.0016650771722197533
173.19837951660156 -23.580875396728516 0.001679382286965847
173.15121459960938 -23.580778121948242 0.0016888808459043503
173.10498046875 -23.580699920654297 0.001690559322014451
173.0611114501953 -23.580495834350586 0.0017008972354233265
173.01950073242188 -23.580461502075195 0.0017108917236328125
172.97982788085938 -23.58025360107422 0.0017171859508380294
172.9418487548828 -23.580219268798828 0.0017210388323292136
172.90538024902344 -23.580047607421875 0.0017228698125109076
172.87013244628906 -23.5799503326416 0.001721191336400807
172.8367919921875 -23.579748153686523 0.0017222213791683316
172.80357360839844 -23.579608917236328 0.001715927035547793
172.77134704589844 -23.579416275024414 0.001711616525426507
172.7399139404297 -23.57935333251953 0.0017102049896493554
172.7073974609375 -23.57933235168457 0.0016980362124741077
172.67530822753906 -23.579362869262695 0.0016923522343859076
172.64266967773438 -23.57918357849121 0.0016866301884874701
172.60873413085938 -23.57917594909668 0.0016759490827098489
172.57452392578125 -23.57903289794922 0.0016744232270866632
172.5390625 -23.578859329223633 0.001666221534833312
172.50323486328125 -23.578664779663086 0.0016651153564453125
172.4652862548828 -23.578536987304688 0.0016552733723074198
172.42691040039062 -23.57847023010254 0.0016547011910006404
172.38575744628906 -23.57840919494629 0.0016355132684111595
172.34332275390625 -23.5782470703125 0.0016287231119349599
172.29827880859375 -23.578107833862305 0.001627273508347571
172.2510528564453 -23.57798957824707 0.0016244124853983521
172.2015838623047 -23.577884674072266 0.0016209410969167948
172.14976501464844 -23.57782745361328 0.0016172408359125257
172.09559631347656 -23.577621459960938 0.0016153716715052724
172.03892517089844 -23.57742691040039 0.001612815773114562
171.9795684814453 -23.577253341674805 0.0016098784981295466
171.9176788330078 -23.57706642150879 0.001607437152415514
171.85311889648438 -23.57693862915039 0.0016057967441156507
171.78573608398438 -23.576826095581055 0.0016035460866987705
171.71522521972656 -23.57672119140625 0.0015641021309420466
171.6404266357422 -23.576650619506836 0.0015631102724000812
171.5621795654297 -23.57667350769043 0.0015651702415198088
171.4799346923828 -23.57661247253418 0.00156402587890625
171.39393615722656 -23.576574325561523 0.0015643310034647584
171.30331420898438 -23.576419830322266 0.001559944124892354
171.20849609375 -23.576290130615234 0.0015576552832499146
171.10877990722656 -23.576045989990234 0.0015523529145866632
171.00450134277344 -23.575830459594727 0.0015515136765316129
170.89498901367188 -23.575721740722656 0.0014992904616519809
170.7805633544922 -23.57541847229004 0.0014675139682367444
170.66058349609375 -23.574970245361328 0.001460342318750918
170.5353546142578 -23.574481964111328 0.0014861678937450051
170.40426635742188 -23.573909759521484 0.0015101241879165173
170.2676544189453 -23.573314666748047 0.0014879608061164618
170.1249237060547 -23.57261848449707 0.001484832726418972
169.97628784179688 -23.57192611694336 0.0014864730183035135
169.82131958007812 -23.571130752563477 0.0014868163270875812
169.6601104736328 -23.570322036743164 0.0014876174973323941
169.49276733398438 -23.56942367553711 0.0014899825910106301
169.322021484375 -23.56852912902832 0.0015069198561832309
169.1508331298828 -23.56756591796875 0.0015390395419672132
168.98092651367188 -23.56654167175293 0.0017016219208016992
168.81333923339844 -23.565711975097656 0.0017950820038095117
168.64849853515625 -23.564876556396484 0.0017329787369817495
168.48660278320312 -23.56393814086914 0.0017077254597097635
168.3278045654297 -23.563093185424805 0.0017052077455446124
168.172119140625 -23.562196731567383 0.0017119216499850154
168.01956176757812 -23.56138801574707 0.0017220305744558573
167.87005615234375 -23.560792922973633 0.0017138671828433871
167.7235870361328 -23.560049057006836 0.0016697311075404286
167.58013916015625 -23.55919647216797 0.0016690063057467341
167.43960571289062 -23.558536529541016 0.001671218778938055
167.30198669433594 -23.55774688720703 0.0016857909504324198
167.16722106933594 -23.5570068359375 0.0017017745412886143
167.0352325439453 -23.556209564208984 0.0017155456589534879
166.9059600830078 -23.555500030517578 0.0017269515665248036
166.77932739257812 -23.55473518371582 0.001735000521875918
166.65533447265625 -23.554054260253906 0.0017410278087481856
166.5338897705078 -23.553319931030273 0.0017449951265007257
166.41493225097656 -23.55266571044922 0.0017473982879891992
166.29843139648438 -23.55195426940918 0.0017484663985669613
166.18435668945312 -23.551332473754883 0.001748962327837944
166.07261657714844 -23.55065155029297 0.0017490005120635033
165.9631805419922 -23.550113677978516 0.0017459868686273694
165.85595703125 -23.549457550048828 0.0017852401360869408
165.75094604492188 -23.548913955688477 0.0017552184872329235
165.64952087402344 -23.548274993896484 0.0017496108775958419
165.55172729492188 -23.54776954650879 0.0017523192800581455
165.45700073242188 -23.54715919494629 0.0017551803030073643
165.36497497558594 -23.54668617248535 0.0017557524843141437
165.2752685546875 -23.546106338500977 0.001754341064952314
165.18763732910156 -23.545658111572266 0.0017509078606963158
165.10179138183594 -23.545095443725586 0.0017465209821239114
165.0175018310547 -23.54467010498047 0.001741714426316321
164.9345245361328 -23.544124603271484 0.0017361068166792393
164.85269165039062 -23.543712615966797 0.0017300796462222934
164.7717742919922 -23.543188095092773 0.0017244338523596525
164.6915740966797 -23.54277801513672 0.0017184829339385033
164.61187744140625 -23.54225730895996 0.0017126082675531507
164.53244018554688 -23.54186248779297 0.0017065810970962048
164.45314025878906 -23.54134178161621 0.0017000579973682761
164.37368774414062 -23.54094696044922 0.0016945648239925504
164.29397583007812 -23.540414810180664 0.0016884994693100452
164.2137908935547 -23.540006637573242 0.0016827774234116077
164.1329803466797 -23.539474487304688 0.0016771316295489669
164.05136108398438 -23.5390567779541 0.0016718291444703937
163.96876525878906 -23.538515090942383 0.0016665267758071423
163.88504028320312 -23.5380859375 0.0016614150954410434
163.7999725341797 -23.53753089904785 0.0016558455536141992
163.71340942382812 -23.537084579467773 0.0016508864937350154
163.62515258789062 -23.536510467529297 0.001645317068323493
163.53504943847656 -23.536041259765625 0.0016397475264966488
163.44287109375 -23.535446166992188 0.0016343689057976007
163.34844970703125 -23.53495216369629 0.0016287993639707565
163.25157165527344 -23.534332275390625 0.0016233061905950308
163.15203857421875 -23.533809661865234 0.0016175460768863559
163.0496826171875 -23.53315544128418 0.0016119765350595117
162.9443359375 -23.532594680786133 0.0016062926733866334
162.8358154296875 -23.531911849975586 0.0016014098655432463
162.72393798828125 -23.53131103515625 0.001595726003870368
162.60850524902344 -23.53058624267578 0.0015905379550531507
162.48936462402344 -23.52994155883789 0.0015847778413444757
162.36634826660156 -23.529170989990234 0.0015797042287886143
162.23928833007812 -23.528478622436523 0.0015745543641969562
162.10800170898438 -23.527666091918945 0.0015693664317950606
161.9723358154297 -23.526920318603516 0.0015642928192391992
161.83209228515625 -23.52605628967285 0.0015590667026117444
161.68714904785156 -23.52525520324707 0.0015539550222456455
161.5373077392578 -23.524337768554688 0.0015489195939153433
161.38243103027344 -23.52347183227539 0.0015439605340361595
161.2223358154297 -23.522497177124023 0.0015389251057058573
161.05686950683594 -23.521564483642578 0.0015340042300522327
160.88587951660156 -23.52053451538086 0.001529159490019083
160.7091827392578 -23.519533157348633 0.0015240478096529841
160.52664184570312 -23.51844024658203 0.0015190887497738004
160.3380584716797 -23.517362594604492 0.0015140915056690574
160.143310546875 -23.51620864868164 0.0015093231340870261
159.94227600097656 -23.51504898071289 0.0015044783940538764
159.73480224609375 -23.51382827758789 0.001500205951742828
159.52084350585938 -23.512582778930664 0.0014963530702516437
159.30026245117188 -23.511293411254883 0.0014928436139598489
159.07351684570312 -23.509973526000977 0.0014929580502212048
158.84361267089844 -23.50862693786621 0.0015105056809261441
158.61410522460938 -23.507291793823242 0.001546134939417243
158.38693237304688 -23.505956649780273 0.0015899657737463713
158.16314697265625 -23.50466537475586 0.0016331863589584827
157.94325256347656 -23.50336456298828 0.0016719817649573088
157.7275390625 -23.50212287902832 0.0017037582583725452
157.51609802246094 -23.50086784362793 0.0017292022239416838
157.3089599609375 -23.499679565429688 0.0017485045827925205
157.10610961914062 -23.498470306396484 0.0017632293747738004
156.907470703125 -23.497339248657227 0.0017736434238031507
156.71298217773438 -23.49617576599121 0.0017805862007662654
156.5225372314453 -23.49509048461914 0.0017853927565738559
156.3360137939453 -23.493968963623047 0.0017877960344776511
156.1533203125 -23.492931365966797 0.0017892837058752775
155.9745635986328 -23.491857528686523 0.001790122943930328
155.79965209960938 -23.49087142944336 0.0017907333094626665
155.6283416748047 -23.489835739135742 0.001789588830433786
155.4604034423828 -23.488893508911133 0.0017871856689453125
155.2956085205078 -23.48789405822754 0.001783676096238196
155.1337432861328 -23.486989974975586 0.0017795562744140625
154.9745635986328 -23.48601722717285 0.0017745590303093195
154.81787109375 -23.485145568847656 0.0017691802931949496
154.6634063720703 -23.484203338623047 0.0017637251876294613
154.510986328125 -23.48335838317871 0.0017579268896952271
154.36038208007812 -23.48243522644043 0.0017518997192382812
154.21136474609375 -23.481613159179688 0.001745681744068861
154.06373596191406 -23.4807071685791 0.0017396163893863559
153.9172821044922 -23.479896545410156 0.0017333602299913764
153.77178955078125 -23.479000091552734 0.0017271422548219562
153.62705993652344 -23.47820472717285 0.0017206954071298242
153.48289489746094 -23.47731590270996 0.0017147064208984375
153.33908081054688 -23.476520538330078 0.001708450261503458
153.19540405273438 -23.475631713867188 0.0017024993430823088
153.0516815185547 -23.474836349487305 0.0016961669316515326
152.90771484375 -23.473947525024414 0.0016903304494917393
152.76329040527344 -23.47315216064453 0.0016843413468450308
152.61822509765625 -23.472259521484375 0.0016785812331363559
152.47232055664062 -23.471452713012695 0.001672668382525444
152.3253936767578 -23.470550537109375 0.001666755648329854
152.17724609375 -23.4697265625 0.0016608047299087048
152.02767944335938 -23.46881103515625 0.0016550063155591488
151.8765411376953 -23.46796989440918 0.0016492842696607113
151.7235870361328 -23.4670352935791 0.0016437530284747481
151.56878662109375 -23.46601104736328 0.0019349288195371628
151.4123077392578 -23.46521759033203 0.0018066024640575051
151.25344848632812 -23.46426010131836 0.00170726771466434
151.09205627441406 -23.46323013305664 0.0016492462018504739
150.92794799804688 -23.4622802734375 0.0016187666915357113
150.76095581054688 -23.461238861083984 0.0016030501574277878
150.59092712402344 -23.46025276184082 0.0015942382160574198
150.41763305664062 -23.459184646606445 0.0015890502836555243
150.24093627929688 -23.458160400390625 0.0015851211501285434
150.06065368652344 -23.457050323486328 0.0015815733931958675
149.87701416015625 -23.455984115600586 0.0015806579031050205
149.69216918945312 -23.454843521118164 0.0015922164311632514
149.50833129882812 -23.453773498535156 0.0016152190510183573
149.32669067382812 -23.452655792236328 0.0016431808471679688
149.1479034423828 -23.451616287231445 0.0016706085298210382
148.97225952148438 -23.45053482055664 0.0016946792602539062
148.7999267578125 -23.449535369873047 0.001714744488708675
148.63095092773438 -23.44849395751953 0.0017304992070421576
148.46536254882812 -23.447534561157227 0.0017425918485969305
148.30308532714844 -23.4465274810791 0.0017515182262286544
148.14410400390625 -23.44561004638672 0.0017580795101821423
147.98834228515625 -23.444643020629883 0.0017623137682676315
147.83575439453125 -23.443763732910156 0.0017649078508839011
147.68630981445312 -23.44283676147461 0.0017668151995167136
147.53994750976562 -23.441993713378906 0.0017671585083007812
147.39657592773438 -23.441102981567383 0.0017675398848950863
147.25616455078125 -23.440298080444336 0.0017670440720394254
147.11863708496094 -23.43943977355957 0.0017663955222815275
146.98480224609375 -23.438688278198242 0.0017696380382403731
146.85458374023438 -23.437856674194336 0.0017732238629832864
146.72760009765625 -23.437145233154297 0.0017736816080287099
146.60354614257812 -23.436349868774414 0.0017725372454151511
146.4821319580078 -23.435672760009766 0.0017688750522211194
146.3631134033203 -23.434906005859375 0.0017647934146225452
146.24624633789062 -23.43425941467285 0.001759490929543972
146.13131713867188 -23.43351173400879 0.0017536544473841786
146.01809692382812 -23.43288803100586 0.001748046837747097
145.90640258789062 -23.432159423828125 0.0017422103555873036
145.79600524902344 -23.431556701660156 0.001736335689201951
145.68667602539062 -23.43084144592285 0.00173015589825809
145.5782470703125 -23.43025016784668 0.0017242049798369408
145.4705047607422 -23.429548263549805 0.0017179870046675205
145.36326599121094 -23.428956985473633 0.0017120360862463713
145.2563018798828 -23.428258895874023 0.0017058562953025103
145.14939880371094 -23.427675247192383 0.001700172433629632
145.0424041748047 -23.426977157592773 0.0016940307104960084
144.9351348876953 -23.4263858795166 0.0016883849166333675
144.8273468017578 -23.425683975219727 0.0016823959304019809
144.71885681152344 -23.425079345703125 0.001692924415692687
144.60951232910156 -23.42437171936035 0.0016813658876344562
144.4990997314453 -23.423763275146484 0.0016713333316147327
144.38743591308594 -23.423038482666016 0.0016627120785415173
144.27430725097656 -23.42241668701172 0.0016553497407585382
144.15956115722656 -23.421676635742188 0.0016487884568050504
144.04299926757812 -23.421030044555664 0.0016428375383839011
143.92440795898438 -23.42026710510254 0.0016371154924854636
143.8036346435547 -23.419593811035156 0.0016312790103256702
143.68048095703125 -23.418806076049805 0.001625976525247097
143.55477905273438 -23.418100357055664 0.0016202162951231003
143.42633056640625 -23.417280197143555 0.0016147231217473745
143.29498291015625 -23.416540145874023 0.0016093063168227673
143.16053771972656 -23.415687561035156 0.0016034698346629739
143.02281188964844 -23.41490936279297 0.0015981673495844007
142.8816680908203 -23.414018630981445 0.001593093853443861
142.7368927001953 -23.413190841674805 0.0015878677368164062
142.5883331298828 -23.41225814819336 0.0015824889997020364
142.4358367919922 -23.41138458251953 0.0015771865146234632
142.27920532226562 -23.41040802001953 0.0015721892705187201
142.11827087402344 -23.40947723388672 0.0015668487176299095
141.95291137695312 -23.408449172973633 0.001561660785228014
141.7829132080078 -23.4074649810791 0.0015564727364107966
141.60809326171875 -23.40638542175293 0.0015515517443418503
141.4283447265625 -23.405336380004883 0.0015465926844626665
141.24346923828125 -23.404203414916992 0.0015415572561323643
141.0532989501953 -23.403087615966797 0.0015364837599918246
140.85768127441406 -23.401893615722656 0.0015315627679228783
140.65647888183594 -23.40070343017578 0.001526794396340847
140.44956970214844 -23.399450302124023 0.0015223693335428834
140.23681640625 -23.39818000793457 0.0015176391461864114
140.01812744140625 -23.39686393737793 0.001513252267614007
139.7933807373047 -23.395519256591797 0.001509437570348382
139.5625 -23.394134521484375 0.0015058898134157062
139.32537841796875 -23.392711639404297 0.0015025329776108265
139.08187866210938 -23.391252517700195 0.0014989852206781507
138.83233642578125 -23.389753341674805 0.0015694808680564165
138.5801239013672 -23.38823890686035 0.0017904280684888363
138.329833984375 -23.386737823486328 0.0018267440609633923
138.08248901367188 -23.38525390625 0.0016756438417360187
137.8381805419922 -23.3837890625 0.0016286468598991632
137.59780883789062 -23.38234519958496 0.0016326904296875
137.36178588867188 -23.380929946899414 0.0016576003981754184
137.1303253173828 -23.37954330444336 0.0016880035400390625
136.9034881591797 -23.37818145751953 0.00171661376953125
136.6812744140625 -23.376848220825195 0.0017405700637027621
136.46365356445312 -23.375539779663086 0.0017594527453184128
136.25048828125 -23.3742618560791 0.0017732619307935238
136.04177856445312 -23.373010635375977 0.0017831039149314165
135.83740234375 -23.371784210205078 0.0017895507626235485
135.63734436035156 -23.37058448791504 0.0017942427657544613
135.44146728515625 -23.369409561157227 0.0017965697916224599
135.2496795654297 -23.36825942993164 0.001797904958948493
135.06190490722656 -23.367130279541016 0.0017980193952098489
134.87806701660156 -23.36602783203125 0.0017973327776417136
134.69790649414062 -23.364946365356445 0.0017951964400708675
134.52127075195312 -23.36388397216797 0.001792488037608564
134.3478546142578 -23.362844467163086 0.0017884444678202271
134.17752075195312 -23.36182403564453 0.0017839431529864669
134.0099639892578 -23.360816955566406 0.0017784499796107411
133.84503173828125 -23.35982894897461 0.0017731856787577271
133.6824188232422 -23.35885238647461 0.0017670821398496628
133.52197265625 -23.35788917541504 0.0017611694056540728
133.36341857910156 -23.356937408447266 0.0017547225579619408
133.2065887451172 -23.35599708557129 0.0017488098237663507
133.05120849609375 -23.35506820678711 0.0017422103555873036
132.89715576171875 -23.354143142700195 0.0017362976213917136
132.74412536621094 -23.353227615356445 0.0017296599689871073
132.5919647216797 -23.352312088012695 0.001723709050565958
132.4404296875 -23.351404190063477 0.0017172241350635886
132.28936767578125 -23.350500106811523 0.001711196848191321
132.13848876953125 -23.34959602355957 0.0017047881847247481
131.98770141601562 -23.34869384765625 0.0016989135183393955
131.83670043945312 -23.347789764404297 0.0016926192911341786
131.68539428710938 -23.346887588500977 0.0016869734972715378
131.53346252441406 -23.345972061157227 0.0016807937063276768
131.38082885742188 -23.345056533813477 0.0016748427879065275
131.22718811035156 -23.344133377075195 0.0016685867449268699
131.0724639892578 -23.343204498291016 0.0016630172031000257
130.91636657714844 -23.342267990112305 0.0016570662846788764
130.7587890625 -23.34132194519043 0.0016516875475645065
130.59945678710938 -23.340368270874023 0.0016457366291433573
130.4384002685547 -23.33940315246582 0.0016410064417868853
130.2768096923828 -23.338436126708984 0.0016442870255559683
130.11642456054688 -23.337474822998047 0.001657409593462944
129.95806884765625 -23.336524963378906 0.0016746139153838158
129.80233764648438 -23.33559226989746 0.0016930007841438055
129.6493682861328 -23.334674835205078 0.0017090224428102374
129.49937438964844 -23.333776473999023 0.0017229461809620261
129.352294921875 -23.332895278930664 0.0017334746662527323
129.208251953125 -23.33203125 0.001741867046803236
129.06707763671875 -23.33118438720703 0.0017472075996920466
128.92884826660156 -23.33035659790039 0.0017516708467155695
128.7934112548828 -23.32954216003418 0.0017541884444653988
128.6616973876953 -23.328754425048828 0.0017610931536182761
128.53350830078125 -23.327985763549805 0.0017662810860201716
128.40859985351562 -23.32723617553711 0.001768836984410882
128.28652954101562 -23.326501846313477 0.001768150250427425
128.1671142578125 -23.325782775878906 0.001765937777236104
128.05003356933594 -23.32508087158203 0.0017618942074477673
127.93510437011719 -23.324392318725586 0.0017576217651367188
127.82206726074219 -23.323713302612305 0.001751975971274078
127.71076965332031 -23.323043823242188 0.0017467880388721824
127.60089874267578 -23.322383880615234 0.0017407607519999146
127.4923324584961 -23.321733474731445 0.0017351913265883923
127.38478088378906 -23.32108497619629 0.001728973351418972
127.27815246582031 -23.32044792175293 0.0017231750534847379
127.17212677001953 -23.319814682006836 0.0017168426420539618
127.06661987304688 -23.31917953491211 0.00171092979144305
126.96129608154297 -23.318544387817383 0.0017047881847247481
126.8561019897461 -23.317909240722656 0.001698989886790514
126.75071716308594 -23.31727409362793 0.0016928863478824496
126.64507293701172 -23.316640853881836 0.0016874312423169613
126.53883361816406 -23.31600570678711 0.0016813278198242188
126.43193817138672 -23.31536293029785 0.0016757582779973745
126.32408905029297 -23.314716339111328 0.0016696929233148694
126.21520233154297 -23.314064025878906 0.0016643141862004995
126.1049575805664 -23.313405990600586 0.0016582488315179944
125.9933090209961 -23.31273651123047 0.0016528700944036245
125.87993621826172 -23.312057495117188 0.0016468429239466786
125.76478576660156 -23.31136703491211 0.0016416168073192239
125.64753723144531 -23.3106632232666 0.001635818392969668
125.52812957763672 -23.309946060180664 0.0016304778400808573
125.40626525878906 -23.309215545654297 0.0016244887374341488
125.2818603515625 -23.308467864990234 0.0016192245529964566
125.15465545654297 -23.30770492553711 0.0016135405749082565
125.02456665039062 -23.30692481994629 0.0016082762740552425
124.89130401611328 -23.30612564086914 0.0016023253556340933
124.75479888916016 -23.305307388305664 0.0015973281115293503
124.61489868164062 -23.30447006225586 0.0015924834879115224
124.47269439697266 -23.30361557006836 0.001595573383383453
124.3303451538086 -23.30276107788086 0.0016102599911391735
124.18930053710938 -23.30191421508789 0.0016323471209034324
124.05016326904297 -23.30107879638672 0.0016554641770198941
123.91342163085938 -23.300256729125977 0.0016773986862972379
123.77916717529297 -23.299448013305664 0.0016954040620476007
123.64754486083984 -23.29865837097168 0.0017106628511101007
123.51851654052734 -23.29788589477539 0.001721878070384264
123.39214324951172 -23.29712677001953 0.0017307662637904286
123.2682876586914 -23.296382904052734 0.0017364883096888661
123.14810180664062 -23.29566192626953 0.0017471694154664874
123.03146362304688 -23.294960021972656 0.0017554473597556353
122.91802215576172 -23.294279098510742 0.001760520855896175
122.80733489990234 -23.293615341186523 0.001761207589879632
122.69920349121094 -23.292964935302734 0.0017600631108507514
122.59326171875 -23.292327880859375 0.001756591722369194
122.4893798828125 -23.291706085205078 0.001752891461364925
122.38722229003906 -23.291093826293945 0.0017473982879891992
122.28667449951172 -23.290491104125977 0.0017422103555873036
122.18744659423828 -23.289892196655273 0.0017362976213917136
122.08940887451172 -23.289306640625 0.0017308425158262253
121.99224090576172 -23.288721084594727 0.0017247009091079235
121.89588928222656 -23.28814697265625 0.0017190932994708419
121.80001068115234 -23.287572860717773 0.0017129515763372183
121.70450592041016 -23.286998748779297 0.0017074203351512551
121.6091079711914 -23.28642463684082 0.0017013167962431908
121.51372528076172 -23.285852432250977 0.0016957854386419058
121.41802215576172 -23.2852783203125 0.001689643831923604
121.32193756103516 -23.284704208374023 0.0016841888427734375
121.22517395019531 -23.284122467041016 0.001677932683378458
121.12764739990234 -23.283536911010742 0.0016723250737413764
121.029052734375 -23.282949447631836 0.0016664123395457864
120.92930603027344 -23.282350540161133 0.0016611480386927724
120.828125 -23.28174591064453 0.0016549300635233521
120.72542572021484 -23.281129837036133 0.0016496276948601007
120.62089538574219 -23.28050422668457 0.0016437530284747481
120.51448059082031 -23.279865264892578 0.001638336107134819
120.4058837890625 -23.27921485900879 0.0016323089366778731
120.29500579833984 -23.27855110168457 0.0016270446358248591
120.18157958984375 -23.27787208557129 0.0016212081536650658
120.06553649902344 -23.277177810668945 0.001616249093785882
119.94657135009766 -23.27646255493164 0.0016106032999232411
119.82461547851562 -23.275732040405273 0.0016054916195571423
119.69940948486328 -23.274980545043945 0.0015997695736587048
119.57087707519531 -23.274208068847656 0.0015946959611028433
119.43960571289062 -23.273420333862305 0.0015948103973641992
119.30803680419922 -23.272626876831055 0.001607932965271175
119.17738342285156 -23.27184295654297 0.0016280364943668246
119.04852294921875 -23.271068572998047 0.0016508864937350154
118.92172241210938 -23.270309448242188 0.0016718291444703937
118.79729461669922 -23.269561767578125 0.0016901015769690275
118.67522430419922 -23.268827438354492 0.0017045973800122738
118.55562591552734 -23.268110275268555 0.0017163085285574198
118.43838500976562 -23.267406463623047 0.0017245482886210084
118.32359313964844 -23.2667179107666 0.0017311095725744963
118.21111297607422 -23.26604461669922 0.001735153142362833
118.10098266601562 -23.265382766723633 0.001738319406285882
117.9930648803711 -23.264734268188477 0.0017399978823959827
117.8887939453125 -23.264108657836914 0.0017489242600277066
117.78807067871094 -23.26350212097168 0.0017564392182976007
117.69050598144531 -23.26291847229004 0.0017607497284188867
117.59557342529297 -23.262332916259766 0.0017615508986636996
117.5030517578125 -23.26177215576172 0.0017620468279346824
117.41256713867188 -23.26123046875 0.0017582701984792948
117.32394409179688 -23.260700225830078 0.0017531967023387551
117.23688507080078 -23.26017951965332 0.0017466354183852673
117.15121459960938 -23.259668350219727 0.0017403792589902878
117.06666564941406 -23.259164810180664 0.0017332839779555798
116.98309326171875 -23.258663177490234 0.0017269897507503629
116.90022277832031 -23.25816535949707 0.0017202758463099599
116.81792449951172 -23.25767707824707 0.0017142104916274548
116.73593139648438 -23.25718879699707 0.0017076110234484076
116.65412902832031 -23.25670051574707 0.001702117850072682
116.572265625 -23.25621223449707 0.0016960143111646175
116.49021911621094 -23.25572395324707 0.0016905212542042136
116.4077377319336 -23.255233764648438 0.0016844557831063867
116.32474517822266 -23.254735946655273 0.0016793060349300504
116.24093627929688 -23.254236221313477 0.0016733169322833419
116.1562271118164 -23.25373077392578 0.0016681670676916838
116.07035064697266 -23.253217697143555 0.0016622924013063312
115.98320770263672 -23.252695083618164 0.0016572951572015882
115.8945083618164 -23.252166748046875 0.0016514206072315574
115.80416107177734 -23.25162696838379 0.0016461943741887808
115.71188354492188 -23.251075744628906 0.0016403578920289874
115.61756896972656 -23.250513076782227 0.0016350173391401768
115.52093505859375 -23.249935150146484 0.0016290282364934683
115.42192077636719 -23.249345779418945 0.0016238403040915728
115.3202133178711 -23.24873924255371 0.0016179656377062201
115.21573638916016 -23.248111724853516 0.0016127013368532062
115.10820770263672 -23.24747085571289 0.0016068648546934128
114.99758911132812 -23.246809005737305 0.0016016005538403988
114.88352966308594 -23.24612808227539 0.0015959548763930798
114.76602172851562 -23.245426177978516 0.0015907668275758624
114.64478302001953 -23.244701385498047 0.0015851592179387808
114.51971435546875 -23.243953704833984 0.0015801239060238004
114.39055633544922 -23.243183135986328 0.0015746307326480746
114.25724029541016 -23.242387771606445 0.001569785992614925
114.1195068359375 -23.24156379699707 0.0015644836239516735
113.977294921875 -23.24071502685547 0.001559677068144083
113.83032989501953 -23.239837646484375 0.0015544891357421875
113.67854309082031 -23.23893165588379 0.0015497207641601562
113.52169036865234 -23.237995147705078 0.0015443802112713456
113.35967254638672 -23.237028121948242 0.0015394972870126367
113.19227600097656 -23.23603057861328 0.0015343475388363004
113.01942443847656 -23.234994888305664 0.0015295027988031507
112.84085083007812 -23.23392677307129 0.0015243911184370518
112.6564712524414 -23.23283576965332 0.0015221404610201716
112.4665298461914 -23.231708526611328 0.001520080491900444
112.27389526367188 -23.23056411743164 0.001534271170385182
112.08148956298828 -23.229415893554688 0.0015639114426448941
111.89102172851562 -23.228281021118164 0.0016011428087949753
111.70326232910156 -23.227163314819336 0.0016374588012695312
111.51876831054688 -23.22606086730957 0.0016702651046216488
111.337646484375 -23.224960327148438 0.0016941833309829235
111.1600570678711 -23.223894119262695 0.0017200469737872481
110.98597717285156 -23.222858428955078 0.0017374801682308316
110.8154067993164 -23.221845626831055 0.0017498397501185536
110.64826202392578 -23.22085189819336 0.001757888705469668
110.48455047607422 -23.21988296508789 0.0017636107513681054
110.32411193847656 -23.218929290771484 0.0017668151995167136
110.16702270507812 -23.21799659729004 0.0017692947294563055
110.0130844116211 -23.217084884643555 0.0017702102195471525
109.86237335205078 -23.216188430786133 0.0017708968371152878
109.71471405029297 -23.215314865112305 0.0017703246558085084
109.57014465332031 -23.214454650878906 0.0017700575990602374
109.42850494384766 -23.213613510131836 0.0017689894884824753
109.28984069824219 -23.21278953552246 0.0017680739983916283
109.15398406982422 -23.21198272705078 0.00176658621057868
109.02098083496094 -23.211193084716797 0.0017655562842264771
108.89067077636719 -23.210418701171875 0.0017637251876294613
108.76309967041016 -23.20966339111328 0.0017626952612772584
108.63811492919922 -23.20892333984375 0.00176067347638309
108.5157470703125 -23.20819854736328 0.0017594146775081754
108.39585876464844 -23.207487106323242 0.0017575453966856003
108.27850341796875 -23.206790924072266 0.0017561721615493298
108.16352081298828 -23.20610809326172 0.0017544174334034324
108.05096435546875 -23.2054386138916 0.0017528533935546875
107.940673828125 -23.204784393310547 0.0017511749174445868
107.83271026611328 -23.204145431518555 0.001750144874677062
107.72692108154297 -23.20351791381836 0.0017484283307567239
107.62337493896484 -23.20290184020996 0.0017473602201789618
107.52191925048828 -23.202301025390625 0.0017457199282944202
107.42259216308594 -23.201711654663086 0.0017446136334910989
107.32526397705078 -23.201135635375977 0.0017429351573809981
107.23001098632812 -23.20056915283203 0.001741867046803236
107.13666534423828 -23.200016021728516 0.0017401885706931353
107.0453109741211 -23.199474334716797 0.0017391967121511698
106.95578002929688 -23.198942184448242 0.0017376708565279841
106.86814880371094 -23.19841957092285 0.0017366409301757812
106.78227996826172 -23.19791030883789 0.0017351149581372738
106.6982192993164 -23.19741439819336 0.001734237652271986
106.6158447265625 -23.19692611694336 0.0017328262329101562
106.53523254394531 -23.196449279785156 0.0017321014311164618
106.45623016357422 -23.195980072021484 0.0017305755754932761
106.37891387939453 -23.19552230834961 0.0017296981532126665
106.30313873291016 -23.195070266723633 0.0017282103653997183
106.2289810180664 -23.194631576538086 0.0017276001162827015
106.15629577636719 -23.19420051574707 0.001726341200992465
106.08516693115234 -23.193777084350586 0.001725692767649889
106.01545715332031 -23.193361282348633 0.0017242431640625
105.9472427368164 -23.19295883178711 0.0017237472347915173
105.88038635253906 -23.19256019592285 0.0017224120674654841
105.81494903564453 -23.192169189453125 0.0017218398861587048
105.75081634521484 -23.191789627075195 0.0017206954071298242
105.68806457519531 -23.19141960144043 0.0017199325375258923
105.62655639648438 -23.191051483154297 0.0017187499906867743
105.56635284423828 -23.190698623657227 0.0017182158771902323
105.50736999511719 -23.19034767150879 0.0017170715145766735
105.44964599609375 -23.190006256103516 0.0017167282057926059
105.39305114746094 -23.18967056274414 0.0017155074747279286
105.33769226074219 -23.189340591430664 0.001715011545456946
105.28341674804688 -23.18902015686035 0.0017141341231763363
105.23031616210938 -23.188703536987305 0.0017135238740593195
105.17826843261719 -23.18839454650879 0.0017126082675531507
105.12733459472656 -23.18808937072754 0.001712264958769083
105.0773696899414 -23.187795639038086 0.001711082411929965
105.0284652709961 -23.187501907348633 0.0017106246668845415
104.98052215576172 -23.187219619750977 0.0017095565563067794
104.93363189697266 -23.18693733215332 0.0017091750632971525
104.88762664794922 -23.18666648864746 0.001708183204755187
104.84262084960938 -23.186397552490234 0.0017078398959711194
104.7984848022461 -23.18613624572754 0.0017068862216547132
104.75531768798828 -23.185880661010742 0.0017066955333575606
104.71298217773438 -23.18562889099121 0.0017057800432667136
104.67156982421875 -23.18538475036621 0.0017055129865184426
104.63095092773438 -23.18514060974121 0.0017045973800122738
104.59123992919922 -23.18490982055664 0.0017042922554537654
104.55227661132812 -23.184677124023438 0.0017035292694345117
104.51416015625 -23.184450149536133 0.0017032623291015625
104.47677612304688 -23.18423080444336 0.0017025755951181054
104.44022369384766 -23.184011459350586 0.0017023086547851562
104.40435028076172 -23.18379783630371 0.0017015838529914618
104.36927795410156 -23.183589935302734 0.0017013930482789874
104.33486938476562 -23.18338394165039 0.0017005919944494963
104.30123901367188 -23.183185577392578 0.0017004393739625812
104.26822662353516 -23.18299102783203 0.0016995620680972934
104.23597717285156 -23.18279457092285 0.001699485699646175
104.20431518554688 -23.18260955810547 0.0016986846458166838
104.17335510253906 -23.18242645263672 0.0016986846458166838
104.14299774169922 -23.18224334716797 0.0016977691557258368
104.11329650878906 -23.18206787109375 0.0016976547194644809
104.08415985107422 -23.181896209716797 0.001697120605967939
104.05567932128906 -23.181726455688477 0.0016971587901934981
104.0277328491211 -23.181556701660156 0.0016964721726253629
104.00040435791016 -23.181398391723633 0.0016962433001026511
103.97360229492188 -23.18124008178711 0.0016955184983089566
103.94740295410156 -23.181081771850586 0.001695556566119194
103.92166900634766 -23.18092918395996 0.001694908132776618
103.89653015136719 -23.180782318115234 0.0016948317643254995
103.87184143066406 -23.18063735961914 0.0016942595830187201
103.84773254394531 -23.180490493774414 0.001694106962531805
103.82406616210938 -23.18035125732422 0.0016934203449636698
103.80095672607422 -23.18021583557129 0.0016933440929278731
103.77823638916016 -23.180082321166992 0.0016926955431699753
103.75605010986328 -23.179948806762695 0.0016927337273955345
103.7342529296875 -23.17981719970703 0.0016920851776376367
103.71296691894531 -23.17969512939453 0.001692123361863196
103.69207000732422 -23.17957305908203 0.0016915129963308573
103.67166137695312 -23.17945098876953 0.0016913985600695014
103.65159606933594 -23.17932891845703 0.0016905975062400103
103.63201904296875 -23.179210662841797 0.0016909026307985187
103.61277770996094 -23.179101943969727 0.0016903686337172985
103.593994140625 -23.178991317749023 0.0016905975062400103
103.57554626464844 -23.17888069152832 0.0016899871407076716
103.5575180053711 -23.17877197265625 0.0016898727044463158
103.53980255126953 -23.17866325378418 0.0016892623389139771
103.52250671386719 -23.178564071655273 0.001689491211436689
103.50552368164062 -23.178466796875 0.0016888427780941129
103.48895263671875 -23.178369522094727 0.0016889572143554688
103.47265625 -23.17827033996582 0.001688461285084486
103.45674896240234 -23.178173065185547 0.0016885757213458419
103.44110870361328 -23.178077697753906 0.0016880797920748591
103.42584991455078 -23.177989959716797 0.001688308664597571
103.41085815429688 -23.17790412902832 0.0016875076107680798
103.39622497558594 -23.177820205688477 0.0016876982990652323
103.38184356689453 -23.177734375 0.0016869734972715378
103.36830139160156 -23.177989959716797 0.0016915893647819757
103.35599517822266 -23.178579330444336 0.0016986083937808871
103.3443603515625 -23.179182052612305 0.0017016219208016992
103.33326721191406 -23.17938995361328 0.0017004775581881404
103.32167053222656 -23.179378509521484 0.0016926574753597379
103.30946350097656 -23.17928695678711 0.0016857528826221824
103.29695892333984 -23.179271697998047 0.0016814422560855746
103.28443145751953 -23.179166793823242 0.0016793441027402878
103.27200317382812 -23.17915153503418 0.0016792678507044911
103.25973510742188 -23.179046630859375 0.0016796874115243554
103.24767303466797 -23.179033279418945 0.001680297777056694
103.2358169555664 -23.17892837524414 0.0016810607630759478
103.22419738769531 -23.17892074584961 0.0016818237490952015
103.21282196044922 -23.17882537841797 0.0016824339982122183
103.20166015625 -23.178823471069336 0.001682929927483201
103.19071960449219 -23.178728103637695 0.0016832732362672687
103.18001556396484 -23.17872428894043 0.0016836165450513363
103.16951751708984 -23.17862892150879 0.0016836165450513363
103.15924835205078 -23.178627014160156 0.0016838073497638106
103.14918518066406 -23.178531646728516 0.0016839217860251665
103.13935089111328 -23.178863525390625 0.001685295021161437
103.12974548339844 -23.179298400878906 0.0016875076107680798
103.12033081054688 -23.179821014404297 0.0016878509195521474
103.11112213134766 -23.180248260498047 0.0016873931745067239
103.102783203125 -23.180810928344727 0.0016903304494917393
103.09519958496094 -23.181116104125977 0.0016927719116210938
103.08828735351562 -23.181730270385742 0.0016942215152084827
103.08189392089844 -23.18227767944336 0.0016951370052993298
103.07589721679688 -23.182992935180664 0.0016952896257862449
103.06888580322266 -23.18368911743164 0.0016867065569385886
103.06098175048828 -23.184574127197266 0.0016793441027402878
103.05260467529297 -23.18486785888672 0.0016749190399423242
103.0440673828125 -23.18491554260254 0.001675414969213307
103.0355224609375 -23.18486976623535 0.0016768263885751367
103.02706146240234 -23.184921264648438 0.0016782759921625257
103.0186996459961 -23.184877395629883 0.0016790007939562201
103.01046752929688 -23.184926986694336 0.0016797637799754739
103.00238800048828 -23.184879302978516 0.0016802215250208974
102.99446105957031 -23.18492889404297 0.0016806410858407617
102.9866943359375 -23.18488311767578 0.001681098947301507
102.97908020019531 -23.1849308013916 0.0016813278198242188
102.97162628173828 -23.184885025024414 0.0016814422560855746
102.96432495117188 -23.1849308013916 0.0016815566923469305
102.95718383789062 -23.185129165649414 0.0016824721824377775
102.95084381103516 -23.18561553955078 0.001687278738245368
102.94509887695312 -23.18584632873535 0.0016900633927434683
102.93983459472656 -23.18622589111328 0.0016910170670598745
102.9350357055664 -23.186412811279297 0.0016911315033212304
102.93053436279297 -23.186864852905273 0.0016905975062400103
102.92633819580078 -23.18722915649414 0.0016907119425013661
102.92086791992188 -23.187891006469727 0.0016820526216179132
102.91429138183594 -23.188112258911133 0.0016735839890316129
102.90719604492188 -23.188180923461914 0.001670150668360293
102.89986419677734 -23.188146591186523 0.0016700744163244963
102.89244842529297 -23.188207626342773 0.0016713713994249701
102.88508605957031 -23.188173294067383 0.0016730116913095117
102.87779998779297 -23.188234329223633 0.0016745376633480191
102.87064361572266 -23.188199996948242 0.0016760253347456455
102.86360168457031 -23.188261032104492 0.0016769790090620518
102.85667419433594 -23.1882266998291 0.001678047119639814
102.84989929199219 -23.18828582763672 0.001678848173469305
102.84324645996094 -23.188251495361328 0.001679649343714118
102.83674621582031 -23.188312530517578 0.0016799926524981856
102.83036041259766 -23.188276290893555 0.0016804885817691684
102.8241195678711 -23.188337326049805 0.00168041221331805
102.81858825683594 -23.188337326049805 0.001684226910583675
102.81370544433594 -23.188669204711914 0.0016882704803720117
102.80931091308594 -23.18882179260254 0.001690673758275807
102.8053207397461 -23.18913459777832 0.001690940815024078
102.8016357421875 -23.189260482788086 0.0016901397611945868
102.79823303222656 -23.189640045166016 0.0016898727044463158
102.7950668334961 -23.18990707397461 0.001689109718427062
102.79206085205078 -23.190336227416992 0.0016881179763004184
102.78916931152344 -23.190576553344727 0.0016866301884874701
102.786376953125 -23.190980911254883 0.001685409457422793
102.78362274169922 -23.19120216369629 0.0016839599702507257
102.78092193603516 -23.19167137145996 0.0016828918596729636
102.77589416503906 -23.192007064819336 0.0016677475068718195
102.76763153076172 -23.192113876342773 0.001651344238780439
102.75777435302734 -23.192115783691406 0.0016447448870167136
102.74710845947266 -23.192211151123047 0.0016449355753138661
102.73609924316406 -23.192218780517578 0.001648979145102203
102.72502899169922 -23.19232177734375 0.0016543196979910135
102.71397399902344 -23.192331314086914 0.001660156180150807
102.70305633544922 -23.192428588867188 0.0016650771722197533
102.69229125976562 -23.19243049621582 0.0016690825577825308
102.68172454833984 -23.19252586364746 0.0016725921304896474
102.67135620117188 -23.19253158569336 0.0016751480288803577
102.66120147705078 -23.192626953125 0.0016773605020716786
102.65126037597656 -23.19296646118164 0.0016802215250208974
102.6422348022461 -23.19362449645996 0.0016870498657226562
102.63386535644531 -23.19402503967285 0.0016912841238081455
102.62630462646484 -23.194580078125 0.001694374019280076
102.61942291259766 -23.194902420043945 0.0016952896257862449
102.61306762695312 -23.195541381835938 0.0016952132573351264
102.60645294189453 -23.19624137878418 0.0016930007841438055
102.60042572021484 -23.19702911376953 0.0016924666706472635
102.59463500976562 -23.197582244873047 0.0016905975062400103
102.5888442993164 -23.19805145263672 0.001688194228336215
102.58092498779297 -23.198078155517578 0.0016754531534388661
102.5711898803711 -23.198211669921875 0.0016649627359583974
102.56051635742188 -23.198253631591797 0.0016603469848632812
102.54943084716797 -23.19839859008789 0.001660156180150807
102.5382308959961 -23.19845199584961 0.0016622924013063312
102.52704620361328 -23.19859504699707 0.0016656112857162952
102.5159912109375 -23.198646545410156 0.0016691589262336493
102.50508880615234 -23.198787689208984 0.0016720962012186646
102.49436950683594 -23.198829650878906 0.0016746901674196124
102.48387145996094 -23.19896125793457 0.0016768263885751367
102.47360229492188 -23.19934844970703 0.0016795349074527621
102.46353912353516 -23.200031280517578 0.0016830062959343195
102.45442962646484 -23.200483322143555 0.0016886139055714011
102.44612884521484 -23.201101303100586 0.0016921996138989925
102.4385986328125 -23.20150375366211 0.001694488455541432
102.43180084228516 -23.202194213867188 0.0016962433001026511
102.42520904541016 -23.20289421081543 0.0016714477678760886
102.41840362548828 -23.2037353515625 0.001658706576563418
102.412109375 -23.20444107055664 0.0016601181123405695
102.40565490722656 -23.205270767211914 0.0016617965884506702
102.39777374267578 -23.20644187927246 0.0016564178513363004
102.38816833496094 -23.207443237304688 0.0016509246779605746
102.3779296875 -23.207609176635742 0.0016542052617296576
102.36723327636719 -23.207780838012695 0.001659126253798604
102.35662078857422 -23.207914352416992 0.00166515342425555
102.34591674804688 -23.208078384399414 0.0016685867449268699
102.33548736572266 -23.20820426940918 0.0016725921304896474
102.3250732421875 -23.20836639404297 0.0016744612948969007
102.31501007080078 -23.2084903717041 0.0016771698137745261
102.30497741699219 -23.20865249633789 0.001677932683378458
102.2952880859375 -23.20877456665039 0.001679916400462389
102.28567504882812 -23.209259033203125 0.0016804503975436091
102.27894592285156 -23.209741592407227 0.0016967010451480746
102.27204132080078 -23.210222244262695 0.001695938059128821
102.26685333251953 -23.210590362548828 0.0017021560342982411
102.26128387451172 -23.210983276367188 0.0016965484246611595
102.2573013305664 -23.211271286010742 0.0017007064307108521
102.25282287597656 -23.21170425415039 0.001694641076028347
102.24979400634766 -23.212081909179688 0.0016992187593132257
102.24616241455078 -23.212541580200195 0.0016927337273955345
102.24382781982422 -23.212846755981445 0.001696090679615736
102.24076843261719 -23.213233947753906 0.0016890334663912654
102.2389144897461 -23.213483810424805 0.001692275982350111
102.2362289428711 -23.213903427124023 0.0016855238936841488
102.23193359375 -23.21426773071289 0.0016711807111278176
102.22343444824219 -23.214427947998047 0.0016506958054378629
102.21306610107422 -23.21460723876953 0.0016420745523646474
102.20169067382812 -23.214801788330078 0.001641235314309597
102.18994903564453 -23.215002059936523 0.0016456985613331199
102.17801666259766 -23.2152042388916 0.0016511535504832864
102.16615295410156 -23.21540641784668 0.0016575622139498591
102.15437316894531 -23.215606689453125 0.0016630172031000257
102.14282989501953 -23.215803146362305 0.0016681670676916838
102.13142395019531 -23.21599769592285 0.0016716766403988004
102.12027740478516 -23.216188430786133 0.0016749954083934426
102.10997772216797 -23.21664810180664 0.0016814422560855746
102.10081481933594 -23.217262268066406 0.0016899871407076716
102.09239959716797 -23.217905044555664 0.001694374019280076
102.08455657958984 -23.218441009521484 0.0016954040620476007
102.07697296142578 -23.219038009643555 0.001694374019280076
102.07009887695312 -23.21952247619629 0.0016946792602539062
102.06327819824219 -23.220252990722656 0.0016938400221988559
102.05693817138672 -23.22113800048828 0.001692924415692687
102.05137634277344 -23.22185516357422 0.0016950606368482113
102.04570007324219 -23.222631454467773 0.0016917038010433316
102.03997802734375 -23.223278045654297 0.0016859053866937757
102.03156280517578 -23.22383689880371 0.0016697311075404286
102.0204086303711 -23.224035263061523 0.001656341482885182
102.00794982910156 -23.22434425354004 0.0016511535504832864
101.9948501586914 -23.22458267211914 0.0016514586750417948
101.9815444946289 -23.22490882873535 0.0016550826840102673
101.96823120117188 -23.22514533996582 0.0016598128713667393
101.95502471923828 -23.225475311279297 0.0016647338634356856
101.94200134277344 -23.2257080078125 0.0016690825577825308
101.92921447753906 -23.226022720336914 0.001672668382525444
101.91661834716797 -23.226247787475586 0.001675567589700222
101.90426635742188 -23.22655487060547 0.0016780090518295765
101.89215850830078 -23.226764678955078 0.0016797255957499146
101.88030242919922 -23.22706413269043 0.0016810225788503885
101.8695068359375 -23.227434158325195 0.0016868972452357411
101.85960388183594 -23.228275299072266 0.0016933440929278731
101.8506851196289 -23.22886085510254 0.0016981124645099044
101.84162139892578 -23.229700088500977 0.0016954803140833974
101.83277893066406 -23.230234146118164 0.0016929625999182463
101.82465362548828 -23.23093605041504 0.001693458529189229
101.81708526611328 -23.231679916381836 0.0016940307104960084
101.8093032836914 -23.23270606994629 0.0016923904186114669
101.80205535888672 -23.233619689941406 0.0016925048548728228
101.79279327392578 -23.234901428222656 0.0016793060349300504
101.78164672851562 -23.235595703125 0.001666221534833312
101.76956176757812 -23.235965728759766 0.0016623305855318904
101.75708770751953 -23.236251831054688 0.0016632460756227374
101.74449920654297 -23.236629486083984 0.0016656493535265326
101.73197937011719 -23.23691177368164 0.0016687774332240224
101.71959686279297 -23.23727798461914 0.0016717910766601562
101.70741271972656 -23.237550735473633 0.0016744232270866632
101.6954345703125 -23.2379093170166 0.0016765594482421875
101.68367004394531 -23.238170623779297 0.0016783904284238815
101.67215728759766 -23.23851776123047 0.0016796874115243554
101.66087341308594 -23.2387638092041 0.0016807937063276768
101.64986419677734 -23.239469528198242 0.0016828536754474044
101.63986206054688 -23.240137100219727 0.0016896820161491632
101.63076782226562 -23.240976333618164 0.0016943359514698386
101.62252807617188 -23.241561889648438 0.0016971969744190574
101.61471557617188 -23.24228286743164 0.001696357736364007
101.60725402832031 -23.24285316467285 0.001694755512289703
101.5999755859375 -23.243696212768555 0.001692543039098382
101.59239196777344 -23.244319915771484 0.001689109718427062
101.58354949951172 -23.244638442993164 0.0016792678507044911
101.57351684570312 -23.244882583618164 0.001672019949182868
101.5628890991211 -23.245235443115234 0.0016686629969626665
101.55204010009766 -23.245500564575195 0.0016683196881785989
101.54117584228516 -23.245861053466797 0.0016696166712790728
101.5303955078125 -23.246122360229492 0.001671867328695953
101.5197525024414 -23.24647331237793 0.0016740417340770364
101.50929260253906 -23.24673080444336 0.0016760253347456455
101.49900817871094 -23.2470703125 0.0016776275588199496
101.48892211914062 -23.247318267822266 0.0016789627261459827
101.47904205322266 -23.247648239135742 0.0016801833407953382
101.46935272216797 -23.247882843017578 0.0016809845110401511
101.46058654785156 -23.248268127441406 0.0016854476416483521
101.4525375366211 -23.2484130859375 0.0016889952821657062
101.44528198242188 -23.248903274536133 0.001692543039098382
101.43866729736328 -23.24934196472168 0.00169567100238055
101.43238067626953 -23.249975204467773 0.0016947936965152621
101.4261703491211 -23.25039291381836 0.0016926192911341786
101.41864013671875 -23.251089096069336 0.0016826248029246926
101.4101333618164 -23.25204086303711 0.0016760253347456455
101.4011001586914 -23.25273323059082 0.001671867328695953
101.391845703125 -23.25297737121582 0.001671218778938055
101.382568359375 -23.253313064575195 0.0016728210030123591
101.37334442138672 -23.253549575805664 0.0016745376633480191
101.3642578125 -23.253875732421875 0.0016762542072683573
101.35530090332031 -23.254108428955078 0.0016777038108557463
101.34651947021484 -23.254425048828125 0.0016790007939562201
101.33789825439453 -23.254648208618164 0.0016798782162368298
101.32945251464844 -23.254953384399414 0.0016805266495794058
101.3211669921875 -23.255163192749023 0.0016811751993373036
101.31305694580078 -23.255460739135742 0.0016814040718600154
101.30511474609375 -23.255661010742188 0.001681747380644083
101.29801177978516 -23.256027221679688 0.0016857146983966231
101.29161071777344 -23.25631332397461 0.0016891860868781805
101.28556060791016 -23.256881713867188 0.001691093435510993
101.28010559082031 -23.257272720336914 0.0016928481636568904
101.2751235961914 -23.257795333862305 0.0016928099794313312
101.2703857421875 -23.258108139038086 0.00169200892560184
101.26605224609375 -23.25858497619629 0.0016908645629882812
101.261962890625 -23.258968353271484 0.0016900253249332309
101.25589752197266 -23.25944709777832 0.00167675013653934
101.24818420410156 -23.259654998779297 0.001666221534833312
101.2396469116211 -23.259977340698242 0.0016619490925222635
101.23072814941406 -23.260223388671875 0.0016619872767478228
101.2216796875 -23.260562896728516 0.0016641997499391437
101.21265411376953 -23.260812759399414 0.0016669845208525658
101.2037124633789 -23.261152267456055 0.0016699981642886996
101.19487762451172 -23.261388778686523 0.0016725539462640882
101.18621826171875 -23.261714935302734 0.0016751098446547985
101.17770385742188 -23.261945724487305 0.00167675013653934
101.16934967041016 -23.26226043701172 0.0016782379243522882
101.16184997558594 -23.262359619140625 0.0016830062959343195
101.15509796142578 -23.26266098022461 0.0016867828089743853
101.14883422851562 -23.262784957885742 0.0016891860868781805
101.1431884765625 -23.26305389404297 0.0016907881945371628
101.13800811767578 -23.263141632080078 0.0016913223080337048
101.13321685791016 -23.263376235961914 0.001691093435510993
101.12821960449219 -23.263490676879883 0.0016880797920748591
101.12340545654297 -23.263702392578125 0.0016863250639289618
101.11897277832031 -23.263757705688477 0.0016863631317391992
101.11485290527344 -23.263973236083984 0.0016864395001903176
101.11066436767578 -23.264034271240234 0.0016845702193677425
101.10660552978516 -23.26423454284668 0.0016836929135024548
101.10255432128906 -23.264265060424805 0.0016819762531667948
101.09843444824219 -23.264493942260742 0.0016809081425890326
101.09449005126953 -23.264551162719727 0.0016808700747787952
101.08975219726562 -23.264760971069336 0.0016736984252929688
101.08203125 -23.26505470275879 0.0016591644380241632
101.07198333740234 -23.26542854309082 0.0016448211390525103
101.05946350097656 -23.26582908630371 0.0016343307215720415
101.04375457763672 -23.266315460205078 0.001623878488317132
101.0269775390625 -23.266836166381836 0.0016255187802016735
101.00792694091797 -23.267391204833984 0.0016235732473433018
100.98686981201172 -23.26803970336914 0.0016206359723582864
100.96332550048828 -23.268810272216797 0.0016160964732989669
100.93779754638672 -23.26966667175293 0.0016151809832081199
100.91033935546875 -23.270526885986328 0.001617813017219305
100.87793731689453 -23.271677017211914 0.0016006088117137551
100.8431625366211 -23.272804260253906 0.0015986632788553834
100.80402374267578 -23.274051666259766 0.001589546212926507
100.76134490966797 -23.275508880615234 0.0015822601271793246
100.71488189697266 -23.277002334594727 0.00157928466796875
100.66526794433594 -23.27865219116211 0.0015800857217982411
100.61265563964844 -23.280397415161133 0.0015820693224668503
100.55570983886719 -23.28217887878418 0.0015744781121611595
100.49476623535156 -23.28414535522461 0.0015718077775090933
100.42841339111328 -23.28633689880371 0.0015610504196956754
100.3577880859375 -23.288673400878906 0.0015573501586914062
100.28156280517578 -23.29119300842285 0.0015475463587790728
100.20079803466797 -23.29386329650879 0.001544952392578125
100.11418914794922 -23.296728134155273 0.0015364455757662654
100.02273559570312 -23.299753189086914 0.0015344619750976562
99.9256591796875 -23.302961349487305 0.0015302276005968451
99.82481384277344 -23.306293487548828 0.0015359115786850452
99.72251892089844 -23.30967903137207 0.0015550231328234076
99.62042999267578 -23.313051223754883 0.0015821456909179688
99.51931762695312 -23.316396713256836 0.0016104888636618853
99.41973114013672 -23.319686889648438 0.0016370010562241077
99.32182312011719 -23.32292938232422 0.0016592025058344007
99.22579193115234 -23.326107025146484 0.0016778182471171021
99.13157653808594 -23.3292236328125 0.0016915893647819757
99.03929138183594 -23.332275390625 0.0017027282156050205
98.94883728027344 -23.33526611328125 0.0017104720463976264
98.86026763916016 -23.33819580078125 0.0017167282057926059
98.77347564697266 -23.341064453125 0.0017203520983457565
98.68852233886719 -23.343875885009766 0.0017234801780432463
98.60526275634766 -23.346630096435547 0.001724891597405076
98.52376556396484 -23.349323272705078 0.0017262267647311091
98.44391632080078 -23.351964950561523 0.0017265318892896175
98.36575317382812 -23.35454750061035 0.0017269515665248036
98.28913879394531 -23.35708236694336 0.001726455637253821
98.21417999267578 -23.359560012817383 0.0017264938214793801
98.14070892333984 -23.361989974975586 0.001725692767649889
98.06880950927734 -23.364364624023438 0.0017253875266760588
97.99834442138672 -23.366695404052734 0.0017243194160982966
97.92938995361328 -23.368976593017578 0.0017238998552784324
97.86180114746094 -23.3712100982666 0.001722793560475111
97.79566955566406 -23.373395919799805 0.0017222213791683316
97.7308349609375 -23.37553596496582 0.001721076900139451
97.66739654541016 -23.377635955810547 0.0017205809708684683
97.60520935058594 -23.37969207763672 0.0017194366082549095
97.54436492919922 -23.38170623779297 0.0017187499906867743
97.4847183227539 -23.383678436279297 0.0017176818801090121
97.4281997680664 -23.384408950805664 0.0017314148135483265
97.3747329711914 -23.38359260559082 0.0017508316086605191
97.32366943359375 -23.383928298950195 0.0017551040509715676
97.27452087402344 -23.385177612304688 0.0017476272769272327
97.22492980957031 -23.386606216430664 0.0017325591761618853
97.17467498779297 -23.388065338134766 0.001717376639135182
97.1246109008789 -23.3895263671875 0.0017081069527193904
97.07499694824219 -23.39097023010254 0.0017031097086146474
97.02616882324219 -23.39239501953125 0.0017015074845403433
96.97813415527344 -23.393795013427734 0.0017007826827466488
96.9310302734375 -23.39516258239746 0.0017013930482789874
96.88479614257812 -23.396512985229492 0.0017016982892528176
96.83953857421875 -23.397830963134766 0.001702804584056139
96.79513549804688 -23.39912223815918 0.0017029190203174949
96.75169372558594 -23.400390625 0.001703567453660071
96.71070861816406 -23.401580810546875 0.0017120742704719305
96.6722640991211 -23.40270233154297 0.0017205047188326716
96.63568115234375 -23.403776168823242 0.0017245864728465676
96.60042572021484 -23.404836654663086 0.0017234801780432463
96.56654357910156 -23.405853271484375 0.0017229461809620261
96.53374481201172 -23.40679359436035 0.0017200469737872481
96.50224304199219 -23.407638549804688 0.0017199325375258923
96.47134399414062 -23.408456802368164 0.001715011545456946
96.441162109375 -23.409374237060547 0.0017110061598941684
96.41023254394531 -23.410350799560547 0.0017004393739625812
96.38024139404297 -23.411251068115234 0.0016989517025649548
96.3495101928711 -23.412120819091797 0.0016900253249332309
96.31940460205078 -23.413002014160156 0.0016897200839594007
96.28813934326172 -23.413949966430664 0.001680297777056694
96.25676727294922 -23.414859771728516 0.0016773986862972379
96.22314453125 -23.415849685668945 0.0016651916084811091
96.18914031982422 -23.416833877563477 0.0016628265148028731
96.15310668945312 -23.417823791503906 0.0016537857009097934
96.11624145507812 -23.41881561279297 0.0016518019838258624
96.07684326171875 -23.41990852355957 0.0016420363681390882
96.03665924072266 -23.421091079711914 0.0016426467336714268
95.99372100830078 -23.42239761352539 0.0016337966080754995
95.94901275634766 -23.42371368408203 0.0016297530382871628
95.90164947509766 -23.425180435180664 0.0016255187802016735
95.85196685791016 -23.426664352416992 0.001620445167645812
95.80072021484375 -23.42818832397461 0.0016217040829360485
95.74610137939453 -23.4298095703125 0.001613616943359375
95.68882751464844 -23.43151092529297 0.0016080093337222934
95.62820434570312 -23.433307647705078 0.0016003417549654841
95.56398010253906 -23.43521499633789 0.0015941619640216231
95.49598693847656 -23.43723487854004 0.0015872191870585084
95.42453002929688 -23.439359664916992 0.0015835189260542393
95.34990692138672 -23.441579818725586 0.0015827178722247481
95.27251434326172 -23.443878173828125 0.0015852736542001367
95.19224548339844 -23.446264266967773 0.0015869140625
95.1085205078125 -23.448749542236328 0.001585464458912611
95.02080535888672 -23.451356887817383 0.0015805052826181054
94.92903900146484 -23.452152252197266 0.0015814208891242743
94.83256530761719 -23.453142166137695 0.0015807723393663764
94.73145294189453 -23.45561408996582 0.001569671556353569
94.62846374511719 -23.458332061767578 0.001576499897055328
94.52545928955078 -23.46108627319336 0.0015964126214385033
94.42325592041016 -23.46382713317871 0.0016198349185287952
94.32252502441406 -23.466529846191406 0.0016433715354651213
94.22343444824219 -23.469186782836914 0.0016634749481454492
94.126220703125 -23.47179412841797 0.0016806410858407617
94.0323486328125 -23.474308013916016 0.001702003413811326
93.9421157836914 -23.47672462463379 0.0017213821411132812
93.85485076904297 -23.479066848754883 0.001733322162181139
93.77021026611328 -23.481334686279297 0.001740150386467576
93.68782806396484 -23.483545303344727 0.0017424774123355746
93.60750579833984 -23.48569679260254 0.0017422103555873036
93.52888488769531 -23.487804412841797 0.0017396544571965933
93.45179748535156 -23.489870071411133 0.0017361068166792393
93.3759536743164 -23.491907119750977 0.0017312621930614114
93.3012466430664 -23.49390983581543 0.0017267989460378885
93.2273941040039 -23.49588966369629 0.001721458393149078
93.15420532226562 -23.497854232788086 0.0017159652197733521
93.08140563964844 -23.49980354309082 0.0017096709925681353
93.00885772705078 -23.50174903869629 0.0017039489466696978
92.9362564086914 -23.50369644165039 0.0016978454077616334
92.86351013183594 -23.50564956665039 0.0016918182373046875
92.79033660888672 -23.50760841369629 0.0016856002621352673
92.71662139892578 -23.509584426879883 0.0016799544682726264
92.64214324951172 -23.511581420898438 0.001674232422374189
92.56685638427734 -23.51359748840332 0.0016693114303052425
92.4904556274414 -23.51564598083496 0.0016639328096061945
92.41288757324219 -23.517724990844727 0.0016589355655014515
92.33385467529297 -23.519845962524414 0.0016533279558643699
92.2532958984375 -23.52200698852539 0.001648597652092576
92.17094421386719 -23.524215698242188 0.0016430282266810536
92.08672332763672 -23.526473999023438 0.0016381072346121073
92.00029754638672 -23.52878761291504 0.0016323089366778731
91.9115982055664 -23.531166076660156 0.001627273508347571
91.82034301757812 -23.533613204956055 0.0016213225899264216
91.72640228271484 -23.536128997802734 0.001615982037037611
91.62926483154297 -23.538734436035156 0.0016080093337222934
91.52872467041016 -23.541427612304688 0.0016017913585528731
91.42704010009766 -23.54415512084961 0.00160808558575809
91.32569885253906 -23.546871185302734 0.001623611431568861
91.22553253173828 -23.5472354888916 0.0016506194369867444
91.12714385986328 -23.544864654541016 0.0016898727044463158
91.0304183959961 -23.544904708862305 0.0017060089157894254
90.93558502197266 -23.546581268310547 0.0017065429128706455
90.84253692626953 -23.548410415649414 0.00171318044885993
90.75141143798828 -23.55022621154785 0.0017197036650031805
90.66207885742188 -23.552013397216797 0.0017234039260074496
90.57462310791016 -23.553768157958984 0.00172618858050555
90.49055480957031 -23.555456161499023 0.0017363738734275103
90.41022491455078 -23.55706787109375 0.0017474746564403176
90.3329086303711 -23.55861473083496 0.0017531967023387551
90.2582778930664 -23.56011199951172 0.0017551040509715676
90.18586730957031 -23.56156349182129 0.001753158518113196
90.11540985107422 -23.562978744506836 0.0017498397501185536
90.04656219482422 -23.564355850219727 0.0017445754492655396
89.97911071777344 -23.565710067749023 0.001738700782880187
89.91273498535156 -23.567041397094727 0.0017320250626653433
89.84722137451172 -23.568349838256836 0.0017253493424504995
89.78225708007812 -23.569652557373047 0.0017181014409288764
89.71761322021484 -23.570947647094727 0.00171092979144305
89.65301513671875 -23.572240829467773 0.0017033385811373591
89.58827209472656 -23.57353401184082 0.0016962051158770919
89.5231704711914 -23.574840545654297 0.0016892623389139771
89.45755767822266 -23.576156616210938 0.0016828154912218451
89.3912582397461 -23.577482223510742 0.0016764450119808316
89.32415008544922 -23.578826904296875 0.0016709136543795466
89.25607299804688 -23.580190658569336 0.0016656493535265326
89.18692779541016 -23.58157730102539 0.0016611480386927724
89.1166000366211 -23.58298683166504 0.0016566847916692495
89.04499816894531 -23.58442497253418 0.0016527175903320312
88.97195434570312 -23.585895538330078 0.0016483687795698643
88.89659118652344 -23.58740234375 0.0016396712744608521
88.81832885742188 -23.58702850341797 0.0016369628719985485
88.73933410644531 -23.58452033996582 0.0016549682477489114
88.66047668457031 -23.581525802612305 0.001672935439273715
88.58242797851562 -23.580968856811523 0.0016775131225585938
88.5054931640625 -23.581722259521484 0.0016817091964185238
88.429931640625 -23.58257293701172 0.0016920471098273993
88.35572814941406 -23.58342170715332 0.0017000579973682761
88.28303527832031 -23.58426284790039 0.001706199604086578
88.21175384521484 -23.585084915161133 0.0017097854288294911
88.1439437866211 -23.585866928100586 0.001723441993817687
88.0793228149414 -23.586610794067383 0.0017345427768304944
88.01734161376953 -23.587326049804688 0.0017403792589902878
87.95748138427734 -23.588014602661133 0.0017415237380191684
87.89934539794922 -23.588685989379883 0.0017393111484125257
87.8426284790039 -23.589338302612305 0.0017350387061014771
87.78700256347656 -23.58997917175293 0.0017295455327257514
87.73226165771484 -23.590612411499023 0.0017232894897460938
87.67813110351562 -23.591232299804688 0.0017168426420539618
87.62440490722656 -23.591854095458984 0.0017106246668845415
87.57085418701172 -23.592477798461914 0.0017038345104083419
87.51727294921875 -23.59309959411621 0.0016973494784906507
87.46345520019531 -23.59372329711914 0.0016909026307985187
87.40921783447266 -23.594345092773438 0.001684913644567132
87.35433197021484 -23.594980239868164 0.0016786574851721525
87.29866790771484 -23.59562110900879 0.0016728210030123591
87.24201965332031 -23.59627342224121 0.001667022705078125
87.18429565429688 -23.59693717956543 0.001661758404225111
87.12529754638672 -23.59761619567871 0.0016565322875976562
87.0648422241211 -23.598312377929688 0.0016511153662577271
87.00283813476562 -23.599027633666992 0.0016463088104501367
86.93922424316406 -23.599760055541992 0.0016423796769231558
86.87391662597656 -23.60051155090332 0.0016383742913603783
86.80668640136719 -23.601285934448242 0.0016345595940947533
86.73756408691406 -23.60208511352539 0.0016312026418745518
86.66646575927734 -23.602901458740234 0.001628341618925333
86.59337615966797 -23.603744506835938 0.0016262053977698088
86.51823425292969 -23.6046085357666 0.0016241073608398438
86.44110107421875 -23.605499267578125 0.0016228866297751665
86.36158752441406 -23.606412887573242 0.0016199111705645919
86.27946472167969 -23.607357025146484 0.001615447923541069
86.1942138671875 -23.608341217041016 0.001609115512110293
86.10574340820312 -23.609359741210938 0.0016025161603465676
86.01338958740234 -23.610424041748047 0.001592941232956946
85.91710662841797 -23.609350204467773 0.0015933989780023694
85.81950378417969 -23.605533599853516 0.0016196822980418801
85.72193908691406 -23.604074478149414 0.0016376113053411245
85.62521362304688 -23.60430145263672 0.0016452788840979338
85.5298843383789 -23.604721069335938 0.0016623687697574496
85.43611907958984 -23.605167388916016 0.0016782759921625257
85.34577941894531 -23.605602264404297 0.001700668246485293
85.2588882446289 -23.606021881103516 0.0017194747924804688
85.175048828125 -23.606430053710938 0.001732253935188055
85.09375762939453 -23.606822967529297 0.0017390442080795765
85.01473236083984 -23.607206344604492 0.0017415237380191684
84.93765258789062 -23.607582092285156 0.001740951556712389
84.86238861083984 -23.607946395874023 0.001738967839628458
84.78857421875 -23.60830307006836 0.0017351913265883923
84.71603393554688 -23.60865592956543 0.0017309188842773438
84.64450073242188 -23.608999252319336 0.001725425710901618
84.57376098632812 -23.60934066772461 0.0017199325375258923
84.50353240966797 -23.609682083129883 0.0017136763781309128
84.43367767333984 -23.610023498535156 0.0017076110234484076
84.3639144897461 -23.61036491394043 0.0017011261079460382
84.29405975341797 -23.610708236694336 0.001695175189524889
84.22389221191406 -23.61104965209961 0.001688728341832757
84.15328216552734 -23.611391067504883 0.0016828154912218451
84.08200073242188 -23.611732482910156 0.0016770553775131702
84.00994110107422 -23.612085342407227 0.001671752892434597
83.93687438964844 -23.61244010925293 0.0016662597190588713
83.86273193359375 -23.61280059814453 0.001661605783738196
83.78736877441406 -23.61316680908203 0.0016569518484175205
83.710693359375 -23.613536834716797 0.0016529082786291838
83.6324234008789 -23.613916397094727 0.0016477965982630849
83.55245208740234 -23.614303588867188 0.001643447787500918
83.47051239013672 -23.61469841003418 0.0016381072346121073
83.38650512695312 -23.6151065826416 0.0016331099905073643
83.30008697509766 -23.615524291992188 0.0016272353241220117
83.21121978759766 -23.61595344543457 0.0016218567034229636
83.11953735351562 -23.616395950317383 0.0016159438528120518
83.02500915527344 -23.616851806640625 0.0016104126116260886
82.92731475830078 -23.61732292175293 0.0016044615767896175
82.826416015625 -23.617809295654297 0.001599006587639451
82.72199249267578 -23.618314743041992 0.0015930174849927425
82.6139907836914 -23.618837356567383 0.0015880202408879995
82.50214385986328 -23.6193790435791 0.0015824508154764771
82.3863754272461 -23.619937896728516 0.0015773773193359375
82.26639556884766 -23.620519638061523 0.0015718841459602118
82.14216613769531 -23.62112045288086 0.0015669249696657062
82.01338958740234 -23.621742248535156 0.0015614699805155396
81.88002014160156 -23.622386932373047 0.0015567397931590676
81.74177551269531 -23.623056411743164 0.0015514373080804944
81.59861755371094 -23.623746871948242 0.0015466308686882257
81.45026397705078 -23.624452590942383 0.0015393065987154841
81.29666900634766 -23.625186920166016 0.0015354919014498591
81.13756561279297 -23.625953674316406 0.0015308379661291838
80.972900390625 -23.626747131347656 0.0015263366512954235
80.80242919921875 -23.627567291259766 0.001521530095487833
80.62606048583984 -23.628419876098633 0.001517066964879632
80.44356536865234 -23.629297256469727 0.0015119933523237705
80.25481414794922 -23.630205154418945 0.0015072631649672985
80.05960845947266 -23.63114356994629 0.0015020370483398438
79.85791778564453 -23.632118225097656 0.001497726421803236
79.64959716796875 -23.633121490478516 0.00149364466778934
79.43458557128906 -23.634157180786133 0.0014900207752361894
79.21279907226562 -23.63522720336914 0.0014865874545648694
78.98416900634766 -23.636327743530273 0.0014835739275440574
78.74861145019531 -23.637462615966797 0.0014805220998823643
78.50599670410156 -23.63863182067871 0.0014771651476621628
78.25618743896484 -23.63982582092285 0.0015441131545230746
77.99952697753906 -23.641061782836914 0.0017434310866519809
77.74307250976562 -23.642297744750977 0.0018426894675940275
77.49101257324219 -23.643512725830078 0.00189971923828125
77.24156188964844 -23.644718170166016 0.001719245919957757
76.99290466308594 -23.645917892456055 0.001615829416550696
76.7470932006836 -23.647104263305664 0.0015961455646902323
76.5051040649414 -23.648271560668945 0.0016154861077666283
76.26744079589844 -23.649417877197266 0.0016494750743731856
76.03433990478516 -23.650541305541992 0.0016845702193677425
75.8058853149414 -23.65164566040039 0.0017156600952148438
75.58206939697266 -23.65272331237793 0.0017410659929737449
75.36286163330078 -23.65378189086914 0.0017608641646802425
75.148193359375 -23.654815673828125 0.0017750930273905396
74.9379653930664 -23.65583038330078 0.0017851638840511441
74.73238372802734 -23.653345108032227 0.0018058394780382514
74.53166961669922 -23.64550018310547 0.0018478011479601264
74.33512115478516 -23.63983154296875 0.0018594360444694757
74.14265441894531 -23.6372013092041 0.0018356704385951161
73.95411682128906 -23.635332107543945 0.0018171691335737705
73.76930236816406 -23.633686065673828 0.001808929373510182
73.5881118774414 -23.63213348388672 0.0018033599480986595
73.41060638427734 -23.630626678466797 0.001799087505787611
73.23665618896484 -23.62915802001953 0.0017950439359992743
73.06627655029297 -23.627714157104492 0.0017919158563017845
72.89933013916016 -23.626306533813477 0.001788673340342939
72.73583221435547 -23.624921798706055 0.0017863464308902621
72.57609558105469 -23.623573303222656 0.0017862319946289062
72.42010498046875 -23.622255325317383 0.0017863844987004995
72.2674789428711 -23.62096405029297 0.0017845153342932463
72.11805725097656 -23.619701385498047 0.001782112056389451
71.97150421142578 -23.61846351623535 0.0017779540503397584
71.82767486572266 -23.617250442504883 0.0017735289875417948
71.6862564086914 -23.61605453491211 0.0017676925053820014
71.54711151123047 -23.614877700805664 0.0017625045729801059
71.40991973876953 -23.61371612548828 0.0017562865978106856
71.27458190917969 -23.61256980895996 0.001750678988173604
71.14077758789062 -23.611440658569336 0.0017444228287786245
71.00839233398438 -23.610319137573242 0.0017384719103574753
70.87712097167969 -23.609209060668945 0.00173187255859375
70.74687194824219 -23.608110427856445 0.00172618858050555
70.6173095703125 -23.607013702392578 0.0017201232258230448
70.48834991455078 -23.605926513671875 0.0017142867436632514
70.35968780517578 -23.604841232299805 0.0017080307006835938
70.2312240600586 -23.6037540435791 0.0017022322863340378
70.10265350341797 -23.60266876220703 0.0016961288638412952
69.97389221191406 -23.601581573486328 0.0016903686337172985
69.84463500976562 -23.60049057006836 0.0016840744065120816
69.71477508544922 -23.59939193725586 0.001678466796875
69.58403778076172 -23.598285675048828 0.0016722106374800205
69.45232391357422 -23.597177505493164 0.0016671371413394809
69.31935119628906 -23.596059799194336 0.0016610717866569757
69.18502044677734 -23.59492301940918 0.0016553497407585382
69.04904174804688 -23.593774795532227 0.0016492080176249146
68.91133117675781 -23.592609405517578 0.0016437530284747481
68.7716064453125 -23.5914306640625 0.0016378401778638363
68.62979125976562 -23.59023094177246 0.0016325759934261441
68.485595703125 -23.58901596069336 0.0016267775790765882
68.33892059326172 -23.587778091430664 0.0016215132782235742
68.18952178955078 -23.586515426635742 0.00161571498028934
68.03728485107422 -23.58523178100586 0.001610450679436326
67.88196563720703 -23.584030151367188 0.0016020202310755849
67.72345733642578 -23.58281898498535 0.0015814589569345117
67.56151580810547 -23.581510543823242 0.0015729140723124146
67.39604187011719 -23.580150604248047 0.0015698241768404841
67.2267837524414 -23.57875633239746 0.0015680694486945868
67.05364227294922 -23.577327728271484 0.001566123915836215
66.87639617919922 -23.57586669921875 0.0015638732584193349
66.69493865966797 -23.574369430541992 0.0015615463489666581
66.50901794433594 -23.572834014892578 0.0015581130282953382
66.31853485107422 -23.57126235961914 0.001554527203552425
66.1232681274414 -23.569650650024414 0.0015502929454669356
65.92357635498047 -23.56800079345703 0.001549415523186326
65.7221450805664 -23.56633949279785 0.0015637206379324198
65.52167510986328 -23.564687728881836 0.0015922927996143699
65.32353210449219 -23.563051223754883 0.001626090961508453
65.1285171508789 -23.561439514160156 0.0016596984351053834
64.93693542480469 -23.559938430786133 0.001689910888671875
64.74901580810547 -23.558563232421875 0.0016909026307985187
64.56475067138672 -23.55706024169922 0.0017055892385542393
64.38422393798828 -23.55554962158203 0.001723060617223382
64.20730590820312 -23.554054260253906 0.001737899729050696
64.03400421142578 -23.552587509155273 0.0017498015658929944
63.86420440673828 -23.551151275634766 0.001758308382704854
63.697898864746094 -23.549747467041016 0.001764602609910071
63.53493881225586 -23.548370361328125 0.0017682266188785434
63.37537384033203 -23.54701805114746 0.001770935021340847
63.219017028808594 -23.54569435119629 0.0017718124436214566
63.06591796875 -23.544401168823242 0.0017727661179378629
62.9159049987793 -23.543134689331055 0.0017724226927384734
62.769046783447266 -23.54189109802246 0.0017720031319186091
62.625160217285156 -23.540674209594727 0.0017707061488181353
62.48429870605469 -23.53948211669922 0.0017699431627988815
62.346282958984375 -23.538312911987305 0.0017684935592114925
62.21116638183594 -23.53717041015625 0.0017671965761110187
62.07878875732422 -23.536048889160156 0.0017654800321906805
61.94919204711914 -23.53495216369629 0.0017641448648646474
61.82222366333008 -23.533878326416016 0.0017623519524931908
61.69792938232422 -23.532827377319336 0.0017611312214285135
61.57718276977539 -23.531803131103516 0.0017649459186941385
61.4600944519043 -23.530813217163086 0.0017692947294563055
61.346126556396484 -23.529850006103516 0.001770400907844305
61.23501968383789 -23.52890968322754 0.0017695236019790173
61.126365661621094 -23.527992248535156 0.0017658615252003074
61.02002716064453 -23.5270938873291 0.001761588966473937
60.9156494140625 -23.526212692260742 0.0017559813568368554
60.813114166259766 -23.525346755981445 0.0017506027361378074
60.71208953857422 -23.524492263793945 0.0017445372650399804
60.61246871948242 -23.523649215698242 0.0017387389671057463
60.51394271850586 -23.522817611694336 0.0017320632468909025
60.41641616821289 -23.521991729736328 0.00172618858050555
60.319583892822266 -23.52117347717285 0.0017197036650031805
60.22334289550781 -23.52035903930664 0.001713828998617828
60.12739944458008 -23.519548416137695 0.0017076492076739669
60.03165054321289 -23.518741607666016 0.0017021560342982411
59.93579864501953 -23.517934799194336 0.0016957854386419058
59.83975601196289 -23.517120361328125 0.0016904448857530951
59.74323654174805 -23.51630401611328 0.00168437953107059
59.64614486694336 -23.515485763549805 0.0016788863576948643
59.54818344116211 -23.51465606689453 0.0016728591872379184
59.44927215576172 -23.51382064819336 0.0016674804501235485
59.34910583496094 -23.512975692749023 0.0016614531632512808
59.247615814208984 -23.512115478515625 0.0016560745425522327
59.14448928833008 -23.511241912841797 0.0016499710036441684
59.0396728515625 -23.51035499572754 0.0016445922665297985
58.93284225463867 -23.509450912475586 0.001638870220631361
58.82394790649414 -23.508529663085938 0.001633453299291432
58.71267318725586 -23.507587432861328 0.0016275023808702826
58.59896469116211 -23.50662612915039 0.001622009207494557
58.48251724243164 -23.50563621520996 0.0016164397820830345
58.36328125 -23.504629135131836 0.0016112899174913764
58.24094772338867 -23.50359344482422 0.0016053771832957864
58.11546325683594 -23.50252914428711 0.00160045619122684
57.98653793334961 -23.501440048217773 0.0015946578932926059
57.8541145324707 -23.50031852722168 0.0015895842807367444
57.71790313720703 -23.49916648864746 0.0015841674758121371
57.577850341796875 -23.49798011779785 0.0015792464837431908
57.43366622924805 -23.496761322021484 0.0015738295624032617
57.285301208496094 -23.49550437927246 0.001569023123010993
57.13248062133789 -23.494213104248047 0.0015637206379324198
56.97513198852539 -23.492883682250977 0.0015588760143145919
56.81301498413086 -23.49151039123535 0.001553611713461578
56.64604949951172 -23.49009895324707 0.0015486526535823941
56.47397994995117 -23.488643646240234 0.0015433119842782617
56.296722412109375 -23.487146377563477 0.0015384673606604338
56.11404037475586 -23.485599517822266 0.0015334701165556908
55.92584991455078 -23.4840087890625 0.0015287399291992188
55.73188781738281 -23.48236846923828 0.0015236282488331199
55.532108306884766 -23.48067855834961 0.0015190887497738004
55.32635498046875 -23.47893714904785 0.001514434814453125
55.114540100097656 -23.47714614868164 0.0015103912446647882
54.89653015136719 -23.47530746459961 0.0015071487287059426
54.67227554321289 -23.473413467407227 0.0015032195951789618
54.44165802001953 -23.471464157104492 0.0014994811499491334
54.205047607421875 -23.469465255737305 0.0014990234049037099
53.9654541015625 -23.467437744140625 0.001516265794634819
53.72639083862305 -23.465417861938477 0.0015515899285674095
53.48984146118164 -23.46341896057129 0.0015952682588249445
53.25687026977539 -23.46145248413086 0.0016389084048569202
53.027992248535156 -23.45951271057129 0.001677284250035882
52.80347442626953 -23.45761489868164 0.0017095183720812201
52.583412170410156 -23.45575714111328 0.0017349624540656805
52.367820739746094 -23.45393180847168 0.0017543029971420765
52.156620025634766 -23.452144622802734 0.00176830287091434
51.94981384277344 -23.450397491455078 0.0017787170363590121
51.74728775024414 -23.44868278503418 0.0017856216290965676
51.54904556274414 -23.44700813293457 0.0017908859299495816
51.354896545410156 -23.44536590576172 0.0017935180803760886
51.16482162475586 -23.443756103515625 0.0017949294997379184
50.97863006591797 -23.442184448242188 0.0017950439359992743
50.79631423950195 -23.440643310546875 0.0017945861909538507
50.61771011352539 -23.439132690429688 0.0017930984031409025
50.442806243896484 -23.437652587890625 0.0017919540405273438
50.27173614501953 -23.43620491027832 0.0017915725475177169
50.10447692871094 -23.434791564941406 0.00179119105450809
49.94068908691406 -23.43340492248535 0.0017891692696139216
49.78022766113281 -23.43204689025879 0.0017864989349618554
49.62275695800781 -23.43071746826172 0.0017821884248405695
49.46815872192383 -23.42940902709961 0.0017777251778170466
49.31610870361328 -23.42812156677246 0.0017722701886668801
49.166473388671875 -23.426856994628906 0.0017669296357780695
49.01893997192383 -23.425600051879883 0.0017582321306690574
48.87338638305664 -23.424354553222656 0.0017532347701489925
48.729496002197266 -23.423133850097656 0.0017472838517278433
48.587162017822266 -23.421905517578125 0.001739234896376729
48.44606018066406 -23.42070198059082 0.0017333602299913764
48.30609130859375 -23.419513702392578 0.001728057861328125
48.16694641113281 -23.4183292388916 0.0017221069429069757
48.02853012084961 -23.417158126831055 0.0017168044578284025
47.89052200317383 -23.415985107421875 0.001710815355181694
47.752830505371094 -23.414813995361328 0.0017052077455446124
47.61515426635742 -23.41364288330078 0.0016989135183393955
47.47739028930664 -23.4124698638916 0.001693305908702314
47.339256286621094 -23.411298751831055 0.0016870498657226562
47.20063400268555 -23.41012191772461 0.001681480323895812
47.06124496459961 -23.408935546875 0.0016753387171775103
46.92097473144531 -23.407743453979492 0.0016696929233148694
46.77956008911133 -23.406545639038086 0.0016636275686323643
46.63688278198242 -23.40532875061035 0.0016579818911850452
46.492679595947266 -23.40410614013672 0.0016520690405741334
46.34684371948242 -23.402868270874023 0.0016465758671984076
46.19905090332031 -23.401615142822266 0.0016405486967414618
46.0504150390625 -23.400354385375977 0.0016422271728515625
45.90256881713867 -23.39902687072754 0.0016395950224250555
45.75657653808594 -23.397777557373047 0.001660308800637722
45.61283493041992 -23.396564483642578 0.0016798782162368298
45.47172164916992 -23.395376205444336 0.0016977309715002775
45.33325958251953 -23.39420509338379 0.0017122267745435238
45.19758224487305 -23.393056869506836 0.001723441993817687
45.06458282470703 -23.39193344116211 0.0017323303036391735
44.93434524536133 -23.390832901000977 0.0017393493326380849
44.80671310424805 -23.389755249023438 0.0017438506474718451
44.681766510009766 -23.388700485229492 0.0017472457839176059
44.55933380126953 -23.38766860961914 0.0017491531325504184
44.43948745727539 -23.38665771484375 0.001750411931425333
44.322044372558594 -23.385665893554688 0.0017505645519122481
44.20708465576172 -23.38469696044922 0.001750678988173604
44.095848083496094 -23.38161849975586 0.0017653274117037654
43.98863220214844 -23.37572479248047 0.0017934417119249701
43.884422302246094 -23.371732711791992 0.0017979430267587304
43.782958984375 -23.36964225769043 0.0017827986739575863
43.683860778808594 -23.367958068847656 0.0017739867325872183
43.586971282958984 -23.366397857666016 0.0017677688738331199
43.491943359375 -23.36488914489746 0.0017606352921575308
43.39863586425781 -23.363414764404297 0.0017534637590870261
43.306724548339844 -23.361963272094727 0.0017454909393563867
43.21610641479492 -23.36053466796875 0.0017382430378347635
43.12647247314453 -23.35911750793457 0.0017305373912677169
43.0377197265625 -23.357717514038086 0.0017240523593500257
42.94955062866211 -23.3563232421875 0.0017172241350635886
42.86185836791992 -23.354936599731445 0.0017111205961555243
42.77436065673828 -23.35355567932129 0.0017045211279764771
42.68556213378906 -23.35215187072754 0.0016904068179428577
42.59527587890625 -23.35072135925293 0.0016782379243522882
42.505126953125 -23.34929656982422 0.0016761779552325606
42.41750717163086 -23.347911834716797 0.0016895293956622481
42.33308410644531 -23.346576690673828 0.0017068481538444757
42.25139236450195 -23.345285415649414 0.0017199325375258923
42.17210388183594 -23.344032287597656 0.001728057861328125
42.09493637084961 -23.34281349182129 0.0017322158673778176
42.01975631713867 -23.34162712097168 0.0017343902727589011
41.94621658325195 -23.34048080444336 0.001731185824610293
41.87413787841797 -23.339338302612305 0.0017279052408412099
41.80321502685547 -23.338212966918945 0.0017240523593500257
41.733280181884766 -23.337106704711914 0.0017197799170389771
41.66404724121094 -23.336008071899414 0.001714744488708675
41.59534454345703 -23.33492088317871 0.0017095947405323386
41.526878356933594 -23.33383560180664 0.0017040251987054944
41.458499908447266 -23.332748413085938 0.0016983413370326161
41.38992691040039 -23.331661224365234 0.0016924286028370261
41.32102966308594 -23.330570220947266 0.0016865921206772327
41.2515754699707 -23.329471588134766 0.0016807174542918801
41.18145751953125 -23.32836151123047 0.0016751480288803577
41.1104736328125 -23.327238082885742 0.0016696929233148694
41.03852462768555 -23.32609748840332 0.0016645812429487705
40.96541976928711 -23.324920654296875 0.0016525649698451161
40.890995025634766 -23.32387924194336 0.0016258620889857411
40.81520080566406 -23.322694778442383 0.0016008758684620261
40.73795700073242 -23.321474075317383 0.0015990829560905695
40.658966064453125 -23.320236206054688 0.0016020964831113815
40.57814025878906 -23.3189697265625 0.0016062926733866334
40.49515151977539 -23.317672729492188 0.0016085815150290728
40.4099006652832 -23.316341400146484 0.0016099929343909025
40.32205581665039 -23.314970016479492 0.0016089630080386996
40.23154830932617 -23.313556671142578 0.0016072845319285989
40.138057708740234 -23.312097549438477 0.0016038893954828382
40.04152297973633 -23.310590744018555 0.0016003799391910434
39.94163131713867 -23.30902862548828 0.0015956878196448088
39.83833694458008 -23.307416915893555 0.0015914153773337603
39.73133850097656 -23.305744171142578 0.0015859984559938312
39.620582580566406 -23.30401039123535 0.0015812682686373591
39.50577926635742 -23.302215576171875 0.0015757750952616334
39.38687515258789 -23.300357818603516 0.001570968539454043
39.26359176635742 -23.298431396484375 0.0015653609298169613
39.1358642578125 -23.296438217163086 0.0015605544904246926
39.00342559814453 -23.29436683654785 0.0015554046258330345
38.866207122802734 -23.292158126831055 0.0015335845528170466
38.72395324707031 -23.289920806884766 0.0015290450537577271
38.57659912109375 -23.287622451782227 0.001526794396340847
38.42388916015625 -23.285245895385742 0.0015242004301398993
38.26576614379883 -23.28278350830078 0.0015221404610201716
38.10197067260742 -23.28023338317871 0.0015192412538453937
37.93243408203125 -23.277597427368164 0.001516380230896175
37.756866455078125 -23.275157928466797 0.0014153671218082309
37.57527160644531 -23.2723388671875 0.0013933181762695312
37.38737106323242 -23.269378662109375 0.001399307162500918
37.19305419921875 -23.266313552856445 0.0014139175182208419
36.99217987060547 -23.263141632080078 0.0014286041259765625
36.784698486328125 -23.25986671447754 0.0014416122576221824
36.57133865356445 -23.252763748168945 0.0014625549083575606
36.355491638183594 -23.23971939086914 0.0015261840308085084
36.14017868041992 -23.22389030456543 0.001599540701135993
35.926876068115234 -23.211132049560547 0.0016455077566206455
35.716552734375 -23.2018985748291 0.001657409593462944
35.5098991394043 -23.193668365478516 0.0016815185081213713
35.307132720947266 -23.185836791992188 0.0017094421200454235
35.10843276977539 -23.17823028564453 0.001732788048684597
34.91372299194336 -23.17079734802246 0.0017497253138571978
34.723018646240234 -23.163524627685547 0.0017619323916733265
34.53618621826172 -23.15640640258789 0.00177001953125
34.35334396362305 -23.14943504333496 0.0017762755742296576
34.17430114746094 -23.14261245727539 0.0017796707106754184
33.99893569946289 -23.13592529296875 0.0017813491867855191
33.82695007324219 -23.12936782836914 0.0017812347505241632
33.658199310302734 -23.12293243408203 0.0017797851469367743
33.49237823486328 -23.116607666015625 0.0017766188830137253
33.329345703125 -23.110389709472656 0.0017730712424963713
33.16878890991211 -23.10426902770996 0.0017682266188785434
33.01057434082031 -23.098236083984375 0.0017633438110351562
32.85438537597656 -23.09227752685547 0.0017575453966856003
32.70010757446289 -23.086395263671875 0.0017520522233098745
32.547420501708984 -23.080577850341797 0.0017454909393563867
32.39621353149414 -23.074813842773438 0.001739883329719305
32.24617385864258 -23.069091796875 0.0017338179750368
32.09718704223633 -23.063411712646484 0.0017280196771025658
31.94895362854004 -23.057764053344727 0.0017214202089235187
31.80136489868164 -23.052135467529297 0.0017157745314761996
31.65411376953125 -23.046520233154297 0.0017094421200454235
31.507097244262695 -23.040912628173828 0.0017035292694345117
31.360021591186523 -23.035303115844727 0.001697273226454854
31.212779998779297 -23.02968978881836 0.0016913985600695014
31.065082550048828 -23.02405548095703 0.0016850661486387253
30.916826248168945 -23.018400192260742 0.0016795349074527621
30.767719268798828 -23.012714385986328 0.0016733931843191385
30.617666244506836 -23.006994247436523 0.0016677093226462603
30.46671485900879 -22.998414993286133 0.001672287005931139
30.315048217773438 -22.98565673828125 0.001695175189524889
30.1619873046875 -22.97104835510254 0.0017099761171266437
30.00702476501465 -22.95915412902832 0.0016980362124741077
29.851287841796875 -22.949935913085938 0.0016740035498514771
29.696632385253906 -22.941356658935547 0.0016773605020716786
29.543893814086914 -22.933021545410156 0.0016903304494917393
29.3936767578125 -22.92486000061035 0.0017050170572474599
29.246116638183594 -22.916852951049805 0.001717796316370368
29.1014461517334 -22.90900421142578 0.0017285918584093451
28.95958709716797 -22.901308059692383 0.001736717182211578
28.820640563964844 -22.893768310546875 0.0017432402819395065
28.684471130371094 -22.886383056640625 0.0017474364722147584
28.551143646240234 -22.879146575927734 0.001750946044921875
28.420501708984375 -22.87206268310547 0.0017527389572933316
28.292604446411133 -22.865121841430664 0.0017542648129165173
28.16729164123535 -22.85832405090332 0.0017544555012136698
28.04461097717285 -22.851667404174805 0.0017548751784488559
27.92441177368164 -22.84514617919922 0.001753959571942687
27.80674171447754 -22.838764190673828 0.0017536926316097379
27.691452026367188 -22.83250617980957 0.0017525863368064165
27.578590393066406 -22.826385498046875 0.001751861535012722
27.468008041381836 -22.820383071899414 0.0017506027361378074
27.359760284423828 -22.81450653076172 0.0017496871296316385
27.25369644165039 -22.80875015258789 0.0017481230897828937
27.149864196777344 -22.803117752075195 0.0017472457839176059
27.048131942749023 -22.797597885131836 0.0017455673078075051
26.94855499267578 -22.79219627380371 0.0017446517013013363
26.85097312927246 -22.786901473999023 0.001743049593642354
26.75727081298828 -22.779987335205078 0.0017580031417310238
26.66752815246582 -22.770891189575195 0.0017833709716796875
26.58094596862793 -22.761383056640625 0.0017983627039939165
26.49696159362793 -22.751678466796875 0.0017996215028688312
26.41526985168457 -22.74195098876953 0.0017933272756636143
26.33553695678711 -22.732147216796875 0.0017828750424087048
26.258100509643555 -22.720869064331055 0.001779746962711215
26.182811737060547 -22.707555770874023 0.0017848204588517547
26.10898208618164 -22.6937255859375 0.0017840194050222635
26.0362548828125 -22.679513931274414 0.0017756271408870816
25.96384620666504 -22.6679630279541 0.0017514037899672985
25.889955520629883 -22.65998649597168 0.0017316436860710382
25.81448745727539 -22.652545928955078 0.0017222976312041283
25.73882484436035 -22.645170211791992 0.0017161560244858265
25.66384506225586 -22.63787269592285 0.001708183204755187
25.58984375 -22.630680084228516 0.0017030334565788507
25.51712989807129 -22.623607635498047 0.0017019271617755294
25.445709228515625 -22.616657257080078 0.0017036056378856301
25.375717163085938 -22.609848022460938 0.0017064666608348489
25.307071685791016 -22.603168487548828 0.0017086791340261698
25.2398681640625 -22.596628189086914 0.0017110061598941684
25.17398452758789 -22.590219497680664 0.0017123413272202015
25.109500885009766 -22.58394432067871 0.0017139434348791838
25.046295166015625 -22.577795028686523 0.0017145538004115224
24.984437942504883 -22.571779251098633 0.0017152404179796576
24.92380714416504 -22.56587791442871 0.001715011545456946
24.86448097229004 -22.56010627746582 0.0017152786022052169
24.80632972717285 -22.554452896118164 0.0017147826729342341
24.749425888061523 -22.54891014099121 0.001714744488708675
24.693641662597656 -22.54348373413086 0.0017141341231763363
24.63934326171875 -22.536664962768555 0.0017198561690747738
24.588008880615234 -22.528905868530273 0.0017393875168636441
24.539569854736328 -22.521398544311523 0.0017528152093291283
24.49340057373047 -22.514074325561523 0.0017565536545589566
24.449174880981445 -22.506994247436523 0.0017541121924296021
24.40653419494629 -22.50004005432129 0.0017483901465311646
24.365549087524414 -22.492469787597656 0.0017456435598433018
24.326086044311523 -22.48394775390625 0.0017480086535215378
24.287389755249023 -22.475360870361328 0.0017444228287786245
24.249208450317383 -22.466638565063477 0.0017359923804178834
24.211410522460938 -22.457910537719727 0.001726074144244194
24.172048568725586 -22.447589874267578 0.001710815355181694
24.131399154663086 -22.435842514038086 0.0017035292694345117
24.09019660949707 -22.423585891723633 0.0016991805750876665
24.049123764038086 -22.411203384399414 0.001697540283203125
24.0075626373291 -22.400985717773438 0.0016878891037777066
23.965848922729492 -22.3945255279541 0.0016985320253297687
23.924720764160156 -22.388551712036133 0.001712112338282168
23.884401321411133 -22.38271713256836 0.0017182540614157915
23.844799041748047 -22.376996994018555 0.001717643695883453
23.806039810180664 -22.371395111083984 0.0017150497296825051
23.76799964904785 -22.36590003967285 0.001711196848191321
23.730791091918945 -22.360525131225586 0.0017079925164580345
23.694284439086914 -22.35525131225586 0.0017053603660315275
23.658580780029297 -22.3500919342041 0.0017037582583725452
23.623552322387695 -22.345027923583984 0.0017018509097397327
23.589303970336914 -22.3400821685791 0.0016998290084302425
23.557228088378906 -22.335445404052734 0.0017074965871870518
23.52737045288086 -22.33112907409668 0.0017152023501694202
23.499061584472656 -22.327037811279297 0.0017185211181640625
23.471858978271484 -22.32307243347168 0.0017161560244858265
23.44655418395996 -22.319433212280273 0.0017207717755809426
23.42160415649414 -22.31584930419922 0.001715164165943861
23.398210525512695 -22.31245994567871 0.0017156600952148438
23.374025344848633 -22.308969497680664 0.0017041778191924095
23.350542068481445 -22.305578231811523 0.0017010116716846824
23.326425552368164 -22.302087783813477 0.0016929625999182463
23.30237579345703 -22.298566818237305 0.0016887664096429944
23.277313232421875 -22.294891357421875 0.0016786956693977118
23.252260208129883 -22.29129981994629 0.001675834646448493
23.226285934448242 -22.287588119506836 0.0016716384561732411
23.20054054260254 -22.28389549255371 0.0016735076205804944
23.173742294311523 -22.280040740966797 0.001667938195168972
23.145912170410156 -22.276037216186523 0.0016628265148028731
23.117223739624023 -22.27184295654297 0.0016585540724918246
23.086530685424805 -22.267480850219727 0.0016516494797542691
23.054365158081055 -22.262882232666016 0.0016465758671984076
23.019704818725586 -22.257892608642578 0.0016367339994758368
22.983783721923828 -22.25259017944336 0.0016355132684111595
22.944860458374023 -22.24690818786621 0.0016262053977698088
22.904077529907227 -22.241056442260742 0.001623458811081946
22.860864639282227 -22.23484230041504 0.0016194914933294058
22.81534194946289 -22.228281021118164 0.0017673491965979338
22.76618766784668 -22.22114372253418 0.0015360260149464011
22.71495819091797 -22.21370506286621 0.0014686202630400658
22.65994644165039 -22.205753326416016 0.0014601134462282062
22.60188102722168 -22.197364807128906 0.0014752577990293503
22.540624618530273 -22.18851089477539 0.001496543874964118
22.476058959960938 -22.17908477783203 0.0015151596162468195
22.407039642333984 -22.16912841796875 0.0015248488634824753
22.33437156677246 -22.158658981323242 0.0015365981962531805
22.256742477416992 -22.147478103637695 0.0015382003039121628
22.175260543823242 -22.135738372802734 0.0015436554094776511
22.088613510131836 -22.123258590698242 0.0015412139473482966
21.99782943725586 -22.11018180847168 0.0015427779871970415
21.903173446655273 -22.09654998779297 0.0015484618488699198
21.807453155517578 -22.082763671875 0.0015669631538912654
21.71190643310547 -22.069000244140625 0.0015917968703433871
21.617406845092773 -22.055389404296875 0.0016184233827516437
21.52425193786621 -22.041973114013672 0.0016423416091129184
21.43277359008789 -22.028791427612305 0.0016631316393613815
21.342958450317383 -22.015853881835938 0.001679496723227203
21.254955291748047 -22.003177642822266 0.0016927337273955345
21.16866111755371 -21.99074935913086 0.0017021942185238004
21.084169387817383 -21.97857666015625 0.001709632808342576
21.001352310180664 -21.966642379760742 0.0017147064208984375
20.920284271240234 -21.954965591430664 0.001718711806461215
20.840837478637695 -21.943517684936523 0.0017209624638780951
20.76494789123535 -21.932586669921875 0.0017332457937300205
20.69260025024414 -21.922164916992188 0.0017444610130041838
20.623291015625 -21.912179946899414 0.0017510985489934683
20.55647087097168 -21.902551651000977 0.0017524337163195014
20.491832733154297 -21.893239974975586 0.0017512511694803834
20.428958892822266 -21.88418197631836 0.0017472838517278433
20.36758804321289 -21.875343322753906 0.001741867046803236
20.307342529296875 -21.86666488647461 0.0017350768903270364
20.24774932861328 -21.85807991027832 0.0017261505126953125
20.188236236572266 -21.84950828552246 0.0017161560244858265
20.128814697265625 -21.840946197509766 0.0017072295304387808
20.068281173706055 -21.83222770690918 0.0016935347812250257
20.006189346313477 -21.823284149169922 0.0016805266495794058
19.94373321533203 -21.814289093017578 0.0016751860966905951
19.881729125976562 -21.80535888671875 0.00167675013653934
19.820459365844727 -21.796533584594727 0.0016811370151117444
19.760225296020508 -21.78785514831543 0.0016871643019840121
19.701038360595703 -21.779327392578125 0.0016906356904655695
19.64306640625 -21.770973205566406 0.001701087923720479
19.58618927001953 -21.762781143188477 0.001706619281321764
19.530012130737305 -21.754741668701172 0.0018351363250985742
19.47492790222168 -21.74675941467285 0.0016706085298210382
19.421077728271484 -21.738994598388672 0.0016198349185287952
19.368303298950195 -21.73139190673828 0.0016153716715052724
19.31667709350586 -21.723957061767578 0.0016275787493214011
19.26606559753418 -21.7166690826416 0.0016431426629424095
19.216535568237305 -21.709537506103516 0.0016575622139498591
19.167953491210938 -21.702543258666992 0.0016702270368114114
19.12041664123535 -21.695697784423828 0.0016804503975436091
19.073795318603516 -21.68898582458496 0.0016875076107680798
19.028186798095703 -21.682416915893555 0.0016932296566665173
18.98345947265625 -21.67597770690918 0.0016966628609225154
18.939708709716797 -21.669677734375 0.001699485699646175
18.896799087524414 -21.66349983215332 0.0017009734874591231
18.85483169555664 -21.657455444335938 0.0017023467225953937
18.81366729736328 -21.651527404785156 0.0017027663998305798
18.773406982421875 -21.645727157592773 0.001703185960650444
18.733919143676758 -21.64004135131836 0.0017026900313794613
18.69529914855957 -21.63448143005371 0.0017028808360919356
18.65741729736328 -21.6290283203125 0.0017023467225953937
18.62036895751953 -21.623693466186523 0.001702384906820953
18.585588455200195 -21.618688583374023 0.0017103576101362705
18.553104400634766 -21.6140079498291 0.0017178725684061646
18.522289276123047 -21.60956573486328 0.001721343956887722
18.492727279663086 -21.60533905029297 0.0017199707217514515
18.46442985534668 -21.601364135742188 0.00172080984339118
18.436908721923828 -21.597612380981445 0.0017169570783153176
18.41119956970215 -21.594011306762695 0.001719741732813418
18.38517951965332 -21.59032440185547 0.0017094803042709827
18.359861373901367 -21.586660385131836 0.0017054748022928834
18.33435821533203 -21.582904815673828 0.0016982269007712603
18.309486389160156 -21.579235076904297 0.0016974639147520065
18.283090591430664 -21.575347900390625 0.0016850661486387253
18.256040573120117 -21.571393966674805 0.0016772460658103228
18.227970123291016 -21.567407608032227 0.0016693496145308018
18.200138092041016 -21.563505172729492 0.0016707610338926315
18.171770095825195 -21.559391021728516 0.0016672133933752775
18.142635345458984 -21.555233001708984 0.0016659545945003629
18.111379623413086 -21.550739288330078 0.0016556930495426059
18.078733444213867 -21.5460147857666 0.001650581369176507
18.043441772460938 -21.54096794128418 0.001639785710722208
18.00620460510254 -21.535587310791016 0.001634788466617465
17.9667911529541 -21.529888153076172 0.0016294479137286544
17.92561149597168 -21.52396011352539 0.0016265868907794356
17.88205909729004 -21.517711639404297 0.0016215132782235742
17.836727142333984 -21.51117706298828 0.0016222380800172687
17.78830337524414 -21.504255294799805 0.0016146850539371371
17.738340377807617 -21.497028350830078 0.0016162109095603228
17.685155868530273 -21.489238739013672 0.0016103744274005294
17.630199432373047 -21.481428146362305 0.001611633226275444
17.571455001831055 -21.473068237304688 0.0016033934662118554
17.509302139282227 -21.464111328125 0.001595993060618639
17.443119049072266 -21.454538345336914 0.0015888214111328125
17.375028610229492 -21.444686889648438 0.0015930174849927425
17.306570053100586 -21.43478775024414 0.0016071319114416838
17.23843765258789 -21.424930572509766 0.001624526921659708
17.171188354492188 -21.415206909179688 0.0016427993541583419
17.10495376586914 -21.405624389648438 0.0016640472458675504
17.03995132446289 -21.39622688293457 0.0016783904284238815
16.97776985168457 -21.387231826782227 0.0016971969744190574
16.91867446899414 -21.37868309020996 0.0017140196869149804
16.86203384399414 -21.370492935180664 0.0017243194160982966
16.807435989379883 -21.362592697143555 0.0017292022239416838
16.754505157470703 -21.354936599731445 0.001729888841509819
16.70294761657715 -21.347476959228516 0.0017279052408412099
16.652482986450195 -21.340177536010742 0.0017245101043954492
16.602859497070312 -21.33300018310547 0.0017196654807776213
16.5538272857666 -21.325904846191406 0.0017140578711405396
16.505155563354492 -21.318866729736328 0.0017079543322324753
16.45661163330078 -21.311847686767578 0.0017019271617755294
16.407976150512695 -21.304811477661133 0.0016953276935964823
16.359067916870117 -21.297731399536133 0.0016890334663912654
16.30970573425293 -21.290605545043945 0.0016830825479701161
16.258691787719727 -21.28322982788086 0.0016714477678760886
16.205686569213867 -21.27556037902832 0.001660842914134264
16.151988983154297 -21.26779556274414 0.001657676650211215
16.09847068786621 -21.260055541992188 0.0016614150954410434
16.04544448852539 -21.252384185791016 0.0016677475068718195
15.993250846862793 -21.244836807250977 0.0016752624651417136
15.94189739227295 -21.237409591674805 0.001682014437392354
15.891555786132812 -21.23012924194336 0.0016882324125617743
15.842138290405273 -21.222980499267578 0.0016926574753597379
15.793758392333984 -21.215984344482422 0.0016967010451480746
15.748018264770508 -21.209362030029297 0.0017084120772778988
15.704944610595703 -21.203134536743164 0.0017192839877679944
15.663918495178223 -21.19719696044922 0.0017252349061891437
15.62462043762207 -21.191524505615234 0.0017270278185606003
15.586705207824707 -21.186059951782227 0.0017261123284697533
15.550063133239746 -21.18071174621582 0.001723823486827314
15.514850616455078 -21.17563247680664 0.0017240905435755849
15.479724884033203 -21.17054557800293 0.0017150497296825051
15.445207595825195 -21.165552139282227 0.0017102049896493554
15.410566329956055 -21.16054344177246 0.0017019271617755294
15.3759183883667 -21.155527114868164 0.0016954040620476007
15.34121322631836 -21.150455474853516 0.0016895293956622481
15.307150840759277 -21.145511627197266 0.0016900633927434683
15.27180290222168 -21.14033317565918 0.0016806030180305243
15.23643970489502 -21.13513946533203 0.0016782379243522882
15.1993408203125 -21.129711151123047 0.0016680908156558871
15.160378456115723 -21.124074935913086 0.0016556930495426059
15.11829948425293 -21.118053436279297 0.0016430664109066129
15.075031280517578 -21.1118106842041 0.001640052767470479
15.031574249267578 -21.105609893798828 0.001644782954826951
14.98838996887207 -21.099369049072266 0.0016530608991160989
14.945724487304688 -21.09328269958496 0.001661758404225111
14.903749465942383 -21.08721351623535 0.0016706085298210382
14.862513542175293 -21.081336975097656 0.0016781615559011698
14.823359489440918 -21.075634002685547 0.0016906356904655695
14.78630256652832 -21.070402145385742 0.0017017745412886143
14.750991821289062 -21.06521987915039 0.0017088699387386441
14.717097282409668 -21.060426712036133 0.0017133712535724044
14.684319496154785 -21.055673599243164 0.001713828998617828
14.652558326721191 -21.051183700561523 0.0017128371400758624
14.621841430664062 -21.04668617248535 0.0017115783412009478
14.591851234436035 -21.042482376098633 0.0017095183720812201
14.562150955200195 -21.038185119628906 0.001704635564237833
14.532694816589355 -21.03396987915039 0.0016991805750876665
14.503288269042969 -21.029741287231445 0.0016939162742346525
14.473101615905762 -21.02541732788086 0.0016863631317391992
14.442985534667969 -21.021059036254883 0.0016825103666633368
14.412790298461914 -21.016769409179688 0.0016812514513731003
14.380999565124512 -21.012252807617188 0.0016707610338926315
14.349087715148926 -21.00762176513672 0.0016698073595762253
14.315277099609375 -21.00271987915039 0.0016601943643763661
14.280932426452637 -20.997718811035156 0.0016586303245276213
14.244439125061035 -20.992395401000977 0.0016497421311214566
14.206981658935547 -20.986963272094727 0.0016485214000567794
14.16738510131836 -20.98137664794922 0.0016417312435805798
14.12692642211914 -20.975622177124023 0.0016423796769231558
14.08385181427002 -20.96947479248047 0.0016344833420589566
14.039359092712402 -20.963115692138672 0.001633338863030076
13.991735458374023 -20.956295013427734 0.0016234969953075051
13.942191123962402 -20.949199676513672 0.0016212844057008624
13.889129638671875 -20.94159698486328 0.0016114807222038507
13.833760261535645 -20.933664321899414 0.0016093063168227673
13.774327278137207 -20.925153732299805 0.0015985870268195868
13.711085319519043 -20.916095733642578 0.0015884781023487449
13.644539833068848 -20.906558990478516 0.001584281912073493
13.574398040771484 -20.896512985229492 0.001580734271556139
13.501057624816895 -20.886005401611328 0.0015803527785465121
13.424910545349121 -20.875097274780273 0.0015831374330446124
13.345964431762695 -20.863786697387695 0.0015855407109484076
13.26368236541748 -20.852001190185547 0.0015848540933802724
13.177468299865723 -20.83965301513672 0.0015801619738340378
13.087132453918457 -20.82671356201172 0.0015745925484225154
12.99228286743164 -20.813129425048828 0.0015671920264139771
12.892831802368164 -20.798885345458984 0.0015609359834343195
12.788448333740234 -20.783931732177734 0.0015538787702098489
12.67907428741455 -20.768266677856445 0.0015476607950404286
12.564412117004395 -20.75183868408203 0.0015412521315738559
12.444415092468262 -20.734647750854492 0.0015353774651885033
12.319043159484863 -20.716686248779297 0.001530609093606472
12.189395904541016 -20.69811248779297 0.0015339278616011143
12.058215141296387 -20.6793212890625 0.0015520858578383923
11.927454948425293 -20.660587310791016 0.0015808105235919356
11.798019409179688 -20.642045974731445 0.0016114807222038507
11.670573234558105 -20.62378692626953 0.0016411208780482411
11.545293807983398 -20.605838775634766 0.0016659164102748036
11.42242431640625 -20.588237762451172 0.0016868972452357411
11.301907539367676 -20.57097625732422 0.0017024993430823088
11.183860778808594 -20.554061889648438 0.0017150497296825051
11.068155288696289 -20.537487030029297 0.0017237472347915173
10.954865455627441 -20.521259307861328 0.0017307280795648694
10.843852043151855 -20.505353927612305 0.0017350387061014771
10.735173225402832 -20.489788055419922 0.0017384719103574753
10.628680229187012 -20.474531173706055 0.0017400359502062201
10.524435043334961 -20.459598541259766 0.0017415618058294058
10.423646926879883 -20.445159912109375 0.0017493820050731301
10.326507568359375 -20.431243896484375 0.0017572020879015326
10.23237133026123 -20.41775894165039 0.0017605972243472934
10.140938758850098 -20.404659271240234 0.0017612456576898694
10.05177116394043 -20.391887664794922 0.001758308382704854
9.964688301086426 -20.379411697387695 0.0017545318696647882
9.877336502075195 -20.366897583007812 0.001738319406285882
9.790067672729492 -20.35439682006836 0.0017250824021175504
9.703556060791016 -20.342004776000977 0.0017174530075863004
9.61833381652832 -20.329795837402344 0.0017156981630250812
9.534512519836426 -20.317787170410156 0.0017155074747279286
9.45230484008789 -20.306011199951172 0.0017175674438476562
9.371648788452148 -20.294456481933594 0.0017189024947583675
9.292656898498535 -20.283140182495117 0.0017209624638780951
9.215215682983398 -20.27204704284668 0.0017219161381945014
9.139408111572266 -20.261186599731445 0.0017230224329978228
9.065104484558105 -20.25054359436035 0.0017232131212949753
8.99238109588623 -20.24012565612793 0.0017235946143046021
8.920992851257324 -20.231800079345703 0.0017310333205386996
8.85106086730957 -20.225526809692383 0.0017464827978983521
8.784144401550293 -20.219877243041992 0.0017619323916733265
8.720505714416504 -20.21465492248535 0.001770400907844305
8.659456253051758 -20.209850311279297 0.0017705154605209827
8.59876537322998 -20.20298957824707 0.001748962327837944
8.538004875183105 -20.195125579833984 0.0017353057628497481
8.477790832519531 -20.187267303466797 0.0017275619320571423
8.418338775634766 -20.17949867248535 0.0017219543224200606
8.359930038452148 -20.171863555908203 0.001718444749712944
8.302544593811035 -20.16436195373535 0.0017156600952148438
8.246322631835938 -20.157014846801758 0.0017141341231763363
8.191169738769531 -20.149805068969727 0.001712532015517354
8.137185096740723 -20.142749786376953 0.0017119598342105746
8.084249496459961 -20.13582992553711 0.0017110442277044058
8.032453536987305 -20.12906265258789 0.001710815355181694
7.981668472290039 -20.12242317199707 0.0017100524855777621
7.931965351104736 -20.115928649902344 0.0017095565563067794
7.883214473724365 -20.109556198120117 0.0017087555024772882
7.835512638092041 -20.103322982788086 0.0017086028819903731
7.788731575012207 -20.097209930419922 0.0017076873918995261
7.744324207305908 -20.091405868530273 0.0017153167864307761
7.7024970054626465 -20.085939407348633 0.0017233275575563312
7.662848949432373 -20.080760955810547 0.001728706294670701
7.624780654907227 -20.075809478759766 0.0017290496034547687
7.5880608558654785 -20.07097816467285 0.0017267226940020919
7.552714824676514 -20.066349029541016 0.0017252349061891437
7.518141746520996 -20.061840057373047 0.0017199325375258923
7.484257221221924 -20.057415008544922 0.0017145156161859632
7.450908184051514 -20.053054809570312 0.001709747244603932
7.417622089385986 -20.048702239990234 0.0017040633829310536
7.38410758972168 -20.04432487487793 0.0016963195521384478
7.350347518920898 -20.039907455444336 0.0016893385909497738
7.3166375160217285 -20.035491943359375 0.0016851425170898438
7.283019065856934 -20.03108787536621 0.001683464040979743
7.247363090515137 -20.02642822265625 0.0016712951473891735
7.211439609527588 -20.021738052368164 0.0016688918694853783
7.173747539520264 -20.016855239868164 0.001660156180150807
7.135595321655273 -20.011934280395508 0.0016590118175372481
7.095351219177246 -20.006717681884766 0.0016509246779605746
7.054016590118408 -20.00124168395996 0.0016461943741887808
7.00972318649292 -19.99667739868164 0.0016402053879573941
6.962529182434082 -19.993032455444336 0.001641235314309597
6.914144515991211 -19.98761558532715 0.001639633090235293
6.86561393737793 -19.981456756591797 0.0016420745523646474
6.817298889160156 -19.97528648376465 0.0016511535504832864
6.769618988037109 -19.96919059753418 0.0016617202199995518
6.722628593444824 -19.963184356689453 0.0016707992181181908
6.677901268005371 -19.957468032836914 0.0016866301884874701
6.635723114013672 -19.95207405090332 0.0017015074845403433
6.595712184906006 -19.946958541870117 0.0017119216499850154
6.557356357574463 -19.942039489746094 0.0017168426420539618
6.520380020141602 -19.937339782714844 0.001718444749712944
6.484786033630371 -19.93280792236328 0.0017192077357321978
6.4498796463012695 -19.92827796936035 0.0017152786022052169
6.416379928588867 -19.923974990844727 0.0017156981630250812
6.382695198059082 -19.919675827026367 0.0017065047286450863
6.350197792053223 -19.915494918823242 0.0017065429128706455
6.3169474601745605 -19.911211013793945 0.0016966246766969562
6.28434419631958 -19.906991958618164 0.001694908132776618
6.250514984130859 -19.902624130249023 0.0016843413468450308
6.216888427734375 -19.898273468017578 0.001682281494140625
6.181692600250244 -19.893733978271484 0.0016720580169931054
6.1463236808776855 -19.8891658782959 0.001670150668360293
6.10906457901001 -19.884382247924805 0.0016604994889348745
6.071228981018066 -19.87969970703125 0.001658706576563418
6.030842304229736 -19.87459373474121 0.0016477203462272882
5.9889044761657715 -19.869277954101562 0.0016418456798419356
5.9458465576171875 -19.863815307617188 0.0016422271728515625
5.900862216949463 -19.85813331604004 0.0016372299287468195
5.854861259460449 -19.852340698242188 0.0016389464726671576
5.806053161621094 -19.8461856842041 0.001630706712603569
5.75560188293457 -19.839824676513672 0.0016289901686832309
5.701201438903809 -19.8328800201416 0.0016049194382503629
5.644659519195557 -19.825735092163086 0.0015646362444385886
5.585324764251709 -19.81826400756836 0.001554031390696764
5.523759841918945 -19.810466766357422 0.0015579985920339823
5.459671974182129 -19.802278518676758 0.0015660094795748591
5.392294406890869 -19.793725967407227 0.0015699004288762808
5.321967124938965 -19.786306381225586 0.0015806579031050205
5.247498035430908 -19.780595779418945 0.0015933989780023694
5.1691741943359375 -19.775110244750977 0.0016018295427784324
5.086587905883789 -19.76970863342285 0.0016010283725336194
4.999969482421875 -19.764331817626953 0.001596908550709486
4.908828258514404 -19.75916862487793 0.0015921401791274548
4.816357135772705 -19.75128173828125 0.0015921019949018955
4.723982810974121 -19.741836547851562 0.001609268132597208
4.632447242736816 -19.732208251953125 0.0016340636648237705
4.542180061340332 -19.722753524780273 0.0016561889788135886
4.453437805175781 -19.713380813598633 0.0016736602410674095
4.366325378417969 -19.70425033569336 0.0016870498657226562
4.28090763092041 -19.695226669311523 0.0016973876627162099
4.198957920074463 -19.686668395996094 0.0017147064208984375
4.120634078979492 -19.678354263305664 0.0017304992070421576
4.045327663421631 -19.670495986938477 0.0017404936952516437
3.9726247787475586 -19.662771224975586 0.0017454909393563867
3.9021315574645996 -19.655420303344727 0.001745948800817132
3.83355975151062 -19.648130416870117 0.001744079519994557
3.766592025756836 -19.641149520874023 0.0017400359502062201
3.6983909606933594 -19.633934020996094 0.0017213057726621628
3.62924861907959 -19.626691818237305 0.0017048263689503074
3.5602176189422607 -19.619380950927734 0.001696739112958312
3.4918606281280518 -19.612220764160156 0.0016949462005868554
3.424506664276123 -19.605087280273438 0.0016969299176707864
3.358302593231201 -19.598148345947266 0.0017000579973682761
3.2933425903320312 -19.59126853942871 0.0017031478928402066
3.2296414375305176 -19.584596633911133 0.0017057418590411544
3.1672205924987793 -19.577983856201172 0.001708297641016543
3.1077020168304443 -19.57179832458496 0.0017192077357321978
3.0511131286621094 -19.565765380859375 0.0017291640397161245
2.996945381164551 -19.560123443603516 0.0017351913265883923
2.944863796234131 -19.554563522338867 0.0017372893635183573
2.89453125 -19.549327850341797 0.0017362976213917136
2.8456859588623047 -19.544105529785156 0.0017334746662527323
2.79801869392395 -19.539148330688477 0.0017291640397161245
2.751279592514038 -19.534149169921875 0.0017237472347915173
2.7051310539245605 -19.530372619628906 0.0017214965773746371
2.6571977138519287 -19.52775764465332 0.0017141341231763363
2.6077165603637695 -19.525400161743164 0.0017052077455446124
2.557976245880127 -19.521169662475586 0.001691856305114925
2.5085225105285645 -19.51629638671875 0.0016867065569385886
2.459646224975586 -19.511356353759766 0.0016884994693100452
2.411510944366455 -19.506567001342773 0.0016914749285206199
2.3642284870147705 -19.501779556274414 0.001694106962531805
2.3178272247314453 -19.49716567993164 0.0016966246766969562
2.272341012954712 -19.492557525634766 0.001698188716545701
2.227754831314087 -19.48812484741211 0.0016997145721688867
2.1840779781341553 -19.483699798583984 0.001700668246485293
2.141281843185425 -19.479446411132812 0.0017015838529914618
2.1006827354431152 -19.475292205810547 0.0017090606270357966
2.0622637271881104 -19.471521377563477 0.0017158889677375555
2.025637626647949 -19.467737197875977 0.001719894353300333
1.9905495643615723 -19.46428871154785 0.0017218398861587048
1.9569023847579956 -19.460847854614258 0.0017220687586814165
1.9240823984146118 -19.457536697387695 0.0017178725684061646
1.8927416801452637 -19.454294204711914 0.0017182540614157915
1.86168372631073 -19.451154708862305 0.0017127608880400658
1.8316045999526978 -19.448013305664062 0.0017098236130550504
1.8014874458312988 -19.444963455200195 0.0017031097086146474
1.7720894813537598 -19.44186782836914 0.0016986846458166838
1.7420315742492676 -19.43885612487793 0.0016927719116210938
1.7109544277191162 -19.43569564819336 0.0016817855648696423
1.6790772676467896 -19.43257713317871 0.0016997145721688867
1.6471056938171387 -19.429365158081055 0.0016832351684570312
1.6146559715270996 -19.426942825317383 0.001677017193287611
1.5803277492523193 -19.425270080566406 0.0016720962012186646
1.5450571775436401 -19.423715591430664 0.0016715240199118853
1.5076372623443604 -19.422080993652344 0.0016626357100903988
1.4694887399673462 -19.42051887512207 0.0016603850526735187
1.428708791732788 -19.419015884399414 0.0016499710036441684
1.385949730873108 -19.418617248535156 0.0016456603771075606
1.339654564857483 -19.419292449951172 0.001643867464736104
1.2920321226119995 -19.41754150390625 0.001639137277379632
1.2440756559371948 -19.413578033447266 0.0016444778302684426
1.1965512037277222 -19.409570693969727 0.0016703414730727673
1.1495026350021362 -19.405561447143555 0.0016711043426766992
1.1033204793930054 -19.401657104492188 0.0016762923914939165
1.057849645614624 -19.39777374267578 0.0016806030180305243
1.0133695602416992 -19.39400863647461 0.0016857909504324198
0.9696575999259949 -19.39027214050293 0.0016891860868781805
0.9269482493400574 -19.386655807495117 0.0016928099794313312
0.8847649097442627 -19.383052825927734 0.0019008636008948088
0.8434672951698303 -19.379573822021484 0.0018169402610510588
0.8029025197029114 -19.376081466674805 0.001754074008204043
0.7632887363433838 -19.372718811035156 0.0017192839877679944
0.7243878245353699 -19.369384765625 0.0017013167962431908
0.6881082057952881 -19.36716651916504 0.0017068862216547132
0.6534126400947571 -19.365949630737305 0.0017162322765216231
0.620826244354248 -19.365055084228516 0.0017258834559470415
0.588986337184906 -19.364240646362305 0.0017255019629374146
0.5590466260910034 -19.363554000854492 0.0017285537905991077
0.5295503735542297 -19.362869262695312 0.0017229079967364669
0.5011943578720093 -19.362916946411133 0.001721878070384264
0.47323077917099 -19.363683700561523 0.0017206954071298242
0.44651371240615845 -19.364633560180664 0.0017228317447006702
0.42007750272750854 -19.365596771240234 0.001717643695883453
0.3941018581390381 -19.366601943969727 0.0017115401569753885
0.3680846691131592 -19.368072509765625 0.0017054366180673242
0.34122756123542786 -19.370424270629883 0.0017012405442073941
0.3137069344520569 -19.37320327758789 0.0016947173280641437
0.284465491771698 -19.376005172729492 0.0016831588000059128
0.2517135441303253 -19.37733268737793 0.0016599654918536544
0.21764777600765228 -19.3757266998291 0.0016590500017628074
0.18278825283050537 -19.373878479003906 0.0018259810749441385
0.1479410082101822 -19.37201690673828 0.0016807174542918801
0.11344161629676819 -19.370229721069336 0.0016287231119349599
0.07885204255580902 -19.368295669555664 0.001765937777236104
0.04485004395246506 -19.366586685180664 0.0016094589373096824
0.011489295400679111 -19.36477279663086 0.0015625380910933018
-0.0212138369679451 -19.36306381225586 0.0015622329665347934
-0.053248099982738495 -19.361299514770508 0.0015802764100953937
-0.08463118970394135 -19.359657287597656 0.0016031645936891437
-0.11536521464586258 -19.357959747314453 0.001624793978407979
-0.14544951915740967 -19.35731315612793 0.001639900146983564
-0.17526130378246307 -19.357337951660156 0.001898269634693861
-0.2046021968126297 -19.357398986816406 0.001713561941869557
-0.23334330320358276 -19.35744285583496 0.0016387557843700051
-0.2605135142803192 -19.357629776000977 0.001623458811081946
-0.285865843296051 -19.357707977294922 0.0016312026418745518
-0.3097902536392212 -19.358537673950195 0.001647262484766543
-0.3326297998428345 -19.359773635864258 0.0016649627359583974
-0.3544252812862396 -19.36136245727539 0.001750144874677062
-0.3753575384616852 -19.36263656616211 0.0017349624540656805
-0.39551135897636414 -19.364030838012695 0.0017171477666124701
-0.4146113395690918 -19.365724563598633 0.0017092132475227118
-0.4332728981971741 -19.36802864074707 0.0017032241448760033
-0.4514332413673401 -19.370229721069336 0.0017013167962431908
-0.4702516496181488 -19.372644424438477 0.0016943359514698386
-0.48820385336875916 -19.37494659423828 0.001694106962531805
-0.5068875551223755 -19.37738609313965 0.001685562077909708
-0.52657151222229 -19.37889862060547 0.0016748427879065275
-0.548904538154602 -19.378570556640625 0.0016674422658979893
-0.5743242502212524 -19.377946853637695 0.0016596221830695868
-0.6012600064277649 -19.37727928161621 0.0016555404290556908
-0.6287001967430115 -19.3765926361084 0.0016568755963817239
-0.6562606692314148 -19.375904083251953 0.0016600799281150103
-0.6835529804229736 -19.375221252441406 0.00166515342425555
-0.710541844367981 -19.374547958374023 0.0016697692917659879
-0.7370205521583557 -19.373891830444336 0.0016629027668386698
-0.7618130445480347 -19.37325668334961 0.0016681288834661245
-0.7847845554351807 -19.372671127319336 0.0016778564313426614
-0.8067493438720703 -19.37213897705078 0.001685409457422793
-0.8274065852165222 -19.371442794799805 0.0016921996138989925
-0.8467495441436768 -19.370901107788086 0.0016979598440229893
-0.8659973740577698 -19.37002944946289 0.001856307964771986
-0.8831312656402588 -19.36982536315918 0.0017353057628497481
-0.9001749753952026 -19.369518280029297 0.0016740417340770364
-0.9159895181655884 -19.369571685791016 0.0016577529022470117
-0.9322850108146667 -19.370100021362305 0.0016539001371711493
-0.9480875730514526 -19.370656967163086 0.0016602706164121628
-0.9650191068649292 -19.37120819091797 0.0016590118175372481
-0.9820044636726379 -19.371814727783203 0.0016602325486019254
-0.9997953772544861 -19.37232208251953 0.0016542052617296576
-1.0183117389678955 -19.37333869934082 0.0016535568283870816
-1.0379592180252075 -19.37496566772461 0.001766204833984375
-1.060159683227539 -19.376949310302734 0.0017126846360042691
-1.0835517644882202 -19.3790225982666 0.001684913644567132
-1.1086701154708862 -19.381324768066406 0.0016676330706104636
-1.135489583015442 -19.38435173034668 0.001676101703196764
-1.1636627912521362 -19.38814926147461 0.0015963363694027066
-1.1944304704666138 -19.392784118652344 0.0015728758880868554
-1.227391004562378 -19.398006439208984 0.0015735626220703125
-1.2633345127105713 -19.403675079345703 0.0015776442596688867
-1.3026398420333862 -19.41006851196289 0.001583099365234375
-1.3441404104232788 -19.41457748413086 0.0015861510764807463
-1.3865059614181519 -19.415489196777344 0.0015988540835678577
-1.4287948608398438 -19.416032791137695 0.001635818392969668
-1.4706774950027466 -19.416528701782227 0.0016590500017628074
-1.5119602680206299 -19.417024612426758 0.0016732406802475452
-1.5525426864624023 -19.417499542236328 0.0016814422560855746
-1.5923748016357422 -19.41797637939453 0.0016865921206772327
-1.6301476955413818 -19.418434143066406 0.001697120605967939
-1.6657912731170654 -19.418867111206055 0.0017060089157894254
-1.6997300386428833 -19.419231414794922 0.0017116927774623036
-1.7322078943252563 -19.41961097717285 0.001714744488708675
-1.7636669874191284 -19.420000076293945 0.001713981619104743
-1.7941018342971802 -19.42035675048828 0.0017114257207140326
-1.823133945465088 -19.421459197998047 0.0017139052506536245
-1.8514984846115112 -19.42323875427246 0.0017165374010801315
-1.8794023990631104 -19.4251651763916 0.0017155456589534879
-1.9068197011947632 -19.427064895629883 0.0017130279447883368
-1.9340184926986694 -19.429014205932617 0.0017065429128706455
-1.9615086317062378 -19.43096160888672 0.0016976927872747183
-1.9890292882919312 -19.43361473083496 0.0016936111496761441
-2.0175247192382812 -19.43708610534668 0.0016912078717723489
-2.0468578338623047 -19.44100570678711 0.001686859061010182
-2.077944040298462 -19.445119857788086 0.0016773986862972379
-2.110090970993042 -19.449569702148438 0.0016711807111278176
-2.1433656215667725 -19.455018997192383 0.0016680908156558871
-2.177929401397705 -19.461511611938477 0.0016681670676916838
-2.212822198867798 -19.46829605102539 0.0016731261275708675
-2.2502293586730957 -19.475801467895508 0.0016641616821289062
-2.2894504070281982 -19.4837589263916 0.0016589355655014515
-2.3313071727752686 -19.4925537109375 0.0016482925275340676
-2.3738458156585693 -19.502588272094727 0.0016549300635233521
-2.4188590049743652 -19.51468276977539 0.0016549300635233521
-2.4681038856506348 -19.52561378479004 0.0016398620791733265
-2.5200841426849365 -19.53136444091797 0.0016332244267687201
-2.572566509246826 -19.535324096679688 0.0016569518484175205
-2.6248745918273926 -19.53915786743164 0.0016756057739257812
-2.6765289306640625 -19.542926788330078 0.0016868972452357411
-2.727447986602783 -19.546642303466797 0.001692543039098382
-2.7774178981781006 -19.55028533935547 0.0016958998749032617
-2.8265275955200195 -19.55386734008789 0.0017769241239875555
-2.8732433319091797 -19.557279586791992 0.001765670720487833
-2.9173598289489746 -19.560466766357422 0.001990470802411437
-2.9587275981903076 -19.56329345703125 0.001921005197800696
-2.998823404312134 -19.566171646118164 0.0018622588831931353
-3.036482095718384 -19.568819046020508 0.0018248747801408172
-3.0732274055480957 -19.57145118713379 0.001780662452802062
-3.1084749698638916 -19.57470703125 0.001759757986292243
-3.143312931060791 -19.578960418701172 0.0017467498546466231
-3.1771109104156494 -19.583147048950195 0.0017403411911800504
-3.210888624191284 -19.5875301361084 0.0017281722975894809
-3.244513988494873 -19.591819763183594 0.001717376639135182
-3.27856183052063 -19.597158432006836 0.0017075729556381702
-3.312718629837036 -19.603422164916992 0.001971931429579854
-3.3468751907348633 -19.61001205444336 0.0019659805111587048
-3.3823208808898926 -19.617034912109375 0.0019154357723891735
-3.417722702026367 -19.624135971069336 0.0018650054698809981
-3.454897165298462 -19.63166046142578 0.001810531597584486
-3.4923253059387207 -19.6402645111084 0.0017749023390933871
-3.531137704849243 -19.65020751953125 0.0017474364722147584
-3.570904493331909 -19.660816192626953 0.0017270278185606003
-3.6127474308013916 -19.67215919494629 0.0017042540712282062
-3.656031370162964 -19.68411636352539 0.0016893005231395364
-3.700472831726074 -19.697528839111328 0.0016808700747787952
-3.745370388031006 -19.712596893310547 0.001684493967331946
-3.7929022312164307 -19.729110717773438 0.0016767119523137808
-3.842043399810791 -19.746623992919922 0.0016728591872379184
-3.894775629043579 -19.765945434570312 0.0016579055227339268
-3.9505257606506348 -19.786907196044922 0.0016489409608766437
-4.008935928344727 -19.80614471435547 0.0016358947614207864
-4.06960391998291 -19.819108963012695 0.0016436385922133923
-4.130351543426514 -19.829729080200195 0.0016791534144431353
-4.190314292907715 -19.84004020690918 0.0017030715243890882
-4.24937105178833 -19.850170135498047 0.0017132186330854893
-4.30731201171875 -19.860107421875 0.0017162704607471824
-4.364194869995117 -19.86985969543457 0.0017153167864307761
-4.4198994636535645 -19.879409790039062 0.0017138671828433871
-4.4745330810546875 -19.888776779174805 0.0017116545932367444
-4.5280022621154785 -19.897947311401367 0.0017105864826589823
-4.580427169799805 -19.90693473815918 0.0017092132475227118
-4.629748821258545 -19.916433334350586 0.0017164229648187757
-4.676052093505859 -19.926715850830078 0.0017307662637904286
-4.72003173828125 -19.936796188354492 0.0017412184970453382
-4.762164115905762 -19.946640014648438 0.0017441939562559128
-4.802721977233887 -19.956151962280273 0.0017420959193259478
-4.841891765594482 -19.965471267700195 0.0017379759810864925
-4.8799591064453125 -19.975427627563477 0.0017345809610560536
-4.916513442993164 -19.986162185668945 0.0017372131114825606
-4.952896595001221 -19.997047424316406 0.0017323303036391735
-4.988932132720947 -20.00806999206543 0.0017255019629374146
-5.02492094039917 -20.019145965576172 0.0017170715145766735
-5.060985088348389 -20.030391693115234 0.001707000657916069
-5.096557140350342 -20.042308807373047 0.0016576003981754184
-5.131420135498047 -20.05520248413086 0.0016499328194186091
-5.167494773864746 -20.06875991821289 0.0016466903034597635
-5.203825950622559 -20.08270263671875 0.001651077182032168
-5.241921901702881 -20.097463607788086 0.0016486358363181353
-5.282713890075684 -20.110843658447266 0.0016344069736078382
-5.3277268409729 -20.121335983276367 0.0016317367553710938
-5.373780250549316 -20.131675720214844 0.0016453551361337304
-5.420065402984619 -20.14202880859375 0.0016576003981754184
-5.46597146987915 -20.15229606628418 0.001667785574682057
-5.511346340179443 -20.162439346313477 0.0016752624651417136
-5.555933475494385 -20.172409057617188 0.0016813658876344562
-5.5997748374938965 -20.182214736938477 0.0016860580071806908
-5.6427226066589355 -20.191814422607422 0.0016900253249332309
-5.684879779815674 -20.20124053955078 0.0016928863478824496
-5.72613525390625 -20.210464477539062 0.0016953658778220415
-5.766609191894531 -20.219512939453125 0.0016969679854810238
-5.806203365325928 -20.228364944458008 0.0016984175890684128
-5.845042705535889 -20.237049102783203 0.0016991805750876665
-5.882056713104248 -20.245325088500977 0.0017057036748155951
-5.916749000549316 -20.253082275390625 0.0017138671828433871
-5.949432849884033 -20.260387420654297 0.0017200469737872481
-5.980842590332031 -20.26738166809082 0.0017201232258230448
-6.0106401443481445 -20.274885177612305 0.001723060617223382
-6.038738250732422 -20.282814025878906 0.0017299652099609375
-6.066675186157227 -20.2908878326416 0.0017259216401726007
-6.093905925750732 -20.2987003326416 0.0017216490814462304
-6.121188640594482 -20.306638717651367 0.0017143631121143699
-6.148079872131348 -20.314464569091797 0.0017078780801966786
-6.174413204193115 -20.32277488708496 0.001704635564237833
-6.200327396392822 -20.33175277709961 0.0017048263689503074
-6.226818084716797 -20.341075897216797 0.001698303152807057
-6.253771781921387 -20.350709915161133 0.0016919707413762808
-6.281453609466553 -20.360586166381836 0.0016864395001903176
-6.310941219329834 -20.371109008789062 0.0016728972550481558
-6.342831134796143 -20.383596420288086 0.0016625976422801614
-6.376459121704102 -20.395427703857422 0.0016557311173528433
-6.411442756652832 -20.404464721679688 0.001658706576563418
-6.446413516998291 -20.41319465637207 0.0016708754701539874
-6.481025695800781 -20.42182731628418 0.0016799544682726264
-6.515133380889893 -20.430322647094727 0.0016856384463608265
-6.548652648925781 -20.438682556152344 0.0016888045938685536
-6.581551551818848 -20.446874618530273 0.001690826378762722
-6.613807201385498 -20.454917907714844 0.0016919326735660434
-6.645423412322998 -20.462791442871094 0.0016928863478824496
-6.676399230957031 -20.470518112182617 0.0016934967134147882
-6.706748008728027 -20.478073120117188 0.0016939162742346525
-6.735410213470459 -20.485197067260742 0.0017010116716846824
-6.762519359588623 -20.491960525512695 0.0017057418590411544
-6.788025856018066 -20.498332977294922 0.00171092979144305
-6.812507629394531 -20.504446029663086 0.0017120360862463713
-6.836010456085205 -20.51028823852539 0.0017118072137236595
-6.858564376831055 -20.51600456237793 0.0017108917236328125
-6.880569934844971 -20.52144432067871 0.001706619281321764
-6.901392459869385 -20.52668571472168 0.0017067717853933573
-6.92218542098999 -20.531827926635742 0.0017024230910465121
-6.9423980712890625 -20.53692626953125 0.0016980742802843451
-6.9621453285217285 -20.541778564453125 0.0016965102404356003
-6.982054710388184 -20.546730041503906 0.0016923904186114669
-7.002960205078125 -20.551916122436523 0.0016836929135024548
-7.023684978485107 -20.557085037231445 0.001680564833804965
-7.045705318450928 -20.56260871887207 0.0016732787480577826
-7.069160461425781 -20.56855010986328 0.0016635131323710084
-7.093092918395996 -20.574440002441406 0.0016621779650449753
-7.1191630363464355 -20.580907821655273 0.0016515731113031507
-7.145975589752197 -20.587562561035156 0.0016495513264089823
-7.174842834472656 -20.594743728637695 0.001642417861148715
-7.2055559158325195 -20.602453231811523 0.0016372299287468195
-7.238286972045898 -20.610708236694336 0.001631088205613196
-7.273598670959473 -20.619510650634766 0.0016231536865234375
-7.311229705810547 -20.628814697265625 0.0016186904394999146
-7.351541519165039 -20.638916015625 0.001614379812963307
-7.394523620605469 -20.649763107299805 0.0016104888636618853
-7.440303802490234 -20.661231994628906 0.0016048430697992444
-7.4883131980896 -20.673213958740234 0.001632423372939229
-7.539714336395264 -20.686038970947266 0.001582565251737833
-7.593761920928955 -20.699562072753906 0.0015680312644690275
-7.651142597198486 -20.713939666748047 0.0015626525273546576
-7.7117743492126465 -20.72913932800293 0.0015641783829778433
-7.7769775390625 -20.745399475097656 0.0015585707733407617
-7.845729827880859 -20.76253890991211 0.001559677068144083
-7.919349193572998 -20.780893325805664 0.0015538787702098489
-7.997045516967773 -20.79840850830078 0.001559524447657168
-8.08019733428955 -20.81476593017578 0.0015694426838308573
-8.166377067565918 -20.834020614624023 0.0015747451689094305
-8.25353717803955 -20.85501480102539 0.0015810393961146474
-8.340518951416016 -20.876136779785156 0.0016024397918954492
-8.426717758178711 -20.897098541259766 0.0016260147094726562
-8.511622428894043 -20.917749404907227 0.0016480254707857966
-8.595126152038574 -20.93806266784668 0.0016659164102748036
-8.677022933959961 -20.957984924316406 0.0016809081425890326
-8.757375717163086 -20.97753143310547 0.0016921615460887551
-8.836071014404297 -20.996673583984375 0.0017012023599818349
-8.913222312927246 -21.01544189453125 0.00170726771466434
-8.988747596740723 -21.033815383911133 0.001712264958769083
-9.062773704528809 -21.051820755004883 0.0017153930384665728
-9.13522720336914 -21.06944465637207 0.0017179488204419613
-9.206238746643066 -21.08671760559082 0.0017191314836964011
-9.276023864746094 -21.101776123046875 0.001727371127344668
-9.344671249389648 -21.11465835571289 0.001742515480145812
-9.410115242004395 -21.12665557861328 0.001759757986292243
-9.472489356994629 -21.13785171508789 0.001768150250427425
-9.532319068908691 -21.148468017578125 0.0017687225481495261
-9.590102195739746 -21.15852928161621 0.0017636489355936646
-9.64819049835205 -21.167028427124023 0.001753158518113196
-9.706785202026367 -21.17392349243164 0.0017488098237663507
-9.765069961547852 -21.180444717407227 0.0017440032679587603
-9.822442054748535 -21.189653396606445 0.0017269897507503629
-9.878374099731445 -21.201374053955078 0.0017257308354601264
-9.933329582214355 -21.213085174560547 0.0017293548444285989
-9.987184524536133 -21.224578857421875 0.0017298125894740224
-10.040031433105469 -21.23586654663086 0.0017267608782276511
-10.091763496398926 -21.24691390991211 0.001723441993817687
-10.142495155334473 -21.257747650146484 0.0017197036650031805
-10.192146301269531 -21.268354415893555 0.0017167282057926059
-10.240850448608398 -21.278751373291016 0.001713828998617828
-10.288511276245117 -21.288930892944336 0.0017121887067332864
-10.333559036254883 -21.298551559448242 0.0017198561690747738
-10.376078605651855 -21.306711196899414 0.0017282867338508368
-10.41669750213623 -21.31330108642578 0.0017393493326380849
-10.455680847167969 -21.31939125061035 0.001744346576742828
-10.49535846710205 -21.325456619262695 0.001732253935188055
-10.535422325134277 -21.33316421508789 0.001713447505608201
-10.575460433959961 -21.341442108154297 0.0017047119326889515
-10.615092277526855 -21.34966278076172 0.0017018509097397327
-10.654233932495117 -21.3577823638916 0.001699905376881361
-10.692667961120605 -21.36575698852539 0.0016995238838717341
-10.730452537536621 -21.37359046936035 0.0016988753341138363
-10.76745319366455 -21.381263732910156 0.0016991805750876665
-10.803775787353516 -21.388795852661133 0.0016988372663035989
-10.839311599731445 -21.396163940429688 0.0016992568271234632
-10.87417984008789 -21.40339469909668 0.001698989886790514
-10.908281326293945 -21.410472869873047 0.0016991423908621073
-10.941741943359375 -21.41741180419922 0.0016987608978524804
-10.974457740783691 -21.42420196533203 0.001698989886790514
-11.005078315734863 -21.430553436279297 0.0017068481538444757
-11.03390121459961 -21.436532974243164 0.001712112338282168
-11.061380386352539 -21.442228317260742 0.0017142104916274548
-11.087664604187012 -21.44768714904785 0.0017144011799246073
-11.11293888092041 -21.452919006347656 0.0017144393641501665
-11.137351036071777 -21.457977294921875 0.0017119598342105746
-11.161111831665039 -21.46291732788086 0.0017094421200454235
-11.184178352355957 -21.46773910522461 0.0017052841139957309
-11.205873489379883 -21.47230339050293 0.001708183204755187
-11.228314399719238 -21.476964950561523 0.0016992950113490224
-11.251015663146973 -21.48171615600586 0.0016910552512854338
-11.27360725402832 -21.4864444732666 0.001688194228336215
-11.296534538269043 -21.49117088317871 0.0016822051256895065
-11.319658279418945 -21.49605941772461 0.0016804885817691684
-11.344675064086914 -21.50126838684082 0.0016676330706104636
-11.370563507080078 -21.5065860748291 0.0016595458146184683
-11.396693229675293 -21.51204490661621 0.0016617202199995518
-11.425314903259277 -21.517988204956055 0.0016508102416992188
-11.455391883850098 -21.52420425415039 0.0016455077566206455
-11.487645149230957 -21.530864715576172 0.0016379927983507514
-11.521102905273438 -21.537761688232422 0.0016369628719985485
-11.557356834411621 -21.54427719116211 0.0016324996249750257
-11.595237731933594 -21.550323486328125 0.0016363906906917691
-11.635144233703613 -21.55630111694336 0.0016405105125159025
-11.678340911865234 -21.56270980834961 0.0016325759934261441
-11.72518253326416 -21.56953239440918 0.001623077318072319
-11.773395538330078 -21.578332901000977 0.0016184233827516437
-11.821883201599121 -21.587928771972656 0.0016286468598991632
-11.870248794555664 -21.597543716430664 0.0016424560453742743
-11.918035507202148 -21.60704803466797 0.0016557311173528433
-11.965161323547363 -21.61642074584961 0.0016665649600327015
-12.011414527893066 -21.625619888305664 0.001675682025961578
-12.056859016418457 -21.634660720825195 0.0016823195619508624
-12.101362228393555 -21.643512725830078 0.0016880416078493
-12.145033836364746 -21.652198791503906 0.001691856305114925
-12.187767028808594 -21.66069793701172 0.0016952514415606856
-12.22968578338623 -21.669034957885742 0.0016971587901934981
-12.270832061767578 -21.67597770690918 0.0017026900313794613
-12.311285972595215 -21.681758880615234 0.0017120742704719305
-12.349837303161621 -21.687171936035156 0.0017226791242137551
-12.386051177978516 -21.692123413085938 0.001730270334519446
-12.420276641845703 -21.69681167602539 0.0017330169212073088
-12.453092575073242 -21.701202392578125 0.00173187255859375
-12.484758377075195 -21.704553604125977 0.0017311477568000555
-12.514826774597168 -21.70699119567871 0.0017362594371661544
-12.546343803405762 -21.709430694580078 0.0017219925066456199
-12.579066276550293 -21.71192169189453 0.0017074965871870518
-12.612263679504395 -21.714296340942383 0.0016979598440229893
-12.645230293273926 -21.718603134155273 0.0016897200839594007
-12.677661895751953 -21.724245071411133 0.0016954040620476007
-12.709596633911133 -21.729949951171875 0.0017007064307108521
-12.740999221801758 -21.735483169555664 0.0017025755951181054
-12.771804809570312 -21.740995407104492 0.0017021560342982411
-12.80202865600586 -21.746320724487305 0.0017008972354233265
-12.831636428833008 -21.751623153686523 0.0016994476318359375
-12.860662460327148 -21.756731033325195 0.0016980362124741077
-12.889082908630371 -21.761823654174805 0.0016970443539321423
-12.91702651977539 -21.765850067138672 0.0016965484246611595
-12.944424629211426 -21.76923370361328 0.0017007064307108521
-12.97128677368164 -21.772417068481445 0.0017026137793436646
-12.996639251708984 -21.775495529174805 0.0017079162644222379
-13.020237922668457 -21.77821922302246 0.0017117309616878629
-13.042611122131348 -21.780895233154297 0.0017135238740593195
-13.064173698425293 -21.782819747924805 0.0017144011799246073
-13.084914207458496 -21.78421401977539 0.0017151259817183018
-13.10447883605957 -21.786296844482422 0.0017134856898337603
-13.125431060791016 -21.789770126342773 0.001701087923720479
-13.14732837677002 -21.79343032836914 0.0016928099794313312
-13.16976547241211 -21.79721450805664 0.0016863631317391992
-13.192083358764648 -21.800949096679688 0.0016843413468450308
-13.214344024658203 -21.804704666137695 0.0016828154912218451
-13.236159324645996 -21.80835723876953 0.0016839980380609632
-13.257746696472168 -21.812002182006836 0.0016840744065120816
-13.278800010681152 -21.815521240234375 0.0016858673188835382
-13.299579620361328 -21.81903076171875 0.0016860580071806908
-13.319811820983887 -21.82241439819336 0.0016875838628038764
-13.339497566223145 -21.825725555419922 0.0016890716506168246
-13.357009887695312 -21.828577041625977 0.0016984939575195312
-13.373945236206055 -21.831449508666992 0.0016994476318359375
-13.389948844909668 -21.83405876159668 0.0017007826827466488
-13.40572738647461 -21.836759567260742 0.0016995620680972934
-13.42047119140625 -21.839183807373047 0.0017001342494040728
-13.434937477111816 -21.841678619384766 0.0016967010451480746
-13.44868278503418 -21.843584060668945 0.0016987990820780396
-13.462397575378418 -21.845224380493164 0.0016984175890684128
-13.475690841674805 -21.84673309326172 0.0016972350422292948
-13.491276741027832 -21.849191665649414 0.0016795349074527621
-13.509092330932617 -21.852130889892578 0.0016645430587232113
-13.527738571166992 -21.85524559020996 0.001659126253798604
-13.546895027160645 -21.858417510986328 0.001658859197050333
-13.56593132019043 -21.861600875854492 0.0016624832060188055
-13.584956169128418 -21.864748001098633 0.0016660690307617188
-13.603572845458984 -21.86786651611328 0.0016712569631636143
-13.622029304504395 -21.870920181274414 0.0016742706065997481
-13.640002250671387 -21.873926162719727 0.0016782759921625257
-13.657732963562012 -21.876874923706055 0.0016808700747787952
-13.673314094543457 -21.879541397094727 0.0016916656168177724
-13.68853759765625 -21.882076263427734 0.0016934967134147882
-13.702720642089844 -21.88448715209961 0.0016969679854810238
-13.716623306274414 -21.886810302734375 0.001696090679615736
-13.729463577270508 -21.889039993286133 0.0016978454077616334
-13.742515563964844 -21.89116096496582 0.0016925811069086194
-13.75423812866211 -21.893192291259766 0.0016971969744190574
-13.766496658325195 -21.895185470581055 0.0016916274325922132
-13.777846336364746 -21.897111892700195 0.0016930007841438055
-13.789520263671875 -21.899032592773438 0.0016883468488231301
-13.800981521606445 -21.901025772094727 0.0016863250639289618
-13.811928749084473 -21.902851104736328 0.0016878509195521474
-13.82382869720459 -21.904794692993164 0.0016785812331363559
-13.83697509765625 -21.906965255737305 0.0016683577559888363
-13.851655960083008 -21.909339904785156 0.0016617202199995518
-13.868112564086914 -21.911991119384766 0.0016529845306649804
-13.886876106262207 -21.915224075317383 0.0016413115663453937
-13.90727710723877 -21.918664932250977 0.0016385269118472934
-13.929466247558594 -21.922405242919922 0.0016358565771952271
-13.953421592712402 -21.92635726928711 0.0016339492285624146
-13.979715347290039 -21.930749893188477 0.0016268539475277066
-14.007782936096191 -21.935407638549805 0.0016237258678302169
-14.038552284240723 -21.940589904785156 0.0016188430599868298
-14.071891784667969 -21.946205139160156 0.0016119384672492743
-14.108015060424805 -21.952301025390625 0.0016085052629932761
-14.147829055786133 -21.95895004272461 0.001600189134478569
-14.189388275146484 -21.96495246887207 0.0016081237699836493
-14.23414421081543 -21.97016143798828 0.0016130446456372738
-14.282913208007812 -21.97547721862793 0.0016088103875517845
-14.335960388183594 -21.98311996459961 0.0015958022559061646
-14.390636444091797 -21.99184226989746 0.0015972518594935536
-14.445894241333008 -22.000709533691406 0.0016103744274005294
-14.500898361206055 -22.00954246520996 0.001627159072086215
-14.555346488952637 -22.018287658691406 0.001642951974645257
-14.60891056060791 -22.026893615722656 0.0016575240297243
-14.661585807800293 -22.03535270690918 0.001669387798756361
-14.713212966918945 -22.04364776611328 0.0016789627261459827
-14.76388168334961 -22.05178451538086 0.0016861342592164874
-14.81350040435791 -22.059755325317383 0.0016915893647819757
-14.8621826171875 -22.067575454711914 0.0016955184983089566
-14.909822463989258 -22.07522964477539 0.0016984939575195312
-14.956547737121582 -22.082731246948242 0.0017002868698909879
-15.0022611618042 -22.090070724487305 0.0017021942185238004
-15.04709529876709 -22.097270965576172 0.0017028808360919356
-15.090951919555664 -22.10431671142578 0.001703720074146986
-15.132368087768555 -22.110965728759766 0.0017125701997429132
-15.171238899230957 -22.117212295532227 0.001721343956887722
-15.208209037780762 -22.123153686523438 0.0017255401471629739
-15.243782997131348 -22.128862380981445 0.001725158654153347
-15.277913093566895 -22.134302139282227 0.0017245864728465676
-15.311182975769043 -22.139638900756836 0.001720428466796875
-15.343588829040527 -22.14484405517578 0.001716079656034708
-15.375198364257812 -22.14917755126953 0.001716346712782979
-15.40643310546875 -22.152563095092773 0.0017187880584970117
-15.437764167785645 -22.155826568603516 0.0017146682366728783
-15.471122741699219 -22.159215927124023 0.0016983795212581754
-15.506139755249023 -22.164194107055664 0.0016794204711914062
-15.541850090026855 -22.169740676879883 0.0016722488217055798
-15.5775728225708 -22.175304412841797 0.0016727828187868
-15.613069534301758 -22.18083381652832 0.0016753769014030695
-15.648036003112793 -22.186283111572266 0.001679115230217576
-15.682483673095703 -22.191654205322266 0.0016826248029246926
-15.716252326965332 -22.196916580200195 0.0016859817551448941
-15.749425888061523 -22.202083587646484 0.0016883849166333675
-15.781888008117676 -22.207143783569336 0.0016908645629882812
-15.81226921081543 -22.21187973022461 0.0017005919944494963
-15.840872764587402 -22.216339111328125 0.0017074965871870518
-15.868139266967773 -22.220577239990234 0.0017107391031458974
-15.894354820251465 -22.22464942932129 0.001710014301352203
-15.919164657592773 -22.228404998779297 0.001713561941869557
-15.943143844604492 -22.231523513793945 0.0017133712535724044
-15.965275764465332 -22.233816146850586 0.0017219161381945014
-15.98957347869873 -22.236230850219727 0.0017071914626285434
-16.015411376953125 -22.23878288269043 0.001692924415692687
-16.041994094848633 -22.241361618041992 0.0016838836017996073
-16.068660736083984 -22.243934631347656 0.0016804885817691684
-16.095094680786133 -22.24755859375 0.0016785812331363559
-16.12110137939453 -22.251455307006836 0.0016828154912218451
-16.146751403808594 -22.255306243896484 0.0016861724434420466
-16.17188835144043 -22.259084701538086 0.0016886901576071978
-16.196603775024414 -22.26279640197754 0.0016896820161491632
-16.22077751159668 -22.26643180847168 0.0016907881945371628
-16.244522094726562 -22.269996643066406 0.0016907119425013661
-16.267454147338867 -22.273441314697266 0.0016938400221988559
-16.288589477539062 -22.276615142822266 0.001699752756394446
-16.308269500732422 -22.279569625854492 0.0017050933092832565
-16.32680892944336 -22.282413482666016 0.001708717318251729
-16.34493064880371 -22.285255432128906 0.001706199604086578
-16.36178207397461 -22.287500381469727 0.0017074203351512551
-16.37838363647461 -22.289297103881836 0.0017038345104083419
-16.39337158203125 -22.290729522705078 0.0017116545932367444
-16.40850830078125 -22.292131423950195 0.001706199604086578
-16.422725677490234 -22.293415069580078 0.0017052077455446124
-16.43842887878418 -22.294891357421875 0.0016916274325922132
-16.454797744750977 -22.29587173461914 0.0016856002621352673
-16.472900390625 -22.29664421081543 0.0016760253347456455
-16.49382781982422 -22.29739761352539 0.0016638183733448386
-16.51594352722168 -22.29819107055664 0.0016593169420957565
-16.538572311401367 -22.300336837768555 0.0016559219220653176
-16.561107635498047 -22.30345916748047 0.0016624832060188055
-16.583532333374023 -22.306598663330078 0.0016699599800631404
-16.60561180114746 -22.3096866607666 0.0016759490827098489
-16.627389907836914 -22.31273651123047 0.0016796111594885588
-16.648719787597656 -22.315725326538086 0.0016824339982122183
-16.66969871520996 -22.31865882873535 0.0016839599702507257
-16.690210342407227 -22.3215274810791 0.0016854858258739114
-16.709331512451172 -22.324201583862305 0.0016919707413762808
-16.72674560546875 -22.32663917541504 0.0016989135183393955
-16.743309020996094 -22.32895851135254 0.0017020415980368853
-16.75922393798828 -22.331188201904297 0.0017024230910465121
-16.774646759033203 -22.332921981811523 0.0017010497394949198
-16.789716720581055 -22.334089279174805 0.0016995238838717341
-16.803556442260742 -22.335250854492188 0.0017058944795280695
-16.816925048828125 -22.33636474609375 0.0017036056378856301
-16.82829475402832 -22.337305068969727 0.0017090606270357966
-16.84037971496582 -22.338308334350586 0.001699905376881361
-16.85243797302246 -22.33902359008789 0.0016937636537477374
-16.866615295410156 -22.339384078979492 0.00168437953107059
-16.880754470825195 -22.33968734741211 0.0016798782162368298
-16.895780563354492 -22.340194702148438 0.001673850929364562
-16.912010192871094 -22.34056854248047 0.0016681670676916838
-16.92974281311035 -22.34095001220703 0.0016611862229183316
-16.948022842407227 -22.340864181518555 0.0016622543334960938
-16.969846725463867 -22.340280532836914 0.0016519164200872183
-16.994691848754883 -22.341041564941406 0.0016385269118472934
-17.02095603942871 -22.34418487548828 0.0016364287585020065
-17.04776954650879 -22.34746551513672 0.0016455077566206455
-17.074661254882812 -22.350858688354492 0.0016702651046216488
-17.101369857788086 -22.354135513305664 0.001677665626630187
-17.127721786499023 -22.35746192932129 0.0016812896355986595
-17.153656005859375 -22.36064338684082 0.0016836547292768955
-17.17911148071289 -22.36385726928711 0.001685409457422793
-17.204132080078125 -22.366127014160156 0.001685409457422793
-17.2277774810791 -22.367860794067383 0.0016944503877311945
-17.2498836517334 -22.369306564331055 0.0017007826827466488
-17.27052116394043 -22.37076187133789 0.001707000657916069
-17.290712356567383 -22.372100830078125 0.0017054366180673242
-17.30988311767578 -22.37335968017578 0.0017041015671566129
-17.327880859375 -22.374052047729492 0.0017087555024772882
-17.345428466796875 -22.374303817749023 0.0017103957943618298
-17.36247444152832 -22.374460220336914 0.0017077636439353228
-17.37867546081543 -22.374610900878906 0.001707000657916069
-17.395057678222656 -22.374698638916016 0.0017005157424136996
-17.411638259887695 -22.374874114990234 0.0016933440929278731
-17.42816162109375 -22.37450408935547 0.0016900253249332309
-17.444812774658203 -22.37380027770996 0.0016898727044463158
-17.463302612304688 -22.37287712097168 0.0016796111594885588
-17.485414505004883 -22.373207092285156 0.001657943706959486
-17.508867263793945 -22.37551498413086 0.0016542816301807761
-17.533071517944336 -22.3780517578125 0.001658706576563418
-17.5572566986084 -22.380558013916016 0.0016652678605169058
-17.581430435180664 -22.38309669494629 0.0016694640507921576
-17.605161666870117 -22.38555908203125 0.0016744994791224599
-17.62865447998047 -22.38802719116211 0.0016772460658103228
-17.651582717895508 -22.39040756225586 0.0016807937063276768
-17.67421531677246 -22.392786026000977 0.0016822051256895065
-17.69626235961914 -22.395071029663086 0.0016849898966029286
-17.71800422668457 -22.397357940673828 0.0016857528826221824
-17.737825393676758 -22.39934730529785 0.001694755512289703
-17.75690460205078 -22.400848388671875 0.0016982650849968195
-17.774532318115234 -22.401813507080078 0.0017055892385542393
-17.79148292541504 -22.40262794494629 0.0017065429128706455
-17.807254791259766 -22.403329849243164 0.0017091368790715933
-17.822982788085938 -22.40404510498047 0.0017053603660315275
-17.83816909790039 -22.40468406677246 0.0017008590511977673
-17.852542877197266 -22.40503692626953 0.0017002868698909879
-17.866085052490234 -22.404926300048828 0.0017051314935088158
-17.879480361938477 -22.404796600341797 0.0017030334565788507
-17.894006729125977 -22.40463638305664 0.0016899871407076716
-17.90948486328125 -22.40452766418457 0.0016798018477857113
-17.928037643432617 -22.405494689941406 0.001662673894315958
-17.94771957397461 -22.407331466674805 0.0016551971202716231
-17.96788215637207 -22.409236907958984 0.001628188998438418
-17.98811149597168 -22.411157608032227 0.001622695941478014
-18.008277893066406 -22.41306495666504 0.0016279220581054688
-18.02814483642578 -22.414945602416992 0.0016381454188376665
-18.047754287719727 -22.41680145263672 0.0016484832158312201
-18.06695556640625 -22.41861915588379 0.0016585158882662654
-18.08584976196289 -22.420406341552734 0.0016659545945003629
-18.10431671142578 -22.42215347290039 0.0016724014421924949
-18.12152099609375 -22.42378044128418 0.0016820526216179132
-18.13703155517578 -22.42524528503418 0.0016923904186114669
-18.15172004699707 -22.426626205444336 0.0016957854386419058
-18.165700912475586 -22.427968978881836 0.0016980742802843451
-18.17908477783203 -22.42919921875 0.0016979980282485485
-18.192495346069336 -22.43062973022461 0.0016950988210737705
-18.204410552978516 -22.43178367614746 0.0016992187593132257
-18.216156005859375 -22.433019638061523 0.0016978835919871926
-18.22732925415039 -22.43404197692871 0.0016977691557258368
-18.23881721496582 -22.43503761291504 0.0016909026307985187
-18.249479293823242 -22.43599510192871 0.0016921615460887551
-18.26131248474121 -22.43703269958496 0.0016822433099150658
-18.272851943969727 -22.43785285949707 0.0016823577461764216
-18.28617286682129 -22.438459396362305 0.0016724014421924949
-18.30013084411621 -22.439083099365234 0.0016677093226462603
-18.315990447998047 -22.43960952758789 0.0016592406900599599
-18.332653045654297 -22.440258026123047 0.0016558455536141992
-18.350881576538086 -22.44095802307129 0.0016518019838258624
-18.37038803100586 -22.441335678100586 0.0016515350434929132
-18.393173217773438 -22.44097137451172 0.0016424941131845117
-18.419597625732422 -22.44215965270996 0.0016285324236378074
-18.447885513305664 -22.44456672668457 0.0016252899076789618
-18.476743698120117 -22.447092056274414 0.0016333770472556353
-18.505874633789062 -22.44960594177246 0.0016423796769231558
-18.53466796875 -22.45212745666504 0.0016528320265933871
-18.56324577331543 -22.45459747314453 0.0016606902936473489
-18.591217041015625 -22.45704460144043 0.001668853685259819
-18.61882972717285 -22.45943260192871 0.001673850929364562
-18.645769119262695 -22.4617919921875 0.001679115230217576
-18.671552658081055 -22.46403694152832 0.0016865539364516735
-18.69514274597168 -22.46620750427246 0.001697273226454854
-18.717870712280273 -22.468109130859375 0.0017012023599818349
-18.739330291748047 -22.470041275024414 0.0017045593122020364
-18.760234832763672 -22.471874237060547 0.0016708754701539874
-18.780181884765625 -22.473608016967773 0.0016521072247996926
-18.799755096435547 -22.47481918334961 0.0016488265246152878
-18.818632125854492 -22.475507736206055 0.0016526031540706754
-18.836721420288086 -22.476030349731445 0.0016630935715511441
-18.854780197143555 -22.476640701293945 0.0016678619431331754
-18.873231887817383 -22.477243423461914 0.0016676330706104636
-18.89217185974121 -22.477752685546875 0.001667938195168972
-18.910921096801758 -22.477750778198242 0.0016739272978156805
-18.93110466003418 -22.477313995361328 0.0016714095836505294
-18.95186424255371 -22.476730346679688 0.0016714477678760886
-18.97396469116211 -22.476232528686523 0.001667938195168972
-18.99721336364746 -22.475553512573242 0.0016616820357739925
-19.022485733032227 -22.474699020385742 0.0016549300635233521
-19.04865074157715 -22.473163604736328 0.0016579818911850452
-19.076820373535156 -22.47090721130371 0.0016545867547392845
-19.105945587158203 -22.46818733215332 0.0016582488315179944
-19.13801383972168 -22.465234756469727 0.001649398822337389
-19.171504974365234 -22.461910247802734 0.001648330595344305
-19.207870483398438 -22.45843505859375 0.0016403960762545466
-19.246253967285156 -22.456266403198242 0.001632003695704043
-19.287837982177734 -22.457462310791016 0.0016274643130600452
-19.331974029541016 -22.459516525268555 0.0016337585402652621
-19.37990379333496 -22.461849212646484 0.0016279601259157062
-19.431535720825195 -22.464418411254883 0.0016173552721738815
-19.485204696655273 -22.46709442138672 0.001616249093785882
-19.542919158935547 -22.46999740600586 0.0016048430697992444
-19.603527069091797 -22.473087310791016 0.0015999602619558573
-19.66883087158203 -22.47633171081543 0.0015863036969676614
-19.7380313873291 -22.479766845703125 0.0015798568492755294
-19.8089599609375 -22.483285903930664 0.0015861892607063055
-19.88013458251953 -22.48681640625 0.0016022491035982966
-19.95088768005371 -22.490324020385742 0.0016210555331781507
-20.02068519592285 -22.493785858154297 0.001640701200813055
-20.08940315246582 -22.497196197509766 0.0016569900326430798
-20.156824111938477 -22.50054359436035 0.0016714477678760886
-20.22300148010254 -22.50382423400879 0.0016823577461764216
-20.287817001342773 -22.507038116455078 0.0016915893647819757
-20.351375579833984 -22.510194778442383 0.0016976547194644809
-20.413589477539062 -22.513280868530273 0.0017028426518663764
-20.474580764770508 -22.516300201416016 0.0017058562953025103
-20.534265518188477 -22.51926040649414 0.0017087935702875257
-20.592769622802734 -22.522159576416016 0.0017100524855777621
-20.65001678466797 -22.52499771118164 0.0017115401569753885
-20.70613670349121 -22.52777862548828 0.001711616525426507
-20.76104736328125 -22.53050422668457 0.001712264958769083
-20.81487274169922 -22.533172607421875 0.0017116927774623036
-20.867538452148438 -22.53578758239746 0.001711997902020812
-20.919166564941406 -22.538347244262695 0.001711349468678236
-20.969690322875977 -22.54085350036621 0.0017112350324168801
-21.019243240356445 -22.543312072753906 0.0017102813581004739
-21.067729949951172 -22.545719146728516 0.0017100905533879995
-21.11528205871582 -22.548078536987305 0.0017090988112613559
-21.161808013916016 -22.55038833618164 0.0017089080065488815
-21.207435607910156 -22.552648544311523 0.0017078398959711194
-21.25206756591797 -22.554861068725586 0.0017076492076739669
-21.295839309692383 -22.557031631469727 0.0017067717853933573
-21.338651657104492 -22.559154510498047 0.0017065429128706455
-21.38064193725586 -22.56123924255371 0.00170555105432868
-21.421709060668945 -22.563276290893555 0.0017054748022928834
-21.46198844909668 -22.565275192260742 0.0017045973800122738
-21.501388549804688 -22.567228317260742 0.001704368507489562
-21.53856086730957 -22.56890106201172 0.0017119216499850154
-21.57447052001953 -22.570478439331055 0.0017134856898337603
-21.6131534576416 -22.572216033935547 0.00169029226526618
-21.65843963623047 -22.574169158935547 0.0016479872865602374
-21.71397590637207 -22.576416015625 0.0015906905755400658
-21.780439376831055 -22.579364776611328 0.0015354156494140625
-21.860912322998047 -22.582942962646484 0.0014740752521902323
-21.95534324645996 -22.587074279785156 0.0014233780093491077
-22.06368637084961 -22.591947555541992 0.0013814925914630294
-22.186670303344727 -22.59737205505371 0.0013473129365593195
-22.324403762817383 -22.603511810302734 0.0013197708176448941
-22.477506637573242 -22.61026382446289 0.0012954712146893144
-22.64617347717285 -22.61770248413086 0.0012752150651067495
-22.83005714416504 -22.62577247619629 0.0012615203158929944
-23.02855110168457 -22.63201141357422 0.0012622070498764515
-23.24123191833496 -22.637338638305664 0.0012741469545289874
-23.467819213867188 -22.64283561706543 0.0012816619127988815
-23.708097457885742 -22.648441314697266 0.0012843322474509478
-23.961933135986328 -22.654125213623047 0.0014620207948610187
-24.22808074951172 -22.659852981567383 0.0015977477887645364
-24.49685287475586 -22.66544532775879 0.0016817091964185238
-24.770490646362305 -22.67091178894043 0.0017092894995585084
-25.05122184753418 -22.676313400268555 0.0017018889775499701
-25.341630935668945 -22.681692123413086 0.0016732406802475452
-25.64289093017578 -22.68709373474121 0.0016376113053411245
-25.957616806030273 -22.692474365234375 0.0015910720685496926
-26.288053512573242 -22.697946548461914 0.0015459441347047687
-26.630373001098633 -22.70346450805664 0.0015251159202307463
-26.984962463378906 -22.70901870727539 0.0015114211710169911
-27.35279083251953 -22.71465492248535 0.0014966201269999146
-27.733766555786133 -22.720375061035156 0.0014850615989416838
-28.128507614135742 -22.72612762451172 0.0014731597620993853
-28.536651611328125 -22.731950759887695 0.0014654541155323386
-28.95857048034668 -22.73788070678711 0.0014581680297851562
-29.39382553100586 -22.743879318237305 0.001454162527807057
-29.842782974243164 -22.74995994567871 0.0014498519012704492
-30.305105209350586 -22.755048751831055 0.0014511490007862449
-30.78115463256836 -22.759262084960938 0.001456413185223937
-31.27064323425293 -22.763017654418945 0.0014605331234633923
-31.773977279663086 -22.76637840270996 0.0014588164631277323
-32.29116439819336 -22.769411087036133 0.0014543533325195312
-32.82253646850586 -22.772157669067383 0.0014489364111796021
-33.36743927001953 -22.774677276611328 0.0014473723713308573
-33.925514221191406 -22.77699089050293 0.001448402414098382
-34.49625015258789 -22.779144287109375 0.0014524459838867188
-35.079368591308594 -22.781156539916992 0.0014575576642528176
-35.674560546875 -22.782569885253906 0.0014650726225227118
-36.28165054321289 -22.783432006835938 0.0014748764224350452
-36.90045928955078 -22.783931732177734 0.0014828109415248036
-37.530860900878906 -22.784114837646484 0.0014889525482431054
-38.17274475097656 -22.784021377563477 0.0014935302315279841
-38.82602310180664 -22.783674240112305 0.0014969253679737449
-39.49061584472656 -22.78311538696289 0.001499938894994557
-40.16644287109375 -22.782411575317383 0.0015023421728983521
-40.85344314575195 -22.781410217285156 0.0015043258899822831
-41.55154800415039 -22.78010368347168 0.0015075302217155695
-42.26068878173828 -22.778589248657227 0.0015101623721420765
-42.98080062866211 -22.776874542236328 0.0015123366611078382
-43.71184158325195 -22.775060653686523 0.0015138244489207864
-44.4537353515625 -22.773160934448242 0.0015147781232371926
-45.20643615722656 -22.771162033081055 0.001515617361292243
-45.96987533569336 -22.768985748291016 0.0015169525286182761
-46.74401092529297 -22.76662826538086 0.0015189361292868853
-47.52877426147461 -22.764127731323242 0.0015209197299554944
-48.32411575317383 -22.76156234741211 0.0015223693335428834
-49.129974365234375 -22.75885009765625 0.0015236282488331199
-49.94629669189453 -22.756044387817383 0.0015250396681949496
-50.77302932739258 -22.75312042236328 0.0015263748355209827
-51.61011505126953 -22.750104904174805 0.0015274047618731856
-52.4575080871582 -22.747020721435547 0.0015288543654605746
-53.31514358520508 -22.743892669677734 0.0015299987280741334
-54.18297576904297 -22.740707397460938 0.0015312576433643699
-55.06095504760742 -22.73746109008789 0.0015326308785006404
-55.94901657104492 -22.734169006347656 0.0015339660458266735
-56.84711456298828 -22.730831146240234 0.0015351867768913507
-57.75519561767578 -22.727455139160156 0.0015366744482889771
-58.67320251464844 -22.724037170410156 0.001538085867650807
-59.60109329223633 -22.720582962036133 0.0015396118396893144
-60.53880310058594 -22.717086791992188 0.0015409468906000257
-61.48628616333008 -22.71355438232422 0.0015423964941874146
-62.4434928894043 -22.70998191833496 0.0015439605340361595
-63.41038131713867 -22.70637321472168 0.0015454101376235485
-64.38688659667969 -22.70273208618164 0.001546783372759819
-65.37296295166016 -22.69904899597168 0.0015481185400858521
-66.3685531616211 -22.695331573486328 0.0015496063278988004
-67.37361907958984 -22.691579818725586 0.0015510559314861894
-68.38810729980469 -22.687789916992188 0.0015525436028838158
-69.4119644165039 -22.683963775634766 0.0015539932064712048
-70.44514465332031 -22.680105209350586 0.0015554808778688312
-71.48759460449219 -22.676210403442383 0.0015569304814562201
-72.5392837524414 -22.67230224609375 0.0015579985920339823
-73.60014343261719 -22.668346405029297 0.0015592955751344562
-74.67012786865234 -22.664342880249023 0.0015609359834343195
-75.74919128417969 -22.660295486450195 0.001562576275318861
-76.83729553222656 -22.656200408935547 0.0015639495104551315
-77.93437194824219 -22.652063369750977 0.0015656279865652323
-79.04039764404297 -22.647890090942383 0.0015776061918586493
-80.15531921386719 -22.64366912841797 0.0015727614518254995
-81.27908325195312 -22.639442443847656 0.001570854103192687
-82.41163635253906 -22.63518714904785 0.001571121159940958
-83.5529556274414 -22.630897521972656 0.0015719985822215676
-84.70296478271484 -22.626605987548828 0.0015732193132862449
-85.86164093017578 -22.622323989868164 0.0015749740414321423
-87.0289306640625 -22.618024826049805 0.001576385460793972
-88.2048110961914 -22.61370849609375 0.0015779113164171576
-89.38919067382812 -22.60938262939453 0.0015790557954460382
-90.58206176757812 -22.605045318603516 0.0015805434668436646
-91.78336334228516 -22.60069465637207 0.0015818786341696978
-92.99283599853516 -22.59632682800293 0.0015848922776058316
-94.20914459228516 -22.591949462890625 0.0015956496354192495
-95.42993927001953 -22.587568283081055 0.001619529677554965
-96.65235137939453 -22.58318519592285 0.0016572570893913507
-97.87369537353516 -22.57880973815918 0.0017051314935088158
-99.09204864501953 -22.57444953918457 0.0017564010340720415
-100.3063735961914 -22.57010841369629 0.0018041991861537099
-101.51653289794922 -22.565786361694336 0.0018425750313326716
-102.72312927246094 -22.561473846435547 0.001868514926172793
-103.92729187011719 -22.55717658996582 0.0018806075677275658
-105.13040161132812 -22.552881240844727 0.001879959017969668
-106.33377838134766 -22.548583984375 0.0018699264619499445
-107.5384521484375 -22.544286727905273 0.001854438683949411
-108.74503326416016 -22.539981842041016 0.0018377304077148438
-109.95368957519531 -22.535673141479492 0.0018230437999591231
-111.16416931152344 -22.531354904174805 0.0018132018158212304
-112.37592315673828 -22.52703285217285 0.0018088913056999445
-113.58829498291016 -22.52271270751953 0.0018104552291333675
-114.80062103271484 -22.518390655517578 0.001816558768041432
-116.01236724853516 -22.514068603515625 0.0018252182053402066
-117.22319030761719 -22.509748458862305 0.0018342208350077271
-118.43304443359375 -22.505435943603516 0.0018423079745844007
-119.6419906616211 -22.501127243041992 0.0018479537684470415
-120.8502426147461 -22.49681854248047 0.0018507385393604636
-122.05815887451172 -22.49252700805664 0.001856307964771986
-123.26607513427734 -22.488250732421875 0.0018492889357730746
-124.47421264648438 -22.483951568603516 0.0018438338302075863
-125.68277740478516 -22.47963523864746 0.0018392562633380294
-126.89181518554688 -22.47529411315918 0.0018353271298110485
-128.101318359375 -22.4709415435791 0.0018325041746720672
-129.31117248535156 -22.466571807861328 0.0018313598120585084
-130.5211944580078 -22.46219253540039 0.001831550500355661
-131.73126220703125 -22.457801818847656 0.0018328094156458974
-132.94154357910156 -22.453535079956055 0.0019619751255959272
-134.1516571044922 -22.449222564697266 0.0018392180791124701
-135.36141967773438 -22.444849014282227 0.001803665072657168
-136.57086181640625 -22.440441131591797 0.0017991637578234076
-137.7799835205078 -22.436019897460938 0.0018041991861537099
-138.9889373779297 -22.431581497192383 0.0018115233397111297
-140.19778442382812 -22.427133560180664 0.001818008371628821
-141.4066619873047 -22.422672271728516 0.0018228529952466488
-142.6156463623047 -22.41820526123047 0.0018260955112054944
-143.82476806640625 -22.41373062133789 0.0018283843528479338
-145.03407287597656 -22.40924835205078 0.001829872140660882
-146.24349975585938 -22.404767990112305 0.0018309020670130849
-147.4530487060547 -22.400306701660156 0.0018320083618164062
-148.66261291503906 -22.395851135253906 0.0018333434127271175
-149.87217712402344 -22.391395568847656 0.0018347549485042691
-151.08172607421875 -22.38694953918457 0.0018361663678660989
-152.2911834716797 -22.38251495361328 0.0018372725462540984
-153.50057983398438 -22.37808609008789 0.0018380355322733521
-154.70989990234375 -22.373666763305664 0.0018385314615443349
-155.91915893554688 -22.369245529174805 0.001839065458625555
-157.12838745117188 -22.364837646484375 0.001839065458625555
-158.33761596679688 -22.360431671142578 0.0018386077135801315
-159.546875 -22.35602569580078 0.0018383788410574198
-160.75616455078125 -22.351593017578125 0.001837997348047793
-161.9654998779297 -22.347185134887695 0.0018376540392637253
-163.17486572265625 -22.342782974243164 0.0018378066597506404
-164.3842315673828 -22.3383731842041 0.0018377304077148438
-165.59361267089844 -22.333967208862305 0.0018376159714534879
-166.802978515625 -22.329557418823242 0.0018378448439761996
-168.01235961914062 -22.325136184692383 0.0018363188719376922
-169.22174072265625 -22.320768356323242 0.0018363952403888106
-170.4311065673828 -22.316381454467773 0.0018366622971370816
-171.64048767089844 -22.311988830566406 0.001836814801208675
-172.849853515625 -22.307607650756836 0.0018371200421825051
-174.05917358398438 -22.303224563598633 0.0018374633509665728
-175.26844787597656 -22.29885482788086 0.001837501535192132
-176.4778289794922 -22.294485092163086 0.0018376540392637253
-177.6872100830078 -22.29011344909668 0.0018374633509665728
-178.89657592773438 -22.285743713378906 0.0018376540392637253
-180.10595703125 -22.2813720703125 0.0018377304077148438
-181.31532287597656 -22.276987075805664 0.001838417025282979
-182.5247039794922 -22.272558212280273 0.0018373107304796576
-183.7340850830078 -22.26809310913086 0.001837081857956946
-184.94345092773438 -22.26364517211914 0.0018364714924246073
-186.15283203125 -22.25918960571289 0.0018367385491728783
-187.36219787597656 -22.254716873168945 0.001836814801208675
-188.5715789794922 -22.250375747680664 0.0018156814621761441
-189.7809600830078 -22.24597930908203 0.001820526085793972
-190.99032592773438 -22.241535186767578 0.0018246459076181054
-192.19970703125 -22.237045288085938 0.0018281172960996628
-193.40907287597656 -22.232513427734375 0.0018309783190488815
-194.6184539794922 -22.22797966003418 0.001832885667681694
-195.8278350830078 -22.223434448242188 0.001834449707530439
-197.03720092773438 -22.218915939331055 0.0018353271298110485
-198.24658203125 -22.214445114135742 0.0018357086228206754
-199.45594787597656 -22.20998764038086 0.0018362044356763363
-200.6653289794922 -22.205577850341797 0.0018367767333984375
-201.8747100830078 -22.201425552368164 0.0018380737164989114
-203.08407592773438 -22.197582244873047 0.0018406676826998591
-204.29345703125 -22.194059371948242 0.0018431853968650103
-205.50282287597656 -22.19092559814453 0.0018453216180205345
-206.7122039794922 -22.188304901123047 0.0018475722754374146
-207.92156982421875 -22.186264038085938 0.0018500137375667691
-209.13095092773438 -22.184825897216797 0.0018522643949836493
-210.34033203125 -22.184024810791016 0.0018540573073551059
-211.54969787597656 -22.183696746826172 0.0018548965454101562
-212.7590789794922 -22.183773040771484 0.0018545532366260886
-213.96844482421875 -22.184242248535156 0.0018535995623096824
-215.17782592773438 -22.185068130493164 0.0018526077037677169
-216.38720703125 -22.18588638305664 0.001850776607170701
-217.59657287597656 -22.1865177154541 0.0018461608560755849
-218.8059539794922 -22.186906814575195 0.0018421554705128074
-220.01531982421875 -22.186925888061523 0.001838417025282979
-221.22470092773438 -22.186317443847656 0.0018395233200863004
-222.43408203125 -22.18496322631836 0.0018441008869558573
-223.64344787597656 -22.18280792236328 0.0018487548222765326
-224.8528289794922 -22.179784774780273 0.0018533325055614114
-226.06219482421875 -22.175823211669922 0.0018572997068986297
-227.2709503173828 -22.170909881591797 0.0018656920874491334
-228.4744110107422 -22.165117263793945 0.0019016646547243
-229.665771484375 -22.158533096313477 0.001972465543076396
-230.84043884277344 -22.151256561279297 0.002060279715806246
-231.99560546875 -22.143383026123047 0.0021498489659279585
-233.12933349609375 -22.134992599487305 0.0022321699652820826
-234.2404022216797 -22.12615203857422 0.002304153284057975
-235.3280029296875 -22.116939544677734 0.002364540006965399
-236.3916778564453 -22.10746955871582 0.0024128342047333717
-237.43115234375 -22.097806930541992 0.0024507141206413507
-238.44638061523438 -22.0880126953125 0.0024791716132313013
-239.4374237060547 -22.078149795532227 0.0024995803833007812
-240.40438842773438 -22.06829833984375 0.0025135038886219263
-241.34754943847656 -22.058551788330078 0.0025214385241270065
-242.26718139648438 -22.048952102661133 0.0025249861646443605
-243.16357421875 -22.039535522460938 0.0025248336605727673
-244.03707885742188 -22.030338287353516 0.0025222015101462603
-244.8881072998047 -22.021373748779297 0.002517166081815958
-245.7173309326172 -22.012653350830078 0.0025072479620575905
-246.5277557373047 -22.00421905517578 0.0024816894438117743
-247.32240295410156 -21.99596405029297 0.0024411010090261698
-248.10479736328125 -21.987899780273438 0.002384796040132642
-248.879638671875 -21.97995376586914 0.0023110578767955303
-249.65188598632812 -21.972131729125977 0.002220268128439784
-250.4257354736328 -21.964406967163086 0.0021224594675004482
-251.20391845703125 -21.956335067749023 0.002026138361543417
-251.9881134033203 -21.94786834716797 0.0019417953444644809
-252.7786407470703 -21.939088821411133 0.001873664790764451
-253.5747833251953 -21.93001937866211 0.0018259048229083419
-254.37513732910156 -21.920684814453125 0.0017984008882194757
-255.17791748046875 -21.911102294921875 0.001789093017578125
-255.98147583007812 -21.90131378173828 0.001795005751773715
-256.7843322753906 -21.88864517211914 0.0018191527342423797
-257.58551025390625 -21.872722625732422 0.0018621826311573386
-258.3847351074219 -21.854293823242188 0.0018995284335687757
-259.18194580078125 -21.833486557006836 0.0019246292067691684
-259.97747802734375 -21.81043243408203 0.0019382095197215676
-260.771728515625 -21.785322189331055 0.0019420242169871926
-261.5650329589844 -21.755170822143555 0.0019505691016092896
-262.3578186035156 -21.71954345703125 0.0019726180471479893
-263.1506652832031 -21.67962074279785 0.0019849776290357113
-263.94384765625 -21.635778427124023 0.0019850539974868298
-264.7375183105469 -21.588380813598633 0.0019775009714066982
-265.5316467285156 -21.53783416748047 0.0019662093836814165
-266.3257141113281 -21.481342315673828 0.0019655609503388405
-267.11956787109375 -21.418668746948242 0.001984252827242017
-267.9132385253906 -21.351186752319336 0.0019970701541751623
-268.7066345214844 -21.27942657470703 0.0019995879847556353
-269.4996643066406 -21.203874588012695 0.0019950103014707565
-270.29229736328125 -21.125028610229492 0.001985702430829406
-271.08453369140625 -21.043373107910156 0.0019741440191864967
-271.8758239746094 -20.95606231689453 0.001973762409761548
-272.66607666015625 -20.862712860107422 0.0019929504487663507
-273.4557189941406 -20.764657974243164 0.0020053863991051912
-274.2448425292969 -20.662355422973633 0.0020069503225386143
-275.03350830078125 -20.556230545043945 0.002000198233872652
-275.82183837890625 -20.44670295715332 0.0019894028082489967
-276.6091613769531 -20.331052780151367 0.0019883345812559128
-277.3955078125 -20.209089279174805 0.0020051575265824795
-278.18115234375 -20.082172393798828 0.0020151138305664062
-278.9662170410156 -19.950836181640625 0.0020143890287727118
-279.7507019042969 -19.815582275390625 0.0020063018891960382
-280.53466796875 -19.676910400390625 0.001993980258703232
-281.31744384765625 -19.53221893310547 0.0019916915334761143
-282.09893798828125 -19.38138198852539 0.002007064875215292
-282.8795166015625 -19.22576332092285 0.0020156479440629482
-283.6592712402344 -19.06590461730957 0.0020139312837272882
-284.43829345703125 -18.902307510375977 0.0020050047896802425
-285.2167053222656 -18.735471725463867 0.0019918440375477076
-285.99456787109375 -18.565876007080078 0.0019771575462073088
-286.7710266113281 -18.39078140258789 0.001974029466509819
-287.5460205078125 -18.209821701049805 0.0019911956042051315
-288.3199462890625 -18.02429962158203 0.0020027922000736
-289.0928955078125 -17.83465576171875 0.0020035933703184128
-289.8650207519531 -17.641305923461914 0.0019972992595285177
-290.63641357421875 -17.444673538208008 0.001986656105145812
-291.4061584472656 -17.24211311340332 0.00198612199164927
-292.1741027832031 -17.033428192138672 0.0020035933703184128
-292.9408264160156 -16.819936752319336 0.0020139312837272882
-293.70635986328125 -16.602155685424805 0.002013587858527899
-294.4709167480469 -16.38057518005371 0.0020058059599250555
-295.2345886230469 -16.155677795410156 0.0019932554569095373
-295.9963684082031 -15.924938201904297 0.0019909667316824198
-296.7561950683594 -15.688232421875 0.0020065689459443092
-297.5146179199219 -15.44687557220459 0.0020152663346379995
-298.27178955078125 -15.201395988464355 0.002013587858527899
-299.0278015136719 -14.952281951904297 0.0020043181721121073
-299.7828674316406 -14.70002269744873 0.0019915772136300802
-300.5370788574219 -14.445091247558594 0.0019764327444136143
-301.289306640625 -14.184849739074707 0.0019751356448978186
-302.0394287109375 -13.91893196105957 0.0019916915334761143
-302.7879943847656 -13.648591995239258 0.0020026015117764473
-303.53515625 -13.374262809753418 0.0020036697387695312
-304.2810363769531 -13.09634780883789 0.0019972992595285177
-305.0257873535156 -12.81525993347168 0.001986617920920253
-305.7682800292969 -12.528461456298828 0.0019861601758748293
-306.50830078125 -12.23576545715332 0.002003364497795701
-307.24652099609375 -11.938429832458496 0.0020140456035733223
-307.9831848144531 -11.636955261230469 0.0020135496743023396
-308.7183837890625 -11.331814765930176 0.0020056532230228186
-309.45233154296875 -11.023482322692871 0.0019934081938117743
-310.18377685546875 -10.709548950195312 0.0019911574199795723
-310.91265869140625 -10.389893531799316 0.002006912138313055
-311.6395568847656 -10.06577205657959 0.0020155715756118298
-312.36474609375 -9.737689971923828 0.0020139694679528475
-313.08843994140625 -9.406122207641602 0.002004775917157531
-313.8108215332031 -9.071538925170898 0.0019915008451789618
-314.53204345703125 -8.734399795532227 0.0019765852484852076
-315.250732421875 -8.392197608947754 0.0019736099056899548
-315.96661376953125 -8.04459285736084 0.0019910431001335382
-316.68048095703125 -7.692769527435303 0.002002563327550888
-317.39251708984375 -7.337137222290039 0.002003364497795701
-318.1029052734375 -6.97808313369751 0.0019970701541751623
-318.8118591308594 -6.6160101890563965 0.0019863129127770662
-319.5178527832031 -6.248517990112305 0.0019858551677316427
-320.2208251953125 -5.875424861907959 0.0020035170018672943
-320.92144775390625 -5.497923851013184 0.0020141983404755592
-321.6200256347656 -5.116489410400391 0.002013626042753458
-322.3168029785156 -4.731570720672607 0.002005615271627903
-323.011962890625 -4.343626022338867 0.001993331825360656
-323.70574951171875 -3.9531009197235107 0.001979179447516799
-324.39654541015625 -3.557626247406006 0.0019765091128647327
-325.08416748046875 -3.1569018363952637 0.0019943618681281805
-325.76934814453125 -2.7520558834075928 0.002005958463996649
-326.4524230957031 -2.3434858322143555 0.0020071028266102076
-327.133544921875 -1.9315651655197144 0.002000427106395364
-327.81298828125 -1.516677975654602 0.0019893264397978783
-328.4890441894531 -1.0966681241989136 0.0019865036010742188
-329.1618347167969 -0.6714624166488647 0.002003898611292243
-329.83203125 -0.24215446412563324 0.002013091929256916
-330.5 0.19080787897109985 0.0020034790504723787
-331.1658630371094 0.6270104646682739 0.001999931177124381
-331.8299255371094 1.0660250186920166 0.0019898605532944202
-332.49169921875 1.5084890127182007 0.0019811629317700863
-333.15142822265625 1.9540284872055054 0.0019761656876653433
-333.80963134765625 2.40194034576416 0.0019707106985151768
-334.4664306640625 2.8518409729003906 0.001960487337782979
-335.12213134765625 3.303388833999634 0.0019474410219118
-335.77691650390625 3.756291151046753 0.0019342040177434683
-336.4309387207031 4.210291385650635 0.0019213485065847635
-337.0824279785156 4.66766357421875 0.00192089076153934
-337.7310485839844 5.128825664520264 0.0019404219929128885
-338.3775329589844 5.592958450317383 0.001954688923433423
-339.0220947265625 6.059854030609131 0.001959838904440403
-339.6649169921875 6.529297351837158 0.0019582747481763363
-340.3061218261719 7.001035213470459 0.0019528197590261698
-340.94287109375 7.478255271911621 0.0019620894454419613
-341.5738525390625 7.962412357330322 0.0020041274838149548
-342.2005920410156 8.452238082885742 0.002038345206528902
-342.8232727050781 8.947331428527832 0.0020549774635583162
-343.4423828125 9.447272300720215 0.0020575332455337048
-344.0581970214844 9.951573371887207 0.0020504759158939123
-344.6676940917969 10.463077545166016 0.0020564270671457052
-345.26947021484375 10.982938766479492 0.0020947265438735485
-345.86541748046875 11.509658813476562 0.00212345109321177
-346.4560546875 12.042597770690918 0.0021326064597815275
-347.0419006347656 12.581119537353516 0.002126617357134819
-347.62359619140625 13.124547958374023 0.0021107865031808615
-348.2015075683594 13.672197341918945 0.0020890808664262295
-348.77252197265625 14.226546287536621 0.002084274310618639
-349.33502197265625 14.78878116607666 0.0021167753729969263
-349.89093017578125 15.357498168945312 0.0021416854579001665
-350.4408874511719 15.932133674621582 0.0021483993623405695
-350.9855651855469 16.512130737304688 0.002140693599358201
-351.52545166015625 17.096908569335938 0.0021232604049146175
-352.0572204589844 17.688678741455078 0.0021196745801717043
-352.57965087890625 18.288217544555664 0.002148971427232027
-353.0946044921875 18.894187927246094 0.00216922746039927
-353.60302734375 19.505956649780273 0.0021709823049604893
-354.1056213378906 20.12289047241211 0.0021584320347756147
-354.60308837890625 20.74433135986328 0.0021366500295698643
-355.09600830078125 21.369613647460938 0.002110824454575777
-355.5809631347656 22.000661849975586 0.002101745456457138
-356.0563049316406 22.638309478759766 0.002130050677806139
-356.524169921875 23.28143310546875 0.0021510696969926357
-356.9853515625 23.929550170898438 0.0021552657708525658
-357.44049072265625 24.582250595092773 0.0022020721808075905
-357.8903503417969 25.23897361755371 0.0021411131601780653
-358.3310852050781 25.901405334472656 0.002119865268468857
-358.761474609375 26.570091247558594 0.0021426009479910135
-359.18365478515625 27.244020462036133 0.002161178505048156
-359.5986328125 27.922687530517578 0.002163200406357646
-360.0071105957031 28.6055850982666 0.0021517181303352118
-360.4097595214844 29.29217529296875 0.0021312714088708162
-360.80316162109375 29.98383140563965 0.0021247100085020065
-361.1859436035156 30.68095588684082 0.002150688087567687
-361.5604248046875 31.38265037536621 0.0021678160410374403
-361.9275207519531 32.088436126708984 0.0021669005509465933
-362.2881164550781 32.797855377197266 0.0021522140596061945
-362.64300537109375 33.51041030883789 0.0021294020116329193
-362.992919921875 34.22560501098633 0.0021026611793786287
-363.3341064453125 34.94462203979492 0.0020931244362145662
-363.6647033691406 35.667991638183594 0.002121238736435771
-363.9869689941406 36.39506912231445 0.002143211429938674
-364.3017883300781 37.12555694580078 0.0021478652488440275
-364.60992431640625 37.8591423034668 0.0021380996331572533
-364.91204833984375 38.5954704284668 0.002119865268468857
-365.20428466796875 39.335472106933594 0.002115707378834486
-365.4850769042969 40.07944107055664 0.0021445846650749445
-365.7568359375 40.82683563232422 0.002164993202313781
-366.02044677734375 41.577362060546875 0.002167091239243746
-366.27691650390625 42.33066940307617 0.0021546934731304646
-366.5270080566406 43.08637237548828 0.0021332930773496628
-366.7716369628906 43.84408187866211 0.0021076202392578125
-367.0068359375 44.604408264160156 0.0020988844335079193
-367.23077392578125 45.36759567260742 0.002127532847225666
-367.4457702636719 46.13330841064453 0.002149505540728569
-367.65277099609375 46.9013671875 0.0021540832240134478
-367.85247802734375 47.67156982421875 0.002143935998901725
-368.0457763671875 48.44365310668945 0.0021254729945212603
-368.2286376953125 49.21796417236328 0.0021208953112363815
-368.3995666503906 49.99455642700195 0.002149391220882535
-368.56103515625 50.773250579833984 0.0021686172112822533
-368.71405029296875 51.55388641357422 0.0021699522621929646
-368.8594970703125 52.336238861083984 0.0021569824311882257
-368.9982604980469 53.12006378173828 0.0021350861061364412
-369.13128662109375 53.905086517333984 0.0021094130352139473
-369.2545166015625 54.69135665893555 0.0021003722213208675
-369.3662414550781 55.47882843017578 0.002128334017470479
-369.4687805175781 56.26772689819336 0.0021483611781150103
-369.5633544921875 57.05989074707031 0.0021392821799963713
-369.65087890625 57.85762023925781 0.0021035384852439165
-369.7324523925781 58.662498474121094 0.0020520782563835382
-369.8050842285156 59.47550964355469 0.0020084762945771217
-369.8688659667969 60.29744338989258 0.0019862365443259478
-369.9256286621094 61.1287956237793 0.0019592666067183018
-369.9764099121094 61.9698600769043 0.0019230651669204235
-370.0221862792969 62.82080078125 0.0018807982560247183
-370.0632629394531 63.681697845458984 0.0018389892065897584
-370.10015869140625 64.5525894165039 0.001801567035727203
-370.1334228515625 65.43350219726562 0.0017690658569335938
-370.1636657714844 66.32440948486328 0.0017400741344317794
-370.1913146972656 67.22528839111328 0.0017140960553660989
-370.2169189453125 68.13611602783203 0.0016907881945371628
-370.2406311035156 69.05683898925781 0.0016703414730727673
-370.2629089355469 69.9874267578125 0.0016522979130968451
-370.2841796875 70.92782592773438 0.0016361236339434981
-370.3044128417969 71.87798309326172 0.001622276264242828
-370.3238525390625 72.83785247802734 0.0016107559204101562
-370.3426818847656 73.80738067626953 0.0016013336135074496
-370.3611755371094 74.7865219116211 0.001593093853443861
-370.37933349609375 75.77521514892578 0.0015858459519222379
-370.3972473144531 76.77342224121094 0.001580314594320953
-370.4150695800781 77.78108215332031 0.0015759658999741077
-370.4328918457031 78.79814910888672 0.0015723800752311945
-370.4507751464844 79.8245849609375 0.0015691375592723489
-370.46868896484375 80.8603286743164 0.0015668487176299095
-370.48681640625 81.90531921386719 0.0015652464935556054
-370.50506591796875 82.95951843261719 0.0015642928192391992
-370.5235595703125 84.02288818359375 0.001563491765409708
-370.5420227050781 85.0953598022461 0.00156402587890625
-370.56048583984375 86.1769027709961 0.001566238352097571
-370.5788269042969 87.2674789428711 0.0015686798142269254
-370.5970764160156 88.36701202392578 0.0015710067236796021
-370.61517333984375 89.4754867553711 0.0015734100015833974
-370.6326599121094 90.59284210205078 0.0015771102625876665
-370.64935302734375 91.71904754638672 0.0015834044897928834
-370.6653747558594 92.85404968261719 0.0015893554082140326
-370.6804504394531 93.9977798461914 0.0015948485815897584
-370.694091796875 95.15022277832031 0.0016014480497688055
-370.70611572265625 96.31132507324219 0.001610183622688055
-370.716552734375 97.48103332519531 0.0016179275698959827
-370.72515869140625 98.6593017578125 0.0016249846667051315
-370.7315979003906 99.84608459472656 0.0016318130074068904
-370.73577880859375 101.04132843017578 0.001639518653973937
-370.7376403808594 102.24492645263672 0.0016463851789012551
-370.7370910644531 103.45638275146484 0.0016554641770198941
-370.734130859375 104.67401885986328 0.0016728591872379184
-370.72882080078125 105.89534759521484 0.0017030715243890882
-370.7211608886719 107.11752319335938 0.0017453384352847934
-370.7113342285156 108.33807373046875 0.0017949294997379184
-370.69952392578125 109.55529022216797 0.0018445205641910434
-370.6858825683594 110.76839447021484 0.001887741032987833
-370.670654296875 111.97745513916016 0.0019193267216905951
-370.6540222167969 113.18321990966797 0.0019369887886568904
-370.6360168457031 114.38693237304688 0.001940994174219668
-370.616943359375 115.58993530273438 0.0019322966691106558
-370.5970153808594 116.7934799194336 0.0019145965343341231
-370.5763244628906 117.99850463867188 0.0018926238408312201
-370.5549621582031 119.20547485351562 0.0018708419520407915
-370.5332336425781 120.41445922851562 0.0018514251569285989
-370.5113220214844 121.62510681152344 0.0018367385491728783
-370.4891662597656 122.83686065673828 0.0018286132253706455
-370.4670104980469 124.0490493774414 0.0018261718796566129
-370.445068359375 125.26103973388672 0.0018280410440638661
-370.4233093261719 126.47235870361328 0.0018325423588976264
-370.4018249511719 127.68275451660156 0.0018374251667410135
-370.380615234375 128.8921661376953 0.0018418502295389771
-370.3597717285156 130.10072326660156 0.0018466186011210084
-370.3392639160156 131.30870056152344 0.0018507003551349044
-370.3191223144531 132.51644897460938 0.0018526077037677169
-370.29937744140625 133.7242431640625 0.001851959154009819
-370.27984619140625 134.93234252929688 0.0018496703123673797
-370.2607421875 136.14089965820312 0.0018469238420948386
-370.2418212890625 137.3499298095703 0.0018440628191456199
-370.2232360839844 138.55938720703125 0.0018418884137645364
-370.204833984375 139.7685546875 0.0018453216180205345
-370.18670654296875 140.97279357910156 0.0018768310546875
-370.1689453125 142.1664581298828 0.0019375609699636698
-370.15142822265625 143.34625244140625 0.0020093154162168503
-370.13433837890625 144.5104217529297 0.0020789336413145065
-370.1175231933594 145.658203125 0.0021389008034020662
-370.10107421875 146.78753662109375 0.0021982192993164062
-370.0849609375 147.89724731445312 0.002250518649816513
-370.0692138671875 148.98800659179688 0.0022881317418068647
-370.0537414550781 150.0607452392578 0.002310600131750107
-370.0385437011719 151.11553955078125 0.00232524867169559
-370.0235900878906 152.15357971191406 0.002327575581148267
-370.0088195800781 153.17796325683594 0.0023094939533621073
-369.9941711425781 154.19369506835938 0.002262763911858201
-369.9795227050781 155.2055206298828 0.0021943282335996628
-369.96490478515625 156.21600341796875 0.0021212769206613302
-369.95025634765625 157.22706604003906 0.0020503615960478783
-369.9354553222656 158.2401885986328 0.0019853210542351007
-369.9206237792969 159.25608825683594 0.0019303893204778433
-369.9056701660156 160.27427673339844 0.001891822787001729
-369.8906555175781 161.2900390625 0.001892471220344305
-369.8758239746094 162.29757690429688 0.001930618193000555
-369.8611145019531 163.29348754882812 0.0019861983601003885
-369.8465576171875 164.276123046875 0.0020437240600585938
-369.8321838378906 165.24476623535156 0.002094917232170701
-369.8180236816406 166.19757080078125 0.0021447371691465378
-369.8041076660156 167.13441467285156 0.0021853637881577015
-369.7903747558594 168.0565948486328 0.002207870362326503
-369.7768249511719 168.96755981445312 0.002202529925853014
-369.7633361816406 169.8720703125 0.0021675110328942537
-369.7498779296875 170.7722625732422 0.002123718149960041
-369.7365417480469 171.66915893554688 0.0020796966273337603
-369.7232666015625 172.56442260742188 0.0020343780051916838
-369.7099914550781 173.45982360839844 0.0019876861479133368
-369.6966857910156 174.3567352294922 0.0019424819620326161
-369.6831970214844 175.2553253173828 0.0019067382672801614
-369.6698303222656 176.15187072753906 0.0019020079635083675
-369.65655517578125 177.04135131835938 0.001930618193000555
-369.6434326171875 177.92083740234375 0.001975212013348937
-369.6304626464844 178.78915405273438 0.002020454267039895
-369.61761474609375 179.646728515625 0.0020547485910356045
-369.60491943359375 180.4935302734375 0.0020809173583984375
-369.5923767089844 181.33079528808594 0.002092246897518635
-369.5798645019531 182.16197204589844 0.0020786665845662355
-369.5674133300781 182.991455078125 0.0020387268159538507
-369.5547180175781 183.8226318359375 0.001984939444810152
-369.54205322265625 184.65438842773438 0.0019470977131277323
-369.52947998046875 185.48207092285156 0.0019450377440080047
-369.5169982910156 186.3020477294922 0.001968917902559042
-369.504638671875 187.11276245117188 0.0020011519081890583
-369.49237060546875 187.914306640625 0.00202739704400301
-369.4801940917969 188.7080841064453 0.0020402525551617146
-369.46807861328125 189.49632263183594 0.002034797566011548
-369.4559631347656 190.28160095214844 0.0020123289432376623
-369.44384765625 191.0663299560547 0.0019778823480010033
-369.4317932128906 191.8524169921875 0.0019374083494767547
-369.4198303222656 192.64105224609375 0.0018972015241160989
-369.40771484375 193.43275451660156 0.001862335135228932
-369.39556884765625 194.2273712158203 0.0018356704385951161
-369.3833923339844 195.0242462158203 0.0018198775360360742
-369.3709716796875 195.82186889648438 0.0018182372441515326
-369.3585510253906 196.6188201904297 0.001827239990234375
-369.3460388183594 197.4142303466797 0.0018409728072583675
-369.3334045410156 198.20767211914062 0.0018552398541942239
-369.3206481933594 198.9991912841797 0.0018667601980268955
-369.3033447265625 199.7883758544922 0.0018921660957857966
-369.2790832519531 200.57424926757812 0.0019551466684788465
-369.2493591308594 201.3567352294922 0.0020111084450036287
-369.2144775390625 202.13616943359375 0.002046203473582864
-369.1748046875 202.91319274902344 0.0020608138293027878
-369.1305847167969 203.6886444091797 0.0020589064806699753
-369.078125 204.4626922607422 0.0020623779855668545
-369.0162353515625 205.23587036132812 0.0020869446452707052
-368.9467468261719 206.009033203125 0.0021000669803470373
-368.8701477050781 206.7825469970703 0.0020978928077965975
-368.7825012207031 207.55555725097656 0.0021035766694694757
-368.6827697753906 208.32760620117188 0.0021348190493881702
-368.57269287109375 209.09906005859375 0.0021567917428910732
-368.448974609375 209.86846923828125 0.0021815109066665173
-368.31109619140625 210.63534545898438 0.002221450675278902
-368.1609191894531 211.400146484375 0.0022451782133430243
-367.99566650390625 212.16143798828125 0.0022668074816465378
-367.8153076171875 212.9188995361328 0.0022979355417191982
-367.6219177246094 213.6732635498047 0.0023104094434529543
-367.416748046875 214.4247283935547 0.0023031234741210938
-367.19720458984375 215.17184448242188 0.0022988892160356045
-366.9635925292969 215.91441345214844 0.0023110199254006147
-366.71795654296875 216.65333557128906 0.0023102187551558018
-366.4580383300781 217.3871307373047 0.0023102951236069202
-366.18414306640625 218.11566162109375 0.0023226547054946423
-365.8982238769531 218.83990478515625 0.002320632804185152
-365.59820556640625 219.55824279785156 0.0023188400082290173
-365.2844543457031 220.27061462402344 0.0023285674396902323
-364.95892333984375 220.97808837890625 0.0023238754365593195
-364.6229248046875 221.68109130859375 0.0023037719074636698
-364.2740783691406 222.37794494628906 0.002288246061652899
-363.91204833984375 223.06982421875 0.002283019945025444
-363.5379943847656 223.75914001464844 0.0022607040591537952
-363.1495361328125 224.44444274902344 0.0022400664165616035
-362.7465515136719 225.12571716308594 0.0022363662719726562
-362.3310852050781 225.80377197265625 0.0022262954153120518
-361.90155029296875 226.47572326660156 0.00221050251275301
-361.4586181640625 227.14059448242188 0.0022369003854691982
-361.0045471191406 227.79893493652344 0.0022534560412168503
-360.5382080078125 228.44786071777344 0.0022674179635941982
-360.05999755859375 229.08688354492188 0.00229301443323493
-359.5719299316406 229.71734619140625 0.002306289505213499
-359.07513427734375 230.33987426757812 0.0023020170629024506
-358.56781005859375 230.95230102539062 0.0022998047061264515
-358.05010986328125 231.55474853515625 0.0023121642880141735
-357.5233154296875 232.1490020751953 0.0023108290042728186
-356.9858093261719 232.73300170898438 0.0023093796335160732
-356.4376220703125 233.3068084716797 0.0023198318667709827
-355.8800048828125 233.87220764160156 0.002316169673576951
-355.31146240234375 234.4268035888672 0.0023130415938794613
-354.7323303222656 234.97064208984375 0.0023229599464684725
-354.14398193359375 235.50537109375 0.002319679129868746
-353.54730224609375 236.03176879882812 0.002301444998010993
-352.9411315917969 236.5471954345703 0.0022904968354851007
-352.32574462890625 237.05142211914062 0.0022990035358816385
-351.70245361328125 237.54617309570312 0.0022979355417191982
-351.07025146484375 238.02882385253906 0.002299461280927062
-350.4294128417969 238.4993438720703 0.002314681885764003
-349.7808837890625 238.95957946777344 0.002316055353730917
-349.1238098144531 239.4069061279297 0.002310867188498378
-348.45855712890625 239.84140014648438 0.0023302841000258923
-347.7859191894531 240.26499938964844 0.002331123221665621
-347.1052551269531 240.67515563964844 0.0023302841000258923
-346.4167785644531 241.07208251953125 0.002339973347261548
-345.72161865234375 241.4578094482422 0.002335243159905076
-345.0203857421875 241.83338928222656 0.002314987126737833
-344.3123474121094 242.19558715820312 0.0023033141624182463
-343.5978088378906 242.54417419433594 0.002314453013241291
-342.877685546875 242.8818359375 0.002312087919563055
-342.1528015136719 243.20989990234375 0.0022919843904674053
-341.423828125 243.52957153320312 0.0022594069596379995
-340.69134521484375 243.84197998046875 0.0022201919928193092
-339.9549255371094 244.14418029785156 0.0021957778371870518
-339.2145690917969 244.43589782714844 0.002199058420956135
-338.4710388183594 244.71954345703125 0.0021945952903479338
-337.7248840332031 244.9962615966797 0.0021762466058135033
-336.9764099121094 245.26702880859375 0.0021484754979610443
-336.2259216308594 245.53273010253906 0.0021160126198083162
-335.47393798828125 245.7942352294922 0.0020825958345085382
-334.7196044921875 246.04774475097656 0.002067413181066513
-333.96258544921875 246.29159545898438 0.0020897674839943647
-333.2031555175781 246.52810668945312 0.002106742700561881
-332.44158935546875 246.75808715820312 0.0021081543527543545
-331.6781311035156 246.9822540283203 0.0020968245808035135
-330.9128723144531 247.2013397216797 0.0020777892787009478
-330.146240234375 247.4160919189453 0.0020549774635583162
-329.37762451171875 247.62245178222656 0.002049102680757642
-328.60675048828125 247.81857299804688 0.0020801161881536245
-327.83392333984375 248.0067901611328 0.0021041107829660177
-327.05926513671875 248.18798828125 0.0021104812622070312
-326.2829284667969 248.36294555664062 0.0021023177541792393
-325.50518798828125 248.53250122070312 0.0020849991124123335
-324.72625732421875 248.69737243652344 0.0020627975463867188
-323.9464111328125 248.8583984375 0.0020389556884765625
-323.16534423828125 249.01165771484375 0.0020319747272878885
-322.3829345703125 249.1554412841797 0.0020606231410056353
-321.5992126464844 249.2919464111328 0.0020831299480050802
-320.8143005371094 249.4219207763672 0.0020889663137495518
-320.02825927734375 249.54605102539062 0.0020819471683353186
-319.24127197265625 249.66500854492188 0.002066764747723937
-318.4534606933594 249.77951049804688 0.0020469664596021175
-317.66473388671875 249.8857879638672 0.0020423508249223232
-316.8751525878906 249.9827423095703 0.0020685195922851562
-316.08465576171875 250.07247924804688 0.0020865630358457565
-315.2933044433594 250.15577697753906 0.0020889281295239925
-314.5011901855469 250.23341369628906 0.002079010009765625
-313.7085266113281 250.3061065673828 0.0020618820562958717
-312.9153137207031 250.3745574951172 0.002040977356955409
-312.1216735839844 250.43551635742188 0.0020339966285973787
-311.32769775390625 250.4883270263672 0.0020532608032226562
-310.5332946777344 250.53482055664062 0.0020650101359933615
-309.7384948730469 250.57579040527344 0.0020635223481804132
-308.943359375 250.6118927001953 0.002052154392004013
-308.14794921875 250.6437225341797 0.00203533167950809
-307.3523254394531 250.67201232910156 0.0020156479440629482
-306.5565490722656 250.6951141357422 0.0020036697387695312
-305.76068115234375 250.71347045898438 0.0020028685685247183
-304.9647216796875 250.72837829589844 0.001997451763600111
-304.168701171875 250.74032592773438 0.00198612199164927
-303.37261962890625 250.74981689453125 0.001971092075109482
-302.5765380859375 250.75726318359375 0.0019548796117305756
-301.78045654296875 250.76312255859375 0.0019384765764698386
-300.9843444824219 250.7676544189453 0.001922073308378458
-300.1882629394531 250.7712860107422 0.0019090651767328382
-299.39215087890625 250.77389526367188 0.001898117014206946
-298.5960693359375 250.77566528320312 0.0018885420868173242
-297.79998779296875 250.7768096923828 0.0018819427350535989
-297.0038757324219 250.77749633789062 0.0018755340715870261
-296.2077941894531 250.7777557373047 0.0018697356572374701
-295.41168212890625 250.77769470214844 0.0018644332885742188
