-313.7999572753906 245.34999084472656 0.05658908560872078
-313.7999572753906 245.34999084472656 0.037209320813417435
-313.7999572753906 245.34999084472656 0.024632567539811134
-313.7999572753906 245.34999084472656 0.01648513786494732
-313.7999572753906 245.34999084472656 0.011215858161449432
-313.7999572753906 245.34999084472656 0.00781330093741417
-313.7999572753906 245.34999084472656 0.0056195068173110485
-313.7999572753906 245.34999084472656 0.004207038786262274
-313.7999572753906 245.34999084472656 0.003298797644674778
-313.7999572753906 245.34999084472656 0.0027156067080795765
-313.7999572753906 245.34999084472656 0.0023415375035256147
-313.7999572753906 245.34999084472656 0.002101898193359375
-313.7999572753906 245.34999084472656 0.002101898193359375
-313.7999572753906 245.34999084472656 0.002101898193359375
-313.7999572753906 245.34999084472656 0.002101898193359375
-313.7999572753906 245.34999084472656 0.002101898193359375
-313.7999572753906 245.34999084472656 0.002101898193359375
-313.7999572753906 245.34999084472656 0.002101898193359375
-313.7999572753906 245.34999084472656 0.002101898193359375
-313.7999572753906 245.34999084472656 0.002101898193359375
-313.7999572753906 245.34999084472656 0.002101898193359375
-313.7999572753906 245.34999084472656 0.002101898193359375
-313.7999572753906 245.34999084472656 0.002101898193359375
-313.7999572753906 245.34999084472656 0.002101898193359375
-313.7999572753906 245.34999084472656 0.002101898193359375
-313.7999572753906 245.34999084472656 0.002101898193359375
-313.7999572753906 245.34999084472656 0.002101898193359375
-313.7999572753906 245.34999084472656 0.002101898193359375
-313.7999572753906 245.34999084472656 0.002101898193359375
-313.7999572753906 245.34999084472656 0.002101898193359375
-313.7999572753906 245.34999084472656 0.002101898193359375
-313.7999572753906 245.34999084472656 0.002101898193359375
-313.7999572753906 245.34999084472656 0.002101898193359375
-313.7999572753906 245.34999084472656 0.002101898193359375
-313.7999572753906 245.34999084472656 0.002101898193359375
-313.7999572753906 245.34999084472656 0.002101898193359375
-313.7999572753906 245.34999084472656 0.002101898193359375
-313.7999572753906 245.34999084472656 0.002101898193359375
-313.7999572753906 245.34999084472656 0.002101898193359375
-313.7999572753906 245.34999084472656 0.002101898193359375
-313.7999572753906 245.34999084472656 0.002101898193359375
-313.7999572753906 245.34999084472656 0.002101898193359375
-313.7999572753906 245.34999084472656 0.002101898193359375
-313.7999572753906 245.34999084472656 0.002101898193359375
-313.7999572753906 245.34999084472656 0.002101898193359375
-313.7999572753906 245.34999084472656 0.002101898193359375
-313.7999572753906 245.34999084472656 0.002101898193359375
-313.7999572753906 245.34999084472656 0.002101898193359375
-313.7999572753906 245.34999084472656 0.002101898193359375
-313.7999572753906 245.34999084472656 0.002101898193359375
-313.7999572753906 245.34999084472656 0.002101898193359375
-313.7999572753906 245.34999084472656 0.002101898193359375
-313.7999572753906 245.34999084472656 0.002101898193359375
-313.7999572753906 245.34999084472656 0.002101898193359375
-313.7999572753906 245.34999084472656 0.002101898193359375
-313.7999572753906 245.34999084472656 0.002101898193359375
-313.7999572753906 245.34999084472656 0.002101898193359375
-313.7999572753906 245.34999084472656 0.002101898193359375
-313.7999572753906 245.34999084472656 0.002101898193359375
-313.7999572753906 245.34999084472656 0.002101898193359375
-313.7999572753906 245.34999084472656 0.002101898193359375
-313.7999572753906 245.34999084472656 0.002101898193359375
-313.7999572753906 245.34999084472656 0.002101898193359375
-313.7999572753906 245.34999084472656 0.002101898193359375
-313.7999572753906 245.34999084472656 0.002101898193359375
-313.7999572753906 245.34999084472656 0.002101898193359375
-313.7999572753906 245.34999084472656 0.002101898193359375
-313.7999572753906 245.34999084472656 0.002101898193359375
-313.7999572753906 245.34999084472656 0.002101898193359375
-313.7999572753906 245.34999084472656 0.002101898193359375
-313.7999572753906 245.34999084472656 0.002101898193359375
-313.7999572753906 245.34999084472656 0.002101898193359375
-313.7999572753906 245.34999084472656 0.002101898193359375
-313.7999572753906 245.34999084472656 0.002101898193359375
-313.7999572753906 245.34999084472656 0.002101898193359375
-313.7999572753906 245.34999084472656 0.002101898193359375
-313.7999572753906 245.34999084472656 0.002101898193359375
-313.7999572753906 245.34999084472656 0.002101898193359375
-313.7999572753906 245.34999084472656 0.002101898193359375
-313.7999572753906 245.34999084472656 0.002101898193359375
-313.7999572753906 245.34999084472656 0.002101898193359375
-313.7999572753906 245.34999084472656 0.002101898193359375
-313.7999572753906 245.34999084472656 0.002101898193359375
-313.7999572753906 245.34999084472656 0.002101898193359375
-313.7999572753906 245.34999084472656 0.002101898193359375
-313.7999572753906 245.34999084472656 0.002101898193359375
-313.7999572753906 245.34999084472656 0.002101898193359375
-313.7999572753906 245.34999084472656 0.002101898193359375
-313.7999572753906 245.34999084472656 0.002101898193359375
-313.7999572753906 245.34999084472656 0.002101898193359375
-313.7999572753906 245.34999084472656 0.001789588830433786
-313.7999572753906 245.34999084472656 0.0016783904284238815
-313.7999572753906 245.34999084472656 0.0016344451578333974
-313.7999572753906 245.34999084472656 0.0016231536865234375
-313.7999572753906 245.34999084472656 0.0016263580182567239
-313.7999572753906 245.34999084472656 0.001634788466617465
-313.7999572753906 245.34999084472656 0.001644134521484375
-313.7999572753906 245.34999084472656 0.0016525649698451161
-313.7999572753906 245.34999084472656 0.00165557861328125
-313.7999572753906 245.34999084472656 0.0016593551263213158
-313.7999572753906 245.34999084472656 0.0016634749481454492
-313.7999572753906 245.34999084472656 0.0016671371413394809
-313.7999572753906 245.34999084472656 0.001670150668360293
-313.7999572753906 245.34999084472656 0.0016724395100027323
-313.7999572753906 245.34999084472656 0.0016741561703383923
-313.7999572753906 245.34999084472656 0.0016753769014030695
-313.7999572753906 245.34999084472656 0.0016753769014030695
-313.7999572753906 245.34999084472656 0.0016753769014030695
-313.7999572753906 245.34999084472656 0.00167675013653934
-313.7999572753906 245.34999084472656 0.00167675013653934
-313.7999572753906 245.34999084472656 0.00167675013653934
-313.7999572753906 245.34999084472656 0.00167675013653934
-313.7999572753906 245.34999084472656 0.001677780062891543
-313.7999572753906 245.34999084472656 0.001677780062891543
-313.7999572753906 245.34999084472656 0.001677780062891543
-313.7999572753906 245.34999084472656 0.001677780062891543
-313.7999572753906 245.34999084472656 0.001677780062891543
-313.7999572753906 245.34999084472656 0.001677780062891543
-313.7999572753906 245.34999084472656 0.001677780062891543
-313.7999572753906 245.34999084472656 0.001677780062891543
-313.7999572753906 245.34999084472656 0.001677780062891543
-313.7999572753906 245.34999084472656 0.001677780062891543
-313.7999572753906 245.34999084472656 0.001677780062891543
-313.7999572753906 245.34999084472656 0.001677780062891543
-313.7999572753906 245.34999084472656 0.001677780062891543
-313.7999572753906 245.34999084472656 0.001677780062891543
-313.7999572753906 245.34999084472656 0.001677780062891543
-313.7999572753906 245.34999084472656 0.001677780062891543
-313.7999572753906 245.34999084472656 0.001677780062891543
-313.7705383300781 245.34999084472656 0.0015116882277652621
-313.7117004394531 245.34999084472656 0.0013598251389339566
-313.631591796875 245.35009765625 0.0013082122895866632
-313.5382080078125 245.35011291503906 0.0012512969551607966
-313.4352722167969 245.35009765625 0.0012565994402393699
-313.3244934082031 245.35009765625 0.0012868881458416581
-313.20654296875 245.35006713867188 0.0013233566423878074
-313.0816955566406 245.35009765625 0.001357498113065958
-312.95013427734375 245.35006713867188 0.001386680523864925
-312.8119201660156 245.35006713867188 0.0014097975799813867
-312.6669921875 245.35006713867188 0.001427345210686326
-312.5152587890625 245.35006713867188 0.001440086285583675
-312.3565673828125 245.35006713867188 0.001448783790692687
-312.1908264160156 245.35006713867188 0.0014542769640684128
-312.01788330078125 245.35006713867188 0.0014571379870176315
-311.83758544921875 245.35006713867188 0.0014580535935238004
-311.6497497558594 245.35006713867188 0.0014574812958016992
-311.45428466796875 245.35006713867188 0.0014561843127012253
-311.2510986328125 245.35006713867188 0.0014545440208166838
-311.0402526855469 245.35006713867188 0.0014530563494190574
-310.8216857910156 245.35006713867188 0.0014516448136419058
-310.5953063964844 245.35006713867188 0.0014500045217573643
-310.3610534667969 245.35006713867188 0.0014485549181699753
-310.1188659667969 245.35006713867188 0.0014467239379882812
-309.8685607910156 245.35006713867188 0.0015733337495476007
-309.61029052734375 245.35006713867188 0.0017321394989266992
-309.3509216308594 245.35006713867188 0.0018111419631168246
-309.0919189453125 245.35006713867188 0.001843414269387722
-308.8305969238281 245.35006713867188 0.0018387603340670466
-308.5655212402344 245.35006713867188 0.0018175124423578382
-308.2947082519531 245.35006713867188 0.001785011263564229
-308.01751708984375 245.35006713867188 0.001751861535012722
-307.7323913574219 245.35006713867188 0.0017171096988022327
-307.4390869140625 245.35006713867188 0.0016866301884874701
-307.136474609375 245.35006713867188 0.0016575622139498591
-306.8244934082031 245.35006713867188 0.0016336441040039062
-306.5023193359375 245.35006713867188 0.001610717736184597
-306.1699523925781 245.35006713867188 0.0015923690516501665
-305.82666015625 245.35006713867188 0.001574287423864007
-305.4725036621094 245.35009765625 0.0015599059406667948
-305.1067199707031 245.35006713867188 0.0015452957013621926
-304.7294006347656 245.3500518798828 0.0015334701165556908
-304.33984375 245.35009765625 0.0015207672258839011
-303.9383239746094 245.35009765625 0.0015106963692232966
-303.52410888671875 245.35006713867188 0.0015003203880041838
-303.0973815917969 245.35006713867188 0.0014920806279405951
-302.6575012207031 245.35006713867188 0.0014825058169662952
-302.2044372558594 245.35006713867188 0.0014739990001544356
-301.7375793457031 245.35006713867188 0.0014637756394222379
-301.25677490234375 245.35006713867188 0.0014542769640684128
-300.76116943359375 245.35006713867188 0.0014421462547034025
-300.2502746582031 245.35006713867188 0.0014282608171924949
-299.7236022949219 245.35006713867188 0.0014146041357889771
-299.18157958984375 245.35006713867188 0.0014065169962123036
-298.6244812011719 245.35006713867188 0.0014019012451171875
-298.0525817871094 245.35006713867188 0.0014002608368173242
-297.4658203125 245.35006713867188 0.0013992690946906805
-296.8642578125 245.35006713867188 0.001398811349645257
-296.2476806640625 245.35006713867188 0.001397209125570953
-295.61602783203125 245.35006713867188 0.001395378028973937
-294.9690246582031 245.35006713867188 0.001392364501953125
-294.3065185546875 245.35006713867188 0.0013885498046875
-293.6282653808594 245.35006713867188 0.0013843917986378074
-292.93426513671875 245.35006713867188 0.0013806151691824198
-292.2243957519531 245.35006713867188 0.0013771437807008624
-291.4990234375 245.3500213623047 0.0013769912766292691
-290.76153564453125 245.34991455078125 0.0013989257859066129
-290.01910400390625 245.34983825683594 0.0014628219651058316
-289.2787170410156 245.34974670410156 0.0015599059406667948
-288.5447998046875 245.34963989257812 0.001668968121521175
-287.8200988769531 245.3495330810547 0.001774597098119557
-287.1062927246094 245.34942626953125 0.001868781982921064
-286.40447998046875 245.34933471679688 0.0019484710646793246
-285.7151184082031 245.3492889404297 0.0020134353544563055
-285.0386047363281 245.3492889404297 0.002064666710793972
-284.37506103515625 245.3492889404297 0.0021041869185864925
-283.7243957519531 245.3492889404297 0.002134132431820035
-283.08660888671875 245.3492889404297 0.0021562958136200905
-282.46148681640625 245.3492889404297 0.0021718977950513363
-281.848876953125 245.3492889404297 0.0021818922832608223
-281.24859619140625 245.34925842285156 0.002172927837818861
-280.660400390625 245.34922790527344 0.0021855162922292948
-280.0841064453125 245.34922790527344 0.0021839903201907873
-279.51953125 245.34921264648438 0.002183036645874381
-278.9663391113281 245.34930419921875 0.0021813202183693647
-278.42413330078125 245.34930419921875 0.0021779632661491632
-277.8925476074219 245.3492889404297 0.0021728132851421833
-277.37139892578125 245.34933471679688 0.0021675871685147285
-276.86077880859375 245.35382080078125 0.0021791839972138405
-276.3613586425781 245.3671112060547 0.002239837544038892
-275.8719787597656 245.382080078125 0.0022751998621970415
-275.392578125 245.3955535888672 0.0022538756020367146
-274.9226379394531 245.40879821777344 0.0022168350405991077
-274.4625244140625 245.42210388183594 0.002188720740377903
-274.0115661621094 245.43540954589844 0.002167091239243746
-273.57012939453125 245.4486541748047 0.0021539307199418545
-273.1376037597656 245.4617919921875 0.002141570905223489
-272.71429443359375 245.47470092773438 0.0021337508223950863
-272.2995910644531 245.48745727539062 0.0021238327026367188
-271.89385986328125 245.49993896484375 0.0021190261468291283
-271.4964904785156 245.5121612548828 0.0021117019932717085
-271.1078186035156 245.52410888671875 0.0021083832252770662
-270.72723388671875 245.53579711914062 0.0021022034343332052
-270.3551025390625 245.5472412109375 0.0020993042271584272
-269.9908447265625 245.55845642089844 0.002093620365485549
-269.6347961425781 245.5694122314453 0.0020912550389766693
-269.28643798828125 245.5801239013672 0.0020847320556640625
-268.9460144042969 245.59060668945312 0.002089271554723382
-268.6130065917969 245.600830078125 0.0020861816592514515
-268.28778076171875 245.61080932617188 0.0020842361263930798
-267.96966552734375 245.6205596923828 0.002078094519674778
-267.6591491699219 245.63015747070312 0.0020752334967255592
-267.35552978515625 245.63951110839844 0.0020689773373305798
-267.05926513671875 245.6486053466797 0.0020665358752012253
-266.76971435546875 245.657470703125 0.0020610427018254995
-266.4873352050781 245.6661834716797 0.0020592499058693647
-266.21142578125 245.67466735839844 0.0020494461059570312
-265.9425048828125 245.68299865722656 0.0020328520331531763
-265.67987060546875 245.6912384033203 0.002027969341725111
-265.423583984375 245.69932556152344 0.002027969341725111
-265.1730651855469 245.70697021484375 0.001962203998118639
-264.9260559082031 245.71435546875 0.001759338309057057
-264.6826171875 245.7216033935547 0.0016831207321956754
-264.4433898925781 245.7286834716797 0.0016706085298210382
-264.2088928222656 245.73182678222656 0.0017012786120176315
-263.9792785644531 245.7339630126953 0.0017463683616369963
-263.7543640136719 245.73831176757812 0.0017617797711864114
-263.5340270996094 245.74317932128906 0.0017679977463558316
-263.3182373046875 245.74807739257812 0.0017765808152034879
-263.10699462890625 245.7529296875 0.0016532897716388106
-262.900146484375 245.75767517089844 0.001627273508347571
-262.6976623535156 245.76229858398438 0.0016419983003288507
-262.4993591308594 245.76683044433594 0.0016697692917659879
-262.30523681640625 245.771240234375 0.0016990661388263106
-262.1151428222656 245.77554321289062 0.0017132950015366077
-261.92901611328125 245.7796630859375 0.001699371263384819
-261.7467041015625 245.78390502929688 0.001692924415692687
-261.5681457519531 245.78802490234375 0.001705932547338307
-261.3932189941406 245.7920379638672 0.0017217635177075863
-261.2218933105469 245.7959747314453 0.0017365645617246628
-261.0540771484375 245.7998046875 0.0017485045827925205
-260.8897399902344 245.8035430908203 0.0017575453966856003
-260.72869873046875 245.80728149414062 0.0017651367234066129
-260.5710144042969 245.8109130859375 0.0017667770152911544
-260.41650390625 245.81455993652344 0.0017497253138571978
-260.2652587890625 245.81805419921875 0.001749229384586215
-260.1169738769531 245.8216552734375 0.001541786128655076
-259.9718322753906 245.8251190185547 0.001529693603515625
-259.82958984375 245.8284454345703 0.001555862370878458
-259.69036865234375 245.8317108154297 0.001589927589520812
-259.5539245605469 245.83493041992188 0.0016281509306281805
-259.42059326171875 245.83531188964844 0.0016736602410674095
-259.29022216796875 245.83200073242188 0.0017269515665248036
-259.1625671386719 245.83119201660156 0.0017496108775958419
-259.0375671386719 245.83262634277344 0.001737518236041069
-258.9151306152344 245.8343048095703 0.001729087787680328
-258.7951965332031 245.836181640625 0.0017060469835996628
-258.67779541015625 245.8379364013672 0.0017050552414730191
-258.5627746582031 245.83963012695312 0.0017100905533879995
-258.4501647949219 245.84127807617188 0.0017190551152452826
-258.3398132324219 245.84298706054688 0.0017134094377979636
-258.2317810058594 245.84454345703125 0.0017177199479192495
-258.12591552734375 245.8461151123047 0.0017224883195012808
-258.0223083496094 245.8476104736328 0.0017275619320571423
-257.92041015625 245.84825134277344 0.0031223297119140625
-257.82110595703125 245.85040283203125 0.0037779235281050205
-257.7239074707031 245.85194396972656 0.0038172912318259478
-257.6287841796875 245.8533172607422 0.0035529707092791796
-257.5355529785156 245.8546600341797 0.0031928252428770065
-257.44427490234375 245.85597229003906 0.0028427885845303535
-257.35479736328125 245.8572540283203 0.0025376128032803535
-257.2672119140625 245.85850524902344 0.002306137001141906
-257.1813659667969 245.8597412109375 0.00213108048774302
-257.09735107421875 245.86097717285156 0.002004012931138277
-257.0149841308594 245.86219787597656 0.0019028853857889771
-256.9343566894531 245.86337280273438 0.0018333815969526768
-256.85552978515625 245.86248779296875 0.0017962264828383923
-256.7785339355469 245.8595428466797 0.0017867659917101264
-256.7030944824219 245.85623168945312 0.0017786026000976562
-256.6292419433594 245.8553466796875 0.0017591476207599044
-256.5568542480469 245.8556365966797 0.0017353820148855448
-256.4859619140625 245.85604858398438 0.0017269133822992444
-256.4164123535156 245.85623168945312 0.0014101028209552169
-256.3484191894531 245.85658264160156 0.0013335037510842085
-256.28179931640625 245.8569793701172 0.0013637542724609375
-256.2165832519531 245.8573760986328 0.0014259719755500555
-256.1526794433594 245.85772705078125 0.0014896010980010033
-256.0901794433594 245.8582000732422 0.0015276718186214566
-256.02886962890625 245.85867309570312 0.0015625380910933018
-255.9689178466797 245.85923767089844 0.0015013503143563867
-255.91017150878906 245.8596649169922 0.0015415572561323643
-255.85267639160156 245.8600311279297 0.0015800094697624445
-255.7963409423828 245.8603973388672 0.0016126250848174095
-255.74118041992188 245.86077880859375 0.0016414641868323088
-255.68711853027344 245.8611297607422 0.001654777443036437
-255.6342315673828 245.8614044189453 0.0016702651046216488
-255.58238220214844 245.8616943359375 0.001682014437392354
-255.5333709716797 245.8619842529297 0.001698989886790514
-255.48699951171875 245.86227416992188 0.0017129515763372183
-255.4429473876953 245.86257934570312 0.0017221831949427724
-255.40069580078125 245.8628692626953 0.0017261505126953125
-255.36016845703125 245.863037109375 0.0017257308354601264
-255.32081604003906 245.8633270263672 0.0017323684878647327
-255.28253173828125 245.86363220214844 0.0017278289888054132
-255.2451629638672 245.86387634277344 0.0017230224329978228
-255.20858764648438 245.8641815185547 0.0015719603979960084
-255.17288208007812 245.86444091796875 0.0016200256068259478
-255.1367950439453 245.8647003173828 0.001639518653973937
-255.10104370117188 245.86509704589844 0.0016301345312967896
-255.0638427734375 245.8657684326172 0.0015309905866160989
-255.02696228027344 245.86614990234375 0.0014937209198251367
-254.98870849609375 245.86697387695312 0.001315536443144083
-254.94984436035156 245.86737060546875 0.0011830520816147327
-254.91012573242188 245.8675537109375 0.001210288959555328
-254.8693084716797 245.86781311035156 0.0012852096697315574
-254.8261260986328 245.86802673339844 0.0013568877475336194
-254.78189086914062 245.86825561523438 0.0014263152843341231
-254.73529052734375 245.8684539794922 0.001477203331887722
-254.68800354003906 245.86866760253906 0.001524009625427425
-254.63818359375 245.86888122558594 0.0015504455659538507
-254.5869903564453 245.86907958984375 0.0015743636758998036
-254.53271484375 245.86927795410156 0.0015827178722247481
-254.4765167236328 245.86949157714844 0.0015930556692183018
-254.41688537597656 245.86978149414062 0.0015930174849927425
-254.35397338867188 245.8700714111328 0.0015906143235042691
-254.28782653808594 245.870361328125 0.0015878677368164062
-254.21835327148438 245.8706817626953 0.0015859222039580345
-254.1458282470703 245.8709716796875 0.0015869903145357966
-254.07052612304688 245.8712615966797 0.0015788269229233265
-253.9926300048828 245.871337890625 0.0015034102834761143
-253.91192626953125 245.87161254882812 0.001511268550530076
-253.82778930664062 245.8719482421875 0.0015225219540297985
-253.73995971679688 245.87234497070312 0.001532974187284708
-253.6479949951172 245.87271118164062 0.0015396118396893144
-253.55165100097656 245.8734893798828 0.0013682555872946978
-253.4507598876953 245.87420654296875 0.0013838958693668246
-253.3452606201172 245.874755859375 0.0014069747412577271
-253.23487854003906 245.8753204345703 0.0014322280185297132
-253.11949157714844 245.8759002685547 0.0014558791881427169
-252.99884033203125 245.8765411376953 0.0014714812859892845
-252.87286376953125 245.87713623046875 0.0014788436237722635
-252.74130249023438 245.87771606445312 0.0014863967662677169
-252.60403442382812 245.87831115722656 0.0014926147414371371
-252.46083068847656 245.8789520263672 0.001496543874964118
-252.3116912841797 245.879638671875 0.0014951705234125257
-252.15628051757812 245.8803253173828 0.0014935684157535434
-251.9945831298828 245.88108825683594 0.0014931487385183573
-251.82630920410156 245.88186645507812 0.0014912413898855448
-251.6514129638672 245.8826446533203 0.001488761859945953
-251.4696807861328 245.88348388671875 0.0014857101486995816
-251.2809295654297 245.88436889648438 0.0014822387602180243
-251.08505249023438 245.88525390625 0.00147838587872684
-250.88198852539062 245.8861846923828 0.0014748764224350452
-250.67160034179688 245.8871612548828 0.0014715194702148438
-250.45391845703125 245.88818359375 0.0014766693348065019
-250.22889709472656 245.88926696777344 0.0014608764322474599
-249.99644470214844 245.89035034179688 0.001454849261790514
-249.7564239501953 245.89141845703125 0.0014519118703901768
-249.50872802734375 245.89251708984375 0.0014500427059829235
-249.2532501220703 245.89369201660156 0.0016938400221988559
-248.99330139160156 245.8948516845703 0.0017912292387336493
-248.73480224609375 245.89602661132812 0.0018426132155582309
-248.47503662109375 245.89720153808594 0.001850623986683786
-248.21263122558594 245.89837646484375 0.0018364714924246073
-247.94552612304688 245.89955139160156 0.0018070983933284879
-247.67306518554688 245.8975372314453 0.0017853545723482966
-247.39376831054688 245.89382934570312 0.0017778014298528433
-247.1069793701172 245.89181518554688 0.0017424774123355746
-246.81167602539062 245.8903045654297 0.0016984175890684128
-246.5076904296875 245.8889923095703 0.0016627502627670765
-246.19412231445312 245.8877410888672 0.0016342544695362449
-245.87091064453125 245.88645935058594 0.0016135787591338158
-245.53724670410156 245.8852081298828 0.0015934371622279286
-245.1929473876953 245.88397216796875 0.0015764236450195312
-244.836669921875 245.882568359375 0.001556129427626729
-244.46939086914062 245.8811798095703 0.0015440367860719562
-244.09085083007812 245.87977600097656 0.0015356825897470117
-243.70474243164062 245.87831115722656 0.001551895053125918
-243.3157196044922 245.87684631347656 0.0015956878196448088
-242.9276123046875 245.87538146972656 0.001656227046623826
-242.54222106933594 245.87391662597656 0.0017190932994708419
-242.16151428222656 245.87245178222656 0.0017808150732889771
-241.7861328125 245.87103271484375 0.0018341445829719305
-241.41712951660156 245.86965942382812 0.0018821716075763106
-241.05458068847656 245.86830139160156 0.0019198608351871371
-240.69924926757812 245.86692810058594 0.001953125
-240.3508758544922 245.8656463623047 0.0019768904894590378
-240.00997924804688 245.86436462402344 0.001997985877096653
-239.67613220214844 245.86309814453125 0.0020116805098950863
-239.34979248046875 245.86184692382812 0.0020249937660992146
-239.03045654296875 245.8606719970703 0.0020317458547651768
-238.71861267089844 245.85951232910156 0.0020394516177475452
-238.41357421875 245.85833740234375 0.0020414351020008326
-238.11581420898438 245.8572235107422 0.0020453643519431353
-237.8246612548828 245.85614013671875 0.002044524997472763
-237.54049682617188 245.85507202148438 0.0020455550402402878
-237.2626190185547 245.85400390625 0.002042159903794527
-236.99131774902344 245.8529815673828 0.00204124441370368
-236.7258758544922 245.8520050048828 0.0020357512403279543
-236.4666748046875 245.8510284423828 0.0020333861466497183
-236.212890625 245.8500518798828 0.0020269392989575863
-235.9627685546875 245.8490753173828 0.0019237517844885588
-235.7134246826172 245.8480987548828 0.0017274474957957864
-235.4658966064453 245.8471221923828 0.0016516112955287099
-235.22059631347656 245.8462371826172 0.0016360091976821423
-234.9777069091797 245.84536743164062 0.0016464614309370518
-234.7372589111328 245.844482421875 0.00166515342425555
-234.49905395507812 245.84361267089844 0.0016836165450513363
-234.26290893554688 245.8427276611328 0.0016986464615911245
-234.0286865234375 245.8418426513672 0.0017094039358198643
-233.79612731933594 245.84097290039062 0.0017160034039989114
-233.5649871826172 245.840087890625 0.0017192077357321978
-233.33509826660156 245.83921813964844 0.0017192839877679944
-233.10617065429688 245.8383331298828 0.0017175674438476562
-232.87803649902344 245.8374481201172 0.0017144775483757257
-232.65049743652344 245.83657836914062 0.001710433978587389
-232.4232635498047 245.835693359375 0.0017057036748155951
-232.19618225097656 245.83482360839844 0.0017003631219267845
-231.9690399169922 245.8339385986328 0.001694488455541432
-231.7416229248047 245.8330535888672 0.0016887664096429944
-231.5137481689453 245.83218383789062 0.0016830825479701161
-231.28517150878906 245.831298828125 0.001677284250035882
-231.05577087402344 245.83042907714844 0.0016713333316147327
-230.8252716064453 245.8295440673828 0.0016654967330396175
-230.59347534179688 245.8286590576172 0.0016594313783571124
-230.3602294921875 245.82778930664062 0.0016535568283870816
-230.12530517578125 245.826904296875 0.001647682162001729
-229.8885955810547 245.82603454589844 0.0016418074956163764
-229.6498260498047 245.8251495361328 0.0016359328292310238
-229.40882873535156 245.8242645263672 0.0016301727155223489
-229.16546630859375 245.82339477539062 0.0016248321626335382
-228.91954040527344 245.82249450683594 0.001619529677554965
-228.67086791992188 245.82151794433594 0.0016140365041792393
-228.41929626464844 245.82054138183594 0.001822891179472208
-228.16514587402344 245.81956481933594 0.001919822650961578
-227.91346740722656 245.81858825683594 0.0019597243517637253
-227.66085815429688 245.81759643554688 0.0019080734346061945
-227.40806579589844 245.81661987304688 0.0019174575572833419
-227.15737915039062 245.81564331054688 0.001919441157951951
-226.89991760253906 245.81466674804688 0.001836700364947319
-226.64157104492188 245.81369018554688 0.0018425750313326716
-226.3834686279297 245.81271362304688 0.0018463134765625
-226.12510681152344 245.81173706054688 0.0018452071817591786
-225.8651123046875 245.81076049804688 0.0018351745093241334
-225.60321044921875 245.80978393554688 0.0018237686017528176
-225.3383026123047 245.80880737304688 0.0018078612629324198
-225.0702667236328 245.80783081054688 0.0017934798961505294
-224.79820251464844 245.80685424804688 0.001776962191797793
-224.52206420898438 245.8058319091797 0.0017631911905482411
-224.24110412597656 245.8047637939453 0.0017482375260442495
-223.9553680419922 245.80368041992188 0.0017364883096888661
-223.66409301757812 245.8026123046875 0.0017234039260074496
-223.367431640625 245.80154418945312 0.0017129515763372183
-223.06491088867188 245.7969207763672 0.0017118072137236595
-222.75672912597656 245.79042053222656 0.0017315292498096824
-222.44189453125 245.7855224609375 0.0017166900215670466
-222.12081909179688 245.7810516357422 0.001695938059128821
-221.7953643798828 245.77671813964844 0.0016926955431699753
-221.469482421875 245.7724609375 0.0017161178402602673
-221.14505004882812 245.76828002929688 0.0017524337163195014
-220.82411193847656 245.76412963867188 0.0017961501143872738
-220.5072479248047 245.76004028320312 0.0018364714924246073
-220.1956329345703 245.7560272216797 0.001875381451100111
-219.88937377929688 245.75210571289062 0.0019064330263063312
-219.58929443359375 245.7482147216797 0.001935081440024078
-219.29513549804688 245.74441528320312 0.0019553375896066427
-219.0074920654297 245.74069213867188 0.001975097693502903
-218.72601318359375 245.737060546875 0.0019879150204360485
-218.45118713378906 245.73353576660156 0.0020007705315947533
-218.18243408203125 245.73008728027344 0.0020072555635124445
-217.92034912109375 245.7267303466797 0.0020151520147919655
-217.66427612304688 245.7234344482422 0.0020172882359474897
-217.4141387939453 245.72021484375 0.0019019698956981301
-217.16671752929688 245.71701049804688 0.0017315673176199198
-216.92286682128906 245.71388244628906 0.0016725921304896474
-216.68324279785156 245.71080017089844 0.0016686248127371073
-216.4481658935547 245.707763671875 0.0016875838628038764
-216.21766662597656 245.70481872558594 0.0017129135085269809
-215.99171447753906 245.70188903808594 0.0017368316184729338
-215.77017211914062 245.6990509033203 0.0017557144165039062
-215.55276489257812 245.6962432861328 0.001769218361005187
-215.3393096923828 245.69351196289062 0.0017774963052943349
-215.12948608398438 245.6907958984375 0.0017815780593082309
-214.923095703125 245.6881561279297 0.0017828368581831455
-214.7198944091797 245.68551635742188 0.0017813110025599599
-214.51966857910156 245.68296813964844 0.0017784499796107411
-214.3220977783203 245.680419921875 0.0017741775372996926
-214.12705993652344 245.67788696289062 0.001769485417753458
-213.93423461914062 245.67543029785156 0.0017638015560805798
-213.74343872070312 245.67298889160156 0.0017581176944077015
-213.55441284179688 245.67054748535156 0.0017517470987513661
-213.366943359375 245.66810607910156 0.0017454909393563867
-213.18077087402344 245.6656951904297 0.0017388915875926614
-212.99578857421875 245.66336059570312 0.0017326736124232411
-212.81167602539062 245.6610107421875 0.0017260360764339566
-212.62828063964844 245.65866088867188 0.001719741732813418
-212.44534301757812 245.6563262939453 0.0017131423810496926
-212.26272583007812 245.6539764404297 0.0017068862216547132
-212.0801544189453 245.65164184570312 0.0017000960651785135
-211.89747619628906 245.6492919921875 0.0016944122035056353
-211.71444702148438 245.64694213867188 0.0016880797920748591
-211.53089904785156 245.6446075439453 0.0016822051256895065
-211.3466033935547 245.6422576904297 0.0016759871505200863
-211.16140747070312 245.63992309570312 0.0016701888525858521
-210.9750213623047 245.63748168945312 0.001664123497903347
-210.78738403320312 245.63504028320312 0.0016584014520049095
-210.59820556640625 245.63259887695312 0.0016523360973224044
-210.40737915039062 245.63015747070312 0.0016465758671984076
-210.2146453857422 245.627685546875 0.0016405105125159025
-210.01983642578125 245.62515258789062 0.001634902902878821
-209.82278442382812 245.6226043701172 0.0016290664207190275
-209.623291015625 245.6200714111328 0.0016234206268563867
-209.4211883544922 245.617431640625 0.0016179656377062201
-209.21630859375 245.6147918701172 0.0016126632690429688
-209.00843811035156 245.6121368408203 0.0016072845319285989
-208.79745483398438 245.60940551757812 0.0016021728515625
-208.58314514160156 245.60667419433594 0.0015968703664839268
-208.3654022216797 245.6038360595703 0.0015915679978206754
-208.14401245117188 245.60101318359375 0.0015863036969676614
-207.9188232421875 245.5980987548828 0.0015811538323760033
-207.689697265625 245.5951690673828 0.0015760039677843451
-207.4564666748047 245.59214782714844 0.0015713500324636698
-207.21902465820312 245.58909606933594 0.0015667342813685536
-206.97720336914062 245.58596801757812 0.0015622710343450308
-206.73081970214844 245.5828094482422 0.0015577316517010331
-206.47976684570312 245.57958984375 0.0017292784759774804
-206.22413635253906 245.57627868652344 0.0018523024627938867
-205.9703826904297 245.57302856445312 0.0019123076926916838
-205.71841430664062 245.56979370117188 0.0019287490285933018
-205.46730041503906 245.5665740966797 0.0019224929856136441
-205.21527099609375 245.5633544921875 0.001900749164633453
-204.9617156982422 245.5601043701172 0.0018758010119199753
-204.70516967773438 245.55679321289062 0.001846809289418161
-204.44534301757812 245.553466796875 0.0018206023378297687
-204.18109130859375 245.550048828125 0.0017935943324118853
-203.91224670410156 245.54660034179688 0.0017712401458993554
-203.63792419433594 245.54306030273438 0.001749229384586215
-203.3580780029297 245.53944396972656 0.0017313766293227673
-203.0719451904297 245.53578186035156 0.001713447505608201
-202.77964782714844 245.5320281982422 0.0016992187593132257
-202.4803466796875 245.5281524658203 0.0016845321515575051
-202.17425537109375 245.5242156982422 0.0016728210030123591
-201.86065673828125 245.5201873779297 0.0016605376731604338
-201.53970336914062 245.51605224609375 0.0016508864937350154
-201.21067810058594 245.51181030273438 0.001639900146983564
-200.87374877929688 245.50741577148438 0.0016395950224250555
-200.5282440185547 245.50296020507812 0.0016313170781359076
-200.17433166503906 245.49839782714844 0.0016228866297751665
-199.81134033203125 245.49374389648438 0.0016122817760333419
-199.439453125 245.48898315429688 0.001602935721166432
-199.0579376220703 245.48406982421875 0.0015925979241728783
-198.66702270507812 245.4790496826172 0.0015844726003706455
-198.26600646972656 245.4739227294922 0.001575050293467939
-197.85501098632812 245.46864318847656 0.0015672302106395364
-197.43341064453125 245.46324157714844 0.0015581130282953382
-197.00132751464844 245.4576873779297 0.001550598070025444
-196.55807495117188 245.45201110839844 0.0015415572561323643
-196.1038055419922 245.44618225097656 0.0015339660458266735
-195.63778686523438 245.440185546875 0.0015247726114466786
-195.1601104736328 245.43405151367188 0.0015166854718700051
-194.67015075683594 245.42776489257812 0.0015073013491928577
-194.16775512695312 245.42132568359375 0.0014982604188844562
-193.65216064453125 245.41464233398438 0.001489181537181139
-193.12290954589844 245.40782165527344 0.0014728164533153176
-192.5796661376953 245.40084838867188 0.001460609375499189
-192.0227508544922 245.39370727539062 0.0014531707856804132
-191.45228576660156 245.38645935058594 0.001450614887289703
-190.868408203125 245.37901306152344 0.0014524459838867188
-190.27157592773438 245.37646484375 0.001467208843678236
-189.66232299804688 245.38449096679688 0.0015325164422392845
-189.03964233398438 245.3956756591797 0.0015856551472097635
-188.40304565429688 245.40660095214844 0.0015724945114925504
-187.75233459472656 245.4187774658203 0.0015398025279864669
-187.08740234375 245.4324493408203 0.0015100097516551614
-186.407958984375 245.4474334716797 0.0014868926955386996
-185.7137908935547 245.46353149414062 0.001468391390517354
-185.0045928955078 245.48043823242188 0.0014522551791742444
-184.28013610839844 245.49813842773438 0.001437339698895812
-183.5402069091797 245.5164337158203 0.0014241026947274804
-182.7847442626953 245.53526306152344 0.0014125823508948088
-182.01364135742188 245.55458068847656 0.0014028549194335938
-181.22683715820312 245.5743865966797 0.0013945387909188867
-180.42434692382812 245.5946807861328 0.0013882064959034324
-179.6061553955078 245.61537170410156 0.0013833617558702826
-178.77224731445312 245.636474609375 0.0013792800018563867
-177.92263793945312 245.6580047607422 0.0013765335315838456
-177.0573272705078 245.67991638183594 0.0013745879987254739
-176.17636108398438 245.70225524902344 0.0013733290834352374
-175.27978515625 245.72499084472656 0.0013724135933443904
-174.36756896972656 245.74813842773438 0.0013719940325245261
-173.43983459472656 245.77166748046875 0.0013719940325245261
-172.4965362548828 245.79559326171875 0.0013721465365961194
-171.53773498535156 245.81991577148438 0.0013725280296057463
-170.56344604492188 245.84461975097656 0.0013727188343182206
-169.57373046875 245.86972045898438 0.0013731383951380849
-168.56857299804688 245.89520263671875 0.0013736343244090676
-167.54800415039062 245.92108154296875 0.0013743971940129995
-166.51251220703125 245.9420623779297 0.0013914488954469562
-165.4627685546875 245.95152282714844 0.001465873676352203
-164.39794921875 245.9548797607422 0.0015396499074995518
-163.31777954101562 245.95469665527344 0.0015558243030682206
-162.22235107421875 245.9490966796875 0.0015518188010901213
-161.1117706298828 245.93765258789062 0.0015476226108148694
-159.98609924316406 245.92063903808594 0.0015456390101462603
-158.8453826904297 245.89865112304688 0.0015430450439453125
-157.68960571289062 245.8723602294922 0.0015376281226053834
-156.51882934570312 245.8423309326172 0.001529159490019083
-155.3330841064453 245.80921936035156 0.001517562777735293
-154.1323699951172 245.77340698242188 0.0015044783940538764
-152.9167022705078 245.7353973388672 0.0014904403360560536
-151.68614196777344 245.69549560546875 0.0014765167143195868
-150.440673828125 245.65399169921875 0.001463394146412611
-149.1803741455078 245.611083984375 0.0014514541253447533
-147.90525817871094 245.5669708251953 0.001441154396161437
-146.6153106689453 245.52178955078125 0.0014323043869808316
-145.31060791015625 245.4756622314453 0.0014249038649722934
-143.99119567871094 245.4286346435547 0.0014186858898028731
-142.6570587158203 245.3808135986328 0.0014138793339952826
-141.30824279785156 245.33221435546875 0.0014097595121711493
-139.94482421875 245.28294372558594 0.001406936557032168
-138.56675720214844 245.23300170898438 0.001404838520102203
-137.17413330078125 245.18240356445312 0.0014029693556949496
-135.76695251464844 245.13121032714844 0.00140209193341434
-134.34564208984375 245.08468627929688 0.0014096450759097934
-132.9107666015625 245.0497589111328 0.0014786147512495518
-131.46160888671875 245.02194213867188 0.0015567016089335084
-129.9978790283203 244.99960327148438 0.0015861892607063055
-128.51974487304688 244.98524475097656 0.0015995025169104338
-127.02734375 244.979736328125 0.0016134261386469007
-125.52075958251953 244.98326110839844 0.0016288375481963158
-124.00004577636719 244.99542236328125 0.0016421889886260033
-122.46527862548828 245.01565551757812 0.0016500854399055243
-120.91641998291016 245.04324340820312 0.0016511916182935238
-119.35352325439453 245.077392578125 0.0016458510654047132
-117.77659606933594 245.11740112304688 0.0016353606479242444
-116.18563079833984 245.16253662109375 0.0016205215360969305
-114.58065795898438 245.2122039794922 0.0016030120896175504
-112.96168518066406 245.26583862304688 0.0015848159091547132
-111.32875061035156 245.32296752929688 0.0015659332275390625
-109.68186950683594 245.38311767578125 0.0015477370470762253
-108.02102661132812 245.44593811035156 0.0015304946573451161
-106.34630584716797 245.5111083984375 0.001515083247795701
-104.65775299072266 245.57839965820312 0.001501388498581946
-102.9554443359375 245.64747619628906 0.0014896010980010033
-101.23955535888672 245.71820068359375 0.0014804458478465676
-99.51022338867188 245.7904052734375 0.001473121577873826
-97.76760864257812 245.86395263671875 0.0014673614641651511
-96.0118408203125 245.938720703125 0.0014634703984484076
-94.24345397949219 246.00929260253906 0.0014525222359225154
-92.46309661865234 246.0686798095703 0.001489562913775444
-90.67024230957031 246.12060546875 0.001563758822157979
-88.86481475830078 246.16603088378906 0.0016051101265475154
-87.04710388183594 246.2020721435547 0.0016366958152502775
-85.21742248535156 246.22727966308594 0.0016719055129215121
-83.37598419189453 246.24107360839844 0.0017088699387386441
-81.52296447753906 246.24346923828125 0.0017426681006327271
-79.65853118896484 246.2348175048828 0.001769599854014814
-77.78279876708984 246.2157745361328 0.0017728805541992188
-75.89596557617188 246.18702697753906 0.0019192504696547985
-73.99797821044922 246.14938354492188 0.001948890625499189
-72.08895111083984 246.10354614257812 0.0019285583402961493
-70.16897583007812 246.05029296875 0.0018906783079728484
-68.23811340332031 245.99037170410156 0.0018488311907276511
-66.29645538330078 245.9244842529297 0.001808929373510182
-64.34406280517578 245.8531951904297 0.0017643355531618
-62.38100814819336 245.7771759033203 0.0017303085187450051
-60.40738296508789 245.69700622558594 0.0017027282156050205
-58.423431396484375 245.61854553222656 0.0016671371413394809
-56.42961883544922 245.54933166503906 0.0015781783731654286
-54.42542266845703 245.48622131347656 0.001540603581815958
-52.4106330871582 245.42872619628906 0.0015509033109992743
-50.38549041748047 245.3802947998047 0.0015872191870585084
-48.3502197265625 245.34280395507812 0.0016408538212999701
-46.30501937866211 245.31732177734375 0.001700172433629632
-44.250038146972656 245.3040771484375 0.001755943289026618
-42.185386657714844 245.30303955078125 0.001802635146304965
-40.11117172241211 245.3137664794922 0.0018371581099927425
-38.02745819091797 245.335693359375 0.0018592070555314422
-35.934295654296875 245.3680877685547 0.0018699264619499445
-33.831729888916016 245.41017150878906 0.0018706130795180798
-31.719797134399414 245.46115112304688 0.001863670302554965
-29.598529815673828 245.52023315429688 0.0018510054796934128
-27.467960357666016 245.58670043945312 0.0018344878917559981
-25.328126907348633 245.65975952148438 0.001815261784940958
-23.179059982299805 245.73878479003906 0.0017948913155123591
-21.020793914794922 245.8231658935547 0.0017737960442900658
-18.853370666503906 245.9122772216797 0.0017531203338876367
-16.67682647705078 246.00572204589844 0.0017328643007203937
-14.491206169128418 246.10296630859375 0.001714248675853014
-12.296548843383789 246.20361328125 0.0016971587901934981
-10.092897415161133 246.30728149414062 0.0016811370151117444
-7.880299091339111 246.41371154785156 0.001666603027842939
-5.658797264099121 246.52255249023438 0.0016538237687200308
-3.428440809249878 246.6336212158203 0.0016428756061941385
-1.1892757415771484 246.74667358398438 0.0016328429337590933
1.0586506128311157 246.86151123046875 0.001624374301172793
3.3152897357940674 246.97796630859375 0.0016168593429028988
5.580594539642334 247.0958709716797 0.0016106795519590378
7.854514122009277 247.2151336669922 0.0016050719423219562
10.137001991271973 247.33560180664062 0.0016006088117137551
12.428007125854492 247.4571990966797 0.0015964888734743
14.727482795715332 247.579833984375 0.0015932082897052169
17.03537940979004 247.70343017578125 0.0015906905755400658
19.351646423339844 247.82791137695312 0.0015885925386101007
21.676239013671875 247.95323181152344 0.001586647005751729
24.00910186767578 248.079345703125 0.0015856933314353228
26.350189208984375 248.20620727539062 0.001580200158059597
28.69945526123047 248.333740234375 0.0015825270675122738
31.05661964416504 248.4565887451172 0.0015871047507971525
33.42121887207031 248.5674285888672 0.0016549682477489114
35.793819427490234 248.66940307617188 0.0017403030069544911
38.17466735839844 248.762939453125 0.0017874145414680243
40.563533782958984 248.8445281982422 0.0018251800211146474
42.96018981933594 248.91200256347656 0.0018684768583625555
45.364418029785156 248.96414184570312 0.0019076155731454492
47.776058197021484 249.00030517578125 0.0019413756672292948
50.19496536254883 249.02044677734375 0.0019800567533820868
52.62104034423828 249.02476501464844 0.0020145797170698643
55.05419921875 249.01376342773438 0.0020401764195412397
57.49439239501953 248.9880828857422 0.0020550917834043503
59.94159698486328 248.94851684570312 0.0020601272117346525
62.39575958251953 248.89585876464844 0.0020563125144690275
64.85689544677734 248.83106994628906 0.002045326167717576
67.3249740600586 248.75503540039062 0.0020285414066165686
69.80000305175781 248.66867065429688 0.0020076751243323088
72.28197479248047 248.57278442382812 0.001983909634873271
74.77088928222656 248.46826171875 0.00195873249322176
77.2667236328125 248.35581970214844 0.0019325637258589268
79.76949310302734 248.23626708984375 0.001906547462567687
82.27919006347656 248.1102294921875 0.00188102712854743
84.7957763671875 247.97837829589844 0.0018563460325822234
87.31929779052734 247.8412628173828 0.0018329238519072533
89.84971618652344 247.69937133789062 0.0018111037788912654
92.38700866699219 247.55322265625 0.0017907714936882257
94.93116760253906 247.4031982421875 0.0017720413161441684
97.48220825195312 247.24969482421875 0.0017548751784488559
100.04007720947266 247.09307861328125 0.001739501953125
102.60477447509766 246.93359375 0.001725273090414703
105.17631530761719 246.77157592773438 0.0017127227038145065
107.75466918945312 246.607177734375 0.0017015456687659025
110.33981323242188 246.44065856933594 0.0016912459395825863
112.93172454833984 246.272216796875 0.0016827010549604893
115.53038787841797 246.10205078125 0.0016745757311582565
118.13578033447266 245.9302520751953 0.0016677475068718195
120.74789428710938 245.7570037841797 0.0016616439679637551
123.36670684814453 245.5823974609375 0.001656341482885182
125.9921875 245.40652465820312 0.0016516494797542691
128.62432861328125 245.22950744628906 0.0016474532894790173
131.26309204101562 245.05140686035156 0.0016440200852230191
133.90847778320312 244.872314453125 0.0016411971300840378
136.5604705810547 244.6922607421875 0.0016384887276217341
139.21902465820312 244.51133728027344 0.0016361998859792948
141.88412475585938 244.32958984375 0.0016336821718141437
144.55577087402344 244.1470489501953 0.0016321945004165173
147.23391723632812 243.96372985839844 0.00163097376935184
149.91842651367188 243.7851104736328 0.0016328048659488559
152.60894775390625 243.6186065673828 0.0016991043230518699
155.30545043945312 243.4678497314453 0.0018086242489516735
158.00845336914062 243.33221435546875 0.0019163512624800205
160.718017578125 243.21307373046875 0.0019873809069395065
163.4336395263672 243.1150360107422 0.0020524978172034025
166.15481567382812 243.04110717773438 0.002126083243638277
168.88101196289062 242.9932403564453 0.0022034836001694202
171.61184692382812 242.97254943847656 0.0022781372535973787
174.34698486328125 242.97962951660156 0.0023453140165656805
177.086181640625 243.01454162597656 0.0023995207156986
179.82919311523438 243.07704162597656 0.0024402618873864412
182.57591247558594 243.16661071777344 0.002467193640768528
185.32626342773438 243.28244018554688 0.0024807739537209272
188.08021545410156 243.42355346679688 0.0024822235573083162
190.8377227783203 243.58888244628906 0.0024740600492805243
193.59890747070312 243.77723693847656 0.0024563216138631105
196.36380004882812 243.98733520507812 0.0024318313226103783
199.1325225830078 244.21788024902344 0.0024009323678910732
201.90516662597656 244.4675750732422 0.002366294851526618
204.68185424804688 244.73504638671875 0.0023283003829419613
207.46270751953125 245.01907348632812 0.0022877883166074753
210.2478485107422 245.31838989257812 0.0022462462075054646
213.03738403320312 245.6317901611328 0.0022046661470085382
215.83148193359375 245.95809936523438 0.0021628569811582565
218.6302032470703 246.2962188720703 0.0021219253540039062
221.4336700439453 246.64515686035156 0.0020820999052375555
224.24200439453125 247.00392150878906 0.0020441818051040173
227.0552520751953 247.3716583251953 0.0020087051670998335
229.87350463867188 247.7476043701172 0.001974830636754632
232.69686889648438 248.13101196289062 0.0019430159591138363
235.5253448486328 248.52114868164062 0.0019136810442432761
238.35946655273438 248.91192626953125 0.0018721007509157062
241.19973754882812 249.29505920410156 0.001773567171767354
244.04647827148438 249.67295837402344 0.0016518783522769809
246.8999481201172 250.045166015625 0.0015977096045389771
249.76040649414062 250.40711975097656 0.001629524165764451
252.6278839111328 250.75579833984375 0.001706352224573493
255.50238037109375 251.089111328125 0.0018011092906817794
258.3837585449219 251.40576171875 0.0018963622860610485
261.2719421386719 251.7050018310547 0.0019820784218609333
264.1667785644531 251.98643493652344 0.0020537185482680798
267.0682067871094 252.25003051757812 0.0021096037235111
269.9760437011719 252.4960174560547 0.0021199416369199753
272.8902282714844 252.72476196289062 0.002079277066513896
275.81072998046875 252.9368896484375 0.0020823287777602673
278.73736572265625 253.13304138183594 0.0020989226177334785
281.6701354980469 253.31396484375 0.0021141814067959785
284.6076965332031 253.50546264648438 0.04204250127077103
287.54931640625 253.66099548339844 0.06656310707330704
290.49945068359375 253.8056640625 0.0794159322977066
293.4559020996094 253.9354248046875 0.08521823585033417
296.41790771484375 254.0486602783203 0.08771216869354248
299.38519287109375 254.1444854736328 0.08867526799440384
302.3576354980469 254.22262573242188 0.0889553427696228
305.3351745605469 254.2832794189453 0.08894683420658112
308.3177185058594 254.3268280029297 0.08883163332939148
311.3053283691406 254.35401916503906 0.08873237669467926
314.29791259765625 254.3655242919922 0.0886264368891716
317.29547119140625 254.36216735839844 0.08853878080844879
320.29803466796875 254.3447723388672 0.0884719043970108
323.3055725097656 254.31434631347656 0.08845596015453339
326.3180847167969 254.271728515625 0.08843463659286499
329.33563232421875 254.21780395507812 0.08843494206666946
332.3581237792969 254.15345764160156 0.08844397962093353
335.38568115234375 254.07952880859375 0.08847236633300781
338.41827392578125 253.99676513671875 0.08850643038749695
341.4559020996094 253.90599060058594 0.08854816108942032
344.49853515625 253.80770874023438 0.08852843940258026
347.5461730957031 253.70242309570312 0.08840301632881165
350.5981140136719 253.58970642089844 0.08676685392856598
353.6546936035156 253.46994018554688 0.08256828039884567
356.71295166015625 253.342041015625 0.07183913886547089
359.7742614746094 253.20542907714844 0.0471440888941288
362.841796875 253.0738067626953 0.023302191868424416
365.9129943847656 252.94471740722656 0.01142349187284708
368.9881896972656 252.81414794921875 0.00579212186858058
372.06732177734375 252.68209838867188 0.0032006835099309683
375.1505126953125 252.54885864257812 0.002060470636934042
378.23736572265625 252.41464233398438 0.001600570627488196
381.3280029296875 252.27964782714844 0.001449050847440958
384.4222106933594 252.14407348632812 0.0014299392933025956
387.5198669433594 252.00808715820312 0.0014611815568059683
390.620849609375 251.87171936035156 0.0015068816719576716
393.72509765625 251.73501586914062 0.0015318678924813867
396.83245849609375 251.5980987548828 0.001577300950884819
399.94281005859375 251.4610137939453 0.0016131210140883923
403.0561218261719 251.3237762451172 0.0016411208780482411
406.1722106933594 251.18641662597656 0.0016624832060188055
409.2910461425781 251.04898071289062 0.001679229666478932
412.4124450683594 250.9114227294922 0.0016912078717723489
415.5364074707031 250.7738037109375 0.0017010497394949198
418.6627502441406 250.63609313964844 0.001708450261503458
421.7914733886719 250.49832153320312 0.0017158507835119963
424.9224548339844 250.36048889160156 0.0017219161381945014
428.0555725097656 250.22259521484375 0.0017269515665248036
431.1907958984375 250.08447265625 0.0017058562953025103
434.328125 249.94622802734375 0.001694106962531805
437.46734619140625 249.80810546875 0.0016981124645099044
440.6084289550781 249.6700897216797 0.0017073058988898993
443.7513427734375 249.53219604492188 0.0017179488204419613
446.89599609375 249.3944854736328 0.0017280196771025658
450.0423583984375 249.25694274902344 0.0017367553664371371
453.1903381347656 249.11956787109375 0.0017424010438844562
456.33990478515625 248.9823760986328 0.001745948800817132
459.4909973144531 248.84536743164062 0.0017516326624900103
462.64349365234375 248.70849609375 0.0017573547083884478
465.7974548339844 248.57179260253906 0.0017610549693927169
468.9527282714844 248.43524169921875 0.0017641066806390882
472.1092834472656 248.29884338378906 0.0017663573380559683
475.2671813964844 248.16256713867188 0.001768035814166069
478.4262390136719 248.0264129638672 0.0017698287265375257
481.58648681640625 247.89035034179688 0.0017709732055664062
484.747802734375 247.75439453125 0.0017719268798828125
487.9103088378906 247.6185302734375 0.001773147494532168
491.07379150390625 247.48272705078125 0.0017744064098224044
494.23822021484375 247.3469696044922 0.0017751692794263363
497.4036560058594 247.21131896972656 0.001775779644958675
500.570068359375 247.07569885253906 0.0017765426309779286
503.7373962402344 246.94015502929688 0.0017770766280591488
506.90557861328125 246.8046112060547 0.001778144738636911
510.0745544433594 246.6691131591797 0.0017790603451430798
513.244384765625 246.53366088867188 0.001779861398972571
516.4149780273438 246.39822387695312 0.001780662452802062
519.5863037109375 246.2627716064453 0.001781196566298604
522.75830078125 246.1273193359375 0.0017815398750826716
525.9310302734375 245.9918670654297 0.001782493549399078
529.1044921875 245.8565216064453 0.0017832565354183316
532.278564453125 245.72116088867188 0.001783828716725111
535.4531860351562 245.5858154296875 0.0017842864617705345
538.6284790039062 245.45046997070312 0.0017847823910415173
541.8043212890625 245.3151092529297 0.0017854690086096525
544.980712890625 245.1797637939453 0.0017862700624391437
548.1576538085938 245.0443878173828 0.0017867659917101264
551.3351440429688 244.908935546875 0.001787376357242465
554.5131225585938 244.7734832763672 0.0017876814818009734
557.6915893554688 244.63804626464844 0.0017883682157844305
560.8704833984375 244.50259399414062 0.0017889785813167691
564.0498046875 244.3671417236328 0.0017895507626235485
567.2293701171875 244.231689453125 0.0017920302925631404
570.4061889648438 244.0963592529297 0.0018129348754882812
573.5732421875 243.96144104003906 0.0018737411592155695
576.7232666015625 243.82730102539062 0.0019708252511918545
579.8506469726562 243.694091796875 0.0020873260218650103
582.9511108398438 243.56204223632812 0.002208137419074774
586.021484375 243.43130493164062 0.002324867295101285
589.0592651367188 243.3019256591797 0.0024321365635842085
592.0626220703125 243.17401123046875 0.002528037875890732
595.030029296875 243.0476531982422 0.0026115416549146175
597.9603271484375 242.92288208007812 0.0026833724696189165
600.8525390625 242.79974365234375 0.002743949880823493
603.7061767578125 242.67825317382812 0.002794723492115736
606.5206298828125 242.55845642089844 0.002836952218785882
609.2955322265625 242.44036865234375 0.002871894743293524
612.0301513671875 242.323974609375 0.0029023359529674053
614.7238159179688 242.2093505859375 0.0029304504860192537
617.3759155273438 242.0965118408203 0.002956390380859375
619.98583984375 241.98550415039062 0.0029804229270666838
622.5530395507812 241.8762969970703 0.0030035781674087048
625.0770263671875 241.76898193359375 0.003022422781214118
627.557861328125 241.6635284423828 0.0030386734288185835
629.995361328125 241.5599365234375 0.003051223699003458
632.3895874023438 241.45823669433594 0.0030609893146902323
634.7406005859375 241.35842895507812 0.003068199148401618
637.0484008789062 241.26046752929688 0.0030727768316864967
639.313232421875 241.1643829345703 0.0030754851177334785
641.5352783203125 241.07020568847656 0.0030761335510760546
643.7147216796875 240.97789001464844 0.0030751798767596483
645.8518676757812 240.88742065429688 0.0030731200240552425
647.947021484375 240.79879760742188 0.0030695723835378885
650.0105590820312 240.72792053222656 0.032963674515485764
652.02685546875 240.6190185546875 0.10068794339895248
654.0144653320312 240.510498046875 0.13676516711711884
655.9691772460938 240.3953857421875 0.1743461638689041
657.911376953125 240.2964630126953 0.18302443623542786
659.8265991210938 240.20132446289062 0.18044058978557587
661.7041015625 240.1094512939453 0.17429760098457336
663.5407104492188 240.02127075195312 0.16772869229316711
665.3357543945312 239.9375457763672 0.16184909641742706
667.08984375 239.85940551757812 0.15693293511867523
668.8035888671875 239.7881622314453 0.15292419493198395
670.4776611328125 239.72528076171875 0.14966341853141785
672.112548828125 239.67247009277344 0.14699295163154602
673.708740234375 239.63157653808594 0.14486785233020782
675.2667846679688 239.6044921875 0.1431187391281128
676.7869262695312 239.59312438964844 0.14158214628696442
678.2692260742188 239.5994415283203 0.14015021920204163
679.7136840820312 239.62509155273438 0.13874538242816925
681.1197509765625 239.67208862304688 0.1372547447681427
682.4874267578125 239.74220275878906 0.13568992912769318
682.244384765625 239.22042846679688 0.18128322064876556
682.0277099609375 238.71986389160156 0.19018244743347168
681.8399047851562 238.2454376220703 0.18140602111816406
681.6806030273438 237.8314666748047 0.17019203305244446
681.5501708984375 237.48301696777344 0.16076792776584625
681.4420166015625 237.19972229003906 0.15335868299007416
681.3541259765625 236.9815216064453 0.14791855216026306
681.2877807617188 236.8279266357422 0.14378558099269867
681.246337890625 236.73841857910156 0.14063309133052826
681.232666015625 236.7103729248047 0.13829009234905243
681.2327270507812 236.7103271484375 0.13678570091724396
681.2327270507812 236.71014404296875 0.1359027773141861
681.2327270507812 236.7099609375 0.13535583019256592
681.232666015625 236.70982360839844 0.1350092738866806
681.232666015625 236.7096405029297 0.13478907942771912
681.2325439453125 236.70948791503906 0.1346505731344223
681.2325439453125 236.7093963623047 0.1345653086900711
681.2325439453125 236.7093048095703 0.13451442122459412
681.2325439453125 236.7093048095703 0.13451442122459412
681.2325439453125 236.7093048095703 0.13451442122459412
681.2325439453125 236.7093048095703 0.13451442122459412
681.2325439453125 236.7093048095703 0.13451442122459412
681.2325439453125 236.7093048095703 0.13451442122459412
681.2325439453125 236.7093048095703 0.13451442122459412
681.2325439453125 236.7093048095703 0.13451442122459412
681.2325439453125 236.7093048095703 0.13451442122459412
681.2325439453125 236.7093048095703 0.13451442122459412
681.2325439453125 236.7093048095703 0.13451442122459412
681.2325439453125 236.7093048095703 0.13451442122459412
681.2325439453125 236.7093048095703 0.13451442122459412
681.2325439453125 236.7093048095703 0.13451442122459412
681.2325439453125 236.7093048095703 0.13451442122459412
681.2325439453125 236.7093048095703 0.13451442122459412
681.2325439453125 236.7093048095703 0.13451442122459412
681.2325439453125 236.7093048095703 0.13451442122459412
681.2325439453125 236.7093048095703 0.13451442122459412
681.2325439453125 236.7093048095703 0.13451442122459412
681.2325439453125 236.7093048095703 0.13451442122459412
681.2325439453125 236.7093048095703 0.13451442122459412
681.2325439453125 236.7093048095703 0.13451442122459412
681.2325439453125 236.7093048095703 0.13451442122459412
681.2325439453125 236.7093048095703 0.13451442122459412
681.2325439453125 236.7093048095703 0.13451442122459412
681.2325439453125 236.7093048095703 0.13451442122459412
681.2325439453125 236.7093048095703 0.13451442122459412
681.2325439453125 236.7093048095703 0.13451442122459412
681.2325439453125 236.7093048095703 0.13451442122459412
681.2325439453125 236.7093048095703 0.13451442122459412
681.2325439453125 236.7093048095703 0.13451442122459412
681.2325439453125 236.7093048095703 0.13451442122459412
681.2325439453125 236.7093048095703 0.13451442122459412
681.2325439453125 236.7093048095703 0.13451442122459412
681.2325439453125 236.7093048095703 0.13451442122459412
681.2325439453125 236.7093048095703 0.13451442122459412
681.2325439453125 236.7093048095703 0.13451442122459412
681.2325439453125 236.7093048095703 0.13451442122459412
681.2325439453125 236.7093048095703 0.13451442122459412
681.2325439453125 236.7093048095703 0.13451442122459412
681.2325439453125 236.7093048095703 0.13451442122459412
681.2325439453125 236.7093048095703 0.13451442122459412
681.2325439453125 236.7093048095703 0.13451442122459412
681.2325439453125 236.7093048095703 0.13451442122459412
681.2325439453125 236.7093048095703 0.13451442122459412
681.2325439453125 236.7093048095703 0.13451442122459412
681.2325439453125 236.7093048095703 0.13451442122459412
681.2325439453125 236.7093048095703 0.13451442122459412
681.2325439453125 236.7093048095703 0.13451442122459412
681.2325439453125 236.7093048095703 0.13451442122459412
681.2325439453125 236.7093048095703 0.13451442122459412
681.2325439453125 236.7093048095703 0.13451442122459412
681.2325439453125 236.7093048095703 0.13451442122459412
681.2325439453125 236.7093048095703 0.13451442122459412
681.2325439453125 236.7093048095703 0.13451442122459412
681.2325439453125 236.7093048095703 0.13451442122459412
681.2325439453125 236.7093048095703 0.13451442122459412
681.2325439453125 236.7093048095703 0.13451442122459412
681.2325439453125 236.7093048095703 0.13451442122459412
681.2325439453125 236.7093048095703 0.13451442122459412
681.2325439453125 236.7093048095703 0.13451442122459412
681.2325439453125 236.7093048095703 0.13451442122459412
681.2325439453125 236.7093048095703 0.13451442122459412
681.2325439453125 236.7093048095703 0.13451442122459412
681.2325439453125 236.7093048095703 0.13451442122459412
681.2325439453125 236.7093048095703 0.13451442122459412
681.2325439453125 236.7093048095703 0.13451442122459412
681.2325439453125 236.7093048095703 0.13451442122459412
681.2325439453125 236.7093048095703 0.13451442122459412
681.2325439453125 236.7093048095703 0.13451442122459412
681.2325439453125 236.7093048095703 0.13451442122459412
681.2325439453125 236.7093048095703 0.13451442122459412
681.2325439453125 236.7093048095703 0.13451442122459412
681.2325439453125 236.7093048095703 0.13451442122459412
681.2325439453125 236.7093048095703 0.13451442122459412
681.2325439453125 236.7093048095703 0.13451442122459412
681.2325439453125 236.7093048095703 0.13451442122459412
681.2325439453125 236.7093048095703 0.13451442122459412
681.2325439453125 236.7093048095703 0.13451442122459412
681.2325439453125 236.7093048095703 0.13451442122459412
681.2325439453125 236.7093048095703 0.13451442122459412
681.2325439453125 236.7093048095703 0.13451442122459412
681.2325439453125 236.7093048095703 0.13451442122459412
681.2325439453125 236.7093048095703 0.13451442122459412
681.2325439453125 236.7093048095703 0.13451442122459412
681.2325439453125 236.7093048095703 0.13451442122459412
681.2325439453125 236.7093048095703 0.13451442122459412
681.2325439453125 236.7093048095703 0.13451442122459412
681.2325439453125 236.7093048095703 0.13451442122459412
681.2325439453125 236.7093048095703 0.13451442122459412
681.2325439453125 236.7093048095703 0.13451442122459412
681.2325439453125 236.7093048095703 0.13451442122459412
681.2325439453125 236.7093048095703 0.13451442122459412
681.2325439453125 236.7093048095703 0.13451442122459412
681.2325439453125 236.7093048095703 0.13451442122459412
681.2325439453125 236.7093048095703 0.13451442122459412
681.2325439453125 236.7093048095703 0.13451442122459412
681.2325439453125 236.7093048095703 0.13451442122459412
681.2325439453125 236.7093048095703 0.13451442122459412
681.2325439453125 236.7093048095703 0.13451442122459412
681.2325439453125 236.7093048095703 0.13451442122459412
681.2325439453125 236.7093048095703 0.13451442122459412
681.2325439453125 236.7093048095703 0.13451442122459412
681.2325439453125 236.7093048095703 0.13451442122459412
681.232421875 236.70913696289062 0.13430118560791016
681.2322387695312 236.70895385742188 0.13424529135227203
681.2319946289062 236.70872497558594 0.13425491750240326
681.2318725585938 236.70858764648438 0.13428722321987152
681.231689453125 236.7083740234375 0.13432566821575165
681.231689453125 236.70828247070312 0.1343594640493393
681.231689453125 236.70816040039062 0.13438880443572998
681.231689453125 236.70814514160156 0.13441108167171478
681.2315673828125 236.7078857421875 0.13442088663578033
681.2313842773438 236.70774841308594 0.1344304233789444
681.2311401367188 236.70753479003906 0.13444091379642487
681.2310180664062 236.7074432373047 0.13444896042346954
681.2308349609375 236.70724487304688 0.13445663452148438
681.2308349609375 236.70713806152344 0.1344614326953888
681.2308349609375 236.7069549560547 0.13446609675884247
681.2308349609375 236.70684814453125 0.13446837663650513
681.230712890625 236.70664978027344 0.1344713568687439
681.2308349609375 236.70684814453125 0.13446994125843048
681.2310180664062 236.7069549560547 0.13447116315364838
681.2311401367188 236.70712280273438 0.13447162508964539
681.2311401367188 236.70712280273438 0.13447356224060059
681.2311401367188 236.70716857910156 0.13447390496730804
681.2311401367188 236.70706176757812 0.13447539508342743
681.2299194335938 236.70477294921875 0.13449431955814362
681.2246704101562 236.69540405273438 0.13453994691371918
681.2175903320312 236.682373046875 0.13456828892230988
681.2095336914062 236.66775512695312 0.134577676653862
681.2012939453125 236.6527862548828 0.13457569479942322
681.2005615234375 236.65122985839844 0.13448314368724823
681.2005615234375 236.6512451171875 0.13445918262004852
681.2005615234375 236.6512451171875 0.13446108996868134
681.2005615234375 236.6512451171875 0.13446979224681854
681.2005615234375 236.65122985839844 0.13447879254817963
681.2005615234375 236.65122985839844 0.13448646664619446
681.2005615234375 236.65122985839844 0.13449245691299438
681.2005615234375 236.6511993408203 0.13449698686599731
681.2005615234375 236.6511993408203 0.13449698686599731
681.2005615234375 236.6511993408203 0.13449698686599731
681.2005615234375 236.6511993408203 0.13449698686599731
681.2005615234375 236.6511993408203 0.13449698686599731
681.2005615234375 236.6511993408203 0.13449698686599731
681.2005615234375 236.6511993408203 0.13449698686599731
681.2005615234375 236.6511993408203 0.13449698686599731
681.2005615234375 236.6511993408203 0.13449698686599731
681.2005615234375 236.6511993408203 0.13449698686599731
681.2005615234375 236.6511993408203 0.13449698686599731
681.2005615234375 236.6511993408203 0.13449698686599731
681.2005615234375 236.6511993408203 0.13449698686599731
681.2005615234375 236.6511993408203 0.13449698686599731
681.2005615234375 236.6511993408203 0.13449698686599731
681.2005615234375 236.6511993408203 0.13449698686599731
681.2005615234375 236.6511993408203 0.13449698686599731
681.2005615234375 236.6511993408203 0.13449698686599731
681.2005615234375 236.6511993408203 0.13449698686599731
681.2005615234375 236.6511993408203 0.13449698686599731
681.2005615234375 236.6511993408203 0.13449698686599731
681.2005615234375 236.6511993408203 0.13449698686599731
681.2005615234375 236.6511993408203 0.13449698686599731
681.2005615234375 236.6511993408203 0.13449698686599731
681.2005615234375 236.6511993408203 0.13449698686599731
681.2005615234375 236.6511993408203 0.13449698686599731
681.2005615234375 236.6511993408203 0.13449698686599731
681.2005615234375 236.6511993408203 0.13449698686599731
681.2005615234375 236.6511993408203 0.13449698686599731
681.2005615234375 236.6511993408203 0.13449698686599731
681.2005615234375 236.6511993408203 0.13449698686599731
681.2005615234375 236.6511993408203 0.13449698686599731
681.2005615234375 236.6511993408203 0.13449698686599731
681.2005615234375 236.6511993408203 0.13449698686599731
681.2005615234375 236.6511993408203 0.13449698686599731
681.2005615234375 236.6511993408203 0.13449698686599731
681.2005615234375 236.6511993408203 0.13449698686599731
681.2005615234375 236.6511993408203 0.13449698686599731
681.2005615234375 236.6511993408203 0.13449698686599731
681.2005615234375 236.6511993408203 0.13449698686599731
681.2005615234375 236.6511993408203 0.13449698686599731
681.2005615234375 236.6511993408203 0.13449698686599731
681.2005615234375 236.6511993408203 0.13449698686599731
681.2005615234375 236.6511993408203 0.13449698686599731
681.201171875 236.65235900878906 0.13428275287151337
681.2017211914062 236.6533660888672 0.1342313289642334
681.2023315429688 236.65432739257812 0.13424910604953766
681.2028198242188 236.65509033203125 0.1342926323413849
681.2031860351562 236.65586853027344 0.13433894515037537
681.2035522460938 236.65647888183594 0.1343810260295868
681.2039794921875 236.65716552734375 0.13441406190395355
681.204345703125 236.65771484375 0.13444072008132935
681.20458984375 236.65829467773438 0.13445942103862762
681.2047729492188 236.65878295898438 0.13447406888008118
681.2049560546875 236.65933227539062 0.13448309898376465
681.2051391601562 236.6597137451172 0.1344906985759735
681.2053833007812 236.6602020263672 0.13449473679065704
681.2055053710938 236.6605682373047 0.13449867069721222
681.2057495117188 236.6609649658203 0.13449996709823608
681.2059326171875 236.66123962402344 0.1345018744468689
681.2061767578125 236.66156005859375 0.13450241088867188
681.206298828125 236.66175842285156 0.13450366258621216
681.20654296875 236.6619873046875 0.13450339436531067
681.2067260742188 236.66207885742188 0.13450416922569275
681.206787109375 236.66221618652344 0.13450366258621216
681.206787109375 236.66221618652344 0.13450366258621216
681.206787109375 236.66221618652344 0.13450366258621216
681.2067260742188 236.66204833984375 0.13450512290000916
681.20654296875 236.66192626953125 0.13450461626052856
681.206298828125 236.66163635253906 0.13450561463832855
681.2061767578125 236.66131591796875 0.1345057338476181
681.2059326171875 236.66082763671875 0.13450679183006287
681.2057495117188 236.6603240966797 0.1345067173242569
681.2053833007812 236.65960693359375 0.13450774550437927
681.2049560546875 236.6588592529297 0.1345079392194748
681.204345703125 236.6578826904297 0.1345093548297882
681.2037963867188 236.65684509277344 0.13450972735881805
681.2031860351562 236.6555633544922 0.13451136648654938
681.202392578125 236.65419006347656 0.13451221585273743
681.2014770507812 236.65252685546875 0.1345141977071762
681.2005615234375 236.6507568359375 0.13451503217220306
681.199462890625 236.64862060546875 0.13451774418354034
681.1980590820312 236.64620971679688 0.1345202624797821
681.1923217773438 236.6363983154297 0.1345786601305008
681.181640625 236.61708068847656 0.13463973999023438
681.1685791015625 236.5936279296875 0.13467365503311157
681.1544189453125 236.56808471679688 0.13468345999717712
681.1378784179688 236.5381317138672 0.13471004366874695
681.1185302734375 236.5029296875 0.1347396820783615
681.0972290039062 236.464599609375 0.13475628197193146
681.0758666992188 236.42593383789062 0.13476024568080902
681.0536499023438 236.38583374023438 0.1347699761390686
681.0303955078125 236.34376525878906 0.13478748500347137
681.005859375 236.2993927001953 0.134811669588089
680.97998046875 236.25262451171875 0.13483913242816925
680.952880859375 236.20370483398438 0.13486865162849426
680.9227905273438 236.14955139160156 0.1349201202392578
680.8904418945312 236.09109497070312 0.13496807217597961
680.8527221679688 236.02296447753906 0.13505534827709198
680.81201171875 235.94940185546875 0.1351095587015152
680.7706298828125 235.87440490722656 0.13513973355293274
680.727783203125 235.7971649169922 0.13517287373542786
680.683349609375 235.71676635742188 0.1352141946554184
680.6367797851562 235.6326904296875 0.13526488840579987
680.5879516601562 235.5443572998047 0.1353231817483902
680.536376953125 235.45127868652344 0.13538788259029388
680.4822387695312 235.35316467285156 0.13545730710029602
680.4249267578125 235.24964904785156 0.13553081452846527
680.3646240234375 235.14044189453125 0.13560809195041656
680.3008422851562 235.02540588378906 0.1356883943080902
680.2339477539062 234.90431213378906 0.135772243142128
680.1635131835938 234.77703857421875 0.13585883378982544
680.089599609375 234.6434326171875 0.13594864308834076
680.0121459960938 234.50341796875 0.13604210317134857
679.9310913085938 234.3568115234375 0.13613860309123993
679.8463134765625 234.2034912109375 0.13623924553394318
679.7576293945312 234.04319763183594 0.1363447606563568
679.6650390625 233.87594604492188 0.13645373284816742
679.5686645507812 233.70176696777344 0.1365654021501541
679.4686279296875 233.5209503173828 0.13667842745780945
679.4646606445312 233.50498962402344 0.12909752130508423
679.4473266601562 233.47268676757812 0.126398503780365
679.44482421875 233.46603393554688 0.12321292608976364
679.4451904296875 233.46519470214844 0.12103225290775299
679.445556640625 233.46446228027344 0.1196560263633728
679.4461059570312 233.4639129638672 0.11876986920833588
679.4466552734375 233.4634552001953 0.1181880533695221
679.4470825195312 233.4629669189453 0.11780361086130142
679.4476928710938 233.46255493164062 0.1175510361790657
679.4481811523438 233.4622039794922 0.11746741831302643
679.4486083984375 233.46212768554688 0.11799518018960953
679.448974609375 233.46221923828125 0.11911704391241074
679.449462890625 233.46237182617188 0.12057659029960632
679.4498901367188 233.46261596679688 0.1221449226140976
679.4501953125 233.4628143310547 0.12374568730592728
679.45068359375 233.46307373046875 0.12540172040462494
679.4558715820312 233.4724578857422 0.12730789184570312
679.4679565429688 233.4940185546875 0.12926898896694183
679.4835815429688 233.52197265625 0.13101737201213837
679.5011596679688 233.55335998535156 0.13244731724262238
679.51953125 233.5862579345703 0.13355514407157898
679.538330078125 233.61984252929688 0.1343793123960495
679.5570678710938 233.65335083007812 0.13497482240200043
679.5756225585938 233.68663024902344 0.13539333641529083
679.593994140625 233.7194061279297 0.13568171858787537
679.6119995117188 233.75169372558594 0.13587501645088196
679.6296997070312 233.78334045410156 0.13600178062915802
679.64794921875 233.81382751464844 0.1360822319984436
679.6660766601562 233.84251403808594 0.1361405849456787
679.6830444335938 233.86924743652344 0.13617564737796783
679.6993408203125 233.8948211669922 0.1361876279115677
679.7146606445312 233.9188232421875 0.13619261980056763
679.7298583984375 233.94192504882812 0.13618342578411102
679.7440185546875 233.96275329589844 0.13618125021457672
679.7587890625 233.98329162597656 0.13616527616977692
679.773193359375 234.00302124023438 0.1361510008573532
679.788330078125 234.02374267578125 0.13612182438373566
679.8031005859375 234.04396057128906 0.13610126078128815
679.8189086914062 234.06524658203125 0.13607157766819
679.8348999023438 234.0858612060547 0.13605384528636932
679.8516845703125 234.1064453125 0.13603465259075165
679.8685913085938 234.1267852783203 0.13601787388324738
679.8861083984375 234.1478271484375 0.13599349558353424
679.9036865234375 234.16873168945312 0.13597290217876434
679.9224243164062 234.19094848632812 0.135940819978714
679.9423217773438 234.21324157714844 0.13591666519641876
679.9645385742188 234.23678588867188 0.13588660955429077
679.9877319335938 234.2610321044922 0.13586081564426422
680.0123901367188 234.28671264648438 0.1358286291360855
680.0387573242188 234.31370544433594 0.1357908546924591
680.0667724609375 234.34207153320312 0.13575568795204163
680.096923828125 234.37106323242188 0.13572253286838531
680.1289672851562 234.40013122558594 0.13569419085979462
680.163330078125 234.4304656982422 0.1356571614742279
680.1993408203125 234.4617156982422 0.13561835885047913
680.23828125 234.49490356445312 0.13556624948978424
680.2796020507812 234.5292510986328 0.13551807403564453
680.3240356445312 234.5657958984375 0.1354588270187378
680.3719482421875 234.60243225097656 0.13541077077388763
680.4239501953125 234.63931274414062 0.13535934686660767
680.4794311523438 234.67703247070312 0.1353049874305725
680.539306640625 234.71633911132812 0.1352347582578659
680.6026611328125 234.756591796875 0.13516433537006378
680.6707763671875 234.7964324951172 0.13509319722652435
680.7432861328125 234.83425903320312 0.1350320726633072
680.8209228515625 234.87220764160156 0.13495178520679474
680.9031982421875 234.91001892089844 0.13486473262310028
680.9910278320312 234.94798278808594 0.13476291298866272
681.0835571289062 234.98538208007812 0.13465996086597443
681.1821899414062 235.0223388671875 0.13454699516296387
681.2858276367188 235.05813598632812 0.13443519175052643
681.3948364257812 235.09263610839844 0.13431625068187714
681.509033203125 235.12530517578125 0.13419371843338013
681.6294555664062 235.15591430664062 0.13406291604042053
681.75537109375 235.1839141845703 0.13392947614192963
681.886962890625 235.2087860107422 0.13379065692424774
682.0243530273438 235.23020935058594 0.13364547491073608
682.1678466796875 235.2475128173828 0.1334930807352066
682.3175659179688 235.26036071777344 0.13333472609519958
682.4735107421875 235.26795959472656 0.13316947221755981
682.6355590820312 235.26983642578125 0.1329985409975052
682.8037109375 235.2652130126953 0.13282157480716705
682.9777221679688 235.25344848632812 0.1326395720243454
683.1573486328125 235.2337646484375 0.132451593875885
683.3423461914062 235.2053985595703 0.13225913047790527
683.532470703125 235.1676483154297 0.1320619136095047
683.7271118164062 235.1197052001953 0.13186015188694
683.92578125 235.06082153320312 0.1316550076007843
684.1278076171875 234.99012756347656 0.13144706189632416
684.3324584960938 234.9069061279297 0.13123653829097748
684.5391235351562 234.8104705810547 0.13102516531944275
684.7467651367188 234.69998168945312 0.130812868475914
684.9545288085938 234.57479858398438 0.13060176372528076
685.1610717773438 234.43426513671875 0.13039244711399078
685.3653564453125 234.2778778076172 0.1301870346069336
685.5659790039062 234.10513305664062 0.1302342563867569
685.759521484375 233.9202423095703 0.13013504445552826
685.9448852539062 233.72409057617188 0.1299639791250229
686.1224365234375 233.5124969482422 0.12975364923477173
686.2899780273438 233.28680419921875 0.12955763936042786
686.4462280273438 233.04591369628906 0.12937980890274048
686.58984375 232.79153442382812 0.1292262226343155
686.7202758789062 232.52032470703125 0.12907542288303375
686.8348999023438 232.23544311523438 0.12897494435310364
686.9324340820312 231.93560791015625 0.1289292424917221
687.0111694335938 231.6233367919922 0.12894324958324432
687.06982421875 231.300537109375 0.1290256828069687
687.1065673828125 230.96763610839844 0.12914897501468658
687.119140625 230.6254425048828 0.1293020248413086
687.1063232421875 230.27513122558594 0.12948065996170044
687.0659790039062 229.91831970214844 0.1296822726726532
686.9969482421875 229.55691528320312 0.12990973889827728
686.8973999023438 229.19308471679688 0.13017527759075165
686.7659912109375 228.82940673828125 0.13055625557899475
686.6015625 228.46871948242188 0.13103927671909332
686.4032592773438 228.11428833007812 0.13157649338245392
686.1708374023438 227.76974487304688 0.1321469098329544
685.9041137695312 227.4388427734375 0.1327393352985382
685.6033935546875 227.1254425048828 0.13335029780864716
685.2696533203125 226.8335723876953 0.13397559523582458
684.9041137695312 226.56735229492188 0.13460971415042877
684.5087890625 226.330810546875 0.1352529525756836
684.086181640625 226.1278533935547 0.13590076565742493
683.6392211914062 225.96212768554688 0.1365465521812439
683.17138671875 225.83714294433594 0.13718612492084503
682.6867065429688 225.7559356689453 0.13781364262104034
682.1895751953125 225.72122192382812 0.13842211663722992
681.679931640625 225.73106384277344 0.1389973759651184
681.1507568359375 225.77235412597656 0.1394709348678589
680.601318359375 225.82977294921875 0.13981032371520996
680.0345458984375 225.89854431152344 0.1400626301765442
679.4515991210938 225.9813995361328 0.14034663140773773
678.85302734375 226.07701110839844 0.14071086049079895
678.2389526367188 226.18284606933594 0.14114360511302948
677.609130859375 226.29661560058594 0.1416265070438385
676.9635009765625 226.4166717529297 0.1421469897031784
676.3021240234375 226.5419158935547 0.14269965887069702
675.625 226.6715545654297 0.14328086376190186
674.9319458007812 226.8051300048828 0.14388854801654816
674.2227172851562 226.93714904785156 0.1445154994726181
673.4969482421875 227.061279296875 0.14512954652309418
672.7543334960938 227.17718505859375 0.14586284756660461
671.9947509765625 227.28334045410156 0.14668235182762146
671.809814453125 227.33599853515625 0.12063395977020264
671.9288330078125 227.34375 0.10476291179656982
671.9654541015625 227.34597778320312 0.10433501750230789
671.943359375 227.3469696044922 0.10997363924980164
671.876708984375 227.3480987548828 0.11721350997686386
671.7744140625 227.3489532470703 0.12412860244512558
671.6806640625 227.34774780273438 0.127674862742424
671.6961669921875 227.34713745117188 0.1270580291748047
671.6843872070312 227.346435546875 0.12957485020160675
671.6815185546875 227.34625244140625 0.13060198724269867
671.681884765625 227.3466033935547 0.1317732185125351
671.6823120117188 227.34674072265625 0.13308119773864746
671.6826171875 227.34654235839844 0.13421249389648438
671.6827392578125 227.3464813232422 0.13498294353485107
671.6830444335938 227.34689331054688 0.1355356127023697
671.683349609375 227.34690856933594 0.13655433058738708
671.6836547851562 227.34690856933594 0.13791649043560028
671.6839599609375 227.34689331054688 0.13948409259319305
671.6845092773438 227.34686279296875 0.14104107022285461
671.684814453125 227.34686279296875 0.14248386025428772
671.6852416992188 227.34686279296875 0.14368274807929993
671.6859741210938 227.34681701660156 0.14466087520122528
671.6870727539062 227.3466796875 0.14539366960525513
671.6883544921875 227.3465576171875 0.14592280983924866
671.689697265625 227.34646606445312 0.1462973803281784
671.69091796875 227.34632873535156 0.14656135439872742
671.6921997070312 227.34619140625 0.14674514532089233
671.6934204101562 227.34608459472656 0.14687396585941315
671.6945190429688 227.3459930419922 0.14696311950683594
671.695556640625 227.34593200683594 0.1470259428024292
671.6964721679688 227.34585571289062 0.14706934988498688
671.6975708007812 227.34576416015625 0.14709994196891785
671.6984252929688 227.34567260742188 0.14712069928646088
671.69921875 227.3455810546875 0.1471356600522995
671.7000122070312 227.3455047607422 0.14714576303958893
671.70068359375 227.34539794921875 0.14715324342250824
671.7012329101562 227.34532165527344 0.14715830981731415
671.7018432617188 227.34527587890625 0.14716216921806335
671.702392578125 227.34523010253906 0.14716453850269318
671.7030029296875 227.3451690673828 0.14716674387454987
671.7035522460938 227.3451385498047 0.14716801047325134
671.7042236328125 227.34507751464844 0.14716918766498566
671.70458984375 227.3450469970703 0.14716972410678864
671.7049560546875 227.3450469970703 0.147170290350914
671.7053833007812 227.3450469970703 0.147170290350914
671.7057495117188 227.3450469970703 0.1471705585718155
671.7061767578125 227.3450469970703 0.147170290350914
671.70654296875 227.3450469970703 0.1471705585718155
671.7068481445312 227.3450469970703 0.14717021584510803
671.7070922851562 227.3450469970703 0.14717021584510803
671.707275390625 227.3450469970703 0.14716991782188416
671.7074584960938 227.3450469970703 0.1471700221300125
671.7076416015625 227.3450469970703 0.14716964960098267
671.7076416015625 227.3450469970703 0.14716964960098267
671.7076416015625 227.3450469970703 0.14716964960098267
671.7076416015625 227.3450469970703 0.14716964960098267
671.7076416015625 227.3450469970703 0.14716964960098267
671.7076416015625 227.3450469970703 0.14716964960098267
671.7076416015625 227.3450469970703 0.14716964960098267
671.7076416015625 227.3450469970703 0.14716964960098267
671.7076416015625 227.3450469970703 0.14716964960098267
671.7075805664062 227.34503173828125 0.1469591110944748
671.707275390625 227.34507751464844 0.1469058245420456
671.706787109375 227.34515380859375 0.14692145586013794
671.7064819335938 227.34518432617188 0.1469632238149643
671.7060546875 227.34524536132812 0.1470082402229309
671.7059326171875 227.3452911376953 0.14704948663711548
671.7056884765625 227.34535217285156 0.14708243310451508
671.7055053710938 227.3453826904297 0.14710868895053864
671.705322265625 227.34544372558594 0.1471274197101593
671.7051391601562 227.34548950195312 0.14714187383651733
671.7048950195312 227.3455047607422 0.14715133607387543
671.7047729492188 227.3455047607422 0.14715899527072906
671.7045288085938 227.3455047607422 0.14716358482837677
671.70458984375 227.3455047607422 0.1471676230430603
671.7045288085938 227.3455047607422 0.1471693068742752
671.70458984375 227.3455047607422 0.1471715122461319
671.7046508789062 227.3455047607422 0.14717261493206024
671.7048950195312 227.3455047607422 0.14717364311218262
671.7052001953125 227.34548950195312 0.14717300236225128
671.7056884765625 227.34542846679688 0.14717327058315277
671.7059936523438 227.3453826904297 0.14717242121696472
671.7066040039062 227.34532165527344 0.14717261493206024
671.7071533203125 227.3452911376953 0.14717185497283936
671.7078247070312 227.34523010253906 0.14717192947864532
671.7083740234375 227.34518432617188 0.14717070758342743
671.709228515625 227.3451385498047 0.14717067778110504
671.7098999023438 227.3450927734375 0.14716914296150208
671.7109375 227.34500122070312 0.14716877043247223
671.7118530273438 227.3448944091797 0.1471673995256424
671.7130126953125 227.3448028564453 0.1471671313047409
671.7142333984375 227.34469604492188 0.147165909409523
671.7156372070312 227.34458923339844 0.14716532826423645
671.717041015625 227.34445190429688 0.14716346561908722
671.71875 227.34429931640625 0.14716270565986633
671.720458984375 227.3441619873047 0.1471608728170395
671.7225341796875 227.34396362304688 0.14715991914272308
671.7247314453125 227.34376525878906 0.14715740084648132
671.7273559570312 227.343505859375 0.1471562534570694
671.730224609375 227.34326171875 0.14715446531772614
671.7383422851562 227.3423614501953 0.1471754014492035
671.7600708007812 227.34019470214844 0.147226020693779
671.7907104492188 227.33726501464844 0.1472330391407013
671.8275146484375 227.3336639404297 0.14721278846263885
671.8657836914062 227.33004760742188 0.14715659618377686
671.9057006835938 227.32626342773438 0.14709670841693878
671.9466552734375 227.32235717773438 0.1470329314470291
671.98828125 227.31838989257812 0.14697185158729553
672.032470703125 227.31419372558594 0.14692111313343048
672.0802001953125 227.30970764160156 0.14687591791152954
672.13232421875 227.3047637939453 0.14683131873607635
672.189208984375 227.29925537109375 0.14678248763084412
672.2472534179688 227.293701171875 0.14671577513217926
672.30810546875 227.28790283203125 0.14665129780769348
672.373291015625 227.2816925048828 0.14659301936626434
672.4451904296875 227.2748565673828 0.14653697609901428
672.5203247070312 227.26768493652344 0.14646229147911072
672.5991821289062 227.2601776123047 0.14638331532478333
672.6824951171875 227.2522430419922 0.14630019664764404
672.7706909179688 227.24383544921875 0.14621590077877045
672.8640747070312 227.23495483398438 0.14612765610218048
672.963134765625 227.2255096435547 0.14603541791439056
673.0679321289062 227.2154998779297 0.1459372341632843
673.1790771484375 227.20489501953125 0.14583370089530945
673.296630859375 227.1936798095703 0.14572258293628693
673.4208374023438 227.1818084716797 0.14560477435588837
673.5518798828125 227.16929626464844 0.14547893404960632
673.6900024414062 227.1561279296875 0.1453460305929184
673.8351440429688 227.1422576904297 0.14520461857318878
673.987548828125 227.1277313232422 0.14505577087402344
674.1472778320312 227.1124725341797 0.14489814639091492
674.3145141601562 227.09649658203125 0.14473281800746918
674.4892578125 227.07981872558594 0.1445591300725937
674.6719360351562 227.0623779296875 0.14437824487686157
674.8626708984375 227.04417419433594 0.1441894918680191
675.0611572265625 227.02520751953125 0.1439906656742096
675.2671508789062 227.00555419921875 0.14378131926059723
675.48046875 226.9851837158203 0.1435626894235611
675.7000732421875 226.96421813964844 0.14333125948905945
675.9204711914062 226.9431915283203 0.1430683135986328
676.1334838867188 226.92282104492188 0.14277277886867523
676.335205078125 226.90359497070312 0.1424720734357834
676.5242309570312 226.8855438232422 0.14219054579734802
676.7003784179688 226.86874389648438 0.1419377475976944
676.8636474609375 226.85313415527344 0.14171424508094788
677.0147705078125 226.83872985839844 0.141520157456398
677.1541748046875 226.82540893554688 0.14135287702083588
677.282958984375 226.81312561035156 0.1412089467048645
677.3797607421875 226.80386352539062 0.14097686111927032
677.4389038085938 226.79823303222656 0.14077472686767578
677.4765625 226.79464721679688 0.14069099724292755
677.5023803710938 226.7921600341797 0.1406988501548767
677.521728515625 226.79031372070312 0.14075443148612976
677.537109375 226.78880310058594 0.14082477986812592
677.550537109375 226.7875518798828 0.14089412987232208
677.5623168945312 226.7864227294922 0.1409529447555542
677.5728759765625 226.78543090820312 0.14099940657615662
677.582275390625 226.7845458984375 0.14103420078754425
677.5906982421875 226.78375244140625 0.1410604864358902
677.5982055664062 226.78302001953125 0.14107875525951385
677.6048583984375 226.7823944091797 0.14109276235103607
677.6107788085938 226.78182983398438 0.14110229909420013
677.6160278320312 226.78134155273438 0.1411096602678299
677.6206665039062 226.78089904785156 0.14111430943012238
677.625 226.78050231933594 0.141118124127388
677.6287231445312 226.7801513671875 0.14112022519111633
677.632080078125 226.77984619140625 0.1411220133304596
677.6350708007812 226.779541015625 0.1411227434873581
677.6376953125 226.779296875 0.14112311601638794
677.639892578125 226.7790985107422 0.141122505068779
677.641845703125 226.77891540527344 0.14112338423728943
677.6434936523438 226.77877807617188 0.14112301170825958
677.6449584960938 226.7786865234375 0.1411236971616745
677.646240234375 226.7786102294922 0.14112362265586853
677.6473999023438 226.778564453125 0.14112414419651031
677.6483154296875 226.77847290039062 0.14112350344657898
677.6492919921875 226.77842712402344 0.14112403988838196
677.6498413085938 226.77835083007812 0.14112335443496704
677.650390625 226.7783966064453 0.14112362265586853
677.650634765625 226.77833557128906 0.14112304151058197
677.6507568359375 226.7783966064453 0.1411234587430954
677.6504516601562 226.77833557128906 0.14112289249897003
677.6499633789062 226.7783966064453 0.14112316071987152
677.6490478515625 226.77838134765625 0.14112304151058197
677.6478271484375 226.77841186523438 0.141123965382576
677.6459350585938 226.77825927734375 0.141123965382576
677.6405029296875 226.77810668945312 0.14111030101776123
677.6326293945312 226.77769470214844 0.14110946655273438
677.62255859375 226.77700805664062 0.14111575484275818
677.6099243164062 226.7759552001953 0.14112697541713715
677.593994140625 226.77410888671875 0.1411394476890564
677.5755615234375 226.77198791503906 0.14116142690181732
677.5545654296875 226.7693634033203 0.1411871314048767
677.53125 226.7664031982422 0.14121341705322266
677.5054321289062 226.7625274658203 0.1412457972764969
677.4774780273438 226.75747680664062 0.1412837952375412
677.4464111328125 226.75149536132812 0.14132297039031982
677.4122314453125 226.7447052001953 0.14136214554309845
677.3756713867188 226.73719787597656 0.14140906929969788
677.3351440429688 226.72872924804688 0.14145095646381378
677.2918090820312 226.71826171875 0.14151030778884888
677.2456665039062 226.70516967773438 0.1415785253047943
677.1964721679688 226.69078063964844 0.1416391283273697
677.1437377929688 226.6746826171875 0.14170768857002258
677.0872802734375 226.6566925048828 0.14178070425987244
677.0277099609375 226.63552856445312 0.1418653130531311
676.9660034179688 226.6106414794922 0.14196380972862244
676.9009399414062 226.58206176757812 0.14206279814243317
676.8321533203125 226.5507354736328 0.14216315746307373
676.7594604492188 226.51576232910156 0.14226534962654114
676.6831665039062 226.47723388671875 0.1423749178647995
676.6029663085938 226.43435668945312 0.1424894630908966
676.519287109375 226.38726806640625 0.14261512458324432
676.431884765625 226.33505249023438 0.14274688065052032
676.3411865234375 226.27786254882812 0.14288944005966187
676.2472534179688 226.21484375 0.14303867518901825
676.1504516601562 226.14596557617188 0.14319828152656555
676.0509033203125 226.07046508789062 0.14336448907852173
675.94921875 225.98834228515625 0.14354094862937927
675.8455810546875 225.8990936279297 0.1437239795923233
675.7351684570312 225.804931640625 0.1438858062028885
675.6096801757812 225.71267700195312 0.14399383962154388
675.468994140625 225.62876892089844 0.1441497802734375
675.3197021484375 225.55184936523438 0.1444275975227356
675.168212890625 225.4768524169922 0.14471332728862762
675.0172729492188 225.40280151367188 0.1449703574180603
674.8679809570312 225.329833984375 0.1452023684978485
674.7210083007812 225.25799560546875 0.14541831612586975
674.5765380859375 225.18746948242188 0.14562521874904633
674.4349365234375 225.11822509765625 0.14582636952400208
674.2960205078125 225.05043029785156 0.1460229903459549
674.160400390625 224.9841766357422 0.14621837437152863
674.0281372070312 224.9196014404297 0.14640937745571136
673.8989868164062 224.85641479492188 0.14659415185451508
673.7724609375 224.794677734375 0.1467730700969696
673.6484985351562 224.73411560058594 0.14694690704345703
673.5269165039062 224.67474365234375 0.14711624383926392
673.4074096679688 224.61630249023438 0.1472814530134201
673.2898559570312 224.5589141845703 0.14744308590888977
673.174072265625 224.5022735595703 0.14760147035121918
673.059814453125 224.44651794433594 0.1477574110031128
672.9481201171875 224.38926696777344 0.14791759848594666
672.8392944335938 224.329833984375 0.1480923742055893
672.7322387695312 224.269775390625 0.14825843274593353
672.6263427734375 224.20957946777344 0.14841246604919434
672.5213012695312 224.1490936279297 0.14855769276618958
672.4183959960938 224.08673095703125 0.14870861172676086
672.3180541992188 224.02154541015625 0.14887091517448425
672.2188110351562 223.95510864257812 0.14902499318122864
672.1199951171875 223.8873748779297 0.14916068315505981
672.0216064453125 223.81871032714844 0.14929130673408508
671.9234008789062 223.74874877929688 0.1494268774986267
671.8269653320312 223.67620849609375 0.14957645535469055
671.7328491210938 223.60015869140625 0.14974066615104675
671.6395263671875 223.5218048095703 0.1498986780643463
671.54638671875 223.44119262695312 0.15004760026931763
671.4531860351562 223.35845947265625 0.15019194781780243
671.3599853515625 223.2732391357422 0.15033523738384247
671.2685546875 223.1845703125 0.15049225091934204
671.1799926757812 223.09141540527344 0.15066269040107727
671.0923461914062 222.99484252929688 0.150826558470726
671.0050659179688 222.89456176757812 0.15100917220115662
670.9180297851562 222.79052734375 0.15113681554794312
670.8338012695312 222.68202209472656 0.15128909051418304
670.7536010742188 222.56863403320312 0.15146003663539886
670.675537109375 222.45046997070312 0.1516253650188446
670.5988159179688 222.32785034179688 0.1517825722694397
670.5237426757812 222.20034790039062 0.15192832052707672
670.4501953125 222.0680389404297 0.15205489099025726
670.3812866210938 221.9304656982422 0.15229694545269012
670.3223876953125 221.7869415283203 0.1483137458562851
670.2718505859375 221.64239501953125 0.13565178215503693
670.216552734375 221.49615478515625 0.12703147530555725
670.165771484375 221.3436279296875 0.12325145304203033
670.1231689453125 221.18572998046875 0.12194831669330597
670.0910034179688 221.02301025390625 0.121815524995327
670.0661010742188 220.85479736328125 0.12227935343980789
670.0482177734375 220.68124389648438 0.1228470578789711
670.0375366210938 220.50257873535156 0.12339378148317337
670.0347290039062 220.31887817382812 0.12386058270931244
670.0402221679688 220.13043212890625 0.12424556165933609
670.0482788085938 219.93386840820312 0.1245339959859848
670.0463256835938 219.72637939453125 0.12466319650411606
670.0274658203125 219.5118865966797 0.12459053099155426
669.9947509765625 219.29327392578125 0.12416805326938629
669.9570922851562 219.07237243652344 0.12286384403705597
669.9160766601562 218.853515625 0.1183122992515564
669.8767700195312 218.64219665527344 0.10419551283121109
669.8432006835938 218.43052673339844 0.09231533110141754
669.8143310546875 218.21975708007812 0.0732143372297287
669.7800903320312 218.01377868652344 0.05656806752085686
669.7432861328125 217.81536865234375 0.04912254214286804
669.7080078125 217.62185668945312 0.04615874961018562
669.6741333007812 217.43251037597656 0.04524268954992294
669.6411743164062 217.2471466064453 0.04522991180419922
669.6088256835938 217.06558227539062 0.045563507825136185
669.5772705078125 216.8876953125 0.0459928885102272
669.5463256835938 216.71347045898438 0.0464019775390625
669.5159912109375 216.54278564453125 0.04674011096358299
669.486083984375 216.37554931640625 0.04683704301714897
669.4567260742188 216.2115020751953 0.04617542028427124
669.4276123046875 216.050537109375 0.045175209641456604
669.3956909179688 215.89190673828125 0.03831912949681282
669.3641967773438 215.73646545410156 0.018838919699192047
669.3409423828125 215.58694458007812 0.005426292307674885
669.3175048828125 215.443115234375 -0.00020843505626544356
669.2938232421875 215.30319213867188 -0.002020950196310878
669.2703247070312 215.16636657714844 -0.002174758818000555
669.2470703125 215.0321807861328 -0.001684493967331946
669.2243041992188 214.90042114257812 -0.0010176085634157062
669.2019653320312 214.77085876464844 -0.00037567137042060494
669.1797485351562 214.64328002929688 0.00016315460379701108
669.157958984375 214.5175323486328 0.0005854415940120816
669.1364135742188 214.3934326171875 0.0009113311534747481
669.1175537109375 214.27053833007812 0.0011470031458884478
669.1021118164062 214.14871215820312 0.0013290023198351264
669.0882568359375 214.0277557373047 0.0014641952002421021
669.0750122070312 213.9075927734375 0.0015553283737972379
669.0625610351562 213.78794860839844 0.0016135787591338158
669.0527954101562 213.6688995361328 0.0016598128713667393
669.046875 213.55026245117188 0.0017044448759406805
669.0425415039062 213.43167114257812 0.001731452881358564
669.0396118164062 213.31285095214844 0.0017414093017578125
669.0374755859375 213.1937255859375 0.0017407989362254739
669.0365600585938 213.07400512695312 0.0017349624540656805
669.0386352539062 212.95407104492188 0.001737899729050696
669.045166015625 212.833984375 0.0017537688836455345
669.0538330078125 212.7130584716797 0.0017613220261409879
669.064453125 212.59097290039062 0.0017584610031917691
669.0765991210938 212.46759033203125 0.0017500686226412654
669.0907592773438 212.34271240234375 0.0017396163893863559
669.1021728515625 212.21514892578125 0.001708564697764814
669.1048583984375 212.08499145507812 0.0016766357002779841
669.1043090820312 211.95260620117188 0.0016869734972715378
669.10302734375 211.8178253173828 0.0016907881945371628
669.1014404296875 211.68040466308594 0.001682281494140625
669.0999755859375 211.54014587402344 0.001666755648329854
669.0984497070312 211.39694213867188 0.0016491698333993554
669.096923828125 211.25059509277344 0.0016323089366778731
669.0953979492188 211.1008758544922 0.0016176605131477118
669.0938110351562 210.94769287109375 0.001605300814844668
669.0919189453125 210.7908172607422 0.0015948867658153176
669.090087890625 210.6303253173828 0.0015876006800681353
669.0880126953125 210.46792602539062 0.0015924834879115224
669.086181640625 210.30584716796875 0.0016098403139039874
669.084228515625 210.1453857421875 0.0016339874127879739
669.082275390625 209.9872283935547 0.0016589355655014515
669.0806884765625 209.83177185058594 0.0016821670578792691
669.0791015625 209.6791534423828 0.0017017745412886143
669.0775756835938 209.53016662597656 0.0017209243960678577
669.0759887695312 209.38478088378906 0.0017362976213917136
669.074462890625 209.24264526367188 0.0017467880388721824
669.0728759765625 209.10353088378906 0.001752891461364925
669.0712890625 208.9672088623047 0.001755409175530076
669.0697631835938 208.8334197998047 0.0017556380480527878
669.0681762695312 208.70196533203125 0.0017538833199068904
669.066650390625 208.5726318359375 0.0017510222969576716
669.0650634765625 208.44517517089844 0.0017473220359534025
669.0634765625 208.31936645507812 0.0017428207211196423
669.0619506835938 208.19505310058594 0.0017378615448251367
669.0603637695312 208.07200622558594 0.0017328643007203937
669.0591430664062 207.9500274658203 0.0017272948753088713
669.0579833984375 207.828857421875 0.0017216872656717896
669.0567626953125 207.70835876464844 0.001715812599286437
669.0556030273438 207.58827209472656 0.0017102431738749146
669.054443359375 207.46849060058594 0.001704482943750918
669.0508422851562 207.34893798828125 0.0017076110234484076
669.0469360351562 207.22943115234375 0.001712532015517354
669.0447998046875 207.10948181152344 0.0016998290084302425
669.0428466796875 206.98904418945312 0.0016885757213458419
669.0408935546875 206.86781311035156 0.0016810225788503885
669.0389404296875 206.74563598632812 0.0016740035498514771
669.0369873046875 206.62237548828125 0.0016671752091497183
669.0350341796875 206.49778747558594 0.0016604994889348745
669.0330810546875 206.37171936035156 0.0016539382049813867
669.0311279296875 206.2439422607422 0.0016478347824886441
669.0291748046875 206.11431884765625 0.0016415786230936646
669.0271606445312 205.98263549804688 0.0016358947614207864
669.0252685546875 205.84869384765625 0.0016302107833325863
669.0232543945312 205.71234130859375 0.0016244506696239114
669.0213623046875 205.57339477539062 0.0016186522552743554
669.0193481445312 205.43165588378906 0.0016131591983139515
669.0172729492188 205.28697204589844 0.0016075134044513106
669.0148315429688 205.13912963867188 0.0016022109193727374
669.0125732421875 204.98794555664062 0.0015969848027452826
669.0101928710938 204.83331298828125 0.0015916060656309128
669.0078735351562 204.67501831054688 0.0015860366402193904
669.0055541992188 204.5128936767578 0.001580734271556139
669.003173828125 204.34677124023438 0.0015758132794871926
669.0006713867188 204.17649841308594 0.0015705489786341786
668.9979248046875 204.0018768310547 0.001565475482493639
668.9952392578125 203.82272338867188 0.0015605926746502519
668.9924926757812 203.638916015625 0.0015553283737972379
668.98974609375 203.45025634765625 0.0015501403249800205
668.9869995117188 203.25657653808594 0.0015451048966497183
668.9839477539062 203.05776977539062 0.0015401458367705345
668.9808349609375 202.85366821289062 0.001535339280962944
668.9777221679688 202.6441192626953 0.001530723529867828
668.974609375 202.4290008544922 0.0015179062029346824
668.9714965820312 202.20822143554688 0.001517562777735293
668.9679565429688 201.9816436767578 0.0015153121203184128
668.9644165039062 201.7491912841797 0.001512451097369194
668.9609375 201.5107421875 0.0015092849498614669
668.9573974609375 201.26617431640625 0.0015059279976412654
668.9536743164062 201.01528930664062 0.0016309355851262808
668.9497680664062 200.7581787109375 0.0017875289777293801
668.9458618164062 200.5006866455078 0.0018597793532535434
668.9419555664062 200.2447967529297 0.0018889999482780695
668.9380493164062 199.98822021484375 0.0018849944462999701
668.9341430664062 199.72987365722656 0.0018660735804587603
668.9302368164062 199.4679718017578 0.0018370056059211493
668.9263305664062 199.20181274414062 0.0018072128295898438
668.9224243164062 198.9301300048828 0.0017755889566615224
668.918212890625 198.65257263183594 0.001748161274008453
668.9138793945312 198.36810302734375 0.0017212295206263661
668.9096069335938 198.07659912109375 0.001698989886790514
668.9052124023438 197.77723693847656 0.0016773605020716786
668.9005126953125 197.4700469970703 0.0016599654918536544
668.8958740234375 197.154296875 0.0016428756061941385
668.8911743164062 196.83004760742188 0.0016293334774672985
668.8861083984375 196.49664306640625 0.0016152190510183573
668.8809814453125 196.15415954589844 0.0016040802001953125
668.8758544921875 195.8019561767578 0.0015922927996143699
668.870361328125 195.44009399414062 0.0015828704927116632
668.8649291992188 195.06797790527344 0.001572303706780076
668.8591918945312 194.68577575683594 0.0015640639467164874
668.8533325195312 194.2927703857422 0.0015545653877779841
668.847412109375 193.8890838623047 0.0015465926844626665
668.8411865234375 193.4740753173828 0.0015369796892628074
668.8348999023438 193.04791259765625 0.0015293883625417948
668.8282470703125 192.60986328125 0.0015200042398646474
668.8216552734375 192.1600799560547 0.0015123748453333974
668.8147583007812 191.69778442382812 0.0015029525384306908
668.8077392578125 191.22314453125 0.0014949798351153731
668.8004760742188 190.73536682128906 0.0014851760352030396
668.7930297851562 190.23439025878906 0.0014755248557776213
668.785400390625 189.71926879882812 0.0014627455966547132
668.777587890625 189.1896209716797 0.0014497756492346525
668.7693481445312 188.6454315185547 0.0014389419229701161
668.7611694335938 188.0870819091797 0.001432876568287611
668.7525634765625 187.51473999023438 0.0014294433640316129
668.743896484375 186.92843627929688 0.0014276885194703937
668.7349243164062 186.32818603515625 0.0014265059726312757
668.7257690429688 185.71388244628906 0.0014251327374950051
668.7163696289062 185.0853729248047 0.001422882080078125
668.7068481445312 184.4424591064453 0.0014201735612004995
668.6970825195312 183.78494262695312 0.0014166641049087048
668.68701171875 183.112548828125 0.0014118957333266735
668.6768798828125 182.42510986328125 0.001406440744176507
668.6663208007812 181.72232055664062 0.0014005278935655951
668.6557006835938 181.0039825439453 0.00139446253888309
668.644775390625 180.27001953125 0.0013887023087590933
668.6336059570312 179.52037048339844 0.0013839721214026213
668.6222534179688 178.7549591064453 0.0013804244808852673
668.6105346679688 177.9738006591797 0.0013774490216746926
668.5987548828125 177.17686462402344 0.0013753508683294058
668.5866088867188 176.36419677734375 0.0013731383951380849
668.5742797851562 175.53575134277344 0.00137157435528934
668.561767578125 174.6916046142578 0.0013708495534956455
668.5488891601562 173.8317413330078 0.001370391808450222
668.5306396484375 172.95681762695312 0.0013861465267837048
668.5005493164062 172.0677490234375 0.0014580916613340378
668.4645385742188 171.1634979248047 0.0015268706483766437
668.4256591796875 170.24362182617188 0.0015354537172243
668.3822021484375 169.30831909179688 0.0015225601382553577
668.3338012695312 168.35763549804688 0.0015107345534488559
668.281005859375 167.39163208007812 0.0015019988641142845
668.2241821289062 166.4103240966797 0.0014942168490961194
668.1640625 165.41372680664062 0.0014854812761768699
668.1010131835938 164.40182495117188 0.001475601107813418
668.035400390625 163.3746795654297 0.001464309636503458
667.9674682617188 162.332275390625 0.001436424208804965
667.897705078125 161.274658203125 0.0014489364111796021
667.8262939453125 160.2018585205078 0.001444320660084486
667.7533569335938 159.11386108398438 0.0014353179140016437
667.6790771484375 158.01068115234375 0.0014249419327825308
667.6033935546875 156.89236450195312 0.0014163207961246371
667.526611328125 155.7589569091797 0.0014083099085837603
667.448486328125 154.61044311523438 0.0014233016408979893
667.3692626953125 153.44683837890625 0.0013723373413085938
667.2943725585938 152.26846313476562 0.0013643646379932761
667.2235717773438 151.0752410888672 0.0014103316934779286
667.1532592773438 149.8668975830078 0.0014321135822683573
667.0848388671875 148.64344787597656 0.0014414978213608265
667.018798828125 147.4051971435547 0.0014517592499032617
666.9554443359375 146.1554718017578 0.0014836883638054132
666.8949584960938 144.90199279785156 0.0015591811388731003
666.8372802734375 143.65289306640625 0.0016712569631636143
666.7821655273438 142.41368103027344 0.0017969893524423242
666.7293090820312 141.18812561035156 0.0019189834129065275
666.6783447265625 139.9787139892578 0.0020283889025449753
666.6293334960938 138.78717041015625 0.002121887169778347
666.582275390625 137.61460876464844 0.0021991347894072533
666.5366821289062 136.46177673339844 0.0022608947474509478
666.4925537109375 135.32908630371094 0.0023092268966138363
666.4497680664062 134.2167510986328 0.0023459624499082565
666.4080810546875 133.12481689453125 0.0023732376284897327
666.3674926757812 132.05325317382812 0.0023925399873405695
666.328125 131.00196838378906 0.002372169401496649
666.2896728515625 129.97071838378906 0.0023835371248424053
666.2520751953125 128.9593048095703 0.0023929213639348745
666.2152709960938 127.96742248535156 0.0023990629706531763
666.179443359375 126.99481201171875 0.0024019621778279543
666.1443481445312 126.0411376953125 0.0024020385462790728
666.1099853515625 125.10616302490234 0.0023996352683752775
666.076416015625 124.18952178955078 0.0023955916985869408
666.0433959960938 123.29090881347656 0.0023899839725345373
666.0111083984375 122.41000366210938 0.002383613493293524
665.9794311523438 121.5465087890625 0.0023762511555105448
665.9484252929688 120.70010375976562 0.0023685074411332607
665.9180908203125 119.87047576904297 0.002360458252951503
665.888427734375 119.05731964111328 0.0023522567935287952
665.8592529296875 118.26060485839844 0.002345771761611104
665.8307495117188 117.48113250732422 0.0023455810733139515
665.802978515625 116.71986389160156 0.002352065872400999
665.7758178710938 115.97786712646484 0.002364540006965399
665.74951171875 115.2562255859375 0.002381820697337389
665.7240600585938 114.5558090209961 0.002348251175135374
665.69921875 113.8766098022461 0.0023344801738858223
665.6751708984375 113.21844482421875 0.002350234892219305
665.65185546875 112.58109283447266 0.0023706054780632257
665.6292724609375 111.9642333984375 0.0023879623040556908
665.607421875 111.36759185791016 0.0024003982543945312
665.5863037109375 110.79082489013672 0.0024079512804746628
665.56591796875 110.2336196899414 0.002411270048469305
665.5462646484375 109.69560241699219 0.0024113464169204235
665.5272216796875 109.17642211914062 0.002408790634945035
665.5089111328125 108.67576599121094 0.0024042511358857155
665.4911499023438 108.1932601928711 0.002398262033239007
665.47412109375 107.72854614257812 0.0023911285679787397
665.4576416015625 107.28086853027344 0.0023803329095244408
665.4420166015625 106.84910583496094 0.0023647688794881105
665.4265747070312 106.43233489990234 0.0023467254359275103
665.4119873046875 106.03055572509766 0.0023318862076848745
665.3976440429688 105.64373016357422 0.0023198318667709827
665.3842163085938 105.27167510986328 0.0023098753299564123
665.370849609375 104.91419982910156 0.0023010254371911287
665.3585205078125 104.57101440429688 0.0022922896314412355
665.3462524414062 104.24185943603516 0.0022840118035674095
665.3349609375 103.93115997314453 0.002318000653758645
665.3258666992188 103.67906951904297 0.002506523160263896
665.3191528320312 103.49397277832031 0.0025827025528997183
665.3147583007812 103.37599182128906 0.0027603530324995518
665.3128662109375 103.32456970214844 0.0029470825102180243
665.312744140625 103.3204574584961 0.0029878998175263405
665.312744140625 103.3202133178711 0.002791557228192687
665.312744140625 103.31993865966797 0.0025546264369040728
665.312744140625 103.3197021484375 0.0023463438265025616
665.312744140625 103.3194808959961 0.0021804047282785177
665.312744140625 103.3193130493164 0.0020533751230686903
665.3126220703125 103.31918334960938 0.0019575117621570826
665.3126220703125 103.319091796875 0.0018860244890674949
665.3126220703125 103.319091796875 0.0018860244890674949
665.3126220703125 103.319091796875 0.0018860244890674949
665.3126220703125 103.319091796875 0.0018860244890674949
665.3126220703125 103.319091796875 0.0018860244890674949
665.3126220703125 103.319091796875 0.0018860244890674949
665.3126220703125 103.319091796875 0.0018860244890674949
665.3126220703125 103.319091796875 0.0018860244890674949
665.3126220703125 103.319091796875 0.0018860244890674949
665.3126220703125 103.319091796875 0.0018860244890674949
665.3126220703125 103.319091796875 0.0018860244890674949
665.3126220703125 103.319091796875 0.0018860244890674949
665.3126220703125 103.319091796875 0.0018860244890674949
665.3126220703125 103.319091796875 0.0018860244890674949
665.3126220703125 103.319091796875 0.0018860244890674949
665.3126220703125 103.319091796875 0.0018860244890674949
665.3126220703125 103.319091796875 0.0018860244890674949
665.3126220703125 103.319091796875 0.0018860244890674949
665.3126220703125 103.319091796875 0.0018860244890674949
665.3126220703125 103.319091796875 0.0018860244890674949
665.3126220703125 103.319091796875 0.0018860244890674949
665.3126220703125 103.319091796875 0.0018860244890674949
665.3126220703125 103.319091796875 0.0018860244890674949
665.3126220703125 103.319091796875 0.0018860244890674949
665.3126220703125 103.319091796875 0.0018860244890674949
665.3126220703125 103.319091796875 0.0018860244890674949
665.3126220703125 103.319091796875 0.0018860244890674949
665.3126220703125 103.319091796875 0.0018860244890674949
665.3126220703125 103.319091796875 0.0018860244890674949
665.3126220703125 103.319091796875 0.0018860244890674949
665.3126220703125 103.319091796875 0.0018860244890674949
665.3126220703125 103.319091796875 0.0018860244890674949
665.3126220703125 103.319091796875 0.0018860244890674949
665.3126220703125 103.319091796875 0.0018860244890674949
665.3126220703125 103.319091796875 0.0018860244890674949
665.3126220703125 103.319091796875 0.0018860244890674949
665.3126220703125 103.319091796875 0.0018860244890674949
665.3126220703125 103.319091796875 0.0018860244890674949
665.3126220703125 103.319091796875 0.0018860244890674949
665.3126220703125 103.319091796875 0.0018860244890674949
665.3126220703125 103.319091796875 0.0018860244890674949
665.3126220703125 103.319091796875 0.0018860244890674949
665.3126220703125 103.319091796875 0.0018860244890674949
665.3126220703125 103.319091796875 0.0018860244890674949
665.3126220703125 103.319091796875 0.0018860244890674949
665.3126220703125 103.319091796875 0.0018860244890674949
665.3126220703125 103.319091796875 0.0018860244890674949
665.3126220703125 103.319091796875 0.0018860244890674949
665.3126220703125 103.319091796875 0.0018860244890674949
665.3126220703125 103.319091796875 0.0018860244890674949
665.3126220703125 103.319091796875 0.0018860244890674949
665.3126220703125 103.319091796875 0.0018860244890674949
665.3126220703125 103.319091796875 0.0018860244890674949
665.3126220703125 103.319091796875 0.0018860244890674949
665.3126220703125 103.319091796875 0.0018860244890674949
665.3126220703125 103.319091796875 0.0018860244890674949
665.3126220703125 103.319091796875 0.0018860244890674949
665.3126220703125 103.319091796875 0.0018860244890674949
665.3126220703125 103.319091796875 0.0018860244890674949
665.3126220703125 103.319091796875 0.0018860244890674949
665.3126220703125 103.319091796875 0.0018860244890674949
665.3126220703125 103.319091796875 0.0018860244890674949
665.3126220703125 103.319091796875 0.0018860244890674949
665.3126220703125 103.319091796875 0.0018860244890674949
665.3126220703125 103.319091796875 0.0018860244890674949
665.3126220703125 103.319091796875 0.0018860244890674949
665.3126220703125 103.319091796875 0.0018860244890674949
665.3126220703125 103.319091796875 0.0018860244890674949
665.3126220703125 103.319091796875 0.0018860244890674949
665.3126220703125 103.319091796875 0.0018860244890674949
665.3126220703125 103.319091796875 0.0018860244890674949
665.3126220703125 103.319091796875 0.0018860244890674949
665.3126220703125 103.319091796875 0.0018860244890674949
665.3126220703125 103.319091796875 0.0018860244890674949
665.3126220703125 103.319091796875 0.0018860244890674949
665.3126220703125 103.319091796875 0.0018860244890674949
665.3126220703125 103.319091796875 0.0018860244890674949
665.3126220703125 103.319091796875 0.0018860244890674949
665.3126220703125 103.319091796875 0.0018860244890674949
665.3126220703125 103.319091796875 0.0018860244890674949
665.3126220703125 103.319091796875 0.0018860244890674949
665.3126220703125 103.319091796875 0.0018860244890674949
665.3126220703125 103.319091796875 0.0018860244890674949
665.3126220703125 103.319091796875 0.0018860244890674949
665.3126220703125 103.319091796875 0.0018860244890674949
665.3126220703125 103.319091796875 0.0018860244890674949
665.3126220703125 103.319091796875 0.0018860244890674949
665.3126220703125 103.319091796875 0.0018860244890674949
665.3126220703125 103.319091796875 0.0018860244890674949
665.3126220703125 103.319091796875 0.0018860244890674949
665.3126220703125 103.319091796875 0.0018860244890674949
665.3126220703125 103.319091796875 0.0018860244890674949
665.3126220703125 103.319091796875 0.0018860244890674949
665.3126220703125 103.319091796875 0.0018860244890674949
665.3126220703125 103.319091796875 0.0018860244890674949
665.3126220703125 103.319091796875 0.0018860244890674949
665.3126220703125 103.319091796875 0.0018860244890674949
665.3126220703125 103.319091796875 0.0018860244890674949
665.3126220703125 103.319091796875 0.0018860244890674949
665.3126220703125 103.319091796875 0.0018860244890674949
665.3126220703125 103.319091796875 0.0018860244890674949
665.3126220703125 103.319091796875 0.0018860244890674949
665.3126220703125 103.319091796875 0.0018860244890674949
665.3126220703125 103.319091796875 0.0018860244890674949
665.3126220703125 103.319091796875 0.0018860244890674949
665.3126220703125 103.319091796875 0.0018860244890674949
665.3126220703125 103.319091796875 0.0018860244890674949
665.3126220703125 103.319091796875 0.0018860244890674949
665.3126220703125 103.319091796875 0.0018860244890674949
665.3126220703125 103.319091796875 0.0018860244890674949
665.3126220703125 103.319091796875 0.0018860244890674949
665.3126220703125 103.319091796875 0.0018860244890674949
665.3126220703125 103.319091796875 0.0018860244890674949
665.3126220703125 103.319091796875 0.0018860244890674949
665.3126220703125 103.319091796875 0.0018860244890674949
665.3126220703125 103.319091796875 0.0018860244890674949
665.3126220703125 103.319091796875 0.0018860244890674949
665.3126220703125 103.319091796875 0.0018860244890674949
665.3126220703125 103.319091796875 0.0018860244890674949
665.3126220703125 103.319091796875 0.0018860244890674949
665.3126220703125 103.319091796875 0.0018860244890674949
665.3126220703125 103.319091796875 0.0018860244890674949
665.3126220703125 103.319091796875 0.0018860244890674949
665.3126220703125 103.319091796875 0.0018860244890674949
665.3126220703125 103.319091796875 0.0018860244890674949
665.3126220703125 103.319091796875 0.0018860244890674949
665.3126220703125 103.319091796875 0.0018860244890674949
665.3126220703125 103.319091796875 0.0018860244890674949
665.3126220703125 103.319091796875 0.0018860244890674949
665.3126220703125 103.319091796875 0.0018860244890674949
665.3126220703125 103.319091796875 0.0018860244890674949
665.3126220703125 103.319091796875 0.0018860244890674949
665.3126220703125 103.319091796875 0.0018860244890674949
665.3126220703125 103.319091796875 0.0018860244890674949
665.3126220703125 103.319091796875 0.0018860244890674949
665.3126220703125 103.319091796875 0.0018860244890674949
665.3126220703125 103.319091796875 0.0018860244890674949
665.3126220703125 103.319091796875 0.0018860244890674949
665.3126220703125 103.319091796875 0.0018860244890674949
665.3126220703125 103.319091796875 0.0018860244890674949
665.3126220703125 103.319091796875 0.0018860244890674949
665.3126220703125 103.319091796875 0.0018860244890674949
665.3126220703125 103.319091796875 0.0018860244890674949
665.3126220703125 103.319091796875 0.0018860244890674949
665.3126220703125 103.319091796875 0.0018860244890674949
665.3126220703125 103.319091796875 0.0018860244890674949
665.3126220703125 103.319091796875 0.0018860244890674949
665.3126220703125 103.319091796875 0.0018860244890674949
665.3126220703125 103.319091796875 0.0018860244890674949
665.3126220703125 103.319091796875 0.0018860244890674949
665.3126220703125 103.319091796875 0.0018860244890674949
665.3126220703125 103.319091796875 0.0018860244890674949
665.3126220703125 103.319091796875 0.0018860244890674949
665.3126220703125 103.319091796875 0.0018860244890674949
665.3126220703125 103.319091796875 0.0018860244890674949
665.3126220703125 103.319091796875 0.0018860244890674949
665.3126220703125 103.319091796875 0.0018860244890674949
665.3126220703125 103.319091796875 0.0018860244890674949
665.3126220703125 103.319091796875 0.0018860244890674949
665.3126220703125 103.319091796875 0.0018860244890674949
665.3126220703125 103.319091796875 0.0018860244890674949
665.3126220703125 103.319091796875 0.0018860244890674949
665.3126220703125 103.319091796875 0.0018860244890674949
665.3126220703125 103.319091796875 0.0018860244890674949
665.3126220703125 103.319091796875 0.0018860244890674949
665.3126220703125 103.319091796875 0.0018860244890674949
665.3126220703125 103.319091796875 0.0018860244890674949
665.3126220703125 103.319091796875 0.0018860244890674949
665.3126220703125 103.319091796875 0.0018860244890674949
665.3126220703125 103.319091796875 0.0018860244890674949
665.3126220703125 103.319091796875 0.0018860244890674949
665.3126220703125 103.319091796875 0.0018860244890674949
665.3126220703125 103.319091796875 0.0018860244890674949
665.3126220703125 103.319091796875 0.0018860244890674949
665.3126220703125 103.319091796875 0.0018860244890674949
665.3126220703125 103.319091796875 0.0018860244890674949
665.3126220703125 103.319091796875 0.0018860244890674949
665.3126220703125 103.319091796875 0.0018860244890674949
665.3126220703125 103.319091796875 0.0018860244890674949
665.3126220703125 103.319091796875 0.0018860244890674949
665.3126220703125 103.319091796875 0.0018860244890674949
665.3126220703125 103.319091796875 0.0018860244890674949
665.3126220703125 103.319091796875 0.0018860244890674949
665.3126220703125 103.319091796875 0.0018860244890674949
665.3126220703125 103.319091796875 0.0018860244890674949
665.3126220703125 103.319091796875 0.0018860244890674949
665.3126220703125 103.319091796875 0.0018860244890674949
665.3126220703125 103.319091796875 0.0018860244890674949
665.3126220703125 103.319091796875 0.0018860244890674949
665.3126220703125 103.319091796875 0.0018860244890674949
665.3126220703125 103.319091796875 0.0018860244890674949
665.3126220703125 103.319091796875 0.0018860244890674949
665.3126220703125 103.319091796875 0.0018860244890674949
665.3126220703125 103.319091796875 0.0018860244890674949
665.3126220703125 103.319091796875 0.0018860244890674949
665.3126220703125 103.319091796875 0.0018860244890674949
665.3126220703125 103.319091796875 0.0018860244890674949
665.3126220703125 103.319091796875 0.0018860244890674949
665.3126220703125 103.319091796875 0.0018860244890674949
665.3126220703125 103.319091796875 0.0018860244890674949
665.3126220703125 103.319091796875 0.0018860244890674949
665.3126220703125 103.319091796875 0.0018860244890674949
665.3126220703125 103.319091796875 0.0018860244890674949
665.3126220703125 103.319091796875 0.0018860244890674949
665.3126220703125 103.319091796875 0.0018860244890674949
665.3126220703125 103.319091796875 0.0018860244890674949
665.3126220703125 103.319091796875 0.0018860244890674949
665.3126220703125 103.319091796875 0.0018860244890674949
665.3126220703125 103.319091796875 0.0018860244890674949
665.3126220703125 103.319091796875 0.0018860244890674949
665.3126220703125 103.319091796875 0.0018860244890674949
665.3126220703125 103.319091796875 0.0018860244890674949
665.3126220703125 103.319091796875 0.0018860244890674949
665.3126220703125 103.319091796875 0.0018860244890674949
665.3126220703125 103.319091796875 0.0018860244890674949
665.3126220703125 103.319091796875 0.0018860244890674949
665.3126220703125 103.319091796875 0.0018860244890674949
665.3126220703125 103.319091796875 0.0018860244890674949
665.3126220703125 103.319091796875 0.0018860244890674949
665.3126220703125 103.319091796875 0.0018860244890674949
665.3126220703125 103.319091796875 0.0018860244890674949
665.3126220703125 103.319091796875 0.0018860244890674949
665.3126220703125 103.319091796875 0.0018860244890674949
665.3126220703125 103.319091796875 0.0018860244890674949
665.3126220703125 103.319091796875 0.0018860244890674949
665.3126220703125 103.319091796875 0.0018860244890674949
665.3126220703125 103.319091796875 0.0018860244890674949
665.3126220703125 103.319091796875 0.0018860244890674949
665.3126220703125 103.319091796875 0.0018860244890674949
665.3126220703125 103.319091796875 0.0018860244890674949
665.3126220703125 103.319091796875 0.0018860244890674949
665.3126220703125 103.319091796875 0.0018860244890674949
665.3126220703125 103.319091796875 0.0018860244890674949
665.3126220703125 103.319091796875 0.0018860244890674949
665.3126220703125 103.319091796875 0.0018860244890674949
665.3126220703125 103.319091796875 0.0018860244890674949
665.3126220703125 103.319091796875 0.0018860244890674949
665.3126220703125 103.319091796875 0.0018860244890674949
665.3126220703125 103.319091796875 0.0018860244890674949
665.3126220703125 103.319091796875 0.0018860244890674949
665.3126220703125 103.319091796875 0.0018860244890674949
665.3126220703125 103.319091796875 0.0018860244890674949
665.3126220703125 103.319091796875 0.0018860244890674949
665.3126220703125 103.319091796875 0.0018860244890674949
665.3126220703125 103.319091796875 0.0018860244890674949
665.3126220703125 103.319091796875 0.0018860244890674949
665.3126220703125 103.319091796875 0.0018860244890674949
665.3126220703125 103.319091796875 0.0018860244890674949
665.3126220703125 103.319091796875 0.0018860244890674949
665.3126220703125 103.319091796875 0.0018860244890674949
665.3126220703125 103.319091796875 0.0018860244890674949
665.3126220703125 103.319091796875 0.0018860244890674949
665.3126220703125 103.319091796875 0.0018860244890674949
665.3126220703125 103.319091796875 0.0018860244890674949
665.3126220703125 103.319091796875 0.0018860244890674949
665.3126220703125 103.319091796875 0.0018860244890674949
665.3126220703125 103.319091796875 0.0018860244890674949
665.3126220703125 103.319091796875 0.0018860244890674949
665.3126220703125 103.319091796875 0.0018860244890674949
665.3126220703125 103.319091796875 0.0018860244890674949
665.3126220703125 103.319091796875 0.0018860244890674949
665.3126220703125 103.319091796875 0.0018860244890674949
665.3126220703125 103.319091796875 0.0018860244890674949
665.3126220703125 103.319091796875 0.0018860244890674949
665.3126220703125 103.319091796875 0.0018860244890674949
665.3126220703125 103.319091796875 0.0018860244890674949
665.3126220703125 103.319091796875 0.0018860244890674949
665.3126220703125 103.319091796875 0.0018860244890674949
665.3126220703125 103.319091796875 0.0018860244890674949
665.3126220703125 103.319091796875 0.0018860244890674949
665.3126220703125 103.319091796875 0.0018860244890674949
665.3126220703125 103.319091796875 0.0018860244890674949
665.3126220703125 103.319091796875 0.0018860244890674949
665.3126220703125 103.319091796875 0.0018860244890674949
665.3126220703125 103.319091796875 0.0018860244890674949
665.3126220703125 103.319091796875 0.0018860244890674949
665.3126220703125 103.319091796875 0.0018860244890674949
665.3126220703125 103.319091796875 0.0018860244890674949
665.3126220703125 103.319091796875 0.0018860244890674949
665.3126220703125 103.319091796875 0.0018860244890674949
665.3126220703125 103.319091796875 0.0018860244890674949
665.3126220703125 103.319091796875 0.0018860244890674949
665.3126220703125 103.319091796875 0.0018860244890674949
665.3126220703125 103.319091796875 0.0018860244890674949
665.3126220703125 103.319091796875 0.0018860244890674949
665.3126220703125 103.319091796875 0.0018860244890674949
665.3126220703125 103.319091796875 0.0018860244890674949
665.3126220703125 103.319091796875 0.0018860244890674949
665.3126220703125 103.319091796875 0.0018860244890674949
665.3126220703125 103.319091796875 0.0018860244890674949
665.3126220703125 103.319091796875 0.0018860244890674949
665.3126220703125 103.319091796875 0.0018860244890674949
665.3126220703125 103.319091796875 0.0018860244890674949
665.3126220703125 103.319091796875 0.0018860244890674949
665.3126220703125 103.319091796875 0.0018860244890674949
665.3126220703125 103.319091796875 0.0018860244890674949
665.3126220703125 103.319091796875 0.0018860244890674949
665.3126220703125 103.319091796875 0.0018860244890674949
665.3126220703125 103.319091796875 0.0018860244890674949
665.3126220703125 103.319091796875 0.0018860244890674949
665.3126220703125 103.319091796875 0.0018860244890674949
665.3126220703125 103.319091796875 0.0018860244890674949
665.3126220703125 103.319091796875 0.0018860244890674949
665.3126220703125 103.319091796875 0.0018860244890674949
665.3126220703125 103.319091796875 0.0018860244890674949
665.3126220703125 103.319091796875 0.0018860244890674949
665.3126220703125 103.319091796875 0.0018860244890674949
665.3126220703125 103.319091796875 0.0018860244890674949
665.3126220703125 103.319091796875 0.0018860244890674949
665.3126220703125 103.319091796875 0.0018860244890674949
665.3126220703125 103.319091796875 0.0018860244890674949
665.3126220703125 103.319091796875 0.0018860244890674949
665.3126220703125 103.319091796875 0.0018860244890674949
665.3126220703125 103.319091796875 0.0018860244890674949
665.3126220703125 103.319091796875 0.0018860244890674949
665.3126220703125 103.319091796875 0.0018860244890674949
665.3126220703125 103.319091796875 0.0018860244890674949
665.3126220703125 103.319091796875 0.0018860244890674949
665.3126220703125 103.319091796875 0.0018860244890674949
665.3126220703125 103.319091796875 0.0018860244890674949
665.3126220703125 103.319091796875 0.0018860244890674949
665.3126220703125 103.319091796875 0.0018860244890674949
665.3126220703125 103.319091796875 0.0018860244890674949
665.3126220703125 103.319091796875 0.0018860244890674949
665.3126220703125 103.319091796875 0.0018860244890674949
665.3126220703125 103.319091796875 0.0018860244890674949
665.3126220703125 103.319091796875 0.0018860244890674949
665.3126220703125 103.319091796875 0.0018860244890674949
665.3126220703125 103.319091796875 0.0018860244890674949
665.3126220703125 103.319091796875 0.0018860244890674949
665.3126220703125 103.319091796875 0.0018860244890674949
665.3126220703125 103.319091796875 0.0018860244890674949
665.3126220703125 103.319091796875 0.0018860244890674949
665.3126220703125 103.319091796875 0.0018860244890674949
665.3126220703125 103.319091796875 0.0018860244890674949
665.3126220703125 103.319091796875 0.0018860244890674949
665.3126220703125 103.319091796875 0.0018860244890674949
665.3126220703125 103.319091796875 0.0018860244890674949
665.3126220703125 103.319091796875 0.0018860244890674949
665.3126220703125 103.319091796875 0.0018860244890674949
665.3126220703125 103.319091796875 0.0018860244890674949
665.3126220703125 103.319091796875 0.0018860244890674949
665.3126220703125 103.319091796875 0.0018860244890674949
665.3126220703125 103.319091796875 0.0018860244890674949
665.3126220703125 103.319091796875 0.0018860244890674949
665.3126220703125 103.319091796875 0.0018860244890674949
665.3126220703125 103.319091796875 0.0018860244890674949
665.3126220703125 103.319091796875 0.0018860244890674949
665.3126220703125 103.319091796875 0.0018860244890674949
665.3126220703125 103.319091796875 0.0018860244890674949
665.3126220703125 103.319091796875 0.0018860244890674949
665.3126220703125 103.319091796875 0.0018860244890674949
665.3126220703125 103.319091796875 0.0018860244890674949
665.3126220703125 103.319091796875 0.0018860244890674949
665.3126220703125 103.319091796875 0.0018860244890674949
665.3126220703125 103.319091796875 0.0018860244890674949
665.3126220703125 103.319091796875 0.0018860244890674949
665.3126220703125 103.319091796875 0.0018860244890674949
665.3126220703125 103.319091796875 0.0018860244890674949
665.3126220703125 103.319091796875 0.0018860244890674949
665.3126220703125 103.319091796875 0.0018860244890674949
665.3126220703125 103.319091796875 0.0018860244890674949
665.3126220703125 103.319091796875 0.0018860244890674949
665.3126220703125 103.319091796875 0.0018860244890674949
665.3126220703125 103.319091796875 0.0018860244890674949
665.3126220703125 103.319091796875 0.0018860244890674949
665.3126220703125 103.319091796875 0.0018860244890674949
665.3126220703125 103.319091796875 0.0018860244890674949
665.3126220703125 103.319091796875 0.0018860244890674949
665.3126220703125 103.319091796875 0.0018860244890674949
665.3126220703125 103.319091796875 0.0018860244890674949
665.3126220703125 103.319091796875 0.0018860244890674949
665.3126220703125 103.319091796875 0.0018860244890674949
665.3126220703125 103.319091796875 0.0018860244890674949
665.3126220703125 103.319091796875 0.0018860244890674949
665.3126220703125 103.319091796875 0.0018860244890674949
665.3126220703125 103.319091796875 0.0018860244890674949
665.3126220703125 103.319091796875 0.0018860244890674949
665.3126220703125 103.319091796875 0.0018860244890674949
665.3126220703125 103.319091796875 0.0018860244890674949
665.3126220703125 103.319091796875 0.0018860244890674949
665.3126220703125 103.319091796875 0.0018860244890674949
665.3126220703125 103.319091796875 0.0018860244890674949
665.3126220703125 103.319091796875 0.0018860244890674949
665.3126220703125 103.319091796875 0.0018860244890674949
665.3126220703125 103.319091796875 0.0018860244890674949
665.3126220703125 103.319091796875 0.0018860244890674949
665.3126220703125 103.319091796875 0.0018860244890674949
665.3126220703125 103.319091796875 0.0018860244890674949
665.3126220703125 103.319091796875 0.0018860244890674949
665.3126220703125 103.319091796875 0.0018860244890674949
665.3126220703125 103.319091796875 0.0018860244890674949
665.3126220703125 103.319091796875 0.0018860244890674949
665.3126220703125 103.319091796875 0.0018860244890674949
665.3126220703125 103.319091796875 0.0018860244890674949
665.3126220703125 103.319091796875 0.0018860244890674949
665.3126220703125 103.319091796875 0.0018860244890674949
665.3126220703125 103.319091796875 0.0018860244890674949
665.3126220703125 103.319091796875 0.0018860244890674949
665.3126220703125 103.319091796875 0.0018860244890674949
665.3126220703125 103.319091796875 0.0018860244890674949
665.3126220703125 103.319091796875 0.0018860244890674949
665.3126220703125 103.319091796875 0.0018860244890674949
665.3126220703125 103.319091796875 0.0018860244890674949
665.3126220703125 103.319091796875 0.0018860244890674949
665.3126220703125 103.319091796875 0.0018860244890674949
665.3126220703125 103.319091796875 0.0018860244890674949
665.3126220703125 103.319091796875 0.0018860244890674949
665.3126220703125 103.319091796875 0.0018860244890674949
665.3126220703125 103.319091796875 0.0018860244890674949
665.3126220703125 103.319091796875 0.0018860244890674949
665.3126220703125 103.319091796875 0.0018860244890674949
665.3126220703125 103.319091796875 0.0018860244890674949
665.3126220703125 103.319091796875 0.0018860244890674949
665.3126220703125 103.319091796875 0.0018860244890674949
665.3126220703125 103.319091796875 0.0018860244890674949
665.3126220703125 103.319091796875 0.0018860244890674949
665.3126220703125 103.319091796875 0.0018860244890674949
665.3126220703125 103.319091796875 0.0018860244890674949
665.3126220703125 103.319091796875 0.0018860244890674949
665.3126220703125 103.319091796875 0.0018860244890674949
665.3126220703125 103.319091796875 0.0018860244890674949
665.3126220703125 103.319091796875 0.0018860244890674949
665.3126220703125 103.319091796875 0.0018860244890674949
665.3126220703125 103.319091796875 0.0018860244890674949
665.3126220703125 103.319091796875 0.0018860244890674949
665.3126220703125 103.319091796875 0.0018860244890674949
665.3126220703125 103.319091796875 0.0018860244890674949
665.3126220703125 103.319091796875 0.0018860244890674949
665.3126220703125 103.319091796875 0.0018860244890674949
665.3126220703125 103.319091796875 0.0018860244890674949
665.3126220703125 103.319091796875 0.0018860244890674949
665.3126220703125 103.319091796875 0.0018860244890674949
665.3126220703125 103.319091796875 0.0018860244890674949
665.3126220703125 103.319091796875 0.0018860244890674949
665.3126220703125 103.319091796875 0.0018860244890674949
665.3126220703125 103.319091796875 0.0018860244890674949
665.3126220703125 103.319091796875 0.0018860244890674949
665.3126220703125 103.319091796875 0.0018860244890674949
665.3126220703125 103.319091796875 0.0018860244890674949
665.3126220703125 103.319091796875 0.0018860244890674949
665.3126220703125 103.319091796875 0.0018860244890674949
665.3126220703125 103.319091796875 0.0018860244890674949
665.3126220703125 103.319091796875 0.0018860244890674949
665.3126220703125 103.319091796875 0.0018860244890674949
665.3126220703125 103.319091796875 0.0018860244890674949
665.3126220703125 103.319091796875 0.0018860244890674949
665.3126220703125 103.319091796875 0.0018860244890674949
665.3126220703125 103.319091796875 0.0018860244890674949
665.3126220703125 103.319091796875 0.0018860244890674949
665.3126220703125 103.319091796875 0.0018860244890674949
665.3126220703125 103.319091796875 0.0018860244890674949
665.3126220703125 103.319091796875 0.0018860244890674949
665.3126220703125 103.319091796875 0.0018860244890674949
665.3126220703125 103.319091796875 0.0018860244890674949
665.3126220703125 103.319091796875 0.0018860244890674949
665.3126220703125 103.319091796875 0.0018860244890674949
665.3126220703125 103.319091796875 0.0018860244890674949
665.3126220703125 103.319091796875 0.0018860244890674949
665.3126220703125 103.319091796875 0.0018860244890674949
665.3126220703125 103.319091796875 0.0018860244890674949
665.3126220703125 103.319091796875 0.0018860244890674949
665.3126220703125 103.319091796875 0.0018860244890674949
665.3126220703125 103.319091796875 0.0018860244890674949
665.3126220703125 103.319091796875 0.0018860244890674949
665.3126220703125 103.319091796875 0.0018860244890674949
665.3126220703125 103.319091796875 0.0018860244890674949
665.3126220703125 103.319091796875 0.0018860244890674949
665.3126220703125 103.319091796875 0.0018860244890674949
665.3126220703125 103.319091796875 0.0018860244890674949
665.3126220703125 103.319091796875 0.0018860244890674949
665.3126220703125 103.319091796875 0.0018860244890674949
665.3126220703125 103.319091796875 0.0018860244890674949
665.3126220703125 103.319091796875 0.0018860244890674949
665.3126220703125 103.319091796875 0.0018860244890674949
665.3126220703125 103.319091796875 0.0018860244890674949
665.3126220703125 103.319091796875 0.0018860244890674949
665.3126220703125 103.319091796875 0.0018860244890674949
665.3126220703125 103.319091796875 0.0018860244890674949
665.3126220703125 103.319091796875 0.0018860244890674949
665.3126220703125 103.319091796875 0.0018860244890674949
665.3126220703125 103.319091796875 0.0018860244890674949
665.3126220703125 103.319091796875 0.0018860244890674949
665.3126220703125 103.319091796875 0.0018860244890674949
665.3126220703125 103.319091796875 0.0018860244890674949
665.3126220703125 103.319091796875 0.0018860244890674949
665.3126220703125 103.319091796875 0.0018860244890674949
665.3126220703125 103.319091796875 0.0018860244890674949
665.3126220703125 103.319091796875 0.0018860244890674949
665.3126220703125 103.319091796875 0.0018860244890674949
665.3126220703125 103.319091796875 0.0018860244890674949
665.3126220703125 103.319091796875 0.0018860244890674949
665.3126220703125 103.319091796875 0.0018860244890674949
665.3126220703125 103.319091796875 0.0018860244890674949
665.3126220703125 103.319091796875 0.0018860244890674949
665.3126220703125 103.319091796875 0.0018860244890674949
665.3126220703125 103.319091796875 0.0018860244890674949
665.3126220703125 103.319091796875 0.0018860244890674949
665.3126220703125 103.319091796875 0.0018860244890674949
665.3126220703125 103.319091796875 0.0018860244890674949
665.3126220703125 103.319091796875 0.0018860244890674949
665.3126220703125 103.319091796875 0.0018860244890674949
665.3126220703125 103.319091796875 0.0018860244890674949
665.3126220703125 103.319091796875 0.0018860244890674949
665.3126220703125 103.319091796875 0.0018860244890674949
665.3126220703125 103.319091796875 0.0018860244890674949
665.3126220703125 103.319091796875 0.0018860244890674949
665.3126220703125 103.319091796875 0.0018860244890674949
665.3126220703125 103.319091796875 0.0018860244890674949
665.3126220703125 103.319091796875 0.0018860244890674949
665.3126220703125 103.319091796875 0.0018860244890674949
665.3126220703125 103.319091796875 0.0018860244890674949
665.3126220703125 103.31838989257812 0.0016198349185287952
665.3126220703125 103.31692504882812 0.0015297316713258624
665.3126220703125 103.31658935546875 0.0015231323195621371
665.3126220703125 103.31539916992188 0.0015365600120276213
665.3126220703125 103.31527709960938 0.001569785992614925
665.3126220703125 103.31423950195312 0.0015921019949018955
665.3126220703125 103.31424713134766 0.0016205977881327271
665.3126220703125 103.31327056884766 0.001633453299291432
665.3126220703125 103.31330871582031 0.0016519927885383368
665.3126220703125 103.31233978271484 0.0016561889788135886
665.3126220703125 103.31232452392578 0.0016678237589076161
665.3126220703125 103.3112564086914 0.0016669082688167691
665.3126220703125 103.31111145019531 0.0016746139153838158
665.3126220703125 103.309814453125 0.0016706847818568349
665.3126220703125 103.30928802490234 0.0016759108984842896
665.3126220703125 103.306884765625 0.0016660308465361595
665.312744140625 103.30304718017578 0.0016568374121561646
665.3125 103.29634857177734 0.0016434859717264771
665.31201171875 103.28775787353516 0.0016390609089285135
665.311767578125 103.2772445678711 0.0016323089366778731
665.3113403320312 103.26374816894531 0.0016242217971011996
665.3106079101562 103.24722290039062 0.001615447923541069
665.3099975585938 103.22809600830078 0.001610717736184597
665.3091430664062 103.20658874511719 0.0016073607839643955
665.3084106445312 103.18307495117188 0.0016090774443000555
665.3074951171875 103.15721130371094 0.0016088485717773438
665.3063354492188 103.12796783447266 0.0016018676105886698
665.3052368164062 103.09555053710938 0.0015979004092514515
665.3037109375 103.05985260009766 0.0015927886124700308
665.3021850585938 103.02045440673828 0.0015880202408879995
665.3006591796875 102.97823333740234 0.0015877151163294911
665.2988891601562 102.93206787109375 0.0015834426740184426
665.296875 102.88150024414062 0.0015751647297292948
665.2947998046875 102.82683563232422 0.0015689086867496371
665.29248046875 102.76859283447266 0.0015688323182985187
665.2902221679688 102.70637512207031 0.0015674590831622481
665.2877197265625 102.63851165771484 0.0015564345521852374
665.2849731445312 102.56596374511719 0.0015516661806032062
665.2821044921875 102.48760223388672 0.0015413283836096525
665.2789916992188 102.40451049804688 0.0015386962331831455
665.2755126953125 102.31537628173828 0.001530342036858201
665.2720336914062 102.22119903564453 0.0015284346882253885
665.2681884765625 102.12078094482422 0.001520881662145257
665.2642822265625 102.01499938964844 0.0015190505655482411
665.260009765625 101.90274810791016 0.0015121077885851264
665.2555541992188 101.78484344482422 0.001510086003690958
665.2508544921875 101.66026306152344 0.0015034866519272327
665.245849609375 101.52959442138672 0.0015005874447524548
665.2407836914062 101.39366912841797 0.0015042113373056054
665.2353515625 101.25228118896484 0.0015064621111378074
665.2298583984375 101.1047134399414 0.0015047072665765882
665.2239990234375 100.95068359375 0.0015007018810138106
665.2178955078125 100.7897720336914 0.001494827214628458
665.2116088867188 100.62186431884766 0.0014884185511618853
665.2049560546875 100.44660949707031 0.0014819717034697533
665.1980590820312 100.2638931274414 0.0014755630400031805
665.1908569335938 100.07343292236328 0.0014688109513372183
665.1834106445312 99.875732421875 0.00146678916644305
665.17578125 99.67396545410156 0.0014834594912827015
665.1680297851562 99.47189331054688 0.0015201568603515625
665.1605834960938 99.27146911621094 0.0015652846777811646
665.1531982421875 99.0738754272461 0.001610450679436326
665.145751953125 98.87955474853516 0.0016502761282026768
665.1385498046875 98.6888427734375 0.001683311420492828
665.1315307617188 98.50178527832031 0.0017094421200454235
665.12451171875 98.31847381591797 0.0017296981532126665
665.1177978515625 98.1388168334961 0.0017444228287786245
665.1111450195312 97.96282196044922 0.001755523611791432
665.1044921875 97.79036712646484 0.001763038570061326
665.0982666015625 97.6214828491211 0.0017684935592114925
665.092041015625 97.45598602294922 0.0017714690184220672
665.0858154296875 97.29436492919922 0.0017759704496711493
665.0799560546875 97.13638305664062 0.0017787170363590121
665.0740966796875 96.98190307617188 0.0017795943422243
665.0682373046875 96.8305435180664 0.0017779922345653176
665.0628051757812 96.68216705322266 0.0017756271408870816
665.0573120117188 96.53642272949219 0.0017716216389089823
665.0518798828125 96.3932113647461 0.0017675398848950863
665.04638671875 96.25221252441406 0.001762123079970479
665.0413208007812 96.11328887939453 0.0017567825270816684
665.0362548828125 95.97611999511719 0.0017508316086605191
665.0311279296875 95.83979034423828 0.0017408751882612705
665.0260620117188 95.7047119140625 0.0017334365984424949
665.02099609375 95.57167053222656 0.0017321394989266992
665.0159301757812 95.44084930419922 0.0017335891025140882
665.01123046875 95.31253814697266 0.0017372131114825606
665.0065307617188 95.1866683959961 0.0017400741344317794
665.0018310546875 95.0633773803711 0.0017432402819395065
664.9971923828125 94.94252014160156 0.001745262066833675
664.9927978515625 94.8241958618164 0.0017470931634306908
664.988525390625 94.70823669433594 0.0017476653447374701
664.9841918945312 94.5947265625 0.0017481994582340121
664.9799194335938 94.48350524902344 0.0017480086535215378
664.9757690429688 94.37462615966797 0.001747894217260182
664.9718627929688 94.26793670654297 0.001746864290907979
664.9679565429688 94.16350555419922 0.001746444613672793
664.9640502929688 94.0611801147461 0.0017451858147978783
664.9601440429688 93.96102142333984 0.0017443847609683871
664.9564819335938 93.86287689208984 0.0017428589053452015
664.955078125 93.76692962646484 0.00175132742151618
664.9564208984375 93.6730728149414 0.0017702102195471525
664.958251953125 93.58123016357422 0.0017803191440179944
664.9605102539062 93.49122619628906 0.0017798232147470117
664.9629516601562 93.40315246582031 0.0017745590303093195
664.9656982421875 93.31684112548828 0.001766853267326951
664.9705200195312 93.2327651977539 0.001769752474501729
664.9779052734375 93.15082550048828 0.0017813872545957565
664.9855346679688 93.07070922851562 0.0017853545723482966
664.9938354492188 92.99224090576172 0.0017807388212531805
665.0022583007812 92.91548919677734 0.001773300115019083
665.010986328125 92.84033203125 0.0017644499894231558
665.0208740234375 92.76911163330078 0.0017736053559929132
665.0325927734375 92.70182037353516 0.0017894363263621926
665.04443359375 92.63732147216797 0.0017957687377929688
665.0567016601562 92.5750961303711 0.0017920684767886996
665.066162109375 92.5118179321289 0.0017586135072633624
665.0703125 92.447509765625 0.0017501068068668246
665.073486328125 92.38359069824219 0.0017554473597556353
665.0765991210938 92.32042694091797 0.0017539215041324496
665.0797729492188 92.25831604003906 0.0017480850219726562
665.0829467773438 92.19727325439453 0.0017401885706931353
665.0857543945312 92.13746643066406 0.0017329787369817495
665.0885009765625 92.07879638671875 0.0017266845097765326
665.0912475585938 92.02135467529297 0.0017222213791683316
665.093994140625 91.96665954589844 0.0017274093115702271
665.0965576171875 91.91497802734375 0.0017343520885333419
665.098876953125 91.86555480957031 0.0017371749272570014
665.1012573242188 91.81802368164062 0.0017368316184729338
665.1035766601562 91.77207946777344 0.0017344283405691385
665.1058959960938 91.72748565673828 0.0017307662637904286
665.1078491210938 91.68402099609375 0.0017262267647311091
665.1098022460938 91.64153289794922 0.0017209243960678577
665.1117553710938 91.5997085571289 0.00171489710919559
665.1137084960938 91.55805206298828 0.0017079925164580345
665.1156616210938 91.51638793945312 0.0017009734874591231
665.1176147460938 91.4749755859375 0.0016964339883998036
665.1196899414062 91.43348693847656 0.0016923904186114669
665.1217041015625 91.3907241821289 0.0016812514513731003
665.1239624023438 91.34798431396484 0.0016788863576948643
665.1261596679688 91.30371856689453 0.0016688918694853783
665.1286010742188 91.25869750976562 0.0016643523704260588
665.1309814453125 91.21188354492188 0.0016559219220653176
665.1333618164062 91.16404724121094 0.0016534423921257257
665.1357421875 91.1148452758789 0.0016492462018504739
665.1381225585938 91.06507873535156 0.0016511916182935238
665.140625 91.01292419433594 0.0016432952834293246
665.1431274414062 90.9595718383789 0.0016416168073192239
665.1458740234375 90.90332794189453 0.0016316603869199753
665.1485595703125 90.84497833251953 0.0016252135392278433
665.1514892578125 90.78386688232422 0.0016176985809579492
665.1546020507812 90.71925354003906 0.0016086959512904286
665.15771484375 90.65167999267578 0.0016033172141760588
665.1612548828125 90.58133697509766 0.001600570627488196
665.1647338867188 90.50837707519531 0.0015997313894331455
665.1682739257812 90.43293762207031 0.001600570627488196
665.1719970703125 90.35508728027344 0.0016021346673369408
665.1759033203125 90.27456665039062 0.0016019439790397882
665.1798095703125 90.19074249267578 0.0015977477887645364
665.1841430664062 90.10337829589844 0.0015923308674246073
665.1884155273438 90.01207733154297 0.0015855026431381702
665.1930541992188 89.91673278808594 0.001579017611220479
665.1976928710938 89.81700897216797 0.0015719985822215676
665.2028198242188 89.71286010742188 0.0015656661707907915
665.2079467773438 89.60394287109375 0.0015588378300890326
665.2134399414062 89.490234375 0.0015529632801190019
665.2191162109375 89.37144470214844 0.0015468215569853783
665.2249755859375 89.24750518798828 0.0015415191883221269
665.2312622070312 89.11814880371094 0.0015356825897470117
665.2377319335938 88.98332977294922 0.0015300750965252519
665.2444458007812 88.84278869628906 0.0015248488634824753
665.25146484375 88.69646453857422 0.0015201186761260033
665.2587890625 88.54409790039062 0.0015148543752729893
665.2664184570312 88.38563537597656 0.0015104674967005849
665.2742919921875 88.22081756591797 0.0015053940005600452
665.282470703125 88.04959869384766 0.0015008545015007257
665.2910766601562 87.87171936035156 0.0014957046369090676
665.2999877929688 87.68708801269531 0.0014910888858139515
665.3092041015625 87.49546813964844 0.0014858245849609375
665.3187255859375 87.29680633544922 0.0014816283946856856
665.3285522460938 87.09100341796875 0.0014772415161132812
665.3388061523438 86.87800598144531 0.001473503070883453
665.349365234375 86.65778350830078 0.0014703749911859632
665.3602905273438 86.43022918701172 0.0014677810249850154
665.3715209960938 86.1953125 0.0014652633108198643
665.3831787109375 85.952880859375 0.0014622496673837304
665.3952026367188 85.70281982421875 0.0015887069748714566
665.4075927734375 85.44525909423828 0.0017466736026108265
665.4200439453125 85.18684387207031 0.0018240356585010886
665.4325561523438 84.92925262451172 0.0018567657098174095
665.445068359375 84.6717758178711 0.0018656920874491334
665.457275390625 84.41645050048828 0.001876144320704043
665.4693603515625 84.16387176513672 0.0018868636107072234
665.4814453125 83.912353515625 0.0018484877655282617
665.4935913085938 83.66254425048828 0.0017696762224659324
665.505615234375 83.4136734008789 0.001617431640625
665.517333984375 83.16731262207031 0.0015777968801558018
665.529052734375 82.92460632324219 0.0015919493744149804
665.5404663085938 82.68614959716797 0.0016272353241220117
665.5517578125 82.45221710205078 0.0016663741553202271
665.562744140625 82.22288513183594 0.0017019271617755294
665.573486328125 81.99822235107422 0.0017312240088358521
665.5840454101562 81.77816772460938 0.0017537688836455345
665.5943603515625 81.56266021728516 0.0017702864715829492
665.6009521484375 81.35171508789062 0.001796188298612833
665.6018676757812 81.14551544189453 0.0018426132155582309
665.5999755859375 80.9437026977539 0.001876411377452314
665.6010131835938 80.74613952636719 0.0018725584959611297
665.6050415039062 80.552734375 0.001837501535192132
665.6098022460938 80.36339569091797 0.001820373465307057
665.6149291992188 80.17793273925781 0.0018132018158212304
665.6199340820312 79.99632263183594 0.001808547880500555
665.6245727539062 79.81841278076172 0.001803817693144083
665.6292724609375 79.6441879272461 0.0017996978713199496
665.6339721679688 79.4734878540039 0.001795272808521986
665.6385498046875 79.30632019042969 0.0017918776720762253
665.6428833007812 79.14253997802734 0.0017883300315588713
665.6471557617188 78.98214721679688 0.0017856978811323643
665.6514892578125 78.82498931884766 0.0017827606061473489
665.65576171875 78.67111206054688 0.001780662452802062
665.6597290039062 78.52033996582031 0.001778030302375555
665.6636352539062 78.37273406982422 0.0017763137584552169
665.6675415039062 78.22811126708984 0.0017740631010383368
665.6714477539062 78.08724975585938 0.0017764281947165728
665.6752319335938 77.94996643066406 0.0017779540503397584
665.6787109375 77.81600189208984 0.0017780684866011143
665.6822509765625 77.68496704101562 0.0017755127046257257
665.685791015625 77.55668640136719 0.0017721557524055243
665.6892700195312 77.43081665039062 0.0017671965761110187
665.6927490234375 77.3072280883789 0.00176239013671875
665.6958618164062 77.18560791015625 0.0017564010340720415
665.698974609375 77.06582641601562 0.0017508696764707565
665.7020874023438 76.94757080078125 0.0017444610130041838
665.7052001953125 76.83074188232422 0.0017386627150699496
665.7083740234375 76.71501922607422 0.0017322921194136143
665.7114868164062 76.60030364990234 0.0017265700735151768
665.714599609375 76.4863052368164 0.0017203140305355191
665.7177124023438 76.3729019165039 0.001714630052447319
665.7208251953125 76.25981140136719 0.0017081069527193904
665.7239990234375 76.14690399169922 0.0017024611588567495
665.7271118164062 76.03392028808594 0.001696090679615736
665.730224609375 75.92073822021484 0.00169029226526618
665.7333374023438 75.80708312988281 0.001684226910583675
665.7364501953125 75.6928482055664 0.0016786956693977118
665.7396240234375 75.57774353027344 0.0016727065667510033
665.7427368164062 75.46168518066406 0.0016673278296366334
665.745849609375 75.3443603515625 0.001661224290728569
665.7489624023438 75.2257080078125 0.0016557693015784025
665.7520751953125 75.10541534423828 0.0016496657626703382
665.7552490234375 74.9834213256836 0.0016443252097815275
665.7587280273438 74.85941314697266 0.0016383742913603783
665.7622680664062 74.73332214355469 0.0016329573700204492
665.7657470703125 74.60486602783203 0.001627159072086215
665.769287109375 74.47396087646484 0.0016218567034229636
665.7728271484375 74.34033203125 0.0016161727253347635
665.7763671875 74.20388793945312 0.0016109084244817495
665.7802734375 74.06436157226562 0.0016051101265475154
665.7841796875 73.92168426513672 0.0016001510666683316
665.7880859375 73.77556610107422 0.0015946197090670466
665.7919921875 73.62593841552734 0.0015895842807367444
665.7963256835938 73.47254943847656 0.0015843199798837304
665.8005981445312 73.3152847290039 0.0015792464837431908
665.804931640625 73.15392303466797 0.0015737914945930243
665.8093872070312 72.9883804321289 0.0015689086867496371
665.8140258789062 72.81837463378906 0.001563224708661437
665.8187255859375 72.64385223388672 0.0015585327055305243
665.823486328125 72.46456146240234 0.0015532684046775103
665.8285522460938 72.28041076660156 0.001548232976347208
665.8336791992188 72.09114837646484 0.0015431975480169058
665.8388671875 71.89667510986328 0.0015383911086246371
665.8443603515625 71.6968002319336 0.001533241244032979
665.849853515625 71.491455078125 0.0015288161812350154
665.8555908203125 71.28047180175781 0.0015243911184370518
665.8614501953125 71.06375885009766 0.0015201568603515625
665.867431640625 70.84117889404297 0.0015159988543018699
665.8736572265625 70.61265563964844 0.001512069720774889
665.8798828125 70.37808227539062 0.0015082168392837048
665.886474609375 70.13732147216797 0.0015047072665765882
665.8931274414062 69.8902587890625 0.0015011596260592341
665.8999633789062 69.63672637939453 0.0017120360862463713
665.9070434570312 69.37823486328125 0.0018191146664321423
665.9110107421875 69.12144470214844 0.0018823242280632257
665.909423828125 68.86576843261719 0.0019357299897819757
665.908447265625 68.60884857177734 0.0019456100417301059
665.9096069335938 68.35167694091797 0.0019160842057317495
665.91162109375 68.09563446044922 0.0018897628178820014
665.9139404296875 67.84251403808594 0.0018857192480936646
665.9163208007812 67.59054565429688 0.0018358611268922687
665.9186401367188 67.34008026123047 0.0018167876405641437
665.9210205078125 67.0904769897461 0.0016710662748664618
665.92333984375 66.84296417236328 0.0015896224649623036
665.9256591796875 66.59888458251953 0.0015850067138671875
665.9280395507812 66.35893249511719 0.0016135025070980191
665.9303588867188 66.12345123291016 0.001651763916015625
665.9327392578125 65.892578125 0.0016891479026526213
665.93505859375 65.66637420654297 0.0017207335913553834
665.9373779296875 65.4448013305664 0.0017457961803302169
665.9397583007812 65.22777557373047 0.0017643355531618
665.9420166015625 65.01521301269531 0.00177764892578125
665.9439697265625 64.80693054199219 0.001785926753655076
665.9459228515625 64.60276794433594 0.0017910003662109375
665.9478759765625 64.40245056152344 0.0017925644060596824
665.9498291015625 64.205810546875 0.0017921829130500555
665.9517822265625 64.0125503540039 0.0017896270146593451
665.9537353515625 63.82249450683594 0.0017860031221061945
665.9556884765625 63.63533020019531 0.0017812347505241632
665.9576416015625 63.45089340209961 0.0017763137584552169
665.9595947265625 63.26887893676758 0.0017704772762954235
665.9615478515625 63.08913040161133 0.0017646407941356301
665.9635009765625 62.91135787963867 0.0017581939464434981
665.9654541015625 62.735389709472656 0.0017520141554996371
665.9674072265625 62.560951232910156 0.00174541468732059
665.9691772460938 62.387908935546875 0.0017391586443409324
665.9707641601562 62.215946197509766 0.0017324829241260886
665.9723510742188 62.044944763183594 0.0017262649489566684
665.973876953125 61.87460708618164 0.0017196654807776213
665.9754638671875 61.70481491088867 0.0017136001260951161
665.9769897460938 61.5352668762207 0.0017070770263671875
665.9785766601562 61.36585235595703 0.001700935303233564
665.9801635742188 61.1962890625 0.0016945266397669911
665.981689453125 61.02643966674805 0.0016888808459043503
665.9832763671875 60.85604476928711 0.0016826248029246926
665.9848022460938 60.684974670410156 0.00167675013653934
665.9863891601562 60.51296615600586 0.001670570345595479
665.9881591796875 60.33989715576172 0.0016648864839226007
665.9901123046875 60.165496826171875 0.0016587829450145364
665.9920654296875 59.98965072631836 0.0016530608991160989
665.9940185546875 59.81210708618164 0.0016469191759824753
665.9959716796875 59.63273239135742 0.0016415786230936646
665.9979248046875 59.45128631591797 0.0016357421409338713
665.9998779296875 59.26764678955078 0.0016301345312967896
666.0018310546875 59.0815544128418 0.0016245651058852673
666.0037841796875 58.89291763305664 0.0016190719325095415
666.0057373046875 58.70146942138672 0.0016134261386469007
666.0076904296875 58.50709915161133 0.0016081618377938867
666.0096435546875 58.30956268310547 0.0016027068486437201
666.0115966796875 58.10874557495117 0.0015972900437191129
666.0135498046875 57.904441833496094 0.0015917205018922687
666.0155029296875 57.696537017822266 0.001586647005751729
666.0177001953125 57.48482131958008 0.0015816115774214268
666.0161743164062 57.269447326660156 0.001590042025782168
666.0087280273438 57.05049514770508 0.0016238403040915728
666.0033569335938 56.82728958129883 0.0016322326846420765
666.0011596679688 56.59961700439453 0.0016025161603465676
665.9998168945312 56.36783981323242 0.0015803527785465121
665.9986572265625 56.134700775146484 0.0015874099917709827
665.9974975585938 55.902976989746094 0.0016130446456372738
665.996337890625 55.6741943359375 0.0016457748133689165
665.9951171875 55.44911193847656 0.0016782379243522882
665.9939575195312 55.22813034057617 0.0017069625901058316
665.9931640625 55.01141357421875 0.0017308807000517845
665.992431640625 54.79904556274414 0.0017498397501185536
665.9916381835938 54.59102249145508 0.0017644119216129184
665.9908447265625 54.38731384277344 0.0017748259706422687
665.9900512695312 54.1878662109375 0.001782493549399078
665.9892578125 53.99258041381836 0.0017874145414680243
665.988525390625 53.80134582519531 0.0017903900006785989
665.9877319335938 53.614070892333984 0.0017920302925631404
665.9869384765625 53.43065643310547 0.0017924117855727673
665.9861450195312 53.251014709472656 0.0017918014200404286
665.9853515625 53.07505798339844 0.001790923997759819
665.984619140625 52.90298080444336 0.0017909621819853783
665.9838256835938 52.73468780517578 0.0017903900006785989
665.9800415039062 52.5701789855957 0.0018008422339335084
665.9720458984375 52.40946960449219 0.0018292998429387808
665.96240234375 52.251953125 0.0018472671508789062
665.9518432617188 52.09734344482422 0.0018496322445571423
665.9403076171875 51.94537353515625 0.001842079102061689
665.9256591796875 51.796512603759766 0.0018421935383230448
665.9065551757812 51.650848388671875 0.0018541717436164618
665.8853759765625 51.50752258300781 0.00185985560528934
665.8626708984375 51.366127014160156 0.001856040908023715
665.8387451171875 51.22647476196289 0.0018438720144331455
665.8134765625 51.08832931518555 0.0018279266078025103
665.7869873046875 50.95109176635742 0.0018097305437549949
665.7566528320312 50.81619644165039 0.0018095015548169613
665.7271728515625 50.68300247192383 0.0018064880277961493
665.7068481445312 50.550296783447266 0.0017726134974509478
665.6897583007812 50.41957473754883 0.0017816161271184683
665.6734008789062 50.29127502441406 0.001791458111256361
665.6576538085938 50.16547393798828 0.001792373601347208
665.64208984375 50.042205810546875 0.0017869186121970415
665.626953125 49.92142868041992 0.0017794036539271474
665.6121215820312 49.80312728881836 0.0017718886956572533
665.5975341796875 49.68724822998047 0.0017653274117037654
665.583251953125 49.57376480102539 0.001760025043040514
665.5693359375 49.46260070800781 0.0017558669205754995
665.5556030273438 49.35374069213867 0.0017527389572933316
665.542236328125 49.24711227416992 0.0017501068068668246
665.5291137695312 49.14269256591797 0.0017480086535215378
665.5165405273438 49.04180145263672 0.0017538070678710938
665.5042724609375 48.94451141357422 0.0017598724225535989
665.4925537109375 48.850257873535156 0.0017626952612772584
665.4810180664062 48.758670806884766 0.0017622757004573941
665.4698486328125 48.66939926147461 0.001759338309057057
665.4588012695312 48.58218002319336 0.0017549132462590933
665.4481811523438 48.496726989746094 0.001749496441334486
665.4375610351562 48.41283416748047 0.0017435455229133368
665.4271850585938 48.330257415771484 0.0017374037997797132
665.4169921875 48.24880599975586 0.0017312621930614114
665.4068603515625 48.168235778808594 0.0017250824021175504
665.396728515625 48.08837127685547 0.0017185973701998591
665.38671875 48.00898742675781 0.0017132186330854893
665.376953125 47.9299201965332 0.0017082213889807463
665.3671875 47.8509407043457 0.0017026519635692239
665.357421875 47.77190017700195 0.0016963958041742444
665.3474731445312 47.692562103271484 0.0016901778290048242
665.3373413085938 47.612796783447266 0.0016840744065120816
665.3256225585938 47.53274154663086 0.0016848754603415728
665.3114013671875 47.452430725097656 0.0016954803140833974
665.296630859375 47.37126922607422 0.0016999816289171576
665.2835693359375 47.28865432739258 0.0016878891037777066
665.2718505859375 47.20368957519531 0.0016654586652293801
665.2601318359375 47.11604690551758 0.0016528700944036245
665.2484130859375 47.0277099609375 0.0016524887178093195
665.2366943359375 46.93980026245117 0.0016593551263213158
665.2249755859375 46.8529052734375 0.0016695404192432761
665.2135009765625 46.767372131347656 0.0016803741455078125
665.2021484375 46.683349609375 0.0016904830699786544
665.191162109375 46.600921630859375 0.001698722830042243
665.1802368164062 46.52010726928711 0.0017053221818059683
665.1694946289062 46.44093322753906 0.0017105102306231856
665.1590576171875 46.36334228515625 0.0017143249278888106
665.1488037109375 46.28734588623047 0.001716995146125555
665.1387939453125 46.212913513183594 0.0017187880584970117
665.1289672851562 46.1400146484375 0.0017200851580128074
665.1194458007812 46.068607330322266 0.0017210006481036544
665.1099853515625 45.99868392944336 0.0017213057726621628
665.10107421875 45.93191146850586 0.0017308044480159879
665.0924682617188 45.86838150024414 0.0017400741344317794
665.0843505859375 45.80743408203125 0.0017446898855268955
665.0764770507812 45.74866485595703 0.0017451095627620816
665.0689086914062 45.69166564941406 0.001742896973155439
665.0614013671875 45.63614273071289 0.0017384338425472379
665.0540771484375 45.581790924072266 0.0017329406691715121
665.0455932617188 45.52861404418945 0.001731071388348937
665.0360717773438 45.47645568847656 0.0017356108874082565
665.0261840820312 45.42482376098633 0.0017348480178043246
665.0162963867188 45.37342834472656 0.001728973351418972
665.0059814453125 45.32205581665039 0.0017197799170389771
664.9957885742188 45.27048873901367 0.0017094421200454235
664.9841918945312 45.218929290771484 0.001704750000499189
664.9707641601562 45.166351318359375 0.0017020797822624445
664.9564208984375 45.11195755004883 0.0016954803140833974
664.9417114257812 45.05704116821289 0.0016924666706472635
664.9266967773438 45.00238037109375 0.001692123361863196
664.9118041992188 44.948368072509766 0.001694488455541432
664.8994140625 44.89443588256836 0.0016913223080337048
664.8900756835938 44.84091567993164 0.0017054366180673242
664.8809204101562 44.788368225097656 0.0017173385713249445
664.8719482421875 44.73681640625 0.0017216872656717896
664.8633422851562 44.68629455566406 0.0017214202089235187
664.854736328125 44.63676834106445 0.0017235946143046021
664.8463134765625 44.58824157714844 0.0017118453979492188
664.8381958007812 44.540706634521484 0.0017068481538444757
664.830078125 44.49415969848633 0.0017050552414730191
664.8223266601562 44.44853973388672 0.0017042160034179688
664.814453125 44.40388107299805 0.001703987130895257
664.8070678710938 44.36012649536133 0.0017039107624441385
664.7998046875 44.31861114501953 0.0017111205961555243
664.793212890625 44.27930450439453 0.0017180251888930798
664.7865600585938 44.241825103759766 0.0017217635177075863
664.7803955078125 44.20591354370117 0.0017236708663403988
664.7743530273438 44.17147445678711 0.0017240905435755849
664.7685546875 44.13789367675781 0.0017193603562191129
664.762939453125 44.10585403442383 0.0017193984240293503
664.7573852539062 44.074302673339844 0.0017141723074018955
664.7520141601562 44.043701171875 0.0017124557634815574
664.7466430664062 44.01301574707031 0.0017083358252421021
664.7413330078125 43.98224639892578 0.001697273226454854
664.7359008789062 43.950584411621094 0.0016850661486387253
664.73046875 43.91902160644531 0.0016813278198242188
664.724853515625 43.88619613647461 0.0016731261275708675
664.7191772460938 43.85365676879883 0.0016738891135901213
664.7131958007812 43.819427490234375 0.0016649627359583974
664.7071533203125 43.78493118286133 0.0016640090616419911
664.7007446289062 43.74845504760742 0.0016553497407585382
664.6942749023438 43.71126937866211 0.001653709332458675
664.6876220703125 43.67205810546875 0.001634788466617465
664.6806640625 43.63214111328125 0.0016333007952198386
664.6732177734375 43.589073181152344 0.0016214370261877775
664.6654052734375 43.54376983642578 0.0016176223289221525
664.6572265625 43.49628448486328 0.0016152954194694757
664.6489868164062 43.44755935668945 0.001620063791051507
664.6400756835938 43.39570617675781 0.0016142273088917136
664.630859375 43.34183883666992 0.0016143417451530695
664.6209716796875 43.2843017578125 0.0016058349283412099
664.6105346679688 43.223472595214844 0.0015961074968799949
664.599609375 43.15960693359375 0.00159282679669559
664.588134765625 43.092674255371094 0.0015916824340820312
664.5762939453125 43.02318572998047 0.0015944290207698941
664.56396484375 42.95055389404297 0.0015927123604342341
664.5511474609375 42.87467575073242 0.001590194646269083
664.5357055664062 42.79484939575195 0.0015877151163294911
664.5173950195312 42.71184539794922 0.0015988158993422985
664.497314453125 42.62452697753906 0.0016022109193727374
664.478515625 42.53247833251953 0.0015910338843241334
664.4606323242188 42.43569564819336 0.001575050293467939
664.4427490234375 42.33740997314453 0.0015848159091547132
664.4246826171875 42.23917770385742 0.0016046905657276511
664.4068603515625 42.14185333251953 0.0016275405650958419
664.3892822265625 42.045936584472656 0.0016491698333993554
664.3720703125 41.951629638671875 0.0016678237589076161
664.3551635742188 41.85908508300781 0.0016831207321956754
664.3385009765625 41.76832962036133 0.0016952896257862449
664.322265625 41.67939758300781 0.0017042922554537654
664.3063354492188 41.592254638671875 0.0017114257207140326
664.2907104492188 41.506893157958984 0.0017162322765216231
664.2754516601562 41.42327117919922 0.0017203140305355191
664.2604370117188 41.34136962890625 0.0017227553762495518
664.2457885742188 41.26115036010742 0.0017243194160982966
664.231689453125 41.18439483642578 0.0017354583833366632
664.2183227539062 41.11119079589844 0.0017462157411500812
664.2054443359375 41.04100799560547 0.0017526625888422132
664.1931762695312 40.97335433959961 0.0017543029971420765
664.18115234375 40.90789031982422 0.0017526625888422132
664.1694946289062 40.84423065185547 0.0017488098237663507
664.1580810546875 40.7820930480957 0.0017432022141292691
664.1469116210938 40.72114944458008 0.001741332933306694
664.135986328125 40.66086196899414 0.0017419432988390326
664.1250610351562 40.60076904296875 0.0017343520885333419
664.1141357421875 40.5408935546875 0.0017242812318727374
664.1032104492188 40.481075286865234 0.0017141723074018955
664.0921630859375 40.42121505737305 0.001704902620986104
664.080078125 40.36146545410156 0.0017015074845403433
664.066162109375 40.30184555053711 0.0017064666608348489
664.0516357421875 40.24179458618164 0.0017070770263671875
664.0368041992188 40.18113327026367 0.0017023467225953937
664.0216064453125 40.119651794433594 0.0016941833309829235
664.0078125 40.05570602416992 0.001672935439273715
663.9949340820312 39.989349365234375 0.0016614531632512808
663.9819946289062 39.922386169433594 0.0016615295317023993
663.9691162109375 39.85566711425781 0.0016669082688167691
663.9562377929688 39.78970718383789 0.0016745757311582565
663.9436645507812 39.72474670410156 0.0016823959304019809
663.93115234375 39.66093826293945 0.0016894149594008923
663.9190673828125 39.59832000732422 0.001695175189524889
663.9071044921875 39.536949157714844 0.0016997909406200051
663.8953857421875 39.47678756713867 0.0017033767653629184
663.8839721679688 39.41786575317383 0.001706085167825222
663.8726196289062 39.360130310058594 0.0017082213889807463
663.8616943359375 39.30359649658203 0.0017094421200454235
663.8509521484375 39.248207092285156 0.0017105102306231856
663.8405151367188 39.19553756713867 0.0017193221719935536
663.8309326171875 39.14550018310547 0.0017277145525440574
663.821533203125 39.097740173339844 0.0017330169212073088
663.8126220703125 39.0518798828125 0.0017347716493532062
663.803955078125 39.00772476196289 0.0017338943434879184
663.7957763671875 38.9649543762207 0.0017311095725744963
663.7875366210938 38.923362731933594 0.0017271422548219562
663.7796630859375 38.88267517089844 0.0017224120674654841
663.7718505859375 38.84244918823242 0.0017149733612313867
663.7642211914062 38.802452087402344 0.0017090224428102374
663.7565307617188 38.76219940185547 0.0017007826827466488
663.7489013671875 38.722251892089844 0.0016971969744190574
663.7410888671875 38.68174362182617 0.0016888427780941129
663.7333374023438 38.641624450683594 0.0016871643019840121
663.7241821289062 38.600341796875 0.001680831890553236
663.7140502929688 38.55931854248047 0.0016871643019840121
663.703369140625 38.51665115356445 0.0016823195619508624
663.6923828125 38.47393798828125 0.001683311420492828
663.680908203125 38.429420471191406 0.0016735076205804944
663.6693115234375 38.38431930541992 0.001670036232098937
663.6559448242188 38.33738708496094 0.0016632460756227374
663.6409912109375 38.28995895385742 0.0016696929233148694
663.6272583007812 38.23930358886719 0.0016560745425522327
663.6155395507812 38.18657684326172 0.0016485595842823386
663.6035766601562 38.13069534301758 0.001641349750570953
663.5912475585938 38.072486877441406 0.0016358565771952271
663.5780029296875 38.01067352294922 0.001623191754333675
663.564208984375 37.94585037231445 0.0016152954194694757
663.5501708984375 37.879703521728516 0.0016175841446965933
663.5360717773438 37.81351089477539 0.001628188998438418
663.5220336914062 37.74779510498047 0.0016415786230936646
663.5081787109375 37.68302917480469 0.001655959989875555
663.4945068359375 37.619285583496094 0.0016686629969626665
663.4812622070312 37.55677032470703 0.0016796111594885588
663.4681396484375 37.49540710449219 0.0016880416078493
663.4556274414062 37.43705749511719 0.0017042922554537654
663.4437255859375 37.38153076171875 0.0017180251888930798
663.4324340820312 37.32837677001953 0.0017267226940020919
663.4214477539062 37.27716827392578 0.0017304992070421576
663.4109497070312 37.22760009765625 0.0017304992070421576
663.4006958007812 37.17937088012695 0.0017283629858866334
663.3905029296875 37.13222885131836 0.0017245101043954492
663.3807373046875 37.08591079711914 0.001719627296552062
663.3709716796875 37.04018020629883 0.0017141723074018955
663.3612060546875 36.994956970214844 0.0017091750632971525
663.3516235351562 36.95001220703125 0.0017037582583725452
663.3419189453125 36.905094146728516 0.0016979980282485485
663.3321533203125 36.85993957519531 0.0016917038010433316
663.3223876953125 36.81425857543945 0.0016847610240802169
663.3114013671875 36.76791763305664 0.0016802597092464566
663.298828125 36.72092819213867 0.0016830062959343195
663.2857666015625 36.67292404174805 0.0016825866186991334
663.2721557617188 36.62369918823242 0.001677780062891543
663.2581176757812 36.57304000854492 0.0016701126005500555
663.242431640625 36.521358489990234 0.00166740408167243
663.224853515625 36.46866226196289 0.0016714477678760886
663.2059936523438 36.414451599121094 0.001671600271947682
663.1864624023438 36.35853958129883 0.0016675567021593451
663.1660766601562 36.30107116699219 0.001662673894315958
663.1475830078125 36.24058151245117 0.00164623255841434
663.1314086914062 36.17642593383789 0.0016424560453742743
663.1153564453125 36.11119842529297 0.001651763916015625
663.099365234375 36.0459098815918 0.0016618728404864669
663.0833740234375 35.98126220703125 0.0016715240199118853
663.067626953125 35.917476654052734 0.0016795349074527621
663.0521240234375 35.85482406616211 0.001687011681497097
663.036865234375 35.79328155517578 0.0016923904186114669
663.0220336914062 35.73299026489258 0.001697540283203125
663.0075073242188 35.673851013183594 0.0017011261079460382
662.9931030273438 35.6159553527832 0.0017044448759406805
662.9790649414062 35.55919647216797 0.0017063140403479338
662.9653930664062 35.5036506652832 0.001708183204755187
662.9520263671875 35.44919967651367 0.0017088699387386441
662.9388427734375 35.39591979980469 0.0017099761171266437
662.9259033203125 35.343685150146484 0.001710166921839118
662.9132690429688 35.29258346557617 0.0017106246668845415
662.9008178710938 35.24248504638672 0.0017103194259107113
662.8882446289062 35.195465087890625 0.0017229461809620261
662.8750610351562 35.15143966674805 0.0017406463157385588
662.8622436523438 35.10966491699219 0.0017509078606963158
662.849853515625 35.06956481933594 0.001776199322193861
662.8374633789062 35.030696868896484 0.0017596816178411245
662.8248901367188 34.993709564208984 0.0017552947392687201
662.8114624023438 34.9576301574707 0.0017559051048010588
662.7985229492188 34.9233512878418 0.0017564772861078382
662.786865234375 34.88629913330078 0.0017258072039112449
662.7763061523438 34.84727096557617 0.0017076492076739669
662.765869140625 34.80754470825195 0.0016985320253297687
662.7553100585938 34.76803207397461 0.0016954803140833974
662.7449340820312 34.72876739501953 0.0016928863478824496
662.7347412109375 34.690223693847656 0.0016937255859375
662.7246704101562 34.65219497680664 0.0016933822771534324
662.71484375 34.61501693725586 0.0016950225690379739
662.7051391601562 34.578426361083984 0.001695175189524889
662.6956787109375 34.54270935058594 0.0016965866088867188
662.6866455078125 34.508705139160156 0.0017028426518663764
662.6781616210938 34.477149963378906 0.0017122267745435238
662.6700439453125 34.44645690917969 0.0017124557634815574
662.6621704101562 34.417396545410156 0.0017150877974927425
662.6548461914062 34.38935089111328 0.0017153167864307761
662.6476440429688 34.3620491027832 0.0017123031429946423
662.640869140625 34.33599853515625 0.0017121887067332864
662.6341552734375 34.31063461303711 0.0017090988112613559
662.6276245117188 34.286128997802734 0.001707534771412611
662.6212158203125 34.26200866699219 0.0017038345104083419
662.6148071289062 34.2375373840332 0.001696853549219668
662.6082763671875 34.212928771972656 0.0016904448857530951
662.6015625 34.187679290771484 0.0016833496047183871
662.5946044921875 34.161354064941406 0.0016745757311582565
662.5877075195312 34.13519287109375 0.0016748809721320868
662.5804443359375 34.10771942138672 0.001668205251917243
662.5731811523438 34.07987594604492 0.0016661452827975154
662.5650634765625 34.049407958984375 0.0016519546043127775
662.556640625 34.01764678955078 0.001646499615162611
662.5474853515625 33.983036041259766 0.0016354750841856003
662.5380249023438 33.947166442871094 0.0016318511916324496
662.5281982421875 33.909664154052734 0.0016320800641551614
662.5176391601562 33.86989212036133 0.0016281509306281805
662.5065307617188 33.82834243774414 0.0016260147094726562
662.4949340820312 33.78408432006836 0.0016198349185287952
662.4827880859375 33.73833084106445 0.0016210174653679132
662.4699096679688 33.68932342529297 0.001613197266124189
662.456298828125 33.63825988769531 0.0015873336233198643
662.4418334960938 33.58341979980469 0.001572303706780076
662.4265747070312 33.52597427368164 0.0015716170892119408
662.410400390625 33.46467590332031 0.0015679168282076716
662.3933715820312 33.40020751953125 0.0015694046160206199
662.3750610351562 33.33125305175781 0.0015637206379324198
662.3558959960938 33.258907318115234 0.0015650939894840121
662.3355102539062 33.18191146850586 0.001629524165764451
662.3145141601562 33.10207748413086 0.0015923690516501665
662.2925415039062 33.01850128173828 0.0015726470155641437
662.2695922851562 32.9313850402832 0.0015656661707907915
662.2453002929688 32.839595794677734 0.001557426410727203
662.2199096679688 32.74348831176758 0.0015534210251644254
662.1930541992188 32.64229965209961 0.001545867882668972
662.1649169921875 32.536495208740234 0.0015429306076839566
662.1353149414062 32.42528533935547 0.0015366744482889771
662.1043090820312 32.3090705871582 0.0015332030598074198
662.07177734375 32.187156677246094 0.0015264892717823386
662.0377197265625 32.05987548828125 0.0015227508265525103
662.0020141601562 31.92660140991211 0.0015167617239058018
661.96484375 31.78762435913086 0.001512832590378821
661.9259033203125 31.64238929748535 0.0015068434877321124
661.8853759765625 31.49111557006836 0.0015027618501335382
661.843017578125 31.33334732055664 0.0014968871837481856
661.799072265625 31.169233322143555 0.0014926909934729338
661.753173828125 30.998371124267578 0.0014870833838358521
661.7055053710938 30.8207950592041 0.0014825820690020919
661.6559448242188 30.636371612548828 0.0014785766834393144
661.6044921875 30.445085525512695 0.0014705657958984375
661.5513916015625 30.24721908569336 0.0014725112123414874
661.4972534179688 30.04585075378418 0.0014915846986696124
661.443115234375 29.844406127929688 0.0015287017449736595
661.3895263671875 29.64482879638672 0.0015737914945930243
661.3367309570312 29.448089599609375 0.0016176985809579492
661.2847290039062 29.2547664642334 0.0016575240297243
661.23388671875 29.06505012512207 0.0016898345202207565
661.1839599609375 28.87907600402832 0.001715812599286437
661.1350708007812 28.696786880493164 0.001734886085614562
661.0870971679688 28.51822280883789 0.0017499160021543503
661.0401611328125 28.3432559967041 0.0017598342383280396
660.994140625 28.171892166137695 0.001767654437571764
660.9490356445312 28.003986358642578 0.0017720413161441684
660.9048461914062 27.839550018310547 0.0017756271408870816
660.861572265625 27.67843246459961 0.001776847755536437
660.8192138671875 27.52065086364746 0.001778030302375555
660.7777099609375 27.36605453491211 0.0017775725573301315
660.7369995117188 27.214670181274414 0.0017775725573301315
660.697265625 27.06633758544922 0.0017762373900040984
660.658203125 26.921110153198242 0.0017756271408870816
660.6199951171875 26.778818130493164 0.0017736434238031507
660.5826416015625 26.63951301574707 0.0017725753132253885
660.5460205078125 26.50303077697754 0.0017706298967823386
660.5100708007812 26.369413375854492 0.0017697142902761698
660.4722290039062 26.239452362060547 0.001778831472620368
660.4319458007812 26.113571166992188 0.0018046569311991334
660.3910522460938 25.99065399169922 0.0018198394682258368
660.3504638671875 25.870553970336914 0.0018225096864625812
660.31005859375 25.753087997436523 0.0018164062639698386
660.2698974609375 25.638275146484375 0.0018079376313835382
660.2279052734375 25.52718734741211 0.0018100738525390625
660.18359375 25.420169830322266 0.0018265151884406805
660.1387329101562 25.31592559814453 0.001832885667681694
660.093994140625 25.214271545410156 0.0018293762113898993
660.0491333007812 25.115053176879883 0.0018196486635133624
660.0045776367188 25.018278121948242 0.0018089675577357411
659.9600830078125 24.923818588256836 0.0017984771402552724
659.9140625 24.833080291748047 0.0018013763474300504
659.8662109375 24.746313095092773 0.0018157577142119408
659.8182373046875 24.662109375 0.001795539865270257
659.7703247070312 24.580148696899414 0.0017846297705546021
659.7225341796875 24.50039291381836 0.0017781066708266735
659.6749267578125 24.422746658325195 0.0017724226927384734
659.6275024414062 24.34718132019043 0.001768417307175696
659.5791015625 24.275163650512695 0.0017758940812200308
659.5322265625 24.203914642333984 0.0017711638938635588
659.4933471679688 24.129581451416016 0.0017576980171725154
659.4581909179688 24.055349349975586 0.001781959435902536
659.424072265625 23.982439041137695 0.0017935943324118853
659.390625 23.91103744506836 0.0017911528702825308
659.3578491210938 23.841054916381836 0.0017800902714952826
659.325927734375 23.772560119628906 0.0017679977463558316
659.2946166992188 23.705427169799805 0.001755943289026618
659.2639770507812 23.639726638793945 0.0017467498546466231
659.2338256835938 23.575334548950195 0.0017387389671057463
659.204345703125 23.512319564819336 0.0017335510347038507
659.175537109375 23.450557708740234 0.0017286300426349044
659.1472778320312 23.390121459960938 0.0017258834559470415
659.1195678710938 23.330883026123047 0.0017231750534847379
659.0924682617188 23.272916793823242 0.0017219543224200606
659.0658569335938 23.216100692749023 0.0017200851580128074
659.0399169921875 23.16050148010254 0.0017194366082549095
659.0144653320312 23.106008529663086 0.0017179107526317239
658.989501953125 23.052682876586914 0.001717529259622097
658.965087890625 23.000410079956055 0.001716194092296064
658.9411010742188 22.949264526367188 0.001715927035547793
658.9191284179688 22.89858627319336 0.001721191336400807
658.8990478515625 22.848556518554688 0.0017327498644590378
658.8794555664062 22.79943084716797 0.0017370604909956455
658.8602905273438 22.751317977905273 0.0017361450009047985
658.8416137695312 22.70408058166504 0.0017317581223323941
658.8217163085938 22.65856170654297 0.0017227171920239925
658.8015747070312 22.614213943481445 0.0017209243960678577
658.7817993164062 22.570831298828125 0.0017205809708684683
658.7623901367188 22.528295516967773 0.0017183303134515882
658.743408203125 22.48668098449707 0.001716194092296064
658.724853515625 22.445873260498047 0.0017132568173110485
658.7066040039062 22.40595245361328 0.001711082411929965
658.6888427734375 22.36680030822754 0.0017089080065488815
658.6713256835938 22.328502655029297 0.0017074584029614925
658.6541748046875 22.290945053100586 0.0017058562953025103
658.6375122070312 22.254207611083984 0.0017052459297701716
658.62109375 22.218175888061523 0.0017037963261827826
658.6050415039062 22.182941436767578 0.0017034148331731558
658.58935546875 22.14837646484375 0.0017023086547851562
658.573974609375 22.114572525024414 0.0017021560342982411
658.5588989257812 22.08141326904297 0.001701087923720479
658.545166015625 22.048625946044922 0.0017052841139957309
658.532470703125 22.016185760498047 0.0017124557634815574
658.5201416015625 21.98444366455078 0.0017155074747279286
658.5081176757812 21.953271865844727 0.0017142867436632514
658.4963989257812 21.92278289794922 0.0017115783412009478
658.4849243164062 21.89284896850586 0.0017082595732063055
658.474609375 21.863380432128906 0.0017102049896493554
658.4652099609375 21.83430290222168 0.0017145919846370816
658.4544677734375 21.8063907623291 0.0017089461907744408
658.4427490234375 21.779481887817383 0.0017054748022928834
658.4310913085938 21.753192901611328 0.001703987130895257
658.4197387695312 21.727386474609375 0.001702003413811326
658.4085693359375 21.70216178894043 0.0017007446149364114
658.3976440429688 21.677404403686523 0.0016988753341138363
658.3870239257812 21.65320587158203 0.0016988372663035989
658.37646484375 21.629451751708984 0.0016980362124741077
658.3663330078125 21.606239318847656 0.0016975783510133624
658.3562622070312 21.583452224731445 0.0016962433001026511
658.3464965820312 21.56118392944336 0.00169567100238055
658.3367919921875 21.539325714111328 0.0016946028918027878
658.327392578125 21.51796531677246 0.0016941451467573643
658.318115234375 21.496994018554688 0.0016932296566665173
658.3091430664062 21.476505279541016 0.0016929625999182463
658.3002319335938 21.45638656616211 0.0016921996138989925
658.2916259765625 21.43673324584961 0.0016920851776376367
658.2830200195312 21.417428970336914 0.0016913985600695014
658.2747802734375 21.39857292175293 0.0016915511805564165
658.2665405273438 21.38005828857422 0.0016909789992496371
658.2592163085938 21.36176300048828 0.0016938780900090933
658.2523803710938 21.343656539916992 0.0016976165352389216
658.245849609375 21.325971603393555 0.0016992187593132257
658.2393798828125 21.30858612060547 0.0016980742802843451
658.2328491210938 21.291608810424805 0.0016965484246611595
658.226806640625 21.274913787841797 0.001694488455541432
658.2213134765625 21.25851058959961 0.0016957473708316684
658.2162475585938 21.2423095703125 0.0016979598440229893
658.2113037109375 21.22649383544922 0.001698188716545701
658.20654296875 21.210927963256836 0.001696739112958312
658.2018432617188 21.195741653442383 0.0016950606368482113
658.1973266601562 21.180795669555664 0.001692924415692687
658.193359375 21.166179656982422 0.0016939925262704492
658.1898193359375 21.151771545410156 0.001695823622867465
658.185302734375 21.13787269592285 0.0016926192911341786
658.1798095703125 21.124597549438477 0.0016952132573351264
658.1743774414062 21.11166763305664 0.001698303152807057
658.1688842773438 21.09895133972168 0.001698188716545701
658.1636352539062 21.086549758911133 0.0016966246766969562
658.1585693359375 21.074350357055664 0.0016942215152084827
658.1535034179688 21.06245231628418 0.0016921615460887551
658.1484985351562 21.050750732421875 0.0016901397611945868
658.1437377929688 21.039337158203125 0.0016888045938685536
658.1390380859375 21.02811050415039 0.0016876220470294356
658.134765625 21.01778221130371 0.0016907881945371628
658.1307373046875 21.00845718383789 0.0016944503877311945
658.127197265625 20.99999237060547 0.0016967772971838713
658.1238403320312 20.99159812927246 0.00169567100238055
658.12060546875 20.983821868896484 0.001694908132776618
658.1176147460938 20.976661682128906 0.0016945648239925504
658.1146850585938 20.96943473815918 0.0016919707413762808
658.1119384765625 20.96319007873535 0.0016941451467573643
658.1094970703125 20.957033157348633 0.0016923141665756702
658.107177734375 20.951406478881836 0.0016915129963308573
658.1048583984375 20.945232391357422 0.0016850661486387253
658.1021728515625 20.93830108642578 0.0016811370151117444
658.0999145507812 20.93225860595703 0.0016856384463608265
658.09716796875 20.924739837646484 0.0016737746773287654
658.093994140625 20.915842056274414 0.0016650009201839566
658.0902099609375 20.90521240234375 0.001656227046623826
658.0860595703125 20.893346786499023 0.0016540908254683018
658.0817260742188 20.88003921508789 0.0016516875475645065
658.0770263671875 20.864553451538086 0.0016469573602080345
658.0719604492188 20.847820281982422 0.0016445540823042393
658.06640625 20.82935333251953 0.0016438292805105448
658.0591430664062 20.808307647705078 0.0016312026418745518
658.0499877929688 20.785892486572266 0.001628875732421875
658.0396118164062 20.76032829284668 0.0016222000122070312
658.0282592773438 20.732690811157227 0.001618347130715847
658.0151977539062 20.70126724243164 0.001608352642506361
658.0013427734375 20.6673526763916 0.0016028594691306353
657.9864501953125 20.63143539428711 0.001602935721166432
657.9702758789062 20.592336654663086 0.0015986250946298242
657.9528198242188 20.549894332885742 0.0015906523913145065
657.9339599609375 20.504541397094727 0.00158885947894305
657.9139404296875 20.455947875976562 0.0015851592179387808
657.8924560546875 20.40389060974121 0.0015798186650499701
657.8692016601562 20.34754753112793 0.0015723418910056353
657.8461303710938 20.288000106811523 0.0015771865146234632
657.8234252929688 20.224512100219727 0.0015894698444753885
657.7996826171875 20.15650177001953 0.0015925216721370816
657.7745361328125 20.084426879882812 0.001591644249856472
657.7483520507812 20.007619857788086 0.0015847778413444757
657.720703125 19.926246643066406 0.0015779876848682761
657.6934204101562 19.839250564575195 0.0015758132794871926
657.6676635742188 19.7469539642334 0.0015880202408879995
657.6414794921875 19.64879035949707 0.0015925216721370816
657.6146850585938 19.54517936706543 0.0015922927996143699
657.58740234375 19.43545150756836 0.0015855026431381702
657.5550537109375 19.320903778076172 0.0015639876946806908
657.5157470703125 19.20195770263672 0.0015409088227897882
657.4735107421875 19.07794189453125 0.0015443802112713456
657.429443359375 18.94976806640625 0.0015533828409388661
657.3848876953125 18.8204288482666 0.0015736770583316684
657.3406982421875 18.691530227661133 0.0015997695736587048
657.296875 18.564085006713867 0.0016267775790765882
657.2537841796875 18.438556671142578 0.0016523742815479636
657.2114868164062 18.31525230407715 0.0016744612948969007
657.1699829101562 18.194252014160156 0.0016927337273955345
657.1292114257812 18.075647354125977 0.0017072295304387808
657.08935546875 17.959394454956055 0.0017183684976771474
657.050048828125 17.845552444458008 0.0018349456368014216
657.0120239257812 17.734113693237305 0.0018056487897410989
656.9744262695312 17.625146865844727 0.00177764892578125
656.9378051757812 17.518295288085938 0.0017586898757144809
656.90185546875 17.413787841796875 0.0017494200728833675
656.86669921875 17.311307907104492 0.0017438506474718451
656.8321533203125 17.21108055114746 0.0017424010438844562
656.7985229492188 17.112796783447266 0.0017408370040357113
656.7654418945312 17.016674041748047 0.0017412566812708974
656.7330932617188 16.92241096496582 0.0017399978823959827
656.7020263671875 16.83172607421875 0.001749496441334486
656.6717529296875 16.74409294128418 0.0017550658667460084
656.642822265625 16.65976333618164 0.0017611312214285135
656.614501953125 16.577482223510742 0.0017591094365343451
656.5870361328125 16.497793197631836 0.001759223872795701
656.56005859375 16.41961097717285 0.0017531203338876367
656.5339965820312 16.3435001373291 0.0017506408039480448
656.5082397460938 16.26837730407715 0.0017426681006327271
656.4830932617188 16.194881439208984 0.001738700782880187
656.4581909179688 16.12193489074707 0.0017303465865552425
656.43359375 16.05019760131836 0.0017261123284697533
656.4091796875 15.978595733642578 0.0017172241350635886
656.3848876953125 15.907814979553223 0.0017129135085269809
656.360595703125 15.836779594421387 0.0017042160034179688
656.3365478515625 15.76618480682373 0.001700172433629632
656.3121948242188 15.694978713989258 0.0016916656168177724
656.2879028320312 15.62386417388916 0.001688461285084486
656.2634887695312 15.551836013793945 0.001680679270066321
656.2388916015625 15.479568481445312 0.0016777419950813055
656.2140502929688 15.406012535095215 0.0016696166712790728
656.1889038085938 15.331831932067871 0.0016664123395457864
656.1632690429688 15.256001472473145 0.0016587447607889771
656.1373901367188 15.179174423217773 0.001654891879297793
656.1109008789062 15.10035514831543 0.0016469955444335938
656.0838623046875 15.020170211791992 0.0016434097196906805
656.0562133789062 14.937653541564941 0.0016358565771952271
656.0278930664062 14.853407859802246 0.0016321945004165173
655.9987182617188 14.766493797302246 0.0016246795421466231
655.968994140625 14.677495002746582 0.0016209030291065574
655.9382934570312 14.585501670837402 0.0016136550111696124
655.9066162109375 14.49106502532959 0.001610183622688055
655.8739624023438 14.393312454223633 0.001602935721166432
655.8385620117188 14.29364013671875 0.0016057967441156507
655.7991943359375 14.191664695739746 0.0016191481845453382
655.7576293945312 14.087039947509766 0.0016298294067382812
655.7171020507812 13.977644920349121 0.0016160202212631702
655.6773071289062 13.86408519744873 0.0015962981851771474
655.6365356445312 13.74621295928955 0.0015868376940488815
655.5951538085938 13.62556266784668 0.0015886306064203382
655.5533447265625 13.504148483276367 0.0016017151065170765
655.511962890625 13.383658409118652 0.0016236496157944202
655.4710083007812 13.264545440673828 0.0016456985613331199
655.4307861328125 13.147492408752441 0.0016678619431331754
655.3912963867188 13.03242301940918 0.001685676514171064
655.3526000976562 12.919694900512695 0.0017013167962431908
655.3146362304688 12.809069633483887 0.0017122267745435238
655.2774658203125 12.700812339782715 0.0017221069429069757
655.2410278320312 12.59463119506836 0.0017278289888054132
655.205322265625 12.49075984954834 0.0017331695416942239
655.1703491210938 12.388895034790039 0.001735687255859375
655.1361694335938 12.289260864257812 0.0017383956583216786
655.1026000976562 12.191554069519043 0.001739082275889814
655.0697631835938 12.095996856689453 0.001740417443215847
655.0376586914062 12.00228214263916 0.0017396926414221525
655.0062255859375 11.910637855529785 0.0017401123186573386
654.975341796875 11.820756912231445 0.0017386627150699496
654.9451293945312 11.732866287231445 0.001738967839628458
654.9155883789062 11.646659851074219 0.001737518236041069
654.8856201171875 11.564738273620605 0.0017543029971420765
654.8547973632812 11.487000465393066 0.001778144738636911
654.8245849609375 11.412870407104492 0.0017957687377929688
654.794921875 11.340907096862793 0.0017953490605577826
654.7660522460938 11.271540641784668 0.0017913817428052425
654.7376708984375 11.203619003295898 0.0017789459088817239
654.708740234375 11.138484954833984 0.0017770766280591488
654.6773681640625 11.073444366455078 0.0017679213779047132
654.6452026367188 11.00828742980957 0.0017588423797860742
654.6126708984375 10.943437576293945 0.0017487334553152323
654.5802001953125 10.879631042480469 0.0017419432988390326
654.5510864257812 10.815167427062988 0.001725158654153347
654.5255737304688 10.750675201416016 0.0017320632468909025
654.5006713867188 10.687162399291992 0.001739501953125
654.4763793945312 10.625015258789062 0.0017420959193259478
654.4525756835938 10.563982963562012 0.001738700782880187
654.4292602539062 10.504321098327637 0.001734886085614562
654.4063720703125 10.445754051208496 0.0017294692806899548
654.3839721679688 10.388524055480957 0.00172618858050555
654.3619995117188 10.332345962524414 0.0017220687586814165
654.340576171875 10.277462005615234 0.0017203140305355191
654.3201293945312 10.224997520446777 0.0017255782149732113
654.30078125 10.175878524780273 0.0017363738734275103
654.2823486328125 10.128729820251465 0.0017387389671057463
654.264892578125 10.084040641784668 0.0017421721713617444
654.2478637695312 10.040579795837402 0.001737899729050696
654.2314453125 9.998940467834473 0.001736450125463307
654.2152709960938 9.9576997756958 0.0017279814928770065
654.199462890625 9.917548179626465 0.001723060617223382
654.1837158203125 9.87744426727295 0.0017140196869149804
654.1673583984375 9.838517189025879 0.0017134094377979636
654.1497802734375 9.799464225769043 0.001711082411929965
654.1323852539062 9.76150131225586 0.0017164229648187757
654.1146240234375 9.722610473632812 0.0017069244058802724
654.0965576171875 9.683609008789062 0.00169963832013309
654.0779418945312 9.643385887145996 0.0016867828089743853
654.0584716796875 9.603909492492676 0.0016889572143554688
654.0372314453125 9.563556671142578 0.0016873931745067239
654.0155639648438 9.523061752319336 0.0016897964524105191
653.9927368164062 9.480910301208496 0.0016807937063276768
653.9696044921875 9.438214302062988 0.0016777038108557463
653.9453125 9.393744468688965 0.001667022705078125
653.9195556640625 9.34931468963623 0.0016695404192432761
653.8912963867188 9.30366325378418 0.0016698455438017845
653.8617553710938 9.257095336914062 0.0016731643117964268
653.830322265625 9.208165168762207 0.0016641997499391437
653.797607421875 9.157864570617676 0.001660575857385993
653.7625732421875 9.104808807373047 0.0016485214000567794
653.7249755859375 9.051166534423828 0.0016519164200872183
653.6856689453125 8.993825912475586 0.0016414641868323088
653.6505126953125 8.930533409118652 0.001623191754333675
653.6163330078125 8.862066268920898 0.001628875732421875
653.581298828125 8.790616035461426 0.0016377257416024804
653.5457763671875 8.718093872070312 0.0016465758671984076
653.5103149414062 8.645718574523926 0.0016564178513363004
653.4752197265625 8.574003219604492 0.001666221534833312
653.4405517578125 8.503378868103027 0.0016763686435297132
653.4066162109375 8.433919906616211 0.0016847992083057761
653.373291015625 8.36580753326416 0.0016927719116210938
653.340576171875 8.29897689819336 0.0016987990820780396
653.3085327148438 8.233529090881348 0.0017041015671566129
653.2771606445312 8.169363021850586 0.0017077254597097635
653.2464599609375 8.10655403137207 0.0017112350324168801
653.217041015625 8.046480178833008 0.001722373883239925
653.1890258789062 7.989378452301025 0.0017335510347038507
653.1622924804688 7.934628009796143 0.0017398452619090676
653.1364135742188 7.881812572479248 0.001741332933306694
653.111328125 7.830563068389893 0.0017396163893863559
653.0869140625 7.780585765838623 0.0017353820148855448
653.0629272460938 7.731617450714111 0.0017299270257353783
653.0393676757812 7.683420181274414 0.0017238998552784324
653.0160522460938 7.635781288146973 0.001717262202873826
652.9928588867188 7.588486194610596 0.0017102813581004739
652.9698486328125 7.541347980499268 0.0017036056378856301
652.94677734375 7.494162559509277 0.0016970825381577015
652.923583984375 7.44675350189209 0.0016906356904655695
652.900146484375 7.398926258087158 0.0016843032790347934
652.8764038085938 7.35051965713501 0.0016780853038653731
652.8523559570312 7.301354885101318 0.0016720580169931054
652.8279418945312 7.251307010650635 0.0016664123395457864
652.802978515625 7.200211048126221 0.0016608809819445014
652.77734375 7.147985458374023 0.0016560363583266735
652.7511596679688 7.09444522857666 0.0016510391142219305
652.7243041992188 7.039548397064209 0.0016464614309370518
652.6967163085938 6.983124732971191 0.0016419601161032915
652.6683349609375 6.925143241882324 0.0016380309825763106
652.6390991210938 6.8654303550720215 0.0016337585402652621
652.607666015625 6.804712772369385 0.0016355514526367188
652.5737915039062 6.743469715118408 0.0016481399070471525
652.5404663085938 6.679878234863281 0.0016479110345244408
652.5075073242188 6.613859176635742 0.0016363906906917691
652.4735717773438 6.5455241203308105 0.001629905658774078
652.4385986328125 6.474938869476318 0.0016252517234534025
652.4024047851562 6.401993274688721 0.0016202162951231003
652.3650512695312 6.3264689445495605 0.0016142273088917136
652.3262329101562 6.2479729652404785 0.0016065215459093451
652.2858276367188 6.166399955749512 0.0015990829560905695
652.2437744140625 6.081436634063721 0.0015912627568468451
652.2000122070312 5.993022918701172 0.0015842055436223745
652.1544189453125 5.900876522064209 0.0015771484468132257
652.1068725585938 5.804947853088379 0.0015709304716438055
652.0573120117188 5.704972267150879 0.0015646362444385886
652.0057983398438 5.60090446472168 0.0015592575073242188
651.9521484375 5.492486476898193 0.001553344656713307
651.8963012695312 5.379675388336182 0.0015479278517886996
651.838134765625 5.262222766876221 0.0015424346784129739
651.7777099609375 5.140082359313965 0.0015372085617855191
651.71484375 5.013014793395996 0.0015319442609325051
651.6495361328125 4.880971908569336 0.0015271758893504739
651.5816040039062 4.743722438812256 0.001522064208984375
651.5110473632812 4.601213455200195 0.0015174865256994963
651.437744140625 4.453222751617432 0.0015122604090720415
651.3590087890625 4.30131196975708 0.0015181350754573941
651.2731323242188 4.146292209625244 0.0015449904603883624
651.182373046875 3.98667311668396 0.0015654372982680798
651.0869140625 3.8219425678253174 0.0015721512027084827
650.9868774414062 3.65203595161438 0.00156993861310184
650.882080078125 3.476907253265381 0.0015636443858966231
650.7766723632812 3.2940287590026855 0.0015397643437609076
650.6708984375 3.1032521724700928 0.0015051269438117743
650.5623779296875 2.905804395675659 0.0014959716936573386
650.4506225585938 2.701909065246582 0.0014913177583366632
650.3356323242188 2.491960287094116 0.0014894104097038507
650.2188720703125 2.2787137031555176 0.001503753592260182
650.1021118164062 2.0655531883239746 0.0015382766723632812
649.9865112304688 1.8544292449951172 0.0015799712855368853
649.8726196289062 1.6463724374771118 0.0016262053977698088
649.7607421875 1.44191312789917 0.0016678237589076161
649.65087890625 1.241307020187378 0.0017022322863340378
649.543212890625 1.0446592569351196 0.0017296219011768699
649.437744140625 0.8519908785820007 0.0017506408039480448
649.3343505859375 0.6632760763168335 0.0017660522134974599
649.2332153320312 0.47846275568008423 0.0017773436848074198
649.1341552734375 0.2974725365638733 0.0017853927565738559
649.0341796875 0.12217468023300171 0.001803665072657168
648.9320678710938 -0.04643052816390991 0.0018437957623973489
648.8297729492188 -0.21019619703292847 0.0018725204281508923
648.7282104492188 -0.36981359124183655 0.0018829344771802425
648.6273803710938 -0.5255972146987915 0.001879959017969668
648.5272216796875 -0.6778805255889893 0.0018700789660215378
648.42578125 -0.8245089650154114 0.0018722915556281805
648.3219604492188 -0.9644088745117188 0.0018967055948451161
648.2178955078125 -1.0993419885635376 0.0019126891857013106
648.1143798828125 -1.2299327850341797 0.0019142150413244963
648.01123046875 -1.356498122215271 0.0019052504794672132
647.90869140625 -1.4793213605880737 0.00189208984375
647.8050537109375 -1.5964398384094238 0.0018898391863331199
647.6996459960938 -1.7070335149765015 0.0019084929954260588
647.5936279296875 -1.8133150339126587 0.0019138717325404286
647.4874267578125 -1.9160702228546143 0.0019072722643613815
647.3809204101562 -2.015582799911499 0.0018929290818050504
647.2743530273438 -2.1121270656585693 0.001876296941190958
647.1674194335938 -2.2058355808258057 0.0018595122965052724
647.059326171875 -2.2947001457214355 0.0018579864408820868
646.9493408203125 -2.377692461013794 0.0018715285696089268
646.8379516601562 -2.4573066234588623 0.0018754577031359076
646.7254638671875 -2.5338330268859863 0.0018716048216447234
646.6151123046875 -2.611957311630249 0.0018394851358607411
646.512939453125 -2.6979942321777344 0.0017850494477897882
646.416748046875 -2.7869839668273926 0.0018056487897410989
646.3231201171875 -2.8750646114349365 0.001825790386646986
646.2314453125 -2.961641788482666 0.0018283081008121371
646.1417236328125 -3.046475410461426 0.0018186187371611595
646.0538330078125 -3.1296474933624268 0.0018047713674604893
645.9675903320312 -3.2110726833343506 0.0017906188732013106
645.8832397460938 -3.2908778190612793 0.0017784499796107411
645.800537109375 -3.3689918518066406 0.0017687988001853228
645.7196044921875 -3.4455478191375732 0.0017613600939512253
645.6403198242188 -3.5204761028289795 0.0017558288527652621
645.5626220703125 -3.5939106941223145 0.0017517852829769254
645.486572265625 -3.6657814979553223 0.0017488478915765882
645.4126586914062 -3.7356278896331787 0.0018354033818468451
645.34130859375 -3.8029730319976807 0.001726875314489007
645.2720336914062 -3.8685097694396973 0.0016940688947215676
645.204833984375 -3.932011604309082 0.0016929625999182463
645.1390991210938 -3.9942543506622314 0.001697006169706583
645.0750122070312 -4.05487585067749 0.0017057800432667136
645.011962890625 -4.114607334136963 0.0017097854288294911
644.9501342773438 -4.173040866851807 0.00171489710919559
644.8890991210938 -4.23089599609375 0.0017143249278888106
644.8289794921875 -4.287740707397461 0.0017156219109892845
644.7693481445312 -4.344291687011719 0.0017119216499850154
644.7103271484375 -4.400108337402344 0.0017105102306231856
644.6514892578125 -4.455904006958008 0.0017050933092832565
644.592041015625 -4.509894847869873 0.0017079925164580345
644.5311279296875 -4.562328815460205 0.0017176818801090121
644.4699096679688 -4.614048480987549 0.0017242049798369408
644.4080200195312 -4.66599178314209 0.0017195892287418246
644.3458251953125 -4.717766761779785 0.0017134094377979636
644.2820434570312 -4.768616676330566 0.001709899865090847
644.2164916992188 -4.81761360168457 0.001718826242722571
644.1494750976562 -4.866767883300781 0.001718063373118639
644.081298828125 -4.915899276733398 0.0017137527465820312
644.0115356445312 -4.965672492980957 0.0017024611588567495
643.939697265625 -5.014060020446777 0.0017020797822624445
643.8651123046875 -5.061044692993164 0.001708297641016543
643.7885131835938 -5.107687473297119 0.001711196848191321
643.7094116210938 -5.15483283996582 0.001704635564237833
643.6292724609375 -5.20621395111084 0.0016749954083934426
643.5513305664062 -5.265700340270996 0.0016543578822165728
643.4740600585938 -5.326939582824707 0.00167503347620368
643.3974609375 -5.388116359710693 0.0016942215152084827
643.32177734375 -5.44853401184082 0.0017060469835996628
643.247314453125 -5.508063316345215 0.0017126082675531507
643.1741333007812 -5.566474437713623 0.0017160414718091488
643.1024169921875 -5.6238274574279785 0.0017187499906867743
643.0320434570312 -5.679994583129883 0.0017206954071298242
642.9631958007812 -5.735086917877197 0.0017224502516910434
642.8956298828125 -5.789004802703857 0.0017236327985301614
642.8295288085938 -5.841876029968262 0.0017245482886210084
642.7647094726562 -5.893607139587402 0.0017251968383789062
642.7027587890625 -5.943221092224121 0.0017358016921207309
642.6435546875 -5.990450382232666 0.0017462539253756404
642.5867919921875 -6.0358805656433105 0.0017524337163195014
642.5320434570312 -6.079579830169678 0.001754074008204043
642.4789428710938 -6.12203311920166 0.0017762373900040984
642.4273071289062 -6.163226127624512 0.0017764281947165728
642.376953125 -6.203537940979004 0.0017689514206722379
642.3275146484375 -6.242953777313232 0.0017582701984792948
642.27880859375 -6.281896114349365 0.0017460632370784879
642.2303466796875 -6.320478439331055 0.001732788048684597
642.18212890625 -6.359109878540039 0.001720161410048604
642.1338500976562 -6.397622108459473 0.001709365751594305
642.085693359375 -6.436199188232422 0.002077293349429965
642.0374755859375 -6.474695682525635 0.0019627760630100965
641.98828125 -6.513983726501465 0.0018705367110669613
641.9385986328125 -6.553629398345947 0.0018070602091029286
641.887939453125 -6.594147205352783 0.0017565536545589566
641.8369750976562 -6.634865760803223 0.001726341200992465
641.7846069335938 -6.676710605621338 0.0016988372663035989
641.7318115234375 -6.718940258026123 0.0016844177152961493
641.6773071289062 -6.7625041007995605 0.0016668319003656507
641.6220703125 -6.806661128997803 0.0016592025058344007
641.5648803710938 -6.852358341217041 0.0016465377993881702
641.5067138671875 -6.898887634277344 0.0016422271728515625
641.4462280273438 -6.947183132171631 0.0016317367553710938
641.3844604492188 -6.996553897857666 0.0016286468598991632
641.3201904296875 -7.047908306121826 0.0016192245529964566
641.2543334960938 -7.1005730628967285 0.0016167830908671021
641.1856689453125 -7.155426979064941 0.0016078567132353783
641.1150512695312 -7.211823463439941 0.0016054916195571423
641.0415649414062 -7.270606517791748 0.0015970229869708419
640.9657592773438 -7.33115816116333 0.0015944290207698941
640.8867797851562 -7.394282817840576 0.0015860366402193904
640.8053588867188 -7.459395408630371 0.0015841674758121371
640.7203979492188 -7.527257919311523 0.0015767669538035989
640.6327514648438 -7.59732723236084 0.0015744781121611595
640.5400390625 -7.66826868057251 0.0015755844069644809
640.4425048828125 -7.738763809204102 0.0015962981851771474
640.3403930664062 -7.811124324798584 0.001606903038918972
640.2353515625 -7.884876728057861 0.0016148375580087304
640.1263427734375 -7.960549831390381 0.0016111372970044613
640.0133666992188 -8.038102149963379 0.0016062926733866334
639.8947143554688 -8.1154146194458 0.0016075896564871073
639.77001953125 -8.191210746765137 0.0016278456896543503
639.6395263671875 -8.267735481262207 0.0016382216708734632
639.5035400390625 -8.345315933227539 0.0016397475264966488
639.3644409179688 -8.429350852966309 0.001612014719285071
639.2247314453125 -8.522139549255371 0.0015702819218859076
639.0833740234375 -8.618023872375488 0.0015790938632562757
638.9421997070312 -8.714262008666992 0.0016069792909547687
638.8021850585938 -8.809807777404785 0.001636085449717939
638.6642456054688 -8.90400218963623 0.0016637801891192794
638.5285034179688 -8.99668025970459 0.0016861724434420466
638.3953247070312 -9.08760929107666 0.0017061233520507812
638.2646484375 -9.176836013793945 0.0017202758463099599
638.1365966796875 -9.264240264892578 0.0017329787369817495
638.0110473632812 -9.349929809570312 0.0017414093017578125
637.8882446289062 -9.433820724487305 0.0017488478915765882
637.7677001953125 -9.516042709350586 0.0017531203338876367
637.6498413085938 -9.59652328491211 0.001756973215378821
637.5341796875 -9.675394058227539 0.0017584228189662099
637.421142578125 -9.752585411071777 0.0017602157313376665
637.3102416992188 -9.82823371887207 0.0017597960541024804
637.2017822265625 -9.90226936340332 0.001760406419634819
637.0961303710938 -9.974406242370605 0.0017638015560805798
636.9937133789062 -10.044414520263672 0.001769752474501729
636.8924560546875 -10.110756874084473 0.0017782592913135886
636.7923583984375 -10.172576904296875 0.0018020247807726264
636.6934204101562 -10.232199668884277 0.0018120956374332309
636.5964965820312 -10.289962768554688 0.0018136977450922132
636.5006713867188 -10.346358299255371 0.0018030928913503885
636.4056396484375 -10.399401664733887 0.0018030166393145919
636.310546875 -10.44872760772705 0.0018101882888004184
636.2163696289062 -10.496073722839355 0.0018133544363081455
636.1224365234375 -10.542141914367676 0.0018034362001344562
636.029296875 -10.586941719055176 0.001792220980860293
635.9359741210938 -10.63077449798584 0.0017760085174813867
635.8428955078125 -10.671712875366211 0.0017742537893354893
635.7488403320312 -10.709260940551758 0.001779861398972571
635.6546630859375 -10.74515151977539 0.0017832565354183316
635.55859375 -10.780125617980957 0.0017696380382403731
635.4627685546875 -10.818574905395508 0.0017384719103574753
635.3705444335938 -10.86427116394043 0.001721458393149078
635.2803955078125 -10.911008834838867 0.0017416762420907617
635.1915893554688 -10.957263946533203 0.001753311138600111
635.1044921875 -11.00269603729248 0.0017572020879015326
635.0189819335938 -11.0472993850708 0.0017536926316097379
634.935302734375 -11.090985298156738 0.001749496441334486
634.8532104492188 -11.133820533752441 0.0017440032679587603
634.7728271484375 -11.17574691772461 0.001740684499964118
634.6954345703125 -11.216156005859375 0.0017458724323660135
634.6217651367188 -11.254687309265137 0.0017561339773237705
634.5504760742188 -11.29193115234375 0.001757392892614007
634.4818725585938 -11.32781982421875 0.0017595671815797687
634.4147338867188 -11.36282730102539 0.0017545699374750257
634.3497314453125 -11.39680004119873 0.0017520904075354338
634.2857055664062 -11.430171966552734 0.001744079519994557
634.2233276367188 -11.46274471282959 0.0017401123186573386
634.1614990234375 -11.494948387145996 0.0017313002608716488
634.1009521484375 -11.52656364440918 0.0017273330595344305
634.0404052734375 -11.558013916015625 0.0017182922456413507
633.9808959960938 -11.589068412780762 0.001714248675853014
633.9210815429688 -11.620158195495605 0.0017054366180673242
633.861328125 -11.651293754577637 0.0016981124645099044
633.800537109375 -11.682841300964355 0.0016864395001903176
633.7401733398438 -11.714179039001465 0.0016853713896125555
633.6786499023438 -11.746054649353027 0.001677017193287611
633.6166381835938 -11.77822494506836 0.0016725158784538507
633.553955078125 -11.810696601867676 0.0016677093226462603
633.49072265625 -11.843483924865723 0.0016661452827975154
633.4251708984375 -11.875656127929688 0.0016630172031000257
633.3577880859375 -11.906514167785645 0.0016737746773287654
633.288818359375 -11.937474250793457 0.0016770553775131702
633.2186889648438 -11.968636512756348 0.001677780062891543
633.1463623046875 -12.000358581542969 0.0016694640507921576
633.0720825195312 -12.030967712402344 0.001670150668360293
632.9957275390625 -12.06330680847168 0.0016627502627670765
632.9190673828125 -12.099757194519043 0.0016443633940070868
632.8394165039062 -12.138337135314941 0.001632270752452314
632.7570190429688 -12.17837905883789 0.0016263580182567239
632.6735229492188 -12.218880653381348 0.0016290282364934683
632.5905151367188 -12.259204864501953 0.0016410446260124445
632.5081176757812 -12.299116134643555 0.0016542052617296576
632.4271850585938 -12.338385581970215 0.00166912074200809
632.3474731445312 -12.376994132995605 0.0016812896355986595
632.2694091796875 -12.414837837219238 0.0016928099794313312
632.1927490234375 -12.451963424682617 0.0017010497394949198
632.1177978515625 -12.488311767578125 0.0017083358252421021
632.044189453125 -12.523944854736328 0.0017124938312917948
631.9722290039062 -12.558819770812988 0.0017169188940897584
631.901611328125 -12.592999458312988 0.0017189406789839268
631.8326416015625 -12.626443862915039 0.0017213057726621628
631.7649536132812 -12.659220695495605 0.0017216490814462304
631.69873046875 -12.691293716430664 0.0017228698125109076
631.6353149414062 -12.722023963928223 0.0017314148135483265
631.5753173828125 -12.75118637084961 0.00174369802698493
631.5173950195312 -12.779314041137695 0.0017463683616369963
631.4617309570312 -12.806405067443848 0.0017484283307567239
631.4066162109375 -12.831770896911621 0.0017466736026108265
631.3524780273438 -12.85493278503418 0.0017553329234942794
631.2989501953125 -12.877314567565918 0.0017547988099977374
631.2465209960938 -12.899127960205078 0.0017512893537059426
631.1946411132812 -12.920406341552734 0.0017424392281100154
631.1437377929688 -12.941225051879883 0.001735420199111104
631.092529296875 -12.960733413696289 0.0017291640397161245
631.0415649414062 -12.978607177734375 0.001733055105432868
630.9899291992188 -12.996088981628418 0.0017283629858866334
630.9384155273438 -13.01333236694336 0.0017232131212949753
630.885986328125 -13.03053092956543 0.0017111205961555243
630.833251953125 -13.046509742736816 0.0017090224428102374
630.7787475585938 -13.061166763305664 0.001707801828160882
630.7240600585938 -13.0752534866333 0.0017110061598941684
630.66748046875 -13.08939266204834 0.0017009734874591231
630.6101684570312 -13.10330867767334 0.001695938059128821
630.5505981445312 -13.117362976074219 0.0016830062959343195
630.490234375 -13.134008407592773 0.0016658782260492444
630.4285888671875 -13.15675163269043 0.001657791086472571
630.3649291992188 -13.181632041931152 0.0016653442289680243
630.3004150390625 -13.206951141357422 0.0016724395100027323
630.2360229492188 -13.232216835021973 0.0016786956693977118
630.1723022460938 -13.257247924804688 0.0016836929135024548
630.1095581054688 -13.281891822814941 0.0016890716506168246
630.0479125976562 -13.306127548217773 0.001693305908702314
629.9874267578125 -13.329888343811035 0.0016976165352389216
629.9281005859375 -13.353202819824219 0.0017007446149364114
629.8699340820312 -13.376032829284668 0.0017039107624441385
629.814453125 -13.397829055786133 0.0017148208571597934
629.7617797851562 -13.418522834777832 0.0017256545834243298
629.7113647460938 -13.438334465026855 0.0017321394989266992
629.662841796875 -13.457406997680664 0.001734237652271986
629.6157836914062 -13.47586441040039 0.0017332076095044613
629.5701293945312 -13.49381160736084 0.0017302321502938867
629.525390625 -13.511354446411133 0.0017259216401726007
629.4815673828125 -13.528583526611328 0.0017207335913553834
629.438232421875 -13.545597076416016 0.0017150497296825051
629.3955078125 -13.562382698059082 0.001709899865090847
629.3529663085938 -13.579084396362305 0.0017045211279764771
629.3104248046875 -13.595796585083008 0.001698188716545701
629.2677001953125 -13.612589836120605 0.0016916274325922132
629.2244262695312 -13.62956714630127 0.0016840362222865224
629.18017578125 -13.646943092346191 0.0016760635189712048
629.1350708007812 -13.664704322814941 0.001668853685259819
629.0888061523438 -13.682861328125 0.001662406837567687
629.041259765625 -13.70151138305664 0.0016560745425522327
628.992431640625 -13.72072696685791 0.0016507720574736595
628.9419555664062 -13.74055290222168 0.0016448211390525103
628.8897705078125 -13.761030197143555 0.0016398620791733265
628.8358764648438 -13.782211303710938 0.0016349791549146175
628.7800903320312 -13.804122924804688 0.0016308975173160434
628.7223510742188 -13.826826095581055 0.001627273508347571
628.6627807617188 -13.850264549255371 0.0016249465988948941
628.6014404296875 -13.874338150024414 0.0016242217971011996
628.5386352539062 -13.899035453796387 0.0016241454286500812
628.4730834960938 -13.92474365234375 0.0016185760032385588
628.4049682617188 -13.95146656036377 0.0016135787591338158
628.3346557617188 -13.979082107543945 0.001610984792932868
628.2620849609375 -14.00754451751709 0.0016098403139039874
628.1870727539062 -14.036974906921387 0.0016080474015325308
628.1090698242188 -14.067575454711914 0.001602821284905076
628.028076171875 -14.099374771118164 0.001597938477061689
627.943603515625 -14.132539749145508 0.0015908812638372183
627.85546875 -14.167105674743652 0.0015845107845962048
627.7634887695312 -14.20319938659668 0.0015774917555972934
627.6676025390625 -14.240839958190918 0.0015713500324636698
627.5675048828125 -14.280142784118652 0.0015645218081772327
627.4630737304688 -14.321127891540527 0.0015588378300890326
627.3540649414062 -14.363898277282715 0.0015530395321547985
627.240478515625 -14.408475875854492 0.001547584543004632
627.1219482421875 -14.454960823059082 0.001541786128655076
626.9985961914062 -14.503374099731445 0.0015367126325145364
626.8701171875 -14.553811073303223 0.0015312194591388106
626.7363891601562 -14.606293678283691 0.0015262984670698643
626.5972290039062 -14.660914421081543 0.0015209960984066129
626.4515991210938 -14.714875221252441 0.0015262222150340676
626.2991943359375 -14.766718864440918 0.0015502929454669356
626.1401977539062 -14.818814277648926 0.0015681075165048242
625.9747924804688 -14.871696472167969 0.0015728758880868554
625.8028564453125 -14.925447463989258 0.0015697097405791283
625.6240234375 -14.98003101348877 0.0015622329665347934
625.4395751953125 -15.039970397949219 0.0015381622361019254
625.25 -15.105147361755371 0.0015111541142687201
625.0574951171875 -15.172125816345215 0.0015245055546984076
624.8650512695312 -15.239277839660645 0.0015584563370794058
624.6744995117188 -15.305842399597168 0.001599006587639451
624.4866943359375 -15.37147045135498 0.001637687673792243
624.3021240234375 -15.435966491699219 0.0016719055129215121
624.1209106445312 -15.49927043914795 0.001699371263384819
623.943359375 -15.561333656311035 0.0017214965773746371
623.7692260742188 -15.62216854095459 0.0017381667857989669
623.5986328125 -15.68176555633545 0.0017508316086605191
623.4315185546875 -15.740166664123535 0.0017596816178411245
623.267822265625 -15.79736614227295 0.0017660140292719007
623.107421875 -15.853415489196777 0.0017700957832857966
622.9503173828125 -15.908305168151855 0.001773033058270812
622.7960205078125 -15.959091186523438 0.0017874145414680243
622.6444091796875 -16.004486083984375 0.0018208312103524804
622.4954833984375 -16.047149658203125 0.0018425750313326716
622.3494262695312 -16.087871551513672 0.0018486022017896175
622.2058715820312 -16.12691307067871 0.001842994592152536
622.0645141601562 -16.161890029907227 0.001844863872975111
621.925048828125 -16.19168472290039 0.0018602370982989669
621.7874755859375 -16.21881866455078 0.001866416889242828
621.6515502929688 -16.243913650512695 0.00185985560528934
621.5171508789062 -16.267290115356445 0.0018463134765625
621.3845825195312 -16.288877487182617 0.0018603515345603228
621.2530517578125 -16.306690216064453 0.0017567443428561091
621.1229248046875 -16.31952667236328 0.0017423247918486595
620.993408203125 -16.32979393005371 0.00174713134765625
620.8646240234375 -16.337890625 0.0017552184872329235
620.7360229492188 -16.344207763671875 0.0017579650739207864
620.6085815429688 -16.346424102783203 0.0017848204588517547
620.4818725585938 -16.343677520751953 0.0018061065347865224
620.35400390625 -16.342649459838867 0.0017909621819853783
620.2259521484375 -16.35266876220703 0.0017343520885333419
620.099853515625 -16.368330001831055 0.0017488860758021474
619.9755859375 -16.384828567504883 0.0017713165143504739
619.853515625 -16.401195526123047 0.0017810821300372481
619.7337036132812 -16.41737174987793 0.0017797851469367743
619.6162109375 -16.43318748474121 0.0017741393530741334
619.5009765625 -16.448759078979492 0.0017671965761110187
619.3881225585938 -16.463945388793945 0.0017605590401217341
619.277587890625 -16.478893280029297 0.0017553329234942794
619.1692504882812 -16.493467330932617 0.0017512511694803834
619.0631713867188 -16.507808685302734 0.0017481230897828937
618.959228515625 -16.521785736083984 0.0017460632370784879
618.8574829101562 -16.535545349121094 0.0017441939562559128
618.7578125 -16.5489501953125 0.0017429351573809981
618.6600952148438 -16.559852600097656 0.0017462921096011996
618.5657958984375 -16.56779670715332 0.0017714690184220672
618.4750366210938 -16.574871063232422 0.0017898178193718195
618.3873291015625 -16.581178665161133 0.0017956161173060536
618.3023071289062 -16.58709144592285 0.001792640658095479
618.219482421875 -16.592418670654297 0.0017852401360869408
618.138916015625 -16.595937728881836 0.0017836379120126367
618.0602416992188 -16.5969295501709 0.0017904662527143955
617.983154296875 -16.597179412841797 0.0017901991959661245
617.9072875976562 -16.59676742553711 0.001782493549399078
617.8324584960938 -16.596046447753906 0.0017708587693050504
617.7588500976562 -16.593406677246094 0.0017657470889389515
617.6863403320312 -16.588661193847656 0.0017684935592114925
617.6142578125 -16.58286476135254 0.0017658233409747481
617.5424194335938 -16.576566696166992 0.0017570494674146175
617.4705200195312 -16.569543838500977 0.001745262066833675
617.399169921875 -16.560791015625 0.0017415237380191684
617.3256225585938 -16.552457809448242 0.0017205809708684683
617.249267578125 -16.551416397094727 0.0016917800530791283
617.1724853515625 -16.553382873535156 0.0017067717853933573
617.0961303710938 -16.55573844909668 0.00172080984339118
617.020751953125 -16.558034896850586 0.0017265318892896175
616.946533203125 -16.560379028320312 0.0017267989460378885
616.8737182617188 -16.56260871887207 0.001724891597405076
616.8021850585938 -16.56486701965332 0.0017227171920239925
616.7321166992188 -16.567007064819336 0.0017207335913553834
616.6651611328125 -16.56916618347168 0.00172843923792243
616.6014404296875 -16.571075439453125 0.0017366789979860187
616.5404052734375 -16.573040008544922 0.001740951556712389
616.4813842773438 -16.574798583984375 0.0017416762420907617
616.4242553710938 -16.576635360717773 0.0017396163893863559
616.3685913085938 -16.578290939331055 0.001735687255859375
616.3140869140625 -16.580045700073242 0.0017303465865552425
616.2605590820312 -16.58163833618164 0.0017245482886210084
616.2075805664062 -16.583341598510742 0.001718063373118639
616.1551513671875 -16.58489990234375 0.0017114639049395919
616.1029663085938 -16.586580276489258 0.0017048263689503074
616.05078125 -16.588132858276367 0.0016983413370326161
615.998291015625 -16.589818954467773 0.0016916656168177724
615.9453735351562 -16.591394424438477 0.0016852569533511996
615.891845703125 -16.593109130859375 0.0016790007939562201
615.8375854492188 -16.5947322845459 0.0016729736234992743
615.7822875976562 -16.596498489379883 0.0016671752091497183
615.7259521484375 -16.598188400268555 0.0016617965884506702
615.6683349609375 -16.600025177001953 0.0016567229758948088
615.6092529296875 -16.6018009185791 0.001651763916015625
615.5487060546875 -16.603723526000977 0.0016472244169563055
615.4866333007812 -16.605594635009766 0.0016430282266810536
615.4228515625 -16.607616424560547 0.0016392897814512253
615.3568725585938 -16.609609603881836 0.0016332626109942794
615.2886962890625 -16.61176872253418 0.0016285324236378074
615.2185668945312 -16.613889694213867 0.0016253661597147584
615.1463623046875 -16.616180419921875 0.0016235350631177425
615.0718994140625 -16.618423461914062 0.0016209030291065574
614.9949340820312 -16.62086296081543 0.0016170883318409324
614.915283203125 -16.623273849487305 0.0016127013368532062
614.8330078125 -16.625871658325195 0.00160980224609375
614.748046875 -16.628442764282227 0.0016068267868831754
614.6600341796875 -16.6312255859375 0.0016027068486437201
614.5687255859375 -16.633996963500977 0.0015973281115293503
614.4736938476562 -16.636993408203125 0.0015911483205854893
614.3748779296875 -16.639997482299805 0.0015849685296416283
614.27197265625 -16.643238067626953 0.0015783309936523438
614.164794921875 -16.646501541137695 0.0015720748342573643
614.0531616210938 -16.650009155273438 0.001565856859087944
613.9369506835938 -16.65355682373047 0.0015598296886309981
613.8160400390625 -16.657352447509766 0.0015539932064712048
613.6901245117188 -16.661205291748047 0.001548347412608564
613.5590209960938 -16.665307998657227 0.0015429306076839566
613.4227294921875 -16.669483184814453 0.0015378569951280951
613.2810668945312 -16.673913955688477 0.0015325926942750812
613.1336669921875 -16.678434371948242 0.0015275954501703382
612.9805297851562 -16.68321418762207 0.0015225219540297985
612.821533203125 -16.688100814819336 0.001517562777735293
612.656494140625 -16.69324493408203 0.0015128707746043801
612.4852294921875 -16.698516845703125 0.0015076446579769254
612.3075561523438 -16.70404624938965 0.0015030287904664874
612.1233520507812 -16.709726333618164 0.0014981459826231003
611.9323120117188 -16.71565818786621 0.0014935302315279841
611.7344360351562 -16.721765518188477 0.0014886092394590378
611.5297241210938 -16.72811508178711 0.0014842605451121926
611.3179321289062 -16.734664916992188 0.0014803694793954492
611.09912109375 -16.74144172668457 0.0014771270798519254
610.8731689453125 -16.748437881469727 0.0014741516206413507
610.6400146484375 -16.755657196044922 0.0014713668497279286
610.3995361328125 -16.76310157775879 0.001468391390517354
610.151611328125 -16.770776748657227 0.0014655685517936945
609.8961181640625 -16.7786865234375 0.0017071914626285434
609.6362915039062 -16.786733627319336 0.0018022536532953382
609.3780517578125 -16.79477310180664 0.0018518447177484632
609.1187744140625 -16.802799224853516 0.0018587112426757812
608.8570556640625 -16.810869216918945 0.0018438720144331455
608.5909423828125 -16.81906509399414 0.0018146514194086194
608.3195190429688 -16.82741928100586 0.0017833327874541283
608.041259765625 -16.83597755432129 0.0017488860758021474
607.755859375 -16.844743728637695 0.001718826242722571
607.4622192382812 -16.853769302368164 0.0016888045938685536
607.1600952148438 -16.863080978393555 0.001663589384406805
606.8485107421875 -16.872676849365234 0.0016390609089285135
606.5262451171875 -16.88250160217285 0.001610183622688055
606.1918334960938 -16.892805099487305 0.0015835571102797985
605.848388671875 -16.903385162353516 0.0015751647297292948
605.4946899414062 -16.914281845092773 0.0015664291568100452
605.1306762695312 -16.925554275512695 0.0015579985920339823
604.7554321289062 -16.93722915649414 0.0015472030499950051
604.369384765625 -16.949199676513672 0.0015394592192023993
603.9718017578125 -16.961502075195312 0.0015305709093809128
603.56298828125 -16.974180221557617 0.0015237426850944757
603.1422119140625 -16.987241744995117 0.0015148543752729893
602.7094116210938 -17.000661849975586 0.001507453853264451
602.2640380859375 -17.014476776123047 0.00149730674456805
601.8058471679688 -17.028684616088867 0.0014881896786391735
601.3342895507812 -17.043312072753906 0.0014775084564462304
600.8491821289062 -17.0583553314209 0.0014673995319753885
600.349853515625 -17.073843002319336 0.0014550017658621073
599.8356323242188 -17.08979034423828 0.0014413452008739114
599.3060302734375 -17.106212615966797 0.0014275740832090378
598.7614135742188 -17.123098373413086 0.0014190673828125
598.2021484375 -17.14044189453125 0.0014142990112304688
597.6283569335938 -17.158233642578125 0.0014115142403170466
597.0401611328125 -17.176475524902344 0.0014100265689194202
596.4374389648438 -17.195165634155273 0.001408805837854743
595.8200073242188 -17.21430778503418 0.0014073944184929132
595.1878662109375 -17.23390769958496 0.0014052962651476264
594.5407104492188 -17.25397491455078 0.001401939312927425
593.8787231445312 -17.269399642944336 0.001413803081959486
593.2021484375 -17.274219512939453 0.0014783096266910434
592.5106811523438 -17.26849937438965 0.0015555190620943904
591.8035278320312 -17.258108139038086 0.0016012572450563312
591.0805053710938 -17.24604606628418 0.0015809249598532915
590.3416137695312 -17.230772018432617 0.0015435790410265326
589.5869140625 -17.2122802734375 0.0015114974230527878
588.8163452148438 -17.191017150878906 0.0014879608061164618
588.030029296875 -17.167484283447266 0.0014684295747429132
587.2278442382812 -17.142127990722656 0.0014522933633998036
586.4098510742188 -17.11529541015625 0.0014381789369508624
585.576171875 -17.087247848510742 0.0014251327374950051
584.7267456054688 -17.058177947998047 0.0014139937702566385
583.8616333007812 -17.028223037719727 0.001404457027092576
582.9807739257812 -16.997488021850586 0.0013964843237772584
582.0842895507812 -16.96603012084961 0.001389579731039703
581.1721801757812 -16.93390655517578 0.0013848113594576716
580.2445068359375 -16.901147842407227 0.0013808440417051315
579.3013305664062 -16.867782592773438 0.0013781738234683871
578.3426513671875 -16.833826065063477 0.0013760756701231003
577.3684692382812 -16.799291610717773 0.001375389052554965
576.3788452148438 -16.764188766479492 0.001375121995806694
575.373779296875 -16.7285213470459 0.001374740619212389
574.3533325195312 -16.692298889160156 0.0013749313075095415
573.3175048828125 -16.655521392822266 0.0013751983642578125
572.2664184570312 -16.618194580078125 0.0013755416730418801
571.2000122070312 -16.580320358276367 0.0013762282906100154
570.118408203125 -16.541898727416992 0.001377105712890625
569.021484375 -16.502933502197266 0.0013776397099718451
567.909423828125 -16.46342658996582 0.0013784408802166581
566.7822265625 -16.423377990722656 0.0013795089907944202
565.639892578125 -16.38279151916504 0.0013800048036500812
564.482421875 -16.341665267944336 0.0013808822259306908
563.3099365234375 -16.30000877380371 0.0013821410248056054
562.1224365234375 -16.257814407348633 0.0013827133225277066
560.919921875 -16.21508026123047 0.0013829040108248591
559.7024536132812 -16.17180824279785 0.0013842773623764515
558.4700927734375 -16.128002166748047 0.0013849257957190275
557.2227783203125 -16.083660125732422 0.0013856124132871628
555.9605712890625 -16.038785934448242 0.001386566087603569
554.68359375 -15.993379592895508 0.0013875579461455345
553.391845703125 -15.947442054748535 0.0013886642409488559
552.085205078125 -15.900979042053223 0.0013895415468141437
550.763916015625 -15.853987693786621 0.0013903427170589566
549.4282836914062 -15.811786651611328 0.0014077757950872183
548.0789184570312 -15.781189918518066 0.0014836883638054132
546.715087890625 -15.757598876953125 0.0015618514735251665
545.3366088867188 -15.73913288116455 0.0015882491134107113
543.943359375 -15.7281494140625 0.001596755930222571
542.5357666015625 -15.725457191467285 0.001605567871592939
541.1137084960938 -15.731071472167969 0.0016165924025699496
539.6774291992188 -15.744565963745117 0.0016257858369499445
538.2266845703125 -15.765304565429688 0.0016294479137286544
536.76171875 -15.792548179626465 0.0016271972563117743
535.282470703125 -15.8255615234375 0.0016194152412936091
533.7890014648438 -15.86363410949707 0.0016071319114416838
532.28125 -15.90611743927002 0.0015913391252979636
530.7593383789062 -15.952438354492188 0.0015740585513412952
529.22314453125 -16.002090454101562 0.0015556716825813055
527.6727905273438 -16.054637908935547 0.001538352924399078
526.1083374023438 -16.10970687866211 0.0015216827159747481
524.5296630859375 -16.166980743408203 0.0015058517456054688
522.9369506835938 -16.226192474365234 0.0014918899396434426
521.3301391601562 -16.28711700439453 0.0014797210460528731
519.7092895507812 -16.349565505981445 0.0014687728835269809
518.0744018554688 -16.413381576538086 0.0014599609421566129
516.4254760742188 -16.478431701660156 0.001451950054615736
514.7626953125 -16.54460334777832 0.0014455413911491632
513.0859375 -16.611812591552734 0.0014398955972865224
511.3952941894531 -16.679973602294922 0.00143627158831805
509.6910095214844 -16.749021530151367 0.0014333724975585938
507.9730224609375 -16.81889533996582 0.0014317320892587304
506.24163818359375 -16.889551162719727 0.0014316558372229338
504.4969482421875 -16.960941314697266 0.0014321517664939165
502.7391357421875 -17.03302764892578 0.0014337158063426614
500.9684143066406 -17.10578155517578 0.0014359282795339823
499.1850280761719 -17.17917251586914 0.0014388274867087603
497.3890075683594 -17.253171920776367 0.0014422988751903176
495.58062744140625 -17.3277587890625 0.001446418697014451
493.7600402832031 -17.402917861938477 0.001450500451028347
491.9273376464844 -17.478628158569336 0.0014545058365911245
490.0826721191406 -17.55487632751465 0.0014583587180823088
488.2262268066406 -17.631649017333984 0.0014623642200604081
486.3580627441406 -17.708938598632812 0.0014658354921266437
484.4783935546875 -17.786731719970703 0.0014695357531309128
482.5872497558594 -17.865020751953125 0.0014728927053511143
480.68475341796875 -17.943796157836914 0.0014765167143195868
478.77105712890625 -18.023052215576172 0.0014796447940170765
476.84613037109375 -18.102781295776367 0.0014827727572992444
474.91015625 -18.1829776763916 0.0014857864007353783
472.9635009765625 -18.258323669433594 0.0015052413800731301
471.00634765625 -18.328399658203125 0.0015609359834343195
469.0382385253906 -18.39615249633789 0.0015882872976362705
467.0593566894531 -18.45966911315918 0.001603088341653347
465.06976318359375 -18.51793098449707 0.0016184997512027621
463.0696105957031 -18.570436477661133 0.0016363143222406507
461.0589599609375 -18.617040634155273 0.0016543196979910135
459.0379638671875 -18.657833099365234 0.0016702651046216488
457.0066833496094 -18.69304847717285 0.0016819381853565574
454.9651794433594 -18.723020553588867 0.0016890334663912654
452.9135437011719 -18.74813461303711 0.0016919326735660434
450.8518981933594 -18.768796920776367 0.0016905975062400103
448.7803039550781 -18.785415649414062 0.0016857528826221824
446.6988220214844 -18.798389434814453 0.0016788101056590676
444.607421875 -18.808095932006836 0.0016706465976312757
442.5062255859375 -18.81488037109375 0.0016611862229183316
440.3954162597656 -18.819072723388672 0.0016516875475645065
438.27496337890625 -18.820964813232422 0.0016413879347965121
436.1448974609375 -18.82082176208496 0.0016321945004165173
434.0053405761719 -18.818885803222656 0.0016233825590461493
431.8563537597656 -18.81536293029785 0.0016152572352439165
429.6979064941406 -18.810449600219727 0.0016074752202257514
427.5301513671875 -18.804306030273438 0.0016008758684620261
425.35308837890625 -18.797080993652344 0.001595306326635182
423.1667785644531 -18.788904190063477 0.0015903472667559981
420.9713439941406 -18.779890060424805 0.0015858459519222379
418.76678466796875 -18.770137786865234 0.0015822601271793246
416.5531921386719 -18.759733200073242 0.0015792464837431908
414.33056640625 -18.748754501342773 0.0015766143333166838
412.0989990234375 -18.737268447875977 0.0015746307326480746
409.85858154296875 -18.725332260131836 0.0015724945114925504
407.609375 -18.712997436523438 0.0015713500324636698
405.3513488769531 -18.700305938720703 0.0015703201061114669
403.0845642089844 -18.687297821044922 0.0015697479248046875
400.80914306640625 -18.674007415771484 0.0015692519955337048
398.5250549316406 -18.66046142578125 0.0015691756270825863
396.232421875 -18.646690368652344 0.0015692138113081455
393.9312744140625 -18.63271141052246 0.0015697479248046875
391.6216735839844 -18.618545532226562 0.001570053049363196
389.30364990234375 -18.604209899902344 0.0015706252306699753
386.9772644042969 -18.589717864990234 0.0015709304716438055
384.64251708984375 -18.575082778930664 0.0015716170892119408
382.2996520996094 -18.56031608581543 0.0015721892705187201
379.9484558105469 -18.545429229736328 0.0015731429448351264
377.58917236328125 -18.53042984008789 0.001573867746628821
375.22174072265625 -18.515321731567383 0.0015753173502162099
372.8462829589844 -18.5001163482666 0.0015761565882712603
370.4627685546875 -18.48481559753418 0.001577682443894446
368.0713195800781 -18.46942901611328 0.0015789031749591231
365.6719055175781 -18.453960418701172 0.001580200158059597
363.2646789550781 -18.43840789794922 0.0015813445206731558
360.8496398925781 -18.422780990600586 0.001582298194989562
358.4267883300781 -18.40707778930664 0.0015833663055673242
355.9962463378906 -18.391305923461914 0.0015844726003706455
353.5580139160156 -18.375465393066406 0.001585731515660882
351.1121520996094 -18.359556198120117 0.0015869521303102374
348.65869140625 -18.343584060668945 0.001587676932103932
346.1977233886719 -18.327552795410156 0.001589126535691321
343.729248046875 -18.311458587646484 0.0015903854509815574
341.25335693359375 -18.29530143737793 0.0015915679978206754
338.77001953125 -18.27908706665039 0.0015926361083984375
336.27935791015625 -18.262821197509766 0.0015995787689462304
333.7813720703125 -18.24648094177246 0.0015979766612872481
331.276123046875 -18.230093002319336 0.0016003417549654841
328.763671875 -18.21364974975586 0.0015985106583684683
326.2440185546875 -18.19715118408203 0.0015985106583684683
323.71722412109375 -18.18059730529785 0.0015995787689462304
321.1833190917969 -18.163991928100586 0.0016003417549654841
318.6423034667969 -18.1473331451416 0.0016012954292818904
316.09423828125 -18.13062286376953 0.0016022491035982966
313.5391845703125 -18.113859176635742 0.001603202777914703
310.97711181640625 -18.0970458984375 0.0016038513276726007
308.4080505371094 -18.08017921447754 0.001604537945240736
305.8320617675781 -18.063262939453125 0.0016055298037827015
303.2491455078125 -18.046295166015625 0.0016064834780991077
300.6593933105469 -18.029277801513672 0.0016071319114416838
298.0627136230469 -18.012210845947266 0.001607818529009819
295.4591979980469 -17.995094299316406 0.0016086577670648694
292.84893798828125 -17.97792625427246 0.0016093445010483265
290.2318420410156 -17.960710525512695 0.0016096114413812757
287.6080322265625 -17.943443298339844 0.001610183622688055
284.9774475097656 -17.926128387451172 0.0016108703566715121
282.3401794433594 -17.908763885498047 0.0016117476625368
279.6962585449219 -17.8913516998291 0.0016123199602589011
277.0456237792969 -17.873891830444336 0.0016131210140883923
274.38836669921875 -17.856382369995117 0.0016133880708366632
271.7244873046875 -17.838823318481445 0.0016140746884047985
269.0539855957031 -17.821218490600586 0.001614799490198493
266.376953125 -17.803565979003906 0.001615447923541069
263.6933898925781 -17.785865783691406 0.0016161346575245261
261.0032958984375 -17.768117904663086 0.0016165542183443904
258.30670166015625 -17.750322341918945 0.0016172027681022882
255.60362243652344 -17.73247718811035 0.0016176223289221525
252.8941192626953 -17.714582443237305 0.0016185760032385588
250.1781768798828 -17.69664192199707 0.0016191863687708974
247.455810546875 -17.678651809692383 0.0016197585500776768
244.7270965576172 -17.66061019897461 0.001620063791051507
241.99205017089844 -17.642520904541016 0.0016205977881327271
239.25064086914062 -17.62438201904297 0.001621246337890625
236.5028839111328 -17.60619354248047 0.0016216658987104893
233.74884033203125 -17.587955474853516 0.0016223525162786245
230.988525390625 -17.569669723510742 0.0016227721935138106
228.2219696044922 -17.551334381103516 0.00162334437482059
225.4491729736328 -17.532949447631836 0.0016237640520557761
222.670166015625 -17.514516830444336 0.0016242980491369963
219.88499450683594 -17.49603843688965 0.0016248321626335382
217.09364318847656 -17.477508544921875 0.0016253661597147584
214.29617309570312 -17.458934783935547 0.0016257476527243853
211.49256896972656 -17.440311431884766 0.0016264342702925205
208.68289184570312 -17.421632766723633 0.0016252517234534025
205.86712646484375 -17.40289878845215 0.0016267395112663507
203.04530334472656 -17.38412857055664 0.0016277694376185536
200.21743774414062 -17.365325927734375 0.0016285704914480448
197.3835906982422 -17.346494674682617 0.0016287612961605191
194.54373168945312 -17.32763671875 0.0016294097295030951
191.69790649414062 -17.308752059936523 0.001629905658774078
188.8461456298828 -17.28984260559082 0.0016305542085319757
185.98843383789062 -17.270904541015625 0.0016312790103256702
183.12486267089844 -17.251943588256836 0.0016318130074068904
180.25540161132812 -17.232954025268555 0.001632156316190958
177.3800506591797 -17.21393585205078 0.0016329193022102118
174.4989013671875 -17.194894790649414 0.001633338863030076
171.6118927001953 -17.175823211669922 0.0016340636648237705
168.71910095214844 -17.156721115112305 0.0016345595940947533
165.8206024169922 -17.13758087158203 0.0016581725794821978
162.91635131835938 -17.118410110473633 0.0016558837378397584
160.00637817382812 -17.099163055419922 0.0016514206072315574
157.09068298339844 -17.079830169677734 0.0016480254707857966
154.16928100585938 -17.060405731201172 0.0016453551361337304
151.24220275878906 -17.040882110595703 0.0016439819009974599
148.30947875976562 -17.021259307861328 0.0016424941131845117
145.37109375 -17.00153350830078 0.0016418838640674949
142.42710876464844 -16.981706619262695 0.0016416930593550205
139.47752380371094 -16.96177864074707 0.0016419219318777323
136.52235412597656 -16.941753387451172 0.0016419601161032915
133.56163024902344 -16.921630859375 0.0016419601161032915
130.59536743164062 -16.90141487121582 0.0016423416091129184
127.62358093261719 -16.881078720092773 0.0016757202101871371
124.6462631225586 -16.86070442199707 0.0016468811081722379
121.6634750366211 -16.84023094177246 0.0016358947614207864
118.67522430419922 -16.819683074951172 0.0016335677355527878
115.6815414428711 -16.799076080322266 0.0016345977783203125
112.68242645263672 -16.778409957885742 0.0016365431947633624
109.67794036865234 -16.7576904296875 0.0016385649796575308
106.66803741455078 -16.736919403076172 0.0016403578920289874
103.65280151367188 -16.716100692749023 0.001641769427806139
100.6322021484375 -16.695236206054688 0.0016431044787168503
97.6063003540039 -16.674327850341797 0.0016440581530332565
94.5750732421875 -16.65337371826172 0.0016448593232780695
91.53857421875 -16.632381439208984 0.0016456221928820014
88.49679565429688 -16.611345291137695 0.0016463088104501367
85.44976043701172 -16.59027099609375 0.0016468047397211194
82.39752960205078 -16.569154739379883 0.0016474914737045765
79.3401870727539 -16.547998428344727 0.0016486740205436945
76.27792358398438 -16.52680778503418 0.001650581369176507
73.2109146118164 -16.505578994750977 0.0016534423921257257
70.13933563232422 -16.48431396484375 0.001656761160120368
67.06334686279297 -16.46302032470703 0.001660575857385993
63.98310852050781 -16.441688537597656 0.0016645430587232113
60.89876174926758 -16.420326232910156 0.0016687011811882257
57.810462951660156 -16.398935317993164 0.0016728210030123591
54.71833801269531 -16.377511978149414 0.0016771316295489669
51.62253952026367 -16.356063842773438 0.0016812514513731003
48.523193359375 -16.33458709716797 0.0016853713896125555
45.42042922973633 -16.31308364868164 0.001689376775175333
42.314369201660156 -16.29155158996582 0.001693458529189229
39.20513153076172 -16.269996643066406 0.0016969679854810238
36.09282684326172 -16.248416900634766 0.0017007826827466488
32.97756576538086 -16.2268123626709 0.0017045211279764771
29.859458923339844 -16.20518684387207 0.0017079162644222379
26.738603591918945 -16.183536529541016 0.0017113876529037952
23.61510467529297 -16.161865234375 0.0017147064208984375
20.489051818847656 -16.14017105102539 0.0017178343841806054
17.36054229736328 -16.118459701538086 0.0017210388323292136
14.229660034179688 -16.09672737121582 0.0017239379230886698
11.096494674682617 -16.074975967407227 0.0017267226940020919
7.961124897003174 -16.053205490112305 0.0017295455327257514
4.823635578155518 -16.031370162963867 0.0017738722963258624
1.6840380430221558 -16.009531021118164 0.0017444228287786245
-1.457519769668579 -15.987685203552246 0.0017343139043077826
-4.600975036621094 -15.965873718261719 0.0017338179750368
-7.746260643005371 -15.944110870361328 0.0017364883096888661
-10.893314361572266 -15.922408103942871 0.0017397688934579492
-14.04206657409668 -15.90076732635498 0.0017436217749491334
-17.192459106445312 -15.879191398620605 0.0017469787271693349
-20.34443473815918 -15.857681274414062 0.001750259310938418
-23.49793243408203 -15.836238861083984 0.0017531203338876367
-26.65290069580078 -15.814858436584473 0.001755790668539703
-29.80927848815918 -15.793540954589844 0.0017576217651367188
-32.9670295715332 -15.772279739379883 0.0017595291137695312
-36.126094818115234 -15.75107479095459 0.0017614364624023438
-39.28641891479492 -15.729921340942383 0.0017632293747738004
-42.44797134399414 -15.70881462097168 0.0017648314824327826
-45.61069107055664 -15.687752723693848 0.0017663573380559683
-48.77455520629883 -15.666731834411621 0.001767654437571764
-51.93950653076172 -15.645747184753418 0.0017688750522211194
-55.10551452636719 -15.624795913696289 0.0017702484037727118
-58.27253723144531 -15.603875160217285 0.0017715072026476264
-61.44053268432617 -15.582983016967773 0.0017727279337123036
-64.6094741821289 -15.562112808227539 0.0017739104805514216
-67.77932739257812 -15.541264533996582 0.0017747879028320312
-70.9500503540039 -15.52043628692627 0.0017758560134097934
-74.12162017822266 -15.49962329864502 0.0017765426309779286
-77.29399871826172 -15.478827476501465 0.0017775725573301315
-80.4671630859375 -15.45804500579834 0.001778144738636911
-83.6410903930664 -15.437271118164062 0.0017791365971788764
-86.81575012207031 -15.416509628295898 0.0017801284557208419
-89.99110412597656 -15.39575481414795 0.001780929509550333
-93.1671142578125 -15.375008583068848 0.0017815780593082309
-96.34379577636719 -15.354267120361328 0.001782493549399078
-99.52110290527344 -15.333529472351074 0.0017832183511927724
-102.69901275634766 -15.312796592712402 0.0017840194050222635
-105.87749481201172 -15.292067527770996 0.0017847060225903988
-109.0565414428711 -15.271340370178223 0.0017853545723482966
-112.23612976074219 -15.250612258911133 0.0017860031221061945
-115.416259765625 -15.22988510131836 0.0017867659917101264
-118.59687042236328 -15.209163665771484 0.001787490793503821
-121.7779769897461 -15.18844223022461 0.0017879867227748036
-124.95954132080078 -15.167716026306152 0.0017884444678202271
-128.1415557861328 -15.146989822387695 0.0017891310853883624
-131.32398986816406 -15.126261711120605 0.0017896270146593451
-134.50685119628906 -15.105534553527832 0.0017901991959661245
-137.69012451171875 -15.084806442260742 0.0017907333094626665
-140.873779296875 -15.064075469970703 0.00179119105450809
-144.05780029296875 -15.043341636657715 0.0017916487995535135
-147.2421875 -15.022608757019043 0.001792106544598937
-150.4269256591797 -15.001872062683105 0.0017924117855727673
-153.6119842529297 -14.981132507324219 0.0017928313463926315
-156.79736328125 -14.960392951965332 0.0017931365873664618
-159.9830780029297 -14.939647674560547 0.0017935943324118853
-163.1690673828125 -14.918902397155762 0.0017940520774573088
-166.35536193847656 -14.89815616607666 0.0017945861909538507
-169.54193115234375 -14.877395629882812 0.00179290771484375
-172.728759765625 -14.85662841796875 0.001794090261682868
-175.91586303710938 -14.835848808288574 0.0017946242587640882
-179.10317993164062 -14.815059661865234 0.0017953108763322234
-182.29075622558594 -14.794256210327148 0.0017954634968191385
-185.47857666015625 -14.773438453674316 0.0017962645506486297
-188.6665802001953 -14.752602577209473 0.0017967986641451716
-191.8548126220703 -14.731748580932617 0.0017972564091905951
-195.04302978515625 -14.7108793258667 0.0017993926303461194
-198.228271484375 -14.690013885498047 0.0018202209612354636
-201.4036865234375 -14.66919994354248 0.0018805313156917691
-204.5618896484375 -14.648482322692871 0.0019768904894590378
-207.69728088378906 -14.627903938293457 0.0020920943934470415
-210.80569458007812 -14.607489585876465 0.0022123337257653475
-213.88394165039062 -14.587264060974121 0.0023283767513930798
-216.92942810058594 -14.567245483398438 0.0024354171473532915
-219.93995666503906 -14.54744815826416 0.0025337599217891693
-222.9134979248047 -14.527886390686035 0.0026220320723950863
-225.84832763671875 -14.508572578430176 0.002701721154153347
-228.7429656982422 -14.489516258239746 0.0027726362459361553
-231.59613037109375 -14.47072982788086 0.0028351973742246628
-234.406982421875 -14.452218055725098 0.002888908376917243
-237.17494201660156 -14.433982849121094 0.002934532007202506
-239.89950561523438 -14.416033744812012 0.0029722212348133326
-242.58038330078125 -14.398369789123535 0.003003082238137722
-245.21731567382812 -14.380995750427246 0.0030276488978415728
-247.8101348876953 -14.363914489746094 0.0030478667467832565
-250.3587646484375 -14.347126007080078 0.0030631637200713158
-252.86325073242188 -14.330633163452148 0.0030748748686164618
-255.32362365722656 -14.314435958862305 0.0030831526964902878
-257.7400817871094 -14.298534393310547 0.00308818812482059
-260.11285400390625 -14.282930374145508 0.0030903625302016735
-262.4421691894531 -14.267623901367188 0.0030898666009306908
-264.728271484375 -14.252615928649902 0.003087654011324048
-266.9713439941406 -14.23790454864502 0.003084716619923711
-269.1715393066406 -14.223491668701172 0.0030821608379483223
-271.3289489746094 -14.20938491821289 0.003080024616792798
-273.4438171386719 -14.195576667785645 0.0030767822172492743
-275.5164794921875 -14.182072639465332 0.003072128165513277
-277.54736328125 -14.16887378692627 0.003066177247092128
-279.53680419921875 -14.155976295471191 0.00305938720703125
-281.4852294921875 -14.143380165100098 0.0030513000674545765
-283.39306640625 -14.131088256835938 0.00304241175763309
-285.2607116699219 -14.119097709655762 0.0030326461419463158
-287.0886535644531 -14.10740852355957 0.0030223845969885588
-288.87725830078125 -14.096017837524414 0.003011512802913785
-290.6270751953125 -14.084925651550293 0.0030002212151885033
-292.33856201171875 -14.07413101196289 0.002988471882417798
-294.0121154785156 -14.063627243041992 0.002976913470774889
-295.6483459472656 -14.053415298461914 0.0029640959110111
-297.2476806640625 -14.04349136352539 0.0029516981448978186
-298.8105773925781 -14.033849716186523 0.0029386519454419613
-300.33758544921875 -14.024486541748047 0.0029249952640384436
-301.8291931152344 -14.015399932861328 0.0029118347447365522
-303.2858581542969 -14.006583213806152 0.0028984069358557463
-304.7081604003906 -13.998029708862305 0.0028844450134783983
-306.10247802734375 -14.006321907043457 0.020293235778808594
-307.4634704589844 -13.993819236755371 0.03591865301132202
-308.2967224121094 -13.845784187316895 0.2955136299133301
-308.39666748046875 -13.559788703918457 0.798925518989563
-308.47869873046875 -13.207683563232422 1.3628402948379517
-308.5634460449219 -12.728461265563965 1.9013950824737549
-308.66839599609375 -12.145084381103516 2.3417277336120605
-308.8037109375 -11.524734497070312 2.6375393867492676
-308.9671936035156 -10.949578285217285 2.791142225265503
-309.145263671875 -10.483480453491211 2.8525238037109375
-309.31842041015625 -10.1461181640625 2.899101734161377
-309.46917724609375 -9.905038833618164 3.004364490509033
-309.5890808105469 -9.688787460327148 3.2081072330474854
-309.68218994140625 -9.41585636138916 3.5003137588500977
-309.7633972167969 -9.027692794799805 3.8252134323120117
-309.8524475097656 -8.512417793273926 4.103869915008545
-309.9658203125 -7.9096360206604 4.26615571975708
-310.1102600097656 -7.29439640045166 4.279150485992432
-310.27984619140625 -6.746791362762451 4.16048002243042
-310.45849609375 -6.31952428817749 3.971173048019409
-310.6264343261719 -6.016552448272705 3.790947437286377
-310.768310546875 -5.791491985321045 3.685917377471924
-310.87921142578125 -5.566403865814209 3.6818172931671143
-310.96685791015625 -5.263359069824219 3.753577709197998
-311.0483093261719 -4.836004734039307 3.8354811668395996
-311.14324951171875 -4.288335800170898 3.8477766513824463
-311.2657775878906 -3.6730806827545166 3.728985548019409
-311.41888427734375 -3.070340156555176 3.4607975482940674
-311.59320068359375 -2.555147886276245 3.0754919052124023
-311.7706604003906 -2.1670773029327393 2.6428582668304443
-311.93206787109375 -1.8942140340805054 2.2419347763061523
-312.0645751953125 -1.677980661392212 1.9289910793304443
-312.1672058105469 -1.436862587928772 1.714739441871643
-312.25091552734375 -1.0994250774383545 1.5599949359893799
-312.4144287109375 -0.6622685790061951 1.5474313497543335
-312.7380065917969 -0.18711090087890625 1.7150293588638306
-313.10992431640625 0.3364887833595276 1.8073632717132568
-313.5193176269531 0.8832424879074097 1.8022817373275757
-313.9488525390625 1.423880934715271 1.690170407295227
-314.3778381347656 1.93018639087677 1.4756041765213013
-314.7856140136719 2.3798446655273438 1.1765618324279785
-315.15740966796875 2.7199177742004395 0.9932887554168701
-315.4161682128906 2.8696815967559814 0.8827898502349854
-315.6091003417969 2.988302230834961 0.8385970592498779
-315.76763916015625 3.093431234359741 0.891545295715332
-315.94512939453125 3.230152130126953 1.0416629314422607
-316.1892395019531 3.4340081214904785 1.2522342205047607
-316.52752685546875 3.720266580581665 1.4608880281448364
-316.958984375 4.079310894012451 1.5984325408935547
-317.45465087890625 4.479542255401611 1.6097524166107178
-317.95867919921875 4.827264785766602 1.6016818284988403
-318.43768310546875 5.082961082458496 1.6907258033752441
-318.8902893066406 5.318690776824951 1.7077609300613403
-319.30230712890625 5.52858304977417 1.6681041717529297
-319.66522216796875 5.710395812988281 1.5915933847427368
-319.9773864746094 5.865830421447754 1.4998012781143188
-320.2443542480469 6.0002923011779785 1.413006067276001
-320.47802734375 6.122132301330566 1.3473434448242188
-320.69488525390625 6.241472244262695 1.312540888786316
-320.9138488769531 6.36878776550293 1.310551404953003
-321.1535339355469 6.51343297958374 1.335278868675232
-321.4313049316406 6.683200359344482 1.3730089664459229
-321.7884521484375 6.804193019866943 1.4966528415679932
-322.18865966796875 6.88793420791626 1.664940357208252
-322.6236572265625 6.978835105895996 1.8019294738769531
-323.09033203125 7.076150894165039 1.8983535766601562
-323.5834045410156 7.1786675453186035 1.9461228847503662
-324.09552001953125 7.284789085388184 1.9389182329177856
-324.6180114746094 7.392657279968262 1.8726526498794556
-325.1414489746094 7.500284194946289 1.7457720041275024
-325.5362243652344 7.665491104125977 1.7220336198806763
-325.83953857421875 7.865958213806152 1.7721487283706665
-326.13641357421875 8.056760787963867 1.7868849039077759
-326.42498779296875 8.2374267578125 1.7681471109390259
-326.70355224609375 8.407790184020996 1.7181096076965332
-326.970703125 8.567995071411133 1.6391514539718628
-327.22540283203125 8.718489646911621 1.5337847471237183
-327.4508972167969 8.806929588317871 1.4685444831848145
-327.63238525390625 8.807657241821289 1.4831414222717285
-327.79345703125 8.80952262878418 1.4789167642593384
-327.9358215332031 8.81362247467041 1.45987069606781
-328.06195068359375 8.82095718383789 1.4295731782913208
-328.1751403808594 8.832381248474121 1.3910051584243774
-328.2791442871094 8.848567008972168 1.3464267253875732
-328.3780822753906 8.869977951049805 1.297276258468628
-328.4764709472656 8.896842002868652 1.2441062927246094
-328.5787048339844 8.929146766662598 1.1865594387054443
-328.69097900390625 8.965519905090332 1.124276041984558
-328.82244873046875 8.970490455627441 1.1028320789337158
-328.9646301269531 8.958425521850586 1.102767825126648
-329.10394287109375 8.933837890625 1.0992411375045776
-329.25543212890625 8.902647018432617 1.0829437971115112
-329.4256896972656 8.86951732635498 1.0452700853347778
-329.5920104980469 8.88244915008545 1.0440031290054321
-329.7288513183594 8.971845626831055 1.1093933582305908
-329.85382080078125 9.034491539001465 1.1945832967758179
-329.978515625 9.085054397583008 1.2729214429855347
-330.10748291015625 9.128652572631836 1.3319114446640015
-330.2240905761719 9.134868621826172 1.3970937728881836
-330.3403015136719 9.134174346923828 1.4455609321594238
-330.45660400390625 9.126490592956543 1.4783118963241577
-330.5697326660156 9.104992866516113 1.516282320022583
-330.68389892578125 9.080303192138672 1.5373293161392212
-330.7992858886719 9.05019760131836 1.547982096672058
-330.9170227050781 9.014721870422363 1.547953486442566
-331.0382995605469 8.974095344543457 1.5363837480545044
-331.16400146484375 8.928753852844238 1.5118083953857422
-331.30169677734375 8.88241958618164 1.4873266220092773
-331.4508056640625 8.837629318237305 1.4549343585968018
-331.6055908203125 8.79297161102295 1.4143297672271729
-331.75738525390625 8.742701530456543 1.4187997579574585
-331.8980712890625 8.726163864135742 1.448133945465088
-332.010498046875 8.712258338928223 1.4920226335525513
-332.1006164550781 8.715237617492676 1.5336849689483643
-332.18231201171875 8.725340843200684 1.558948040008545
-332.2553405761719 8.743215560913086 1.5694067478179932
-332.320068359375 8.768928527832031 1.5658936500549316
-332.3768615722656 8.80240535736084 1.5487878322601318
-332.42181396484375 8.840251922607422 1.5410006046295166
-332.4590148925781 8.87620735168457 1.5390087366104126
-332.4909973144531 8.9111909866333 1.535426139831543
-332.5181579589844 8.945480346679688 1.5305829048156738
-332.5408935546875 8.979385375976562 1.524707317352295
-332.5595703125 9.013226509094238 1.517938494682312
-332.57452392578125 9.045063018798828 1.51319420337677
-332.58685302734375 9.06522274017334 1.5188747644424438
-332.5982666015625 9.076762199401855 1.5215563774108887
-332.6089782714844 9.079837799072266 1.5213385820388794
-332.6190490722656 9.074467658996582 1.5182915925979614
-332.62860107421875 9.060880661010742 1.5123635530471802
-332.63720703125 9.040114402770996 1.5067930221557617
-332.642578125 9.019213676452637 1.5103298425674438
-332.6455078125 8.998848915100098 1.5138189792633057
-332.64599609375 8.97866153717041 1.5172170400619507
-332.6441650390625 8.958483695983887 1.5205880403518677
-332.6399841308594 8.93812084197998 1.5239516496658325
-332.6334228515625 8.917373657226562 1.5273107290267944
-332.6244201660156 8.896044731140137 1.5306472778320312
-332.6127014160156 8.873933792114258 1.5339300632476807
-332.59564208984375 8.855570793151855 1.5398708581924438
-332.56964111328125 8.85075569152832 1.541399598121643
-332.53753662109375 8.851318359375 1.5404053926467896
-332.50103759765625 8.850764274597168 1.5413148403167725
-332.45989990234375 8.849245071411133 1.541370153427124
-332.41351318359375 8.846693992614746 1.5401771068572998
-332.3612060546875 8.843123435974121 1.5371990203857422
-332.3021545410156 8.838583946228027 1.5317137241363525
-332.2356872558594 8.833147048950195 1.5227811336517334
-332.1610107421875 8.826916694641113 1.5091748237609863
-332.0774230957031 8.82004165649414 1.4893264770507812
-331.984375 8.812729835510254 1.461275577545166
-331.881591796875 8.805304527282715 1.4225186109542847
-331.7804870605469 8.79945182800293 1.4193965196609497
-331.68060302734375 8.798910140991211 1.4179174900054932
-331.5988464355469 8.796876907348633 1.431688666343689
-331.5399169921875 8.793039321899414 1.4544111490249634
-331.4924011230469 8.788481712341309 1.4707074165344238
-331.45623779296875 8.783049583435059 1.4820507764816284
-331.4312438964844 8.776662826538086 1.4894301891326904
-331.4164733886719 8.769251823425293 1.4934027194976807
-331.4139709472656 8.767128944396973 1.4941338300704956
-331.42315673828125 8.767326354980469 1.4916274547576904
-331.4428405761719 8.76630687713623 1.4861918687820435
-331.47332763671875 8.764168739318848 1.4772281646728516
-331.5147705078125 8.760981559753418 1.4638941287994385
-331.56280517578125 8.767822265625 1.4520092010498047
-331.6095886230469 8.790706634521484 1.431722640991211
-331.6537780761719 8.819231033325195 1.4160840511322021
-331.69476318359375 8.844287872314453 1.4171545505523682
-331.7347717285156 8.867514610290527 1.4167464971542358
-331.77447509765625 8.88905143737793 1.4149752855300903
-331.81463623046875 8.909096717834473 1.4118849039077759
-331.8558654785156 8.927835464477539 1.4074205160140991
-331.88079833984375 8.945331573486328 1.4113236665725708
-331.89019775390625 8.962187767028809 1.4128791093826294
-331.8865661621094 8.97866153717041 1.408837080001831
-331.86920166015625 8.993072509765625 1.4009841680526733
-331.8429260253906 9.000494956970215 1.3983665704727173
-331.8185119628906 9.00728702545166 1.3986495733261108
-331.79541015625 9.013721466064453 1.3984962701797485
-331.7732849121094 9.019871711730957 1.397966980934143
-331.7515869140625 9.025774002075195 1.3971021175384521
-331.7300720214844 9.031472206115723 1.3959126472473145
-331.70819091796875 9.037030220031738 1.394386887550354
-331.6890869140625 9.03827953338623 1.3951085805892944
-331.6819763183594 9.029990196228027 1.3948675394058228
-331.6763610839844 9.019659042358398 1.396275281906128
-331.66943359375 9.009135246276855 1.3977363109588623
-331.6611633300781 8.99822998046875 1.3990508317947388
-331.6512756347656 8.986845970153809 1.4001890420913696
-331.6395568847656 8.974869728088379 1.401111364364624
-331.6280822753906 8.962279319763184 1.402381420135498
-331.6299133300781 8.94941234588623 1.4038174152374268
-331.6328125 8.93566608428955 1.4057036638259888
-331.6336364746094 8.920823097229004 1.4074288606643677
-331.6324157714844 8.904742240905762 1.408942699432373
-331.6329345703125 8.887402534484863 1.4105184078216553
-331.63385009765625 8.868595123291016 1.4120162725448608
-331.6347961425781 8.848123550415039 1.4133638143539429
-331.6358947753906 8.825798988342285 1.414481520652771
-331.6366271972656 8.807297706604004 1.4178537130355835
-331.63623046875 8.807302474975586 1.4177929162979126
-331.6367492675781 8.81273365020752 1.4149839878082275
-331.6363220214844 8.815709114074707 1.4148757457733154
-331.6363220214844 8.816554069519043 1.4148386716842651
-331.63641357421875 8.81525993347168 1.4148831367492676
-331.6365966796875 8.811817169189453 1.4149960279464722
-331.6367492675781 8.809587478637695 1.415067434310913
-331.63665771484375 8.809610366821289 1.41507089138031
-331.63665771484375 8.809605598449707 1.4150702953338623
-331.63665771484375 8.80960750579834 1.4150707721710205
-331.63665771484375 8.809606552124023 1.41507089138031
-331.63665771484375 8.809606552124023 1.41507089138031
-331.63665771484375 8.809606552124023 1.41507089138031
-331.63665771484375 8.809606552124023 1.41507089138031
-331.63665771484375 8.809606552124023 1.41507089138031
-331.63665771484375 8.809606552124023 1.41507089138031
-331.63665771484375 8.809606552124023 1.41507089138031
-331.63665771484375 8.809606552124023 1.41507089138031
-331.63665771484375 8.809606552124023 1.41507089138031
-331.63665771484375 8.809606552124023 1.41507089138031
-331.63665771484375 8.809606552124023 1.41507089138031
-331.63665771484375 8.809606552124023 1.41507089138031
-331.63665771484375 8.809606552124023 1.41507089138031
-331.63665771484375 8.809606552124023 1.41507089138031
-331.63665771484375 8.809606552124023 1.41507089138031
-331.63665771484375 8.809606552124023 1.41507089138031
-331.63665771484375 8.809606552124023 1.41507089138031
-331.63665771484375 8.809606552124023 1.41507089138031
-331.63665771484375 8.809606552124023 1.41507089138031
-331.63665771484375 8.809606552124023 1.41507089138031
-331.63665771484375 8.809606552124023 1.41507089138031
-331.63665771484375 8.809606552124023 1.41507089138031
-331.63665771484375 8.809606552124023 1.41507089138031
-331.63665771484375 8.809606552124023 1.41507089138031
-331.63665771484375 8.809606552124023 1.41507089138031
-331.63665771484375 8.809606552124023 1.41507089138031
-331.63665771484375 8.809606552124023 1.41507089138031
-331.63665771484375 8.809606552124023 1.41507089138031
-331.63665771484375 8.809606552124023 1.41507089138031
-331.63665771484375 8.809606552124023 1.41507089138031
-331.63665771484375 8.809606552124023 1.41507089138031
-331.63665771484375 8.809606552124023 1.41507089138031
-331.63665771484375 8.809606552124023 1.41507089138031
-331.63665771484375 8.809606552124023 1.41507089138031
-331.63665771484375 8.809606552124023 1.41507089138031
-331.63665771484375 8.809606552124023 1.41507089138031
-331.63665771484375 8.809606552124023 1.41507089138031
-331.63665771484375 8.809606552124023 1.41507089138031
-331.63665771484375 8.809606552124023 1.41507089138031
-331.63665771484375 8.809606552124023 1.41507089138031
-331.63665771484375 8.809606552124023 1.41507089138031
-331.63665771484375 8.809606552124023 1.41507089138031
-331.63665771484375 8.809606552124023 1.41507089138031
-331.63665771484375 8.809606552124023 1.41507089138031
-331.63665771484375 8.809606552124023 1.41507089138031
-331.63665771484375 8.809606552124023 1.41507089138031
-331.63665771484375 8.809606552124023 1.41507089138031
-331.63665771484375 8.809606552124023 1.41507089138031
-331.63665771484375 8.809606552124023 1.41507089138031
-331.63665771484375 8.809606552124023 1.41507089138031
-331.63665771484375 8.809606552124023 1.41507089138031
-331.63665771484375 8.809606552124023 1.41507089138031
-331.63665771484375 8.809606552124023 1.41507089138031
-331.63665771484375 8.809606552124023 1.41507089138031
-331.63665771484375 8.809606552124023 1.41507089138031
-331.63665771484375 8.809606552124023 1.41507089138031
-331.63665771484375 8.809606552124023 1.41507089138031
-331.63665771484375 8.809606552124023 1.41507089138031
-331.63665771484375 8.809606552124023 1.41507089138031
-331.63665771484375 8.809606552124023 1.41507089138031
-331.63665771484375 8.809606552124023 1.41507089138031
-331.63665771484375 8.809606552124023 1.41507089138031
-331.63665771484375 8.809606552124023 1.41507089138031
-331.63665771484375 8.809606552124023 1.41507089138031
-331.63665771484375 8.809606552124023 1.41507089138031
-331.63665771484375 8.809606552124023 1.41507089138031
-331.63665771484375 8.809606552124023 1.41507089138031
-331.63665771484375 8.809606552124023 1.41507089138031
-331.63665771484375 8.809606552124023 1.41507089138031
-331.63665771484375 8.809606552124023 1.41507089138031
-331.63665771484375 8.809606552124023 1.41507089138031
-331.63665771484375 8.809606552124023 1.41507089138031
-331.63665771484375 8.809606552124023 1.41507089138031
-331.63665771484375 8.809606552124023 1.41507089138031
-331.63665771484375 8.809606552124023 1.41507089138031
-331.63665771484375 8.809606552124023 1.41507089138031
-331.63665771484375 8.809606552124023 1.41507089138031
-331.63665771484375 8.809606552124023 1.41507089138031
-331.63665771484375 8.809606552124023 1.41507089138031
-331.63665771484375 8.809606552124023 1.41507089138031
-331.63665771484375 8.809606552124023 1.41507089138031
-331.63665771484375 8.809606552124023 1.41507089138031
-331.63665771484375 8.809606552124023 1.41507089138031
-331.63665771484375 8.809606552124023 1.41507089138031
-331.63665771484375 8.809606552124023 1.41507089138031
-331.63665771484375 8.809606552124023 1.41507089138031
-331.63665771484375 8.809606552124023 1.41507089138031
-331.63665771484375 8.809606552124023 1.41507089138031
-331.63665771484375 8.809606552124023 1.41507089138031
-331.63665771484375 8.809606552124023 1.41507089138031
-331.63665771484375 8.809606552124023 1.41507089138031
-331.63665771484375 8.809606552124023 1.41507089138031
-331.63665771484375 8.809606552124023 1.41507089138031
-331.63665771484375 8.809606552124023 1.41507089138031
-331.63665771484375 8.809606552124023 1.41507089138031
-331.63665771484375 8.809606552124023 1.41507089138031
-331.63665771484375 8.809606552124023 1.41507089138031
-331.63665771484375 8.809606552124023 1.41507089138031
-331.63665771484375 8.809606552124023 1.41507089138031
-331.63665771484375 8.809606552124023 1.41507089138031
-331.63665771484375 8.809606552124023 1.41507089138031
-331.63665771484375 8.809606552124023 1.41507089138031
-331.63665771484375 8.809606552124023 1.41507089138031
-331.63665771484375 8.809606552124023 1.41507089138031
-331.63665771484375 8.809606552124023 1.41507089138031
-331.63665771484375 8.809606552124023 1.41507089138031
-331.63665771484375 8.809606552124023 1.41507089138031
-331.63665771484375 8.809606552124023 1.41507089138031
-331.63665771484375 8.809606552124023 1.41507089138031
-331.63665771484375 8.809606552124023 1.41507089138031
-331.63665771484375 8.809606552124023 1.41507089138031
-331.63665771484375 8.809606552124023 1.41507089138031
-331.63665771484375 8.809606552124023 1.41507089138031
-331.63665771484375 8.809606552124023 1.41507089138031
-331.63665771484375 8.809606552124023 1.41507089138031
-331.63665771484375 8.809606552124023 1.41507089138031
-331.63665771484375 8.809606552124023 1.41507089138031
-331.63665771484375 8.809606552124023 1.41507089138031
-331.63665771484375 8.809606552124023 1.41507089138031
-331.63665771484375 8.809606552124023 1.41507089138031
-331.63665771484375 8.809606552124023 1.41507089138031
-331.63665771484375 8.809606552124023 1.41507089138031
-331.63665771484375 8.809606552124023 1.41507089138031
-331.63665771484375 8.809606552124023 1.41507089138031
-331.63665771484375 8.809606552124023 1.41507089138031
-331.63665771484375 8.809606552124023 1.41507089138031
-331.63665771484375 8.809606552124023 1.41507089138031
-331.63665771484375 8.809606552124023 1.41507089138031
-331.63665771484375 8.809606552124023 1.41507089138031
-331.63665771484375 8.809606552124023 1.41507089138031
-331.63665771484375 8.809606552124023 1.41507089138031
-331.63665771484375 8.809606552124023 1.41507089138031
-331.63665771484375 8.809606552124023 1.41507089138031
-331.63665771484375 8.809606552124023 1.41507089138031
-331.63665771484375 8.809606552124023 1.41507089138031
-331.63665771484375 8.809606552124023 1.41507089138031
-331.63665771484375 8.809606552124023 1.41507089138031
-331.63665771484375 8.809606552124023 1.41507089138031
-331.63665771484375 8.809606552124023 1.41507089138031
-331.63665771484375 8.809606552124023 1.41507089138031
-331.63665771484375 8.809606552124023 1.41507089138031
